Facility ID,Facility Name,Address,Telephone Number,Hospital Type,Hospital Ownership,Active Beds,Inactive Beds
03033F,VA NORTHERN ARIZONA HEALTHCARE SYSTEM,500 HIGHWAY 89 NORTH,(928) 445-4860,Acute Care - Veterans Administration,Veterans Health Administration,161,103
03033F,VA NORTHERN ARIZONA HEALTHCARE SYSTEM,500 HIGHWAY 89 NORTH,(928) 445-4860,Acute Care - Veterans Administration,Veterans Health Administration,245,19
03033F,VA NORTHERN ARIZONA HEALTHCARE SYSTEM,500 HIGHWAY 89 NORTH,(928) 445-4860,Acute Care - Veterans Administration,Veterans Health Administration,212,52
03033F,VA NORTHERN ARIZONA HEALTHCARE SYSTEM,500 HIGHWAY 89 NORTH,(928) 445-4860,Acute Care - Veterans Administration,Veterans Health Administration,241,23
03033F,VA NORTHERN ARIZONA HEALTHCARE SYSTEM,500 HIGHWAY 89 NORTH,(928) 445-4860,Acute Care - Veterans Administration,Veterans Health Administration,215,49
03033F,VA NORTHERN ARIZONA HEALTHCARE SYSTEM,500 HIGHWAY 89 NORTH,(928) 445-4860,Acute Care - Veterans Administration,Veterans Health Administration,203,61
03033F,VA NORTHERN ARIZONA HEALTHCARE SYSTEM,500 HIGHWAY 89 NORTH,(928) 445-4860,Acute Care - Veterans Administration,Veterans Health Administration,225,39
03033F,VA NORTHERN ARIZONA HEALTHCARE SYSTEM,500 HIGHWAY 89 NORTH,(928) 445-4860,Acute Care - Veterans Administration,Veterans Health Administration,178,86
03033F,VA NORTHERN ARIZONA HEALTHCARE SYSTEM,500 HIGHWAY 89 NORTH,(928) 445-4860,Acute Care - Veterans Administration,Veterans Health Administration,167,97
03033F,VA NORTHERN ARIZONA HEALTHCARE SYSTEM,500 HIGHWAY 89 NORTH,(928) 445-4860,Acute Care - Veterans Administration,Veterans Health Administration,166,98
03033F,VA NORTHERN ARIZONA HEALTHCARE SYSTEM,500 HIGHWAY 89 NORTH,(928) 445-4860,Acute Care - Veterans Administration,Veterans Health Administration,236,28
03033F,VA NORTHERN ARIZONA HEALTHCARE SYSTEM,500 HIGHWAY 89 NORTH,(928) 445-4860,Acute Care - Veterans Administration,Veterans Health Administration,242,22
03033F,VA NORTHERN ARIZONA HEALTHCARE SYSTEM,500 HIGHWAY 89 NORTH,(928) 445-4860,Acute Care - Veterans Administration,Veterans Health Administration,233,31
03033F,VA NORTHERN ARIZONA HEALTHCARE SYSTEM,500 HIGHWAY 89 NORTH,(928) 445-4860,Acute Care - Veterans Administration,Veterans Health Administration,241,23
03033F,VA NORTHERN ARIZONA HEALTHCARE SYSTEM,500 HIGHWAY 89 NORTH,(928) 445-4860,Acute Care - Veterans Administration,Veterans Health Administration,249,15
03033F,VA NORTHERN ARIZONA HEALTHCARE SYSTEM,500 HIGHWAY 89 NORTH,(928) 445-4860,Acute Care - Veterans Administration,Veterans Health Administration,207,57
03033F,VA NORTHERN ARIZONA HEALTHCARE SYSTEM,500 HIGHWAY 89 NORTH,(928) 445-4860,Acute Care - Veterans Administration,Veterans Health Administration,172,92
03033F,VA NORTHERN ARIZONA HEALTHCARE SYSTEM,500 HIGHWAY 89 NORTH,(928) 445-4860,Acute Care - Veterans Administration,Veterans Health Administration,214,50
03033F,VA NORTHERN ARIZONA HEALTHCARE SYSTEM,500 HIGHWAY 89 NORTH,(928) 445-4860,Acute Care - Veterans Administration,Veterans Health Administration,191,73
03033F,VA NORTHERN ARIZONA HEALTHCARE SYSTEM,500 HIGHWAY 89 NORTH,(928) 445-4860,Acute Care - Veterans Administration,Veterans Health Administration,190,74
03033F,VA NORTHERN ARIZONA HEALTHCARE SYSTEM,500 HIGHWAY 89 NORTH,(928) 445-4860,Acute Care - Veterans Administration,Veterans Health Administration,225,39
03033F,VA NORTHERN ARIZONA HEALTHCARE SYSTEM,500 HIGHWAY 89 NORTH,(928) 445-4860,Acute Care - Veterans Administration,Veterans Health Administration,166,98
03033F,VA NORTHERN ARIZONA HEALTHCARE SYSTEM,500 HIGHWAY 89 NORTH,(928) 445-4860,Acute Care - Veterans Administration,Veterans Health Administration,161,103
03033F,VA NORTHERN ARIZONA HEALTHCARE SYSTEM,500 HIGHWAY 89 NORTH,(928) 445-4860,Acute Care - Veterans Administration,Veterans Health Administration,222,42
03033F,VA NORTHERN ARIZONA HEALTHCARE SYSTEM,500 HIGHWAY 89 NORTH,(928) 445-4860,Acute Care - Veterans Administration,Veterans Health Administration,182,82
03033F,VA NORTHERN ARIZONA HEALTHCARE SYSTEM,500 HIGHWAY 89 NORTH,(928) 445-4860,Acute Care - Veterans Administration,Veterans Health Administration,194,70
03033F,VA NORTHERN ARIZONA HEALTHCARE SYSTEM,500 HIGHWAY 89 NORTH,(928) 445-4860,Acute Care - Veterans Administration,Veterans Health Administration,186,78
03033F,VA NORTHERN ARIZONA HEALTHCARE SYSTEM,500 HIGHWAY 89 NORTH,(928) 445-4860,Acute Care - Veterans Administration,Veterans Health Administration,215,49
03033F,VA NORTHERN ARIZONA HEALTHCARE SYSTEM,500 HIGHWAY 89 NORTH,(928) 445-4860,Acute Care - Veterans Administration,Veterans Health Administration,172,92
03033F,VA NORTHERN ARIZONA HEALTHCARE SYSTEM,500 HIGHWAY 89 NORTH,(928) 445-4860,Acute Care - Veterans Administration,Veterans Health Administration,224,40
03033F,VA NORTHERN ARIZONA HEALTHCARE SYSTEM,500 HIGHWAY 89 NORTH,(928) 445-4860,Acute Care - Veterans Administration,Veterans Health Administration,243,21
03033F,VA NORTHERN ARIZONA HEALTHCARE SYSTEM,500 HIGHWAY 89 NORTH,(928) 445-4860,Acute Care - Veterans Administration,Veterans Health Administration,235,29
03033F,VA NORTHERN ARIZONA HEALTHCARE SYSTEM,500 HIGHWAY 89 NORTH,(928) 445-4860,Acute Care - Veterans Administration,Veterans Health Administration,242,22
03033F,VA NORTHERN ARIZONA HEALTHCARE SYSTEM,500 HIGHWAY 89 NORTH,(928) 445-4860,Acute Care - Veterans Administration,Veterans Health Administration,244,20
03033F,VA NORTHERN ARIZONA HEALTHCARE SYSTEM,500 HIGHWAY 89 NORTH,(928) 445-4860,Acute Care - Veterans Administration,Veterans Health Administration,192,72
03033F,VA NORTHERN ARIZONA HEALTHCARE SYSTEM,500 HIGHWAY 89 NORTH,(928) 445-4860,Acute Care - Veterans Administration,Veterans Health Administration,231,33
03033F,VA NORTHERN ARIZONA HEALTHCARE SYSTEM,500 HIGHWAY 89 NORTH,(928) 445-4860,Acute Care - Veterans Administration,Veterans Health Administration,204,60
03033F,VA NORTHERN ARIZONA HEALTHCARE SYSTEM,500 HIGHWAY 89 NORTH,(928) 445-4860,Acute Care - Veterans Administration,Veterans Health Administration,183,81
03033F,VA NORTHERN ARIZONA HEALTHCARE SYSTEM,500 HIGHWAY 89 NORTH,(928) 445-4860,Acute Care - Veterans Administration,Veterans Health Administration,227,37
03033F,VA NORTHERN ARIZONA HEALTHCARE SYSTEM,500 HIGHWAY 89 NORTH,(928) 445-4860,Acute Care - Veterans Administration,Veterans Health Administration,180,84
03033F,VA NORTHERN ARIZONA HEALTHCARE SYSTEM,500 HIGHWAY 89 NORTH,(928) 445-4860,Acute Care - Veterans Administration,Veterans Health Administration,168,96
03033F,VA NORTHERN ARIZONA HEALTHCARE SYSTEM,500 HIGHWAY 89 NORTH,(928) 445-4860,Acute Care - Veterans Administration,Veterans Health Administration,223,41
03033F,VA NORTHERN ARIZONA HEALTHCARE SYSTEM,500 HIGHWAY 89 NORTH,(928) 445-4860,Acute Care - Veterans Administration,Veterans Health Administration,184,80
03033F,VA NORTHERN ARIZONA HEALTHCARE SYSTEM,500 HIGHWAY 89 NORTH,(928) 445-4860,Acute Care - Veterans Administration,Veterans Health Administration,186,78
03033F,VA NORTHERN ARIZONA HEALTHCARE SYSTEM,500 HIGHWAY 89 NORTH,(928) 445-4860,Acute Care - Veterans Administration,Veterans Health Administration,239,25
03033F,VA NORTHERN ARIZONA HEALTHCARE SYSTEM,500 HIGHWAY 89 NORTH,(928) 445-4860,Acute Care - Veterans Administration,Veterans Health Administration,170,94
03033F,VA NORTHERN ARIZONA HEALTHCARE SYSTEM,500 HIGHWAY 89 NORTH,(928) 445-4860,Acute Care - Veterans Administration,Veterans Health Administration,229,35
03033F,VA NORTHERN ARIZONA HEALTHCARE SYSTEM,500 HIGHWAY 89 NORTH,(928) 445-4860,Acute Care - Veterans Administration,Veterans Health Administration,194,70
03033F,VA NORTHERN ARIZONA HEALTHCARE SYSTEM,500 HIGHWAY 89 NORTH,(928) 445-4860,Acute Care - Veterans Administration,Veterans Health Administration,240,24
03033F,VA NORTHERN ARIZONA HEALTHCARE SYSTEM,500 HIGHWAY 89 NORTH,(928) 445-4860,Acute Care - Veterans Administration,Veterans Health Administration,199,65
03033F,VA NORTHERN ARIZONA HEALTHCARE SYSTEM,500 HIGHWAY 89 NORTH,(928) 445-4860,Acute Care - Veterans Administration,Veterans Health Administration,196,68
03033F,VA NORTHERN ARIZONA HEALTHCARE SYSTEM,500 HIGHWAY 89 NORTH,(928) 445-4860,Acute Care - Veterans Administration,Veterans Health Administration,198,66
03033F,VA NORTHERN ARIZONA HEALTHCARE SYSTEM,500 HIGHWAY 89 NORTH,(928) 445-4860,Acute Care - Veterans Administration,Veterans Health Administration,235,29
03033F,VA NORTHERN ARIZONA HEALTHCARE SYSTEM,500 HIGHWAY 89 NORTH,(928) 445-4860,Acute Care - Veterans Administration,Veterans Health Administration,159,105
03033F,VA NORTHERN ARIZONA HEALTHCARE SYSTEM,500 HIGHWAY 89 NORTH,(928) 445-4860,Acute Care - Veterans Administration,Veterans Health Administration,223,41
03033F,VA NORTHERN ARIZONA HEALTHCARE SYSTEM,500 HIGHWAY 89 NORTH,(928) 445-4860,Acute Care - Veterans Administration,Veterans Health Administration,177,87
03033F,VA NORTHERN ARIZONA HEALTHCARE SYSTEM,500 HIGHWAY 89 NORTH,(928) 445-4860,Acute Care - Veterans Administration,Veterans Health Administration,239,25
03033F,VA NORTHERN ARIZONA HEALTHCARE SYSTEM,500 HIGHWAY 89 NORTH,(928) 445-4860,Acute Care - Veterans Administration,Veterans Health Administration,193,71
03033F,VA NORTHERN ARIZONA HEALTHCARE SYSTEM,500 HIGHWAY 89 NORTH,(928) 445-4860,Acute Care - Veterans Administration,Veterans Health Administration,189,75
03033F,VA NORTHERN ARIZONA HEALTHCARE SYSTEM,500 HIGHWAY 89 NORTH,(928) 445-4860,Acute Care - Veterans Administration,Veterans Health Administration,224,40
03033F,VA NORTHERN ARIZONA HEALTHCARE SYSTEM,500 HIGHWAY 89 NORTH,(928) 445-4860,Acute Care - Veterans Administration,Veterans Health Administration,225,39
03033F,VA NORTHERN ARIZONA HEALTHCARE SYSTEM,500 HIGHWAY 89 NORTH,(928) 445-4860,Acute Care - Veterans Administration,Veterans Health Administration,216,48
03033F,VA NORTHERN ARIZONA HEALTHCARE SYSTEM,500 HIGHWAY 89 NORTH,(928) 445-4860,Acute Care - Veterans Administration,Veterans Health Administration,188,76
03033F,VA NORTHERN ARIZONA HEALTHCARE SYSTEM,500 HIGHWAY 89 NORTH,(928) 445-4860,Acute Care - Veterans Administration,Veterans Health Administration,214,50
03033F,VA NORTHERN ARIZONA HEALTHCARE SYSTEM,500 HIGHWAY 89 NORTH,(928) 445-4860,Acute Care - Veterans Administration,Veterans Health Administration,163,101
03033F,VA NORTHERN ARIZONA HEALTHCARE SYSTEM,500 HIGHWAY 89 NORTH,(928) 445-4860,Acute Care - Veterans Administration,Veterans Health Administration,246,18
03033F,VA NORTHERN ARIZONA HEALTHCARE SYSTEM,500 HIGHWAY 89 NORTH,(928) 445-4860,Acute Care - Veterans Administration,Veterans Health Administration,200,64
03033F,VA NORTHERN ARIZONA HEALTHCARE SYSTEM,500 HIGHWAY 89 NORTH,(928) 445-4860,Acute Care - Veterans Administration,Veterans Health Administration,186,78
03033F,VA NORTHERN ARIZONA HEALTHCARE SYSTEM,500 HIGHWAY 89 NORTH,(928) 445-4860,Acute Care - Veterans Administration,Veterans Health Administration,237,27
03033F,VA NORTHERN ARIZONA HEALTHCARE SYSTEM,500 HIGHWAY 89 NORTH,(928) 445-4860,Acute Care - Veterans Administration,Veterans Health Administration,188,76
03033F,VA NORTHERN ARIZONA HEALTHCARE SYSTEM,500 HIGHWAY 89 NORTH,(928) 445-4860,Acute Care - Veterans Administration,Veterans Health Administration,250,14
03033F,VA NORTHERN ARIZONA HEALTHCARE SYSTEM,500 HIGHWAY 89 NORTH,(928) 445-4860,Acute Care - Veterans Administration,Veterans Health Administration,222,42
03033F,VA NORTHERN ARIZONA HEALTHCARE SYSTEM,500 HIGHWAY 89 NORTH,(928) 445-4860,Acute Care - Veterans Administration,Veterans Health Administration,218,46
03033F,VA NORTHERN ARIZONA HEALTHCARE SYSTEM,500 HIGHWAY 89 NORTH,(928) 445-4860,Acute Care - Veterans Administration,Veterans Health Administration,172,92
03033F,VA NORTHERN ARIZONA HEALTHCARE SYSTEM,500 HIGHWAY 89 NORTH,(928) 445-4860,Acute Care - Veterans Administration,Veterans Health Administration,214,50
03033F,VA NORTHERN ARIZONA HEALTHCARE SYSTEM,500 HIGHWAY 89 NORTH,(928) 445-4860,Acute Care - Veterans Administration,Veterans Health Administration,172,92
03033F,VA NORTHERN ARIZONA HEALTHCARE SYSTEM,500 HIGHWAY 89 NORTH,(928) 445-4860,Acute Care - Veterans Administration,Veterans Health Administration,230,34
03033F,VA NORTHERN ARIZONA HEALTHCARE SYSTEM,500 HIGHWAY 89 NORTH,(928) 445-4860,Acute Care - Veterans Administration,Veterans Health Administration,171,93
03033F,VA NORTHERN ARIZONA HEALTHCARE SYSTEM,500 HIGHWAY 89 NORTH,(928) 445-4860,Acute Care - Veterans Administration,Veterans Health Administration,191,73
03033F,VA NORTHERN ARIZONA HEALTHCARE SYSTEM,500 HIGHWAY 89 NORTH,(928) 445-4860,Acute Care - Veterans Administration,Veterans Health Administration,202,62
03033F,VA NORTHERN ARIZONA HEALTHCARE SYSTEM,500 HIGHWAY 89 NORTH,(928) 445-4860,Acute Care - Veterans Administration,Veterans Health Administration,232,32
03033F,VA NORTHERN ARIZONA HEALTHCARE SYSTEM,500 HIGHWAY 89 NORTH,(928) 445-4860,Acute Care - Veterans Administration,Veterans Health Administration,216,48
03033F,VA NORTHERN ARIZONA HEALTHCARE SYSTEM,500 HIGHWAY 89 NORTH,(928) 445-4860,Acute Care - Veterans Administration,Veterans Health Administration,227,37
03033F,VA NORTHERN ARIZONA HEALTHCARE SYSTEM,500 HIGHWAY 89 NORTH,(928) 445-4860,Acute Care - Veterans Administration,Veterans Health Administration,180,84
03033F,VA NORTHERN ARIZONA HEALTHCARE SYSTEM,500 HIGHWAY 89 NORTH,(928) 445-4860,Acute Care - Veterans Administration,Veterans Health Administration,180,84
03033F,VA NORTHERN ARIZONA HEALTHCARE SYSTEM,500 HIGHWAY 89 NORTH,(928) 445-4860,Acute Care - Veterans Administration,Veterans Health Administration,193,71
03033F,VA NORTHERN ARIZONA HEALTHCARE SYSTEM,500 HIGHWAY 89 NORTH,(928) 445-4860,Acute Care - Veterans Administration,Veterans Health Administration,160,104
03033F,VA NORTHERN ARIZONA HEALTHCARE SYSTEM,500 HIGHWAY 89 NORTH,(928) 445-4860,Acute Care - Veterans Administration,Veterans Health Administration,235,29
03033F,VA NORTHERN ARIZONA HEALTHCARE SYSTEM,500 HIGHWAY 89 NORTH,(928) 445-4860,Acute Care - Veterans Administration,Veterans Health Administration,192,72
03033F,VA NORTHERN ARIZONA HEALTHCARE SYSTEM,500 HIGHWAY 89 NORTH,(928) 445-4860,Acute Care - Veterans Administration,Veterans Health Administration,164,100
03033F,VA NORTHERN ARIZONA HEALTHCARE SYSTEM,500 HIGHWAY 89 NORTH,(928) 445-4860,Acute Care - Veterans Administration,Veterans Health Administration,238,26
03033F,VA NORTHERN ARIZONA HEALTHCARE SYSTEM,500 HIGHWAY 89 NORTH,(928) 445-4860,Acute Care - Veterans Administration,Veterans Health Administration,247,17
03033F,VA NORTHERN ARIZONA HEALTHCARE SYSTEM,500 HIGHWAY 89 NORTH,(928) 445-4860,Acute Care - Veterans Administration,Veterans Health Administration,218,46
03033F,VA NORTHERN ARIZONA HEALTHCARE SYSTEM,500 HIGHWAY 89 NORTH,(928) 445-4860,Acute Care - Veterans Administration,Veterans Health Administration,191,73
03033F,VA NORTHERN ARIZONA HEALTHCARE SYSTEM,500 HIGHWAY 89 NORTH,(928) 445-4860,Acute Care - Veterans Administration,Veterans Health Administration,196,68
03033F,VA NORTHERN ARIZONA HEALTHCARE SYSTEM,500 HIGHWAY 89 NORTH,(928) 445-4860,Acute Care - Veterans Administration,Veterans Health Administration,182,82
03033F,VA NORTHERN ARIZONA HEALTHCARE SYSTEM,500 HIGHWAY 89 NORTH,(928) 445-4860,Acute Care - Veterans Administration,Veterans Health Administration,224,40
03033F,VA NORTHERN ARIZONA HEALTHCARE SYSTEM,500 HIGHWAY 89 NORTH,(928) 445-4860,Acute Care - Veterans Administration,Veterans Health Administration,191,73
03033F,VA NORTHERN ARIZONA HEALTHCARE SYSTEM,500 HIGHWAY 89 NORTH,(928) 445-4860,Acute Care - Veterans Administration,Veterans Health Administration,161,103
03033F,VA NORTHERN ARIZONA HEALTHCARE SYSTEM,500 HIGHWAY 89 NORTH,(928) 445-4860,Acute Care - Veterans Administration,Veterans Health Administration,162,102
03033F,VA NORTHERN ARIZONA HEALTHCARE SYSTEM,500 HIGHWAY 89 NORTH,(928) 445-4860,Acute Care - Veterans Administration,Veterans Health Administration,215,49
03033F,VA NORTHERN ARIZONA HEALTHCARE SYSTEM,500 HIGHWAY 89 NORTH,(928) 445-4860,Acute Care - Veterans Administration,Veterans Health Administration,185,79
03033F,VA NORTHERN ARIZONA HEALTHCARE SYSTEM,500 HIGHWAY 89 NORTH,(928) 445-4860,Acute Care - Veterans Administration,Veterans Health Administration,173,91
03033F,VA NORTHERN ARIZONA HEALTHCARE SYSTEM,500 HIGHWAY 89 NORTH,(928) 445-4860,Acute Care - Veterans Administration,Veterans Health Administration,209,55
03033F,VA NORTHERN ARIZONA HEALTHCARE SYSTEM,500 HIGHWAY 89 NORTH,(928) 445-4860,Acute Care - Veterans Administration,Veterans Health Administration,184,80
03033F,VA NORTHERN ARIZONA HEALTHCARE SYSTEM,500 HIGHWAY 89 NORTH,(928) 445-4860,Acute Care - Veterans Administration,Veterans Health Administration,165,99
03033F,VA NORTHERN ARIZONA HEALTHCARE SYSTEM,500 HIGHWAY 89 NORTH,(928) 445-4860,Acute Care - Veterans Administration,Veterans Health Administration,176,88
03033F,VA NORTHERN ARIZONA HEALTHCARE SYSTEM,500 HIGHWAY 89 NORTH,(928) 445-4860,Acute Care - Veterans Administration,Veterans Health Administration,230,34
03033F,VA NORTHERN ARIZONA HEALTHCARE SYSTEM,500 HIGHWAY 89 NORTH,(928) 445-4860,Acute Care - Veterans Administration,Veterans Health Administration,237,27
03033F,VA NORTHERN ARIZONA HEALTHCARE SYSTEM,500 HIGHWAY 89 NORTH,(928) 445-4860,Acute Care - Veterans Administration,Veterans Health Administration,238,26
03033F,VA NORTHERN ARIZONA HEALTHCARE SYSTEM,500 HIGHWAY 89 NORTH,(928) 445-4860,Acute Care - Veterans Administration,Veterans Health Administration,207,57
03033F,VA NORTHERN ARIZONA HEALTHCARE SYSTEM,500 HIGHWAY 89 NORTH,(928) 445-4860,Acute Care - Veterans Administration,Veterans Health Administration,246,18
03033F,VA NORTHERN ARIZONA HEALTHCARE SYSTEM,500 HIGHWAY 89 NORTH,(928) 445-4860,Acute Care - Veterans Administration,Veterans Health Administration,172,92
03033F,VA NORTHERN ARIZONA HEALTHCARE SYSTEM,500 HIGHWAY 89 NORTH,(928) 445-4860,Acute Care - Veterans Administration,Veterans Health Administration,221,43
03033F,VA NORTHERN ARIZONA HEALTHCARE SYSTEM,500 HIGHWAY 89 NORTH,(928) 445-4860,Acute Care - Veterans Administration,Veterans Health Administration,223,41
03033F,VA NORTHERN ARIZONA HEALTHCARE SYSTEM,500 HIGHWAY 89 NORTH,(928) 445-4860,Acute Care - Veterans Administration,Veterans Health Administration,163,101
03033F,VA NORTHERN ARIZONA HEALTHCARE SYSTEM,500 HIGHWAY 89 NORTH,(928) 445-4860,Acute Care - Veterans Administration,Veterans Health Administration,184,80
03033F,VA NORTHERN ARIZONA HEALTHCARE SYSTEM,500 HIGHWAY 89 NORTH,(928) 445-4860,Acute Care - Veterans Administration,Veterans Health Administration,246,18
03033F,VA NORTHERN ARIZONA HEALTHCARE SYSTEM,500 HIGHWAY 89 NORTH,(928) 445-4860,Acute Care - Veterans Administration,Veterans Health Administration,228,36
03033F,VA NORTHERN ARIZONA HEALTHCARE SYSTEM,500 HIGHWAY 89 NORTH,(928) 445-4860,Acute Care - Veterans Administration,Veterans Health Administration,163,101
03033F,VA NORTHERN ARIZONA HEALTHCARE SYSTEM,500 HIGHWAY 89 NORTH,(928) 445-4860,Acute Care - Veterans Administration,Veterans Health Administration,208,56
03033F,VA NORTHERN ARIZONA HEALTHCARE SYSTEM,500 HIGHWAY 89 NORTH,(928) 445-4860,Acute Care - Veterans Administration,Veterans Health Administration,218,46
03033F,VA NORTHERN ARIZONA HEALTHCARE SYSTEM,500 HIGHWAY 89 NORTH,(928) 445-4860,Acute Care - Veterans Administration,Veterans Health Administration,248,16
03033F,VA NORTHERN ARIZONA HEALTHCARE SYSTEM,500 HIGHWAY 89 NORTH,(928) 445-4860,Acute Care - Veterans Administration,Veterans Health Administration,224,40
03033F,VA NORTHERN ARIZONA HEALTHCARE SYSTEM,500 HIGHWAY 89 NORTH,(928) 445-4860,Acute Care - Veterans Administration,Veterans Health Administration,217,47
03033F,VA NORTHERN ARIZONA HEALTHCARE SYSTEM,500 HIGHWAY 89 NORTH,(928) 445-4860,Acute Care - Veterans Administration,Veterans Health Administration,242,22
03033F,VA NORTHERN ARIZONA HEALTHCARE SYSTEM,500 HIGHWAY 89 NORTH,(928) 445-4860,Acute Care - Veterans Administration,Veterans Health Administration,219,45
03033F,VA NORTHERN ARIZONA HEALTHCARE SYSTEM,500 HIGHWAY 89 NORTH,(928) 445-4860,Acute Care - Veterans Administration,Veterans Health Administration,244,20
03033F,VA NORTHERN ARIZONA HEALTHCARE SYSTEM,500 HIGHWAY 89 NORTH,(928) 445-4860,Acute Care - Veterans Administration,Veterans Health Administration,203,61
03033F,VA NORTHERN ARIZONA HEALTHCARE SYSTEM,500 HIGHWAY 89 NORTH,(928) 445-4860,Acute Care - Veterans Administration,Veterans Health Administration,224,40
03033F,VA NORTHERN ARIZONA HEALTHCARE SYSTEM,500 HIGHWAY 89 NORTH,(928) 445-4860,Acute Care - Veterans Administration,Veterans Health Administration,216,48
03033F,VA NORTHERN ARIZONA HEALTHCARE SYSTEM,500 HIGHWAY 89 NORTH,(928) 445-4860,Acute Care - Veterans Administration,Veterans Health Administration,209,55
03033F,VA NORTHERN ARIZONA HEALTHCARE SYSTEM,500 HIGHWAY 89 NORTH,(928) 445-4860,Acute Care - Veterans Administration,Veterans Health Administration,188,76
03033F,VA NORTHERN ARIZONA HEALTHCARE SYSTEM,500 HIGHWAY 89 NORTH,(928) 445-4860,Acute Care - Veterans Administration,Veterans Health Administration,241,23
03033F,VA NORTHERN ARIZONA HEALTHCARE SYSTEM,500 HIGHWAY 89 NORTH,(928) 445-4860,Acute Care - Veterans Administration,Veterans Health Administration,183,81
03033F,VA NORTHERN ARIZONA HEALTHCARE SYSTEM,500 HIGHWAY 89 NORTH,(928) 445-4860,Acute Care - Veterans Administration,Veterans Health Administration,173,91
03033F,VA NORTHERN ARIZONA HEALTHCARE SYSTEM,500 HIGHWAY 89 NORTH,(928) 445-4860,Acute Care - Veterans Administration,Veterans Health Administration,224,40
03033F,VA NORTHERN ARIZONA HEALTHCARE SYSTEM,500 HIGHWAY 89 NORTH,(928) 445-4860,Acute Care - Veterans Administration,Veterans Health Administration,208,56
03033F,VA NORTHERN ARIZONA HEALTHCARE SYSTEM,500 HIGHWAY 89 NORTH,(928) 445-4860,Acute Care - Veterans Administration,Veterans Health Administration,182,82
03033F,VA NORTHERN ARIZONA HEALTHCARE SYSTEM,500 HIGHWAY 89 NORTH,(928) 445-4860,Acute Care - Veterans Administration,Veterans Health Administration,238,26
03033F,VA NORTHERN ARIZONA HEALTHCARE SYSTEM,500 HIGHWAY 89 NORTH,(928) 445-4860,Acute Care - Veterans Administration,Veterans Health Administration,184,80
03033F,VA NORTHERN ARIZONA HEALTHCARE SYSTEM,500 HIGHWAY 89 NORTH,(928) 445-4860,Acute Care - Veterans Administration,Veterans Health Administration,164,100
03033F,VA NORTHERN ARIZONA HEALTHCARE SYSTEM,500 HIGHWAY 89 NORTH,(928) 445-4860,Acute Care - Veterans Administration,Veterans Health Administration,159,105
03033F,VA NORTHERN ARIZONA HEALTHCARE SYSTEM,500 HIGHWAY 89 NORTH,(928) 445-4860,Acute Care - Veterans Administration,Veterans Health Administration,243,21
03033F,VA NORTHERN ARIZONA HEALTHCARE SYSTEM,500 HIGHWAY 89 NORTH,(928) 445-4860,Acute Care - Veterans Administration,Veterans Health Administration,195,69
03033F,VA NORTHERN ARIZONA HEALTHCARE SYSTEM,500 HIGHWAY 89 NORTH,(928) 445-4860,Acute Care - Veterans Administration,Veterans Health Administration,178,86
03033F,VA NORTHERN ARIZONA HEALTHCARE SYSTEM,500 HIGHWAY 89 NORTH,(928) 445-4860,Acute Care - Veterans Administration,Veterans Health Administration,210,54
03033F,VA NORTHERN ARIZONA HEALTHCARE SYSTEM,500 HIGHWAY 89 NORTH,(928) 445-4860,Acute Care - Veterans Administration,Veterans Health Administration,203,61
03033F,VA NORTHERN ARIZONA HEALTHCARE SYSTEM,500 HIGHWAY 89 NORTH,(928) 445-4860,Acute Care - Veterans Administration,Veterans Health Administration,250,14
03033F,VA NORTHERN ARIZONA HEALTHCARE SYSTEM,500 HIGHWAY 89 NORTH,(928) 445-4860,Acute Care - Veterans Administration,Veterans Health Administration,240,24
03033F,VA NORTHERN ARIZONA HEALTHCARE SYSTEM,500 HIGHWAY 89 NORTH,(928) 445-4860,Acute Care - Veterans Administration,Veterans Health Administration,183,81
03033F,VA NORTHERN ARIZONA HEALTHCARE SYSTEM,500 HIGHWAY 89 NORTH,(928) 445-4860,Acute Care - Veterans Administration,Veterans Health Administration,222,42
03033F,VA NORTHERN ARIZONA HEALTHCARE SYSTEM,500 HIGHWAY 89 NORTH,(928) 445-4860,Acute Care - Veterans Administration,Veterans Health Administration,194,70
03033F,VA NORTHERN ARIZONA HEALTHCARE SYSTEM,500 HIGHWAY 89 NORTH,(928) 445-4860,Acute Care - Veterans Administration,Veterans Health Administration,192,72
03033F,VA NORTHERN ARIZONA HEALTHCARE SYSTEM,500 HIGHWAY 89 NORTH,(928) 445-4860,Acute Care - Veterans Administration,Veterans Health Administration,192,72
03033F,VA NORTHERN ARIZONA HEALTHCARE SYSTEM,500 HIGHWAY 89 NORTH,(928) 445-4860,Acute Care - Veterans Administration,Veterans Health Administration,217,47
03033F,VA NORTHERN ARIZONA HEALTHCARE SYSTEM,500 HIGHWAY 89 NORTH,(928) 445-4860,Acute Care - Veterans Administration,Veterans Health Administration,208,56
03033F,VA NORTHERN ARIZONA HEALTHCARE SYSTEM,500 HIGHWAY 89 NORTH,(928) 445-4860,Acute Care - Veterans Administration,Veterans Health Administration,228,36
03033F,VA NORTHERN ARIZONA HEALTHCARE SYSTEM,500 HIGHWAY 89 NORTH,(928) 445-4860,Acute Care - Veterans Administration,Veterans Health Administration,172,92
03033F,VA NORTHERN ARIZONA HEALTHCARE SYSTEM,500 HIGHWAY 89 NORTH,(928) 445-4860,Acute Care - Veterans Administration,Veterans Health Administration,197,67
03033F,VA NORTHERN ARIZONA HEALTHCARE SYSTEM,500 HIGHWAY 89 NORTH,(928) 445-4860,Acute Care - Veterans Administration,Veterans Health Administration,237,27
03033F,VA NORTHERN ARIZONA HEALTHCARE SYSTEM,500 HIGHWAY 89 NORTH,(928) 445-4860,Acute Care - Veterans Administration,Veterans Health Administration,158,106
03033F,VA NORTHERN ARIZONA HEALTHCARE SYSTEM,500 HIGHWAY 89 NORTH,(928) 445-4860,Acute Care - Veterans Administration,Veterans Health Administration,216,48
03033F,VA NORTHERN ARIZONA HEALTHCARE SYSTEM,500 HIGHWAY 89 NORTH,(928) 445-4860,Acute Care - Veterans Administration,Veterans Health Administration,231,33
03033F,VA NORTHERN ARIZONA HEALTHCARE SYSTEM,500 HIGHWAY 89 NORTH,(928) 445-4860,Acute Care - Veterans Administration,Veterans Health Administration,193,71
03033F,VA NORTHERN ARIZONA HEALTHCARE SYSTEM,500 HIGHWAY 89 NORTH,(928) 445-4860,Acute Care - Veterans Administration,Veterans Health Administration,240,24
03033F,VA NORTHERN ARIZONA HEALTHCARE SYSTEM,500 HIGHWAY 89 NORTH,(928) 445-4860,Acute Care - Veterans Administration,Veterans Health Administration,226,38
03033F,VA NORTHERN ARIZONA HEALTHCARE SYSTEM,500 HIGHWAY 89 NORTH,(928) 445-4860,Acute Care - Veterans Administration,Veterans Health Administration,214,50
03033F,VA NORTHERN ARIZONA HEALTHCARE SYSTEM,500 HIGHWAY 89 NORTH,(928) 445-4860,Acute Care - Veterans Administration,Veterans Health Administration,176,88
03033F,VA NORTHERN ARIZONA HEALTHCARE SYSTEM,500 HIGHWAY 89 NORTH,(928) 445-4860,Acute Care - Veterans Administration,Veterans Health Administration,220,44
03033F,VA NORTHERN ARIZONA HEALTHCARE SYSTEM,500 HIGHWAY 89 NORTH,(928) 445-4860,Acute Care - Veterans Administration,Veterans Health Administration,235,29
03033F,VA NORTHERN ARIZONA HEALTHCARE SYSTEM,500 HIGHWAY 89 NORTH,(928) 445-4860,Acute Care - Veterans Administration,Veterans Health Administration,225,39
03033F,VA NORTHERN ARIZONA HEALTHCARE SYSTEM,500 HIGHWAY 89 NORTH,(928) 445-4860,Acute Care - Veterans Administration,Veterans Health Administration,211,53
03033F,VA NORTHERN ARIZONA HEALTHCARE SYSTEM,500 HIGHWAY 89 NORTH,(928) 445-4860,Acute Care - Veterans Administration,Veterans Health Administration,224,40
03033F,VA NORTHERN ARIZONA HEALTHCARE SYSTEM,500 HIGHWAY 89 NORTH,(928) 445-4860,Acute Care - Veterans Administration,Veterans Health Administration,248,16
03033F,VA NORTHERN ARIZONA HEALTHCARE SYSTEM,500 HIGHWAY 89 NORTH,(928) 445-4860,Acute Care - Veterans Administration,Veterans Health Administration,159,105
03033F,VA NORTHERN ARIZONA HEALTHCARE SYSTEM,500 HIGHWAY 89 NORTH,(928) 445-4860,Acute Care - Veterans Administration,Veterans Health Administration,219,45
03033F,VA NORTHERN ARIZONA HEALTHCARE SYSTEM,500 HIGHWAY 89 NORTH,(928) 445-4860,Acute Care - Veterans Administration,Veterans Health Administration,231,33
03033F,VA NORTHERN ARIZONA HEALTHCARE SYSTEM,500 HIGHWAY 89 NORTH,(928) 445-4860,Acute Care - Veterans Administration,Veterans Health Administration,217,47
03033F,VA NORTHERN ARIZONA HEALTHCARE SYSTEM,500 HIGHWAY 89 NORTH,(928) 445-4860,Acute Care - Veterans Administration,Veterans Health Administration,183,81
03033F,VA NORTHERN ARIZONA HEALTHCARE SYSTEM,500 HIGHWAY 89 NORTH,(928) 445-4860,Acute Care - Veterans Administration,Veterans Health Administration,234,30
03033F,VA NORTHERN ARIZONA HEALTHCARE SYSTEM,500 HIGHWAY 89 NORTH,(928) 445-4860,Acute Care - Veterans Administration,Veterans Health Administration,242,22
03033F,VA NORTHERN ARIZONA HEALTHCARE SYSTEM,500 HIGHWAY 89 NORTH,(928) 445-4860,Acute Care - Veterans Administration,Veterans Health Administration,221,43
03033F,VA NORTHERN ARIZONA HEALTHCARE SYSTEM,500 HIGHWAY 89 NORTH,(928) 445-4860,Acute Care - Veterans Administration,Veterans Health Administration,205,59
03033F,VA NORTHERN ARIZONA HEALTHCARE SYSTEM,500 HIGHWAY 89 NORTH,(928) 445-4860,Acute Care - Veterans Administration,Veterans Health Administration,192,72
03033F,VA NORTHERN ARIZONA HEALTHCARE SYSTEM,500 HIGHWAY 89 NORTH,(928) 445-4860,Acute Care - Veterans Administration,Veterans Health Administration,188,76
03033F,VA NORTHERN ARIZONA HEALTHCARE SYSTEM,500 HIGHWAY 89 NORTH,(928) 445-4860,Acute Care - Veterans Administration,Veterans Health Administration,225,39
03033F,VA NORTHERN ARIZONA HEALTHCARE SYSTEM,500 HIGHWAY 89 NORTH,(928) 445-4860,Acute Care - Veterans Administration,Veterans Health Administration,214,50
03033F,VA NORTHERN ARIZONA HEALTHCARE SYSTEM,500 HIGHWAY 89 NORTH,(928) 445-4860,Acute Care - Veterans Administration,Veterans Health Administration,172,92
03033F,VA NORTHERN ARIZONA HEALTHCARE SYSTEM,500 HIGHWAY 89 NORTH,(928) 445-4860,Acute Care - Veterans Administration,Veterans Health Administration,171,93
03033F,VA NORTHERN ARIZONA HEALTHCARE SYSTEM,500 HIGHWAY 89 NORTH,(928) 445-4860,Acute Care - Veterans Administration,Veterans Health Administration,164,100
03033F,VA NORTHERN ARIZONA HEALTHCARE SYSTEM,500 HIGHWAY 89 NORTH,(928) 445-4860,Acute Care - Veterans Administration,Veterans Health Administration,221,43
03033F,VA NORTHERN ARIZONA HEALTHCARE SYSTEM,500 HIGHWAY 89 NORTH,(928) 445-4860,Acute Care - Veterans Administration,Veterans Health Administration,187,77
03033F,VA NORTHERN ARIZONA HEALTHCARE SYSTEM,500 HIGHWAY 89 NORTH,(928) 445-4860,Acute Care - Veterans Administration,Veterans Health Administration,160,104
03033F,VA NORTHERN ARIZONA HEALTHCARE SYSTEM,500 HIGHWAY 89 NORTH,(928) 445-4860,Acute Care - Veterans Administration,Veterans Health Administration,189,75
03033F,VA NORTHERN ARIZONA HEALTHCARE SYSTEM,500 HIGHWAY 89 NORTH,(928) 445-4860,Acute Care - Veterans Administration,Veterans Health Administration,235,29
03033F,VA NORTHERN ARIZONA HEALTHCARE SYSTEM,500 HIGHWAY 89 NORTH,(928) 445-4860,Acute Care - Veterans Administration,Veterans Health Administration,181,83
03033F,VA NORTHERN ARIZONA HEALTHCARE SYSTEM,500 HIGHWAY 89 NORTH,(928) 445-4860,Acute Care - Veterans Administration,Veterans Health Administration,216,48
03033F,VA NORTHERN ARIZONA HEALTHCARE SYSTEM,500 HIGHWAY 89 NORTH,(928) 445-4860,Acute Care - Veterans Administration,Veterans Health Administration,199,65
03033F,VA NORTHERN ARIZONA HEALTHCARE SYSTEM,500 HIGHWAY 89 NORTH,(928) 445-4860,Acute Care - Veterans Administration,Veterans Health Administration,209,55
03033F,VA NORTHERN ARIZONA HEALTHCARE SYSTEM,500 HIGHWAY 89 NORTH,(928) 445-4860,Acute Care - Veterans Administration,Veterans Health Administration,213,51
03033F,VA NORTHERN ARIZONA HEALTHCARE SYSTEM,500 HIGHWAY 89 NORTH,(928) 445-4860,Acute Care - Veterans Administration,Veterans Health Administration,200,64
03033F,VA NORTHERN ARIZONA HEALTHCARE SYSTEM,500 HIGHWAY 89 NORTH,(928) 445-4860,Acute Care - Veterans Administration,Veterans Health Administration,163,101
03033F,VA NORTHERN ARIZONA HEALTHCARE SYSTEM,500 HIGHWAY 89 NORTH,(928) 445-4860,Acute Care - Veterans Administration,Veterans Health Administration,210,54
03033F,VA NORTHERN ARIZONA HEALTHCARE SYSTEM,500 HIGHWAY 89 NORTH,(928) 445-4860,Acute Care - Veterans Administration,Veterans Health Administration,195,69
03033F,VA NORTHERN ARIZONA HEALTHCARE SYSTEM,500 HIGHWAY 89 NORTH,(928) 445-4860,Acute Care - Veterans Administration,Veterans Health Administration,176,88
03033F,VA NORTHERN ARIZONA HEALTHCARE SYSTEM,500 HIGHWAY 89 NORTH,(928) 445-4860,Acute Care - Veterans Administration,Veterans Health Administration,241,23
03033F,VA NORTHERN ARIZONA HEALTHCARE SYSTEM,500 HIGHWAY 89 NORTH,(928) 445-4860,Acute Care - Veterans Administration,Veterans Health Administration,226,38
03033F,VA NORTHERN ARIZONA HEALTHCARE SYSTEM,500 HIGHWAY 89 NORTH,(928) 445-4860,Acute Care - Veterans Administration,Veterans Health Administration,184,80
03033F,VA NORTHERN ARIZONA HEALTHCARE SYSTEM,500 HIGHWAY 89 NORTH,(928) 445-4860,Acute Care - Veterans Administration,Veterans Health Administration,208,56
03033F,VA NORTHERN ARIZONA HEALTHCARE SYSTEM,500 HIGHWAY 89 NORTH,(928) 445-4860,Acute Care - Veterans Administration,Veterans Health Administration,247,17
03033F,VA NORTHERN ARIZONA HEALTHCARE SYSTEM,500 HIGHWAY 89 NORTH,(928) 445-4860,Acute Care - Veterans Administration,Veterans Health Administration,181,83
03033F,VA NORTHERN ARIZONA HEALTHCARE SYSTEM,500 HIGHWAY 89 NORTH,(928) 445-4860,Acute Care - Veterans Administration,Veterans Health Administration,245,19
03033F,VA NORTHERN ARIZONA HEALTHCARE SYSTEM,500 HIGHWAY 89 NORTH,(928) 445-4860,Acute Care - Veterans Administration,Veterans Health Administration,221,43
03033F,VA NORTHERN ARIZONA HEALTHCARE SYSTEM,500 HIGHWAY 89 NORTH,(928) 445-4860,Acute Care - Veterans Administration,Veterans Health Administration,208,56
03033F,VA NORTHERN ARIZONA HEALTHCARE SYSTEM,500 HIGHWAY 89 NORTH,(928) 445-4860,Acute Care - Veterans Administration,Veterans Health Administration,249,15
03033F,VA NORTHERN ARIZONA HEALTHCARE SYSTEM,500 HIGHWAY 89 NORTH,(928) 445-4860,Acute Care - Veterans Administration,Veterans Health Administration,189,75
03033F,VA NORTHERN ARIZONA HEALTHCARE SYSTEM,500 HIGHWAY 89 NORTH,(928) 445-4860,Acute Care - Veterans Administration,Veterans Health Administration,184,80
03033F,VA NORTHERN ARIZONA HEALTHCARE SYSTEM,500 HIGHWAY 89 NORTH,(928) 445-4860,Acute Care - Veterans Administration,Veterans Health Administration,189,75
03033F,VA NORTHERN ARIZONA HEALTHCARE SYSTEM,500 HIGHWAY 89 NORTH,(928) 445-4860,Acute Care - Veterans Administration,Veterans Health Administration,227,37
03033F,VA NORTHERN ARIZONA HEALTHCARE SYSTEM,500 HIGHWAY 89 NORTH,(928) 445-4860,Acute Care - Veterans Administration,Veterans Health Administration,189,75
03033F,VA NORTHERN ARIZONA HEALTHCARE SYSTEM,500 HIGHWAY 89 NORTH,(928) 445-4860,Acute Care - Veterans Administration,Veterans Health Administration,167,97
03033F,VA NORTHERN ARIZONA HEALTHCARE SYSTEM,500 HIGHWAY 89 NORTH,(928) 445-4860,Acute Care - Veterans Administration,Veterans Health Administration,217,47
03033F,VA NORTHERN ARIZONA HEALTHCARE SYSTEM,500 HIGHWAY 89 NORTH,(928) 445-4860,Acute Care - Veterans Administration,Veterans Health Administration,179,85
03033F,VA NORTHERN ARIZONA HEALTHCARE SYSTEM,500 HIGHWAY 89 NORTH,(928) 445-4860,Acute Care - Veterans Administration,Veterans Health Administration,158,106
03033F,VA NORTHERN ARIZONA HEALTHCARE SYSTEM,500 HIGHWAY 89 NORTH,(928) 445-4860,Acute Care - Veterans Administration,Veterans Health Administration,176,88
03033F,VA NORTHERN ARIZONA HEALTHCARE SYSTEM,500 HIGHWAY 89 NORTH,(928) 445-4860,Acute Care - Veterans Administration,Veterans Health Administration,234,30
03033F,VA NORTHERN ARIZONA HEALTHCARE SYSTEM,500 HIGHWAY 89 NORTH,(928) 445-4860,Acute Care - Veterans Administration,Veterans Health Administration,245,19
03033F,VA NORTHERN ARIZONA HEALTHCARE SYSTEM,500 HIGHWAY 89 NORTH,(928) 445-4860,Acute Care - Veterans Administration,Veterans Health Administration,219,45
03033F,VA NORTHERN ARIZONA HEALTHCARE SYSTEM,500 HIGHWAY 89 NORTH,(928) 445-4860,Acute Care - Veterans Administration,Veterans Health Administration,187,77
03033F,VA NORTHERN ARIZONA HEALTHCARE SYSTEM,500 HIGHWAY 89 NORTH,(928) 445-4860,Acute Care - Veterans Administration,Veterans Health Administration,198,66
03033F,VA NORTHERN ARIZONA HEALTHCARE SYSTEM,500 HIGHWAY 89 NORTH,(928) 445-4860,Acute Care - Veterans Administration,Veterans Health Administration,176,88
03033F,VA NORTHERN ARIZONA HEALTHCARE SYSTEM,500 HIGHWAY 89 NORTH,(928) 445-4860,Acute Care - Veterans Administration,Veterans Health Administration,239,25
03033F,VA NORTHERN ARIZONA HEALTHCARE SYSTEM,500 HIGHWAY 89 NORTH,(928) 445-4860,Acute Care - Veterans Administration,Veterans Health Administration,219,45
03033F,VA NORTHERN ARIZONA HEALTHCARE SYSTEM,500 HIGHWAY 89 NORTH,(928) 445-4860,Acute Care - Veterans Administration,Veterans Health Administration,166,98
03033F,VA NORTHERN ARIZONA HEALTHCARE SYSTEM,500 HIGHWAY 89 NORTH,(928) 445-4860,Acute Care - Veterans Administration,Veterans Health Administration,192,72
03033F,VA NORTHERN ARIZONA HEALTHCARE SYSTEM,500 HIGHWAY 89 NORTH,(928) 445-4860,Acute Care - Veterans Administration,Veterans Health Administration,208,56
03033F,VA NORTHERN ARIZONA HEALTHCARE SYSTEM,500 HIGHWAY 89 NORTH,(928) 445-4860,Acute Care - Veterans Administration,Veterans Health Administration,232,32
03033F,VA NORTHERN ARIZONA HEALTHCARE SYSTEM,500 HIGHWAY 89 NORTH,(928) 445-4860,Acute Care - Veterans Administration,Veterans Health Administration,243,21
03033F,VA NORTHERN ARIZONA HEALTHCARE SYSTEM,500 HIGHWAY 89 NORTH,(928) 445-4860,Acute Care - Veterans Administration,Veterans Health Administration,170,94
03033F,VA NORTHERN ARIZONA HEALTHCARE SYSTEM,500 HIGHWAY 89 NORTH,(928) 445-4860,Acute Care - Veterans Administration,Veterans Health Administration,235,29
03033F,VA NORTHERN ARIZONA HEALTHCARE SYSTEM,500 HIGHWAY 89 NORTH,(928) 445-4860,Acute Care - Veterans Administration,Veterans Health Administration,164,100
03033F,VA NORTHERN ARIZONA HEALTHCARE SYSTEM,500 HIGHWAY 89 NORTH,(928) 445-4860,Acute Care - Veterans Administration,Veterans Health Administration,180,84
03033F,VA NORTHERN ARIZONA HEALTHCARE SYSTEM,500 HIGHWAY 89 NORTH,(928) 445-4860,Acute Care - Veterans Administration,Veterans Health Administration,160,104
03033F,VA NORTHERN ARIZONA HEALTHCARE SYSTEM,500 HIGHWAY 89 NORTH,(928) 445-4860,Acute Care - Veterans Administration,Veterans Health Administration,164,100
03033F,VA NORTHERN ARIZONA HEALTHCARE SYSTEM,500 HIGHWAY 89 NORTH,(928) 445-4860,Acute Care - Veterans Administration,Veterans Health Administration,161,103
03033F,VA NORTHERN ARIZONA HEALTHCARE SYSTEM,500 HIGHWAY 89 NORTH,(928) 445-4860,Acute Care - Veterans Administration,Veterans Health Administration,171,93
03033F,VA NORTHERN ARIZONA HEALTHCARE SYSTEM,500 HIGHWAY 89 NORTH,(928) 445-4860,Acute Care - Veterans Administration,Veterans Health Administration,239,25
03033F,VA NORTHERN ARIZONA HEALTHCARE SYSTEM,500 HIGHWAY 89 NORTH,(928) 445-4860,Acute Care - Veterans Administration,Veterans Health Administration,184,80
03033F,VA NORTHERN ARIZONA HEALTHCARE SYSTEM,500 HIGHWAY 89 NORTH,(928) 445-4860,Acute Care - Veterans Administration,Veterans Health Administration,202,62
03033F,VA NORTHERN ARIZONA HEALTHCARE SYSTEM,500 HIGHWAY 89 NORTH,(928) 445-4860,Acute Care - Veterans Administration,Veterans Health Administration,203,61
03033F,VA NORTHERN ARIZONA HEALTHCARE SYSTEM,500 HIGHWAY 89 NORTH,(928) 445-4860,Acute Care - Veterans Administration,Veterans Health Administration,250,14
03033F,VA NORTHERN ARIZONA HEALTHCARE SYSTEM,500 HIGHWAY 89 NORTH,(928) 445-4860,Acute Care - Veterans Administration,Veterans Health Administration,192,72
03033F,VA NORTHERN ARIZONA HEALTHCARE SYSTEM,500 HIGHWAY 89 NORTH,(928) 445-4860,Acute Care - Veterans Administration,Veterans Health Administration,182,82
03033F,VA NORTHERN ARIZONA HEALTHCARE SYSTEM,500 HIGHWAY 89 NORTH,(928) 445-4860,Acute Care - Veterans Administration,Veterans Health Administration,247,17
03033F,VA NORTHERN ARIZONA HEALTHCARE SYSTEM,500 HIGHWAY 89 NORTH,(928) 445-4860,Acute Care - Veterans Administration,Veterans Health Administration,213,51
03033F,VA NORTHERN ARIZONA HEALTHCARE SYSTEM,500 HIGHWAY 89 NORTH,(928) 445-4860,Acute Care - Veterans Administration,Veterans Health Administration,185,79
03033F,VA NORTHERN ARIZONA HEALTHCARE SYSTEM,500 HIGHWAY 89 NORTH,(928) 445-4860,Acute Care - Veterans Administration,Veterans Health Administration,184,80
03033F,VA NORTHERN ARIZONA HEALTHCARE SYSTEM,500 HIGHWAY 89 NORTH,(928) 445-4860,Acute Care - Veterans Administration,Veterans Health Administration,166,98
03033F,VA NORTHERN ARIZONA HEALTHCARE SYSTEM,500 HIGHWAY 89 NORTH,(928) 445-4860,Acute Care - Veterans Administration,Veterans Health Administration,209,55
03033F,VA NORTHERN ARIZONA HEALTHCARE SYSTEM,500 HIGHWAY 89 NORTH,(928) 445-4860,Acute Care - Veterans Administration,Veterans Health Administration,225,39
03033F,VA NORTHERN ARIZONA HEALTHCARE SYSTEM,500 HIGHWAY 89 NORTH,(928) 445-4860,Acute Care - Veterans Administration,Veterans Health Administration,202,62
03033F,VA NORTHERN ARIZONA HEALTHCARE SYSTEM,500 HIGHWAY 89 NORTH,(928) 445-4860,Acute Care - Veterans Administration,Veterans Health Administration,240,24
03033F,VA NORTHERN ARIZONA HEALTHCARE SYSTEM,500 HIGHWAY 89 NORTH,(928) 445-4860,Acute Care - Veterans Administration,Veterans Health Administration,203,61
03033F,VA NORTHERN ARIZONA HEALTHCARE SYSTEM,500 HIGHWAY 89 NORTH,(928) 445-4860,Acute Care - Veterans Administration,Veterans Health Administration,190,74
03033F,VA NORTHERN ARIZONA HEALTHCARE SYSTEM,500 HIGHWAY 89 NORTH,(928) 445-4860,Acute Care - Veterans Administration,Veterans Health Administration,181,83
03033F,VA NORTHERN ARIZONA HEALTHCARE SYSTEM,500 HIGHWAY 89 NORTH,(928) 445-4860,Acute Care - Veterans Administration,Veterans Health Administration,180,84
03033F,VA NORTHERN ARIZONA HEALTHCARE SYSTEM,500 HIGHWAY 89 NORTH,(928) 445-4860,Acute Care - Veterans Administration,Veterans Health Administration,187,77
03033F,VA NORTHERN ARIZONA HEALTHCARE SYSTEM,500 HIGHWAY 89 NORTH,(928) 445-4860,Acute Care - Veterans Administration,Veterans Health Administration,250,14
03033F,VA NORTHERN ARIZONA HEALTHCARE SYSTEM,500 HIGHWAY 89 NORTH,(928) 445-4860,Acute Care - Veterans Administration,Veterans Health Administration,191,73
03033F,VA NORTHERN ARIZONA HEALTHCARE SYSTEM,500 HIGHWAY 89 NORTH,(928) 445-4860,Acute Care - Veterans Administration,Veterans Health Administration,206,58
03033F,VA NORTHERN ARIZONA HEALTHCARE SYSTEM,500 HIGHWAY 89 NORTH,(928) 445-4860,Acute Care - Veterans Administration,Veterans Health Administration,183,81
03033F,VA NORTHERN ARIZONA HEALTHCARE SYSTEM,500 HIGHWAY 89 NORTH,(928) 445-4860,Acute Care - Veterans Administration,Veterans Health Administration,171,93
03033F,VA NORTHERN ARIZONA HEALTHCARE SYSTEM,500 HIGHWAY 89 NORTH,(928) 445-4860,Acute Care - Veterans Administration,Veterans Health Administration,218,46
03033F,VA NORTHERN ARIZONA HEALTHCARE SYSTEM,500 HIGHWAY 89 NORTH,(928) 445-4860,Acute Care - Veterans Administration,Veterans Health Administration,208,56
03033F,VA NORTHERN ARIZONA HEALTHCARE SYSTEM,500 HIGHWAY 89 NORTH,(928) 445-4860,Acute Care - Veterans Administration,Veterans Health Administration,164,100
03033F,VA NORTHERN ARIZONA HEALTHCARE SYSTEM,500 HIGHWAY 89 NORTH,(928) 445-4860,Acute Care - Veterans Administration,Veterans Health Administration,239,25
03033F,VA NORTHERN ARIZONA HEALTHCARE SYSTEM,500 HIGHWAY 89 NORTH,(928) 445-4860,Acute Care - Veterans Administration,Veterans Health Administration,205,59
03033F,VA NORTHERN ARIZONA HEALTHCARE SYSTEM,500 HIGHWAY 89 NORTH,(928) 445-4860,Acute Care - Veterans Administration,Veterans Health Administration,189,75
03033F,VA NORTHERN ARIZONA HEALTHCARE SYSTEM,500 HIGHWAY 89 NORTH,(928) 445-4860,Acute Care - Veterans Administration,Veterans Health Administration,230,34
03033F,VA NORTHERN ARIZONA HEALTHCARE SYSTEM,500 HIGHWAY 89 NORTH,(928) 445-4860,Acute Care - Veterans Administration,Veterans Health Administration,168,96
03033F,VA NORTHERN ARIZONA HEALTHCARE SYSTEM,500 HIGHWAY 89 NORTH,(928) 445-4860,Acute Care - Veterans Administration,Veterans Health Administration,202,62
03033F,VA NORTHERN ARIZONA HEALTHCARE SYSTEM,500 HIGHWAY 89 NORTH,(928) 445-4860,Acute Care - Veterans Administration,Veterans Health Administration,209,55
03033F,VA NORTHERN ARIZONA HEALTHCARE SYSTEM,500 HIGHWAY 89 NORTH,(928) 445-4860,Acute Care - Veterans Administration,Veterans Health Administration,230,34
03033F,VA NORTHERN ARIZONA HEALTHCARE SYSTEM,500 HIGHWAY 89 NORTH,(928) 445-4860,Acute Care - Veterans Administration,Veterans Health Administration,192,72
03033F,VA NORTHERN ARIZONA HEALTHCARE SYSTEM,500 HIGHWAY 89 NORTH,(928) 445-4860,Acute Care - Veterans Administration,Veterans Health Administration,237,27
03033F,VA NORTHERN ARIZONA HEALTHCARE SYSTEM,500 HIGHWAY 89 NORTH,(928) 445-4860,Acute Care - Veterans Administration,Veterans Health Administration,222,42
03033F,VA NORTHERN ARIZONA HEALTHCARE SYSTEM,500 HIGHWAY 89 NORTH,(928) 445-4860,Acute Care - Veterans Administration,Veterans Health Administration,229,35
03033F,VA NORTHERN ARIZONA HEALTHCARE SYSTEM,500 HIGHWAY 89 NORTH,(928) 445-4860,Acute Care - Veterans Administration,Veterans Health Administration,247,17
03033F,VA NORTHERN ARIZONA HEALTHCARE SYSTEM,500 HIGHWAY 89 NORTH,(928) 445-4860,Acute Care - Veterans Administration,Veterans Health Administration,236,28
03033F,VA NORTHERN ARIZONA HEALTHCARE SYSTEM,500 HIGHWAY 89 NORTH,(928) 445-4860,Acute Care - Veterans Administration,Veterans Health Administration,190,74
03033F,VA NORTHERN ARIZONA HEALTHCARE SYSTEM,500 HIGHWAY 89 NORTH,(928) 445-4860,Acute Care - Veterans Administration,Veterans Health Administration,218,46
03033F,VA NORTHERN ARIZONA HEALTHCARE SYSTEM,500 HIGHWAY 89 NORTH,(928) 445-4860,Acute Care - Veterans Administration,Veterans Health Administration,238,26
03033F,VA NORTHERN ARIZONA HEALTHCARE SYSTEM,500 HIGHWAY 89 NORTH,(928) 445-4860,Acute Care - Veterans Administration,Veterans Health Administration,206,58
03033F,VA NORTHERN ARIZONA HEALTHCARE SYSTEM,500 HIGHWAY 89 NORTH,(928) 445-4860,Acute Care - Veterans Administration,Veterans Health Administration,221,43
03033F,VA NORTHERN ARIZONA HEALTHCARE SYSTEM,500 HIGHWAY 89 NORTH,(928) 445-4860,Acute Care - Veterans Administration,Veterans Health Administration,174,90
03033F,VA NORTHERN ARIZONA HEALTHCARE SYSTEM,500 HIGHWAY 89 NORTH,(928) 445-4860,Acute Care - Veterans Administration,Veterans Health Administration,233,31
03033F,VA NORTHERN ARIZONA HEALTHCARE SYSTEM,500 HIGHWAY 89 NORTH,(928) 445-4860,Acute Care - Veterans Administration,Veterans Health Administration,228,36
03033F,VA NORTHERN ARIZONA HEALTHCARE SYSTEM,500 HIGHWAY 89 NORTH,(928) 445-4860,Acute Care - Veterans Administration,Veterans Health Administration,240,24
03033F,VA NORTHERN ARIZONA HEALTHCARE SYSTEM,500 HIGHWAY 89 NORTH,(928) 445-4860,Acute Care - Veterans Administration,Veterans Health Administration,224,40
03033F,VA NORTHERN ARIZONA HEALTHCARE SYSTEM,500 HIGHWAY 89 NORTH,(928) 445-4860,Acute Care - Veterans Administration,Veterans Health Administration,239,25
03033F,VA NORTHERN ARIZONA HEALTHCARE SYSTEM,500 HIGHWAY 89 NORTH,(928) 445-4860,Acute Care - Veterans Administration,Veterans Health Administration,173,91
03033F,VA NORTHERN ARIZONA HEALTHCARE SYSTEM,500 HIGHWAY 89 NORTH,(928) 445-4860,Acute Care - Veterans Administration,Veterans Health Administration,233,31
03033F,VA NORTHERN ARIZONA HEALTHCARE SYSTEM,500 HIGHWAY 89 NORTH,(928) 445-4860,Acute Care - Veterans Administration,Veterans Health Administration,246,18
03033F,VA NORTHERN ARIZONA HEALTHCARE SYSTEM,500 HIGHWAY 89 NORTH,(928) 445-4860,Acute Care - Veterans Administration,Veterans Health Administration,233,31
03033F,VA NORTHERN ARIZONA HEALTHCARE SYSTEM,500 HIGHWAY 89 NORTH,(928) 445-4860,Acute Care - Veterans Administration,Veterans Health Administration,215,49
03033F,VA NORTHERN ARIZONA HEALTHCARE SYSTEM,500 HIGHWAY 89 NORTH,(928) 445-4860,Acute Care - Veterans Administration,Veterans Health Administration,244,20
03033F,VA NORTHERN ARIZONA HEALTHCARE SYSTEM,500 HIGHWAY 89 NORTH,(928) 445-4860,Acute Care - Veterans Administration,Veterans Health Administration,167,97
03033F,VA NORTHERN ARIZONA HEALTHCARE SYSTEM,500 HIGHWAY 89 NORTH,(928) 445-4860,Acute Care - Veterans Administration,Veterans Health Administration,159,105
03033F,VA NORTHERN ARIZONA HEALTHCARE SYSTEM,500 HIGHWAY 89 NORTH,(928) 445-4860,Acute Care - Veterans Administration,Veterans Health Administration,247,17
03033F,VA NORTHERN ARIZONA HEALTHCARE SYSTEM,500 HIGHWAY 89 NORTH,(928) 445-4860,Acute Care - Veterans Administration,Veterans Health Administration,221,43
03033F,VA NORTHERN ARIZONA HEALTHCARE SYSTEM,500 HIGHWAY 89 NORTH,(928) 445-4860,Acute Care - Veterans Administration,Veterans Health Administration,168,96
03033F,VA NORTHERN ARIZONA HEALTHCARE SYSTEM,500 HIGHWAY 89 NORTH,(928) 445-4860,Acute Care - Veterans Administration,Veterans Health Administration,189,75
03033F,VA NORTHERN ARIZONA HEALTHCARE SYSTEM,500 HIGHWAY 89 NORTH,(928) 445-4860,Acute Care - Veterans Administration,Veterans Health Administration,227,37
03033F,VA NORTHERN ARIZONA HEALTHCARE SYSTEM,500 HIGHWAY 89 NORTH,(928) 445-4860,Acute Care - Veterans Administration,Veterans Health Administration,227,37
03033F,VA NORTHERN ARIZONA HEALTHCARE SYSTEM,500 HIGHWAY 89 NORTH,(928) 445-4860,Acute Care - Veterans Administration,Veterans Health Administration,174,90
03033F,VA NORTHERN ARIZONA HEALTHCARE SYSTEM,500 HIGHWAY 89 NORTH,(928) 445-4860,Acute Care - Veterans Administration,Veterans Health Administration,201,63
03033F,VA NORTHERN ARIZONA HEALTHCARE SYSTEM,500 HIGHWAY 89 NORTH,(928) 445-4860,Acute Care - Veterans Administration,Veterans Health Administration,232,32
03033F,VA NORTHERN ARIZONA HEALTHCARE SYSTEM,500 HIGHWAY 89 NORTH,(928) 445-4860,Acute Care - Veterans Administration,Veterans Health Administration,247,17
03033F,VA NORTHERN ARIZONA HEALTHCARE SYSTEM,500 HIGHWAY 89 NORTH,(928) 445-4860,Acute Care - Veterans Administration,Veterans Health Administration,215,49
03033F,VA NORTHERN ARIZONA HEALTHCARE SYSTEM,500 HIGHWAY 89 NORTH,(928) 445-4860,Acute Care - Veterans Administration,Veterans Health Administration,217,47
03033F,VA NORTHERN ARIZONA HEALTHCARE SYSTEM,500 HIGHWAY 89 NORTH,(928) 445-4860,Acute Care - Veterans Administration,Veterans Health Administration,201,63
03033F,VA NORTHERN ARIZONA HEALTHCARE SYSTEM,500 HIGHWAY 89 NORTH,(928) 445-4860,Acute Care - Veterans Administration,Veterans Health Administration,208,56
03033F,VA NORTHERN ARIZONA HEALTHCARE SYSTEM,500 HIGHWAY 89 NORTH,(928) 445-4860,Acute Care - Veterans Administration,Veterans Health Administration,167,97
03033F,VA NORTHERN ARIZONA HEALTHCARE SYSTEM,500 HIGHWAY 89 NORTH,(928) 445-4860,Acute Care - Veterans Administration,Veterans Health Administration,190,74
03033F,VA NORTHERN ARIZONA HEALTHCARE SYSTEM,500 HIGHWAY 89 NORTH,(928) 445-4860,Acute Care - Veterans Administration,Veterans Health Administration,205,59
03033F,VA NORTHERN ARIZONA HEALTHCARE SYSTEM,500 HIGHWAY 89 NORTH,(928) 445-4860,Acute Care - Veterans Administration,Veterans Health Administration,183,81
03033F,VA NORTHERN ARIZONA HEALTHCARE SYSTEM,500 HIGHWAY 89 NORTH,(928) 445-4860,Acute Care - Veterans Administration,Veterans Health Administration,191,73
03033F,VA NORTHERN ARIZONA HEALTHCARE SYSTEM,500 HIGHWAY 89 NORTH,(928) 445-4860,Acute Care - Veterans Administration,Veterans Health Administration,248,16
03033F,VA NORTHERN ARIZONA HEALTHCARE SYSTEM,500 HIGHWAY 89 NORTH,(928) 445-4860,Acute Care - Veterans Administration,Veterans Health Administration,158,106
03033F,VA NORTHERN ARIZONA HEALTHCARE SYSTEM,500 HIGHWAY 89 NORTH,(928) 445-4860,Acute Care - Veterans Administration,Veterans Health Administration,186,78
03033F,VA NORTHERN ARIZONA HEALTHCARE SYSTEM,500 HIGHWAY 89 NORTH,(928) 445-4860,Acute Care - Veterans Administration,Veterans Health Administration,212,52
03033F,VA NORTHERN ARIZONA HEALTHCARE SYSTEM,500 HIGHWAY 89 NORTH,(928) 445-4860,Acute Care - Veterans Administration,Veterans Health Administration,184,80
03033F,VA NORTHERN ARIZONA HEALTHCARE SYSTEM,500 HIGHWAY 89 NORTH,(928) 445-4860,Acute Care - Veterans Administration,Veterans Health Administration,220,44
03033F,VA NORTHERN ARIZONA HEALTHCARE SYSTEM,500 HIGHWAY 89 NORTH,(928) 445-4860,Acute Care - Veterans Administration,Veterans Health Administration,186,78
03033F,VA NORTHERN ARIZONA HEALTHCARE SYSTEM,500 HIGHWAY 89 NORTH,(928) 445-4860,Acute Care - Veterans Administration,Veterans Health Administration,217,47
03033F,VA NORTHERN ARIZONA HEALTHCARE SYSTEM,500 HIGHWAY 89 NORTH,(928) 445-4860,Acute Care - Veterans Administration,Veterans Health Administration,236,28
03033F,VA NORTHERN ARIZONA HEALTHCARE SYSTEM,500 HIGHWAY 89 NORTH,(928) 445-4860,Acute Care - Veterans Administration,Veterans Health Administration,219,45
03033F,VA NORTHERN ARIZONA HEALTHCARE SYSTEM,500 HIGHWAY 89 NORTH,(928) 445-4860,Acute Care - Veterans Administration,Veterans Health Administration,163,101
03033F,VA NORTHERN ARIZONA HEALTHCARE SYSTEM,500 HIGHWAY 89 NORTH,(928) 445-4860,Acute Care - Veterans Administration,Veterans Health Administration,231,33
03033F,VA NORTHERN ARIZONA HEALTHCARE SYSTEM,500 HIGHWAY 89 NORTH,(928) 445-4860,Acute Care - Veterans Administration,Veterans Health Administration,178,86
03033F,VA NORTHERN ARIZONA HEALTHCARE SYSTEM,500 HIGHWAY 89 NORTH,(928) 445-4860,Acute Care - Veterans Administration,Veterans Health Administration,217,47
03033F,VA NORTHERN ARIZONA HEALTHCARE SYSTEM,500 HIGHWAY 89 NORTH,(928) 445-4860,Acute Care - Veterans Administration,Veterans Health Administration,218,46
03033F,VA NORTHERN ARIZONA HEALTHCARE SYSTEM,500 HIGHWAY 89 NORTH,(928) 445-4860,Acute Care - Veterans Administration,Veterans Health Administration,232,32
03033F,VA NORTHERN ARIZONA HEALTHCARE SYSTEM,500 HIGHWAY 89 NORTH,(928) 445-4860,Acute Care - Veterans Administration,Veterans Health Administration,205,59
03033F,VA NORTHERN ARIZONA HEALTHCARE SYSTEM,500 HIGHWAY 89 NORTH,(928) 445-4860,Acute Care - Veterans Administration,Veterans Health Administration,193,71
03033F,VA NORTHERN ARIZONA HEALTHCARE SYSTEM,500 HIGHWAY 89 NORTH,(928) 445-4860,Acute Care - Veterans Administration,Veterans Health Administration,206,58
03033F,VA NORTHERN ARIZONA HEALTHCARE SYSTEM,500 HIGHWAY 89 NORTH,(928) 445-4860,Acute Care - Veterans Administration,Veterans Health Administration,208,56
03033F,VA NORTHERN ARIZONA HEALTHCARE SYSTEM,500 HIGHWAY 89 NORTH,(928) 445-4860,Acute Care - Veterans Administration,Veterans Health Administration,234,30
03033F,VA NORTHERN ARIZONA HEALTHCARE SYSTEM,500 HIGHWAY 89 NORTH,(928) 445-4860,Acute Care - Veterans Administration,Veterans Health Administration,177,87
03033F,VA NORTHERN ARIZONA HEALTHCARE SYSTEM,500 HIGHWAY 89 NORTH,(928) 445-4860,Acute Care - Veterans Administration,Veterans Health Administration,236,28
03033F,VA NORTHERN ARIZONA HEALTHCARE SYSTEM,500 HIGHWAY 89 NORTH,(928) 445-4860,Acute Care - Veterans Administration,Veterans Health Administration,192,72
03033F,VA NORTHERN ARIZONA HEALTHCARE SYSTEM,500 HIGHWAY 89 NORTH,(928) 445-4860,Acute Care - Veterans Administration,Veterans Health Administration,227,37
03033F,VA NORTHERN ARIZONA HEALTHCARE SYSTEM,500 HIGHWAY 89 NORTH,(928) 445-4860,Acute Care - Veterans Administration,Veterans Health Administration,189,75
03033F,VA NORTHERN ARIZONA HEALTHCARE SYSTEM,500 HIGHWAY 89 NORTH,(928) 445-4860,Acute Care - Veterans Administration,Veterans Health Administration,223,41
03033F,VA NORTHERN ARIZONA HEALTHCARE SYSTEM,500 HIGHWAY 89 NORTH,(928) 445-4860,Acute Care - Veterans Administration,Veterans Health Administration,232,32
03033F,VA NORTHERN ARIZONA HEALTHCARE SYSTEM,500 HIGHWAY 89 NORTH,(928) 445-4860,Acute Care - Veterans Administration,Veterans Health Administration,209,55
03033F,VA NORTHERN ARIZONA HEALTHCARE SYSTEM,500 HIGHWAY 89 NORTH,(928) 445-4860,Acute Care - Veterans Administration,Veterans Health Administration,215,49
03033F,VA NORTHERN ARIZONA HEALTHCARE SYSTEM,500 HIGHWAY 89 NORTH,(928) 445-4860,Acute Care - Veterans Administration,Veterans Health Administration,223,41
03033F,VA NORTHERN ARIZONA HEALTHCARE SYSTEM,500 HIGHWAY 89 NORTH,(928) 445-4860,Acute Care - Veterans Administration,Veterans Health Administration,222,42
03033F,VA NORTHERN ARIZONA HEALTHCARE SYSTEM,500 HIGHWAY 89 NORTH,(928) 445-4860,Acute Care - Veterans Administration,Veterans Health Administration,225,39
03033F,VA NORTHERN ARIZONA HEALTHCARE SYSTEM,500 HIGHWAY 89 NORTH,(928) 445-4860,Acute Care - Veterans Administration,Veterans Health Administration,236,28
03033F,VA NORTHERN ARIZONA HEALTHCARE SYSTEM,500 HIGHWAY 89 NORTH,(928) 445-4860,Acute Care - Veterans Administration,Veterans Health Administration,178,86
03033F,VA NORTHERN ARIZONA HEALTHCARE SYSTEM,500 HIGHWAY 89 NORTH,(928) 445-4860,Acute Care - Veterans Administration,Veterans Health Administration,178,86
03033F,VA NORTHERN ARIZONA HEALTHCARE SYSTEM,500 HIGHWAY 89 NORTH,(928) 445-4860,Acute Care - Veterans Administration,Veterans Health Administration,248,16
