Facility ID,Facility Name,Address,Telephone Number,Hospital Type,Hospital Ownership,Active Beds,Inactive Beds
05130F,SAN FRANCISCO VA MEDICAL CENTER,4150 CLEMENT STREET,(415) 221-4810,Acute Care - Veterans Administration,Veterans Health Administration,376,102
05130F,SAN FRANCISCO VA MEDICAL CENTER,4150 CLEMENT STREET,(415) 221-4810,Acute Care - Veterans Administration,Veterans Health Administration,364,114
05130F,SAN FRANCISCO VA MEDICAL CENTER,4150 CLEMENT STREET,(415) 221-4810,Acute Care - Veterans Administration,Veterans Health Administration,315,163
05130F,SAN FRANCISCO VA MEDICAL CENTER,4150 CLEMENT STREET,(415) 221-4810,Acute Care - Veterans Administration,Veterans Health Administration,442,36
05130F,SAN FRANCISCO VA MEDICAL CENTER,4150 CLEMENT STREET,(415) 221-4810,Acute Care - Veterans Administration,Veterans Health Administration,440,38
05130F,SAN FRANCISCO VA MEDICAL CENTER,4150 CLEMENT STREET,(415) 221-4810,Acute Care - Veterans Administration,Veterans Health Administration,372,106
05130F,SAN FRANCISCO VA MEDICAL CENTER,4150 CLEMENT STREET,(415) 221-4810,Acute Care - Veterans Administration,Veterans Health Administration,327,151
05130F,SAN FRANCISCO VA MEDICAL CENTER,4150 CLEMENT STREET,(415) 221-4810,Acute Care - Veterans Administration,Veterans Health Administration,379,99
05130F,SAN FRANCISCO VA MEDICAL CENTER,4150 CLEMENT STREET,(415) 221-4810,Acute Care - Veterans Administration,Veterans Health Administration,427,51
05130F,SAN FRANCISCO VA MEDICAL CENTER,4150 CLEMENT STREET,(415) 221-4810,Acute Care - Veterans Administration,Veterans Health Administration,300,178
05130F,SAN FRANCISCO VA MEDICAL CENTER,4150 CLEMENT STREET,(415) 221-4810,Acute Care - Veterans Administration,Veterans Health Administration,443,35
05130F,SAN FRANCISCO VA MEDICAL CENTER,4150 CLEMENT STREET,(415) 221-4810,Acute Care - Veterans Administration,Veterans Health Administration,442,36
05130F,SAN FRANCISCO VA MEDICAL CENTER,4150 CLEMENT STREET,(415) 221-4810,Acute Care - Veterans Administration,Veterans Health Administration,313,165
05130F,SAN FRANCISCO VA MEDICAL CENTER,4150 CLEMENT STREET,(415) 221-4810,Acute Care - Veterans Administration,Veterans Health Administration,428,50
05130F,SAN FRANCISCO VA MEDICAL CENTER,4150 CLEMENT STREET,(415) 221-4810,Acute Care - Veterans Administration,Veterans Health Administration,332,146
05130F,SAN FRANCISCO VA MEDICAL CENTER,4150 CLEMENT STREET,(415) 221-4810,Acute Care - Veterans Administration,Veterans Health Administration,445,33
05130F,SAN FRANCISCO VA MEDICAL CENTER,4150 CLEMENT STREET,(415) 221-4810,Acute Care - Veterans Administration,Veterans Health Administration,421,57
05130F,SAN FRANCISCO VA MEDICAL CENTER,4150 CLEMENT STREET,(415) 221-4810,Acute Care - Veterans Administration,Veterans Health Administration,390,88
05130F,SAN FRANCISCO VA MEDICAL CENTER,4150 CLEMENT STREET,(415) 221-4810,Acute Care - Veterans Administration,Veterans Health Administration,319,159
05130F,SAN FRANCISCO VA MEDICAL CENTER,4150 CLEMENT STREET,(415) 221-4810,Acute Care - Veterans Administration,Veterans Health Administration,392,86
05130F,SAN FRANCISCO VA MEDICAL CENTER,4150 CLEMENT STREET,(415) 221-4810,Acute Care - Veterans Administration,Veterans Health Administration,312,166
05130F,SAN FRANCISCO VA MEDICAL CENTER,4150 CLEMENT STREET,(415) 221-4810,Acute Care - Veterans Administration,Veterans Health Administration,347,131
05130F,SAN FRANCISCO VA MEDICAL CENTER,4150 CLEMENT STREET,(415) 221-4810,Acute Care - Veterans Administration,Veterans Health Administration,303,175
05130F,SAN FRANCISCO VA MEDICAL CENTER,4150 CLEMENT STREET,(415) 221-4810,Acute Care - Veterans Administration,Veterans Health Administration,333,145
05130F,SAN FRANCISCO VA MEDICAL CENTER,4150 CLEMENT STREET,(415) 221-4810,Acute Care - Veterans Administration,Veterans Health Administration,312,166
05130F,SAN FRANCISCO VA MEDICAL CENTER,4150 CLEMENT STREET,(415) 221-4810,Acute Care - Veterans Administration,Veterans Health Administration,374,104
05130F,SAN FRANCISCO VA MEDICAL CENTER,4150 CLEMENT STREET,(415) 221-4810,Acute Care - Veterans Administration,Veterans Health Administration,399,79
05130F,SAN FRANCISCO VA MEDICAL CENTER,4150 CLEMENT STREET,(415) 221-4810,Acute Care - Veterans Administration,Veterans Health Administration,314,164
05130F,SAN FRANCISCO VA MEDICAL CENTER,4150 CLEMENT STREET,(415) 221-4810,Acute Care - Veterans Administration,Veterans Health Administration,393,85
05130F,SAN FRANCISCO VA MEDICAL CENTER,4150 CLEMENT STREET,(415) 221-4810,Acute Care - Veterans Administration,Veterans Health Administration,391,87
05130F,SAN FRANCISCO VA MEDICAL CENTER,4150 CLEMENT STREET,(415) 221-4810,Acute Care - Veterans Administration,Veterans Health Administration,294,184
05130F,SAN FRANCISCO VA MEDICAL CENTER,4150 CLEMENT STREET,(415) 221-4810,Acute Care - Veterans Administration,Veterans Health Administration,399,79
05130F,SAN FRANCISCO VA MEDICAL CENTER,4150 CLEMENT STREET,(415) 221-4810,Acute Care - Veterans Administration,Veterans Health Administration,339,139
05130F,SAN FRANCISCO VA MEDICAL CENTER,4150 CLEMENT STREET,(415) 221-4810,Acute Care - Veterans Administration,Veterans Health Administration,289,189
05130F,SAN FRANCISCO VA MEDICAL CENTER,4150 CLEMENT STREET,(415) 221-4810,Acute Care - Veterans Administration,Veterans Health Administration,367,111
05130F,SAN FRANCISCO VA MEDICAL CENTER,4150 CLEMENT STREET,(415) 221-4810,Acute Care - Veterans Administration,Veterans Health Administration,347,131
05130F,SAN FRANCISCO VA MEDICAL CENTER,4150 CLEMENT STREET,(415) 221-4810,Acute Care - Veterans Administration,Veterans Health Administration,418,60
05130F,SAN FRANCISCO VA MEDICAL CENTER,4150 CLEMENT STREET,(415) 221-4810,Acute Care - Veterans Administration,Veterans Health Administration,381,97
05130F,SAN FRANCISCO VA MEDICAL CENTER,4150 CLEMENT STREET,(415) 221-4810,Acute Care - Veterans Administration,Veterans Health Administration,319,159
05130F,SAN FRANCISCO VA MEDICAL CENTER,4150 CLEMENT STREET,(415) 221-4810,Acute Care - Veterans Administration,Veterans Health Administration,399,79
05130F,SAN FRANCISCO VA MEDICAL CENTER,4150 CLEMENT STREET,(415) 221-4810,Acute Care - Veterans Administration,Veterans Health Administration,414,64
05130F,SAN FRANCISCO VA MEDICAL CENTER,4150 CLEMENT STREET,(415) 221-4810,Acute Care - Veterans Administration,Veterans Health Administration,397,81
05130F,SAN FRANCISCO VA MEDICAL CENTER,4150 CLEMENT STREET,(415) 221-4810,Acute Care - Veterans Administration,Veterans Health Administration,338,140
05130F,SAN FRANCISCO VA MEDICAL CENTER,4150 CLEMENT STREET,(415) 221-4810,Acute Care - Veterans Administration,Veterans Health Administration,318,160
05130F,SAN FRANCISCO VA MEDICAL CENTER,4150 CLEMENT STREET,(415) 221-4810,Acute Care - Veterans Administration,Veterans Health Administration,393,85
05130F,SAN FRANCISCO VA MEDICAL CENTER,4150 CLEMENT STREET,(415) 221-4810,Acute Care - Veterans Administration,Veterans Health Administration,396,82
05130F,SAN FRANCISCO VA MEDICAL CENTER,4150 CLEMENT STREET,(415) 221-4810,Acute Care - Veterans Administration,Veterans Health Administration,319,159
05130F,SAN FRANCISCO VA MEDICAL CENTER,4150 CLEMENT STREET,(415) 221-4810,Acute Care - Veterans Administration,Veterans Health Administration,402,76
05130F,SAN FRANCISCO VA MEDICAL CENTER,4150 CLEMENT STREET,(415) 221-4810,Acute Care - Veterans Administration,Veterans Health Administration,424,54
05130F,SAN FRANCISCO VA MEDICAL CENTER,4150 CLEMENT STREET,(415) 221-4810,Acute Care - Veterans Administration,Veterans Health Administration,339,139
05130F,SAN FRANCISCO VA MEDICAL CENTER,4150 CLEMENT STREET,(415) 221-4810,Acute Care - Veterans Administration,Veterans Health Administration,444,34
05130F,SAN FRANCISCO VA MEDICAL CENTER,4150 CLEMENT STREET,(415) 221-4810,Acute Care - Veterans Administration,Veterans Health Administration,441,37
05130F,SAN FRANCISCO VA MEDICAL CENTER,4150 CLEMENT STREET,(415) 221-4810,Acute Care - Veterans Administration,Veterans Health Administration,415,63
05130F,SAN FRANCISCO VA MEDICAL CENTER,4150 CLEMENT STREET,(415) 221-4810,Acute Care - Veterans Administration,Veterans Health Administration,360,118
05130F,SAN FRANCISCO VA MEDICAL CENTER,4150 CLEMENT STREET,(415) 221-4810,Acute Care - Veterans Administration,Veterans Health Administration,393,85
05130F,SAN FRANCISCO VA MEDICAL CENTER,4150 CLEMENT STREET,(415) 221-4810,Acute Care - Veterans Administration,Veterans Health Administration,400,78
05130F,SAN FRANCISCO VA MEDICAL CENTER,4150 CLEMENT STREET,(415) 221-4810,Acute Care - Veterans Administration,Veterans Health Administration,296,182
05130F,SAN FRANCISCO VA MEDICAL CENTER,4150 CLEMENT STREET,(415) 221-4810,Acute Care - Veterans Administration,Veterans Health Administration,346,132
05130F,SAN FRANCISCO VA MEDICAL CENTER,4150 CLEMENT STREET,(415) 221-4810,Acute Care - Veterans Administration,Veterans Health Administration,319,159
05130F,SAN FRANCISCO VA MEDICAL CENTER,4150 CLEMENT STREET,(415) 221-4810,Acute Care - Veterans Administration,Veterans Health Administration,366,112
05130F,SAN FRANCISCO VA MEDICAL CENTER,4150 CLEMENT STREET,(415) 221-4810,Acute Care - Veterans Administration,Veterans Health Administration,420,58
05130F,SAN FRANCISCO VA MEDICAL CENTER,4150 CLEMENT STREET,(415) 221-4810,Acute Care - Veterans Administration,Veterans Health Administration,315,163
05130F,SAN FRANCISCO VA MEDICAL CENTER,4150 CLEMENT STREET,(415) 221-4810,Acute Care - Veterans Administration,Veterans Health Administration,300,178
05130F,SAN FRANCISCO VA MEDICAL CENTER,4150 CLEMENT STREET,(415) 221-4810,Acute Care - Veterans Administration,Veterans Health Administration,453,25
05130F,SAN FRANCISCO VA MEDICAL CENTER,4150 CLEMENT STREET,(415) 221-4810,Acute Care - Veterans Administration,Veterans Health Administration,432,46
05130F,SAN FRANCISCO VA MEDICAL CENTER,4150 CLEMENT STREET,(415) 221-4810,Acute Care - Veterans Administration,Veterans Health Administration,374,104
05130F,SAN FRANCISCO VA MEDICAL CENTER,4150 CLEMENT STREET,(415) 221-4810,Acute Care - Veterans Administration,Veterans Health Administration,381,97
05130F,SAN FRANCISCO VA MEDICAL CENTER,4150 CLEMENT STREET,(415) 221-4810,Acute Care - Veterans Administration,Veterans Health Administration,402,76
05130F,SAN FRANCISCO VA MEDICAL CENTER,4150 CLEMENT STREET,(415) 221-4810,Acute Care - Veterans Administration,Veterans Health Administration,335,143
05130F,SAN FRANCISCO VA MEDICAL CENTER,4150 CLEMENT STREET,(415) 221-4810,Acute Care - Veterans Administration,Veterans Health Administration,393,85
05130F,SAN FRANCISCO VA MEDICAL CENTER,4150 CLEMENT STREET,(415) 221-4810,Acute Care - Veterans Administration,Veterans Health Administration,422,56
05130F,SAN FRANCISCO VA MEDICAL CENTER,4150 CLEMENT STREET,(415) 221-4810,Acute Care - Veterans Administration,Veterans Health Administration,368,110
05130F,SAN FRANCISCO VA MEDICAL CENTER,4150 CLEMENT STREET,(415) 221-4810,Acute Care - Veterans Administration,Veterans Health Administration,379,99
05130F,SAN FRANCISCO VA MEDICAL CENTER,4150 CLEMENT STREET,(415) 221-4810,Acute Care - Veterans Administration,Veterans Health Administration,341,137
05130F,SAN FRANCISCO VA MEDICAL CENTER,4150 CLEMENT STREET,(415) 221-4810,Acute Care - Veterans Administration,Veterans Health Administration,443,35
05130F,SAN FRANCISCO VA MEDICAL CENTER,4150 CLEMENT STREET,(415) 221-4810,Acute Care - Veterans Administration,Veterans Health Administration,346,132
05130F,SAN FRANCISCO VA MEDICAL CENTER,4150 CLEMENT STREET,(415) 221-4810,Acute Care - Veterans Administration,Veterans Health Administration,385,93
05130F,SAN FRANCISCO VA MEDICAL CENTER,4150 CLEMENT STREET,(415) 221-4810,Acute Care - Veterans Administration,Veterans Health Administration,363,115
05130F,SAN FRANCISCO VA MEDICAL CENTER,4150 CLEMENT STREET,(415) 221-4810,Acute Care - Veterans Administration,Veterans Health Administration,292,186
05130F,SAN FRANCISCO VA MEDICAL CENTER,4150 CLEMENT STREET,(415) 221-4810,Acute Care - Veterans Administration,Veterans Health Administration,293,185
05130F,SAN FRANCISCO VA MEDICAL CENTER,4150 CLEMENT STREET,(415) 221-4810,Acute Care - Veterans Administration,Veterans Health Administration,449,29
05130F,SAN FRANCISCO VA MEDICAL CENTER,4150 CLEMENT STREET,(415) 221-4810,Acute Care - Veterans Administration,Veterans Health Administration,401,77
05130F,SAN FRANCISCO VA MEDICAL CENTER,4150 CLEMENT STREET,(415) 221-4810,Acute Care - Veterans Administration,Veterans Health Administration,424,54
05130F,SAN FRANCISCO VA MEDICAL CENTER,4150 CLEMENT STREET,(415) 221-4810,Acute Care - Veterans Administration,Veterans Health Administration,419,59
05130F,SAN FRANCISCO VA MEDICAL CENTER,4150 CLEMENT STREET,(415) 221-4810,Acute Care - Veterans Administration,Veterans Health Administration,291,187
05130F,SAN FRANCISCO VA MEDICAL CENTER,4150 CLEMENT STREET,(415) 221-4810,Acute Care - Veterans Administration,Veterans Health Administration,326,152
05130F,SAN FRANCISCO VA MEDICAL CENTER,4150 CLEMENT STREET,(415) 221-4810,Acute Care - Veterans Administration,Veterans Health Administration,406,72
05130F,SAN FRANCISCO VA MEDICAL CENTER,4150 CLEMENT STREET,(415) 221-4810,Acute Care - Veterans Administration,Veterans Health Administration,423,55
05130F,SAN FRANCISCO VA MEDICAL CENTER,4150 CLEMENT STREET,(415) 221-4810,Acute Care - Veterans Administration,Veterans Health Administration,417,61
05130F,SAN FRANCISCO VA MEDICAL CENTER,4150 CLEMENT STREET,(415) 221-4810,Acute Care - Veterans Administration,Veterans Health Administration,348,130
05130F,SAN FRANCISCO VA MEDICAL CENTER,4150 CLEMENT STREET,(415) 221-4810,Acute Care - Veterans Administration,Veterans Health Administration,407,71
05130F,SAN FRANCISCO VA MEDICAL CENTER,4150 CLEMENT STREET,(415) 221-4810,Acute Care - Veterans Administration,Veterans Health Administration,361,117
05130F,SAN FRANCISCO VA MEDICAL CENTER,4150 CLEMENT STREET,(415) 221-4810,Acute Care - Veterans Administration,Veterans Health Administration,440,38
05130F,SAN FRANCISCO VA MEDICAL CENTER,4150 CLEMENT STREET,(415) 221-4810,Acute Care - Veterans Administration,Veterans Health Administration,389,89
05130F,SAN FRANCISCO VA MEDICAL CENTER,4150 CLEMENT STREET,(415) 221-4810,Acute Care - Veterans Administration,Veterans Health Administration,341,137
05130F,SAN FRANCISCO VA MEDICAL CENTER,4150 CLEMENT STREET,(415) 221-4810,Acute Care - Veterans Administration,Veterans Health Administration,304,174
05130F,SAN FRANCISCO VA MEDICAL CENTER,4150 CLEMENT STREET,(415) 221-4810,Acute Care - Veterans Administration,Veterans Health Administration,392,86
05130F,SAN FRANCISCO VA MEDICAL CENTER,4150 CLEMENT STREET,(415) 221-4810,Acute Care - Veterans Administration,Veterans Health Administration,401,77
05130F,SAN FRANCISCO VA MEDICAL CENTER,4150 CLEMENT STREET,(415) 221-4810,Acute Care - Veterans Administration,Veterans Health Administration,439,39
05130F,SAN FRANCISCO VA MEDICAL CENTER,4150 CLEMENT STREET,(415) 221-4810,Acute Care - Veterans Administration,Veterans Health Administration,346,132
05130F,SAN FRANCISCO VA MEDICAL CENTER,4150 CLEMENT STREET,(415) 221-4810,Acute Care - Veterans Administration,Veterans Health Administration,400,78
05130F,SAN FRANCISCO VA MEDICAL CENTER,4150 CLEMENT STREET,(415) 221-4810,Acute Care - Veterans Administration,Veterans Health Administration,289,189
05130F,SAN FRANCISCO VA MEDICAL CENTER,4150 CLEMENT STREET,(415) 221-4810,Acute Care - Veterans Administration,Veterans Health Administration,303,175
05130F,SAN FRANCISCO VA MEDICAL CENTER,4150 CLEMENT STREET,(415) 221-4810,Acute Care - Veterans Administration,Veterans Health Administration,309,169
05130F,SAN FRANCISCO VA MEDICAL CENTER,4150 CLEMENT STREET,(415) 221-4810,Acute Care - Veterans Administration,Veterans Health Administration,351,127
05130F,SAN FRANCISCO VA MEDICAL CENTER,4150 CLEMENT STREET,(415) 221-4810,Acute Care - Veterans Administration,Veterans Health Administration,429,49
05130F,SAN FRANCISCO VA MEDICAL CENTER,4150 CLEMENT STREET,(415) 221-4810,Acute Care - Veterans Administration,Veterans Health Administration,318,160
05130F,SAN FRANCISCO VA MEDICAL CENTER,4150 CLEMENT STREET,(415) 221-4810,Acute Care - Veterans Administration,Veterans Health Administration,343,135
05130F,SAN FRANCISCO VA MEDICAL CENTER,4150 CLEMENT STREET,(415) 221-4810,Acute Care - Veterans Administration,Veterans Health Administration,426,52
05130F,SAN FRANCISCO VA MEDICAL CENTER,4150 CLEMENT STREET,(415) 221-4810,Acute Care - Veterans Administration,Veterans Health Administration,413,65
05130F,SAN FRANCISCO VA MEDICAL CENTER,4150 CLEMENT STREET,(415) 221-4810,Acute Care - Veterans Administration,Veterans Health Administration,421,57
05130F,SAN FRANCISCO VA MEDICAL CENTER,4150 CLEMENT STREET,(415) 221-4810,Acute Care - Veterans Administration,Veterans Health Administration,442,36
05130F,SAN FRANCISCO VA MEDICAL CENTER,4150 CLEMENT STREET,(415) 221-4810,Acute Care - Veterans Administration,Veterans Health Administration,378,100
05130F,SAN FRANCISCO VA MEDICAL CENTER,4150 CLEMENT STREET,(415) 221-4810,Acute Care - Veterans Administration,Veterans Health Administration,346,132
05130F,SAN FRANCISCO VA MEDICAL CENTER,4150 CLEMENT STREET,(415) 221-4810,Acute Care - Veterans Administration,Veterans Health Administration,363,115
05130F,SAN FRANCISCO VA MEDICAL CENTER,4150 CLEMENT STREET,(415) 221-4810,Acute Care - Veterans Administration,Veterans Health Administration,446,32
05130F,SAN FRANCISCO VA MEDICAL CENTER,4150 CLEMENT STREET,(415) 221-4810,Acute Care - Veterans Administration,Veterans Health Administration,337,141
05130F,SAN FRANCISCO VA MEDICAL CENTER,4150 CLEMENT STREET,(415) 221-4810,Acute Care - Veterans Administration,Veterans Health Administration,410,68
05130F,SAN FRANCISCO VA MEDICAL CENTER,4150 CLEMENT STREET,(415) 221-4810,Acute Care - Veterans Administration,Veterans Health Administration,373,105
05130F,SAN FRANCISCO VA MEDICAL CENTER,4150 CLEMENT STREET,(415) 221-4810,Acute Care - Veterans Administration,Veterans Health Administration,316,162
05130F,SAN FRANCISCO VA MEDICAL CENTER,4150 CLEMENT STREET,(415) 221-4810,Acute Care - Veterans Administration,Veterans Health Administration,419,59
05130F,SAN FRANCISCO VA MEDICAL CENTER,4150 CLEMENT STREET,(415) 221-4810,Acute Care - Veterans Administration,Veterans Health Administration,406,72
05130F,SAN FRANCISCO VA MEDICAL CENTER,4150 CLEMENT STREET,(415) 221-4810,Acute Care - Veterans Administration,Veterans Health Administration,430,48
05130F,SAN FRANCISCO VA MEDICAL CENTER,4150 CLEMENT STREET,(415) 221-4810,Acute Care - Veterans Administration,Veterans Health Administration,420,58
05130F,SAN FRANCISCO VA MEDICAL CENTER,4150 CLEMENT STREET,(415) 221-4810,Acute Care - Veterans Administration,Veterans Health Administration,426,52
05130F,SAN FRANCISCO VA MEDICAL CENTER,4150 CLEMENT STREET,(415) 221-4810,Acute Care - Veterans Administration,Veterans Health Administration,341,137
05130F,SAN FRANCISCO VA MEDICAL CENTER,4150 CLEMENT STREET,(415) 221-4810,Acute Care - Veterans Administration,Veterans Health Administration,323,155
05130F,SAN FRANCISCO VA MEDICAL CENTER,4150 CLEMENT STREET,(415) 221-4810,Acute Care - Veterans Administration,Veterans Health Administration,301,177
05130F,SAN FRANCISCO VA MEDICAL CENTER,4150 CLEMENT STREET,(415) 221-4810,Acute Care - Veterans Administration,Veterans Health Administration,367,111
05130F,SAN FRANCISCO VA MEDICAL CENTER,4150 CLEMENT STREET,(415) 221-4810,Acute Care - Veterans Administration,Veterans Health Administration,347,131
05130F,SAN FRANCISCO VA MEDICAL CENTER,4150 CLEMENT STREET,(415) 221-4810,Acute Care - Veterans Administration,Veterans Health Administration,389,89
05130F,SAN FRANCISCO VA MEDICAL CENTER,4150 CLEMENT STREET,(415) 221-4810,Acute Care - Veterans Administration,Veterans Health Administration,291,187
05130F,SAN FRANCISCO VA MEDICAL CENTER,4150 CLEMENT STREET,(415) 221-4810,Acute Care - Veterans Administration,Veterans Health Administration,346,132
05130F,SAN FRANCISCO VA MEDICAL CENTER,4150 CLEMENT STREET,(415) 221-4810,Acute Care - Veterans Administration,Veterans Health Administration,344,134
05130F,SAN FRANCISCO VA MEDICAL CENTER,4150 CLEMENT STREET,(415) 221-4810,Acute Care - Veterans Administration,Veterans Health Administration,433,45
05130F,SAN FRANCISCO VA MEDICAL CENTER,4150 CLEMENT STREET,(415) 221-4810,Acute Care - Veterans Administration,Veterans Health Administration,350,128
05130F,SAN FRANCISCO VA MEDICAL CENTER,4150 CLEMENT STREET,(415) 221-4810,Acute Care - Veterans Administration,Veterans Health Administration,290,188
05130F,SAN FRANCISCO VA MEDICAL CENTER,4150 CLEMENT STREET,(415) 221-4810,Acute Care - Veterans Administration,Veterans Health Administration,327,151
05130F,SAN FRANCISCO VA MEDICAL CENTER,4150 CLEMENT STREET,(415) 221-4810,Acute Care - Veterans Administration,Veterans Health Administration,315,163
05130F,SAN FRANCISCO VA MEDICAL CENTER,4150 CLEMENT STREET,(415) 221-4810,Acute Care - Veterans Administration,Veterans Health Administration,403,75
05130F,SAN FRANCISCO VA MEDICAL CENTER,4150 CLEMENT STREET,(415) 221-4810,Acute Care - Veterans Administration,Veterans Health Administration,358,120
05130F,SAN FRANCISCO VA MEDICAL CENTER,4150 CLEMENT STREET,(415) 221-4810,Acute Care - Veterans Administration,Veterans Health Administration,309,169
05130F,SAN FRANCISCO VA MEDICAL CENTER,4150 CLEMENT STREET,(415) 221-4810,Acute Care - Veterans Administration,Veterans Health Administration,329,149
05130F,SAN FRANCISCO VA MEDICAL CENTER,4150 CLEMENT STREET,(415) 221-4810,Acute Care - Veterans Administration,Veterans Health Administration,292,186
05130F,SAN FRANCISCO VA MEDICAL CENTER,4150 CLEMENT STREET,(415) 221-4810,Acute Care - Veterans Administration,Veterans Health Administration,327,151
05130F,SAN FRANCISCO VA MEDICAL CENTER,4150 CLEMENT STREET,(415) 221-4810,Acute Care - Veterans Administration,Veterans Health Administration,287,191
05130F,SAN FRANCISCO VA MEDICAL CENTER,4150 CLEMENT STREET,(415) 221-4810,Acute Care - Veterans Administration,Veterans Health Administration,378,100
05130F,SAN FRANCISCO VA MEDICAL CENTER,4150 CLEMENT STREET,(415) 221-4810,Acute Care - Veterans Administration,Veterans Health Administration,438,40
05130F,SAN FRANCISCO VA MEDICAL CENTER,4150 CLEMENT STREET,(415) 221-4810,Acute Care - Veterans Administration,Veterans Health Administration,287,191
05130F,SAN FRANCISCO VA MEDICAL CENTER,4150 CLEMENT STREET,(415) 221-4810,Acute Care - Veterans Administration,Veterans Health Administration,408,70
05130F,SAN FRANCISCO VA MEDICAL CENTER,4150 CLEMENT STREET,(415) 221-4810,Acute Care - Veterans Administration,Veterans Health Administration,366,112
05130F,SAN FRANCISCO VA MEDICAL CENTER,4150 CLEMENT STREET,(415) 221-4810,Acute Care - Veterans Administration,Veterans Health Administration,390,88
05130F,SAN FRANCISCO VA MEDICAL CENTER,4150 CLEMENT STREET,(415) 221-4810,Acute Care - Veterans Administration,Veterans Health Administration,412,66
05130F,SAN FRANCISCO VA MEDICAL CENTER,4150 CLEMENT STREET,(415) 221-4810,Acute Care - Veterans Administration,Veterans Health Administration,344,134
05130F,SAN FRANCISCO VA MEDICAL CENTER,4150 CLEMENT STREET,(415) 221-4810,Acute Care - Veterans Administration,Veterans Health Administration,352,126
05130F,SAN FRANCISCO VA MEDICAL CENTER,4150 CLEMENT STREET,(415) 221-4810,Acute Care - Veterans Administration,Veterans Health Administration,380,98
05130F,SAN FRANCISCO VA MEDICAL CENTER,4150 CLEMENT STREET,(415) 221-4810,Acute Care - Veterans Administration,Veterans Health Administration,332,146
05130F,SAN FRANCISCO VA MEDICAL CENTER,4150 CLEMENT STREET,(415) 221-4810,Acute Care - Veterans Administration,Veterans Health Administration,330,148
05130F,SAN FRANCISCO VA MEDICAL CENTER,4150 CLEMENT STREET,(415) 221-4810,Acute Care - Veterans Administration,Veterans Health Administration,351,127
05130F,SAN FRANCISCO VA MEDICAL CENTER,4150 CLEMENT STREET,(415) 221-4810,Acute Care - Veterans Administration,Veterans Health Administration,309,169
05130F,SAN FRANCISCO VA MEDICAL CENTER,4150 CLEMENT STREET,(415) 221-4810,Acute Care - Veterans Administration,Veterans Health Administration,351,127
05130F,SAN FRANCISCO VA MEDICAL CENTER,4150 CLEMENT STREET,(415) 221-4810,Acute Care - Veterans Administration,Veterans Health Administration,415,63
05130F,SAN FRANCISCO VA MEDICAL CENTER,4150 CLEMENT STREET,(415) 221-4810,Acute Care - Veterans Administration,Veterans Health Administration,297,181
05130F,SAN FRANCISCO VA MEDICAL CENTER,4150 CLEMENT STREET,(415) 221-4810,Acute Care - Veterans Administration,Veterans Health Administration,434,44
05130F,SAN FRANCISCO VA MEDICAL CENTER,4150 CLEMENT STREET,(415) 221-4810,Acute Care - Veterans Administration,Veterans Health Administration,381,97
05130F,SAN FRANCISCO VA MEDICAL CENTER,4150 CLEMENT STREET,(415) 221-4810,Acute Care - Veterans Administration,Veterans Health Administration,406,72
05130F,SAN FRANCISCO VA MEDICAL CENTER,4150 CLEMENT STREET,(415) 221-4810,Acute Care - Veterans Administration,Veterans Health Administration,363,115
05130F,SAN FRANCISCO VA MEDICAL CENTER,4150 CLEMENT STREET,(415) 221-4810,Acute Care - Veterans Administration,Veterans Health Administration,431,47
05130F,SAN FRANCISCO VA MEDICAL CENTER,4150 CLEMENT STREET,(415) 221-4810,Acute Care - Veterans Administration,Veterans Health Administration,384,94
05130F,SAN FRANCISCO VA MEDICAL CENTER,4150 CLEMENT STREET,(415) 221-4810,Acute Care - Veterans Administration,Veterans Health Administration,410,68
05130F,SAN FRANCISCO VA MEDICAL CENTER,4150 CLEMENT STREET,(415) 221-4810,Acute Care - Veterans Administration,Veterans Health Administration,424,54
05130F,SAN FRANCISCO VA MEDICAL CENTER,4150 CLEMENT STREET,(415) 221-4810,Acute Care - Veterans Administration,Veterans Health Administration,354,124
05130F,SAN FRANCISCO VA MEDICAL CENTER,4150 CLEMENT STREET,(415) 221-4810,Acute Care - Veterans Administration,Veterans Health Administration,431,47
05130F,SAN FRANCISCO VA MEDICAL CENTER,4150 CLEMENT STREET,(415) 221-4810,Acute Care - Veterans Administration,Veterans Health Administration,376,102
05130F,SAN FRANCISCO VA MEDICAL CENTER,4150 CLEMENT STREET,(415) 221-4810,Acute Care - Veterans Administration,Veterans Health Administration,334,144
05130F,SAN FRANCISCO VA MEDICAL CENTER,4150 CLEMENT STREET,(415) 221-4810,Acute Care - Veterans Administration,Veterans Health Administration,346,132
05130F,SAN FRANCISCO VA MEDICAL CENTER,4150 CLEMENT STREET,(415) 221-4810,Acute Care - Veterans Administration,Veterans Health Administration,426,52
05130F,SAN FRANCISCO VA MEDICAL CENTER,4150 CLEMENT STREET,(415) 221-4810,Acute Care - Veterans Administration,Veterans Health Administration,351,127
05130F,SAN FRANCISCO VA MEDICAL CENTER,4150 CLEMENT STREET,(415) 221-4810,Acute Care - Veterans Administration,Veterans Health Administration,372,106
05130F,SAN FRANCISCO VA MEDICAL CENTER,4150 CLEMENT STREET,(415) 221-4810,Acute Care - Veterans Administration,Veterans Health Administration,326,152
05130F,SAN FRANCISCO VA MEDICAL CENTER,4150 CLEMENT STREET,(415) 221-4810,Acute Care - Veterans Administration,Veterans Health Administration,411,67
05130F,SAN FRANCISCO VA MEDICAL CENTER,4150 CLEMENT STREET,(415) 221-4810,Acute Care - Veterans Administration,Veterans Health Administration,381,97
05130F,SAN FRANCISCO VA MEDICAL CENTER,4150 CLEMENT STREET,(415) 221-4810,Acute Care - Veterans Administration,Veterans Health Administration,343,135
05130F,SAN FRANCISCO VA MEDICAL CENTER,4150 CLEMENT STREET,(415) 221-4810,Acute Care - Veterans Administration,Veterans Health Administration,438,40
05130F,SAN FRANCISCO VA MEDICAL CENTER,4150 CLEMENT STREET,(415) 221-4810,Acute Care - Veterans Administration,Veterans Health Administration,326,152
05130F,SAN FRANCISCO VA MEDICAL CENTER,4150 CLEMENT STREET,(415) 221-4810,Acute Care - Veterans Administration,Veterans Health Administration,450,28
05130F,SAN FRANCISCO VA MEDICAL CENTER,4150 CLEMENT STREET,(415) 221-4810,Acute Care - Veterans Administration,Veterans Health Administration,418,60
05130F,SAN FRANCISCO VA MEDICAL CENTER,4150 CLEMENT STREET,(415) 221-4810,Acute Care - Veterans Administration,Veterans Health Administration,428,50
05130F,SAN FRANCISCO VA MEDICAL CENTER,4150 CLEMENT STREET,(415) 221-4810,Acute Care - Veterans Administration,Veterans Health Administration,394,84
05130F,SAN FRANCISCO VA MEDICAL CENTER,4150 CLEMENT STREET,(415) 221-4810,Acute Care - Veterans Administration,Veterans Health Administration,450,28
05130F,SAN FRANCISCO VA MEDICAL CENTER,4150 CLEMENT STREET,(415) 221-4810,Acute Care - Veterans Administration,Veterans Health Administration,338,140
05130F,SAN FRANCISCO VA MEDICAL CENTER,4150 CLEMENT STREET,(415) 221-4810,Acute Care - Veterans Administration,Veterans Health Administration,328,150
05130F,SAN FRANCISCO VA MEDICAL CENTER,4150 CLEMENT STREET,(415) 221-4810,Acute Care - Veterans Administration,Veterans Health Administration,430,48
05130F,SAN FRANCISCO VA MEDICAL CENTER,4150 CLEMENT STREET,(415) 221-4810,Acute Care - Veterans Administration,Veterans Health Administration,431,47
05130F,SAN FRANCISCO VA MEDICAL CENTER,4150 CLEMENT STREET,(415) 221-4810,Acute Care - Veterans Administration,Veterans Health Administration,397,81
05130F,SAN FRANCISCO VA MEDICAL CENTER,4150 CLEMENT STREET,(415) 221-4810,Acute Care - Veterans Administration,Veterans Health Administration,367,111
05130F,SAN FRANCISCO VA MEDICAL CENTER,4150 CLEMENT STREET,(415) 221-4810,Acute Care - Veterans Administration,Veterans Health Administration,356,122
05130F,SAN FRANCISCO VA MEDICAL CENTER,4150 CLEMENT STREET,(415) 221-4810,Acute Care - Veterans Administration,Veterans Health Administration,288,190
05130F,SAN FRANCISCO VA MEDICAL CENTER,4150 CLEMENT STREET,(415) 221-4810,Acute Care - Veterans Administration,Veterans Health Administration,407,71
05130F,SAN FRANCISCO VA MEDICAL CENTER,4150 CLEMENT STREET,(415) 221-4810,Acute Care - Veterans Administration,Veterans Health Administration,453,25
05130F,SAN FRANCISCO VA MEDICAL CENTER,4150 CLEMENT STREET,(415) 221-4810,Acute Care - Veterans Administration,Veterans Health Administration,410,68
05130F,SAN FRANCISCO VA MEDICAL CENTER,4150 CLEMENT STREET,(415) 221-4810,Acute Care - Veterans Administration,Veterans Health Administration,330,148
05130F,SAN FRANCISCO VA MEDICAL CENTER,4150 CLEMENT STREET,(415) 221-4810,Acute Care - Veterans Administration,Veterans Health Administration,351,127
05130F,SAN FRANCISCO VA MEDICAL CENTER,4150 CLEMENT STREET,(415) 221-4810,Acute Care - Veterans Administration,Veterans Health Administration,379,99
05130F,SAN FRANCISCO VA MEDICAL CENTER,4150 CLEMENT STREET,(415) 221-4810,Acute Care - Veterans Administration,Veterans Health Administration,382,96
05130F,SAN FRANCISCO VA MEDICAL CENTER,4150 CLEMENT STREET,(415) 221-4810,Acute Care - Veterans Administration,Veterans Health Administration,348,130
05130F,SAN FRANCISCO VA MEDICAL CENTER,4150 CLEMENT STREET,(415) 221-4810,Acute Care - Veterans Administration,Veterans Health Administration,358,120
05130F,SAN FRANCISCO VA MEDICAL CENTER,4150 CLEMENT STREET,(415) 221-4810,Acute Care - Veterans Administration,Veterans Health Administration,399,79
05130F,SAN FRANCISCO VA MEDICAL CENTER,4150 CLEMENT STREET,(415) 221-4810,Acute Care - Veterans Administration,Veterans Health Administration,319,159
05130F,SAN FRANCISCO VA MEDICAL CENTER,4150 CLEMENT STREET,(415) 221-4810,Acute Care - Veterans Administration,Veterans Health Administration,447,31
05130F,SAN FRANCISCO VA MEDICAL CENTER,4150 CLEMENT STREET,(415) 221-4810,Acute Care - Veterans Administration,Veterans Health Administration,325,153
05130F,SAN FRANCISCO VA MEDICAL CENTER,4150 CLEMENT STREET,(415) 221-4810,Acute Care - Veterans Administration,Veterans Health Administration,416,62
05130F,SAN FRANCISCO VA MEDICAL CENTER,4150 CLEMENT STREET,(415) 221-4810,Acute Care - Veterans Administration,Veterans Health Administration,363,115
05130F,SAN FRANCISCO VA MEDICAL CENTER,4150 CLEMENT STREET,(415) 221-4810,Acute Care - Veterans Administration,Veterans Health Administration,340,138
05130F,SAN FRANCISCO VA MEDICAL CENTER,4150 CLEMENT STREET,(415) 221-4810,Acute Care - Veterans Administration,Veterans Health Administration,387,91
05130F,SAN FRANCISCO VA MEDICAL CENTER,4150 CLEMENT STREET,(415) 221-4810,Acute Care - Veterans Administration,Veterans Health Administration,359,119
05130F,SAN FRANCISCO VA MEDICAL CENTER,4150 CLEMENT STREET,(415) 221-4810,Acute Care - Veterans Administration,Veterans Health Administration,381,97
05130F,SAN FRANCISCO VA MEDICAL CENTER,4150 CLEMENT STREET,(415) 221-4810,Acute Care - Veterans Administration,Veterans Health Administration,299,179
05130F,SAN FRANCISCO VA MEDICAL CENTER,4150 CLEMENT STREET,(415) 221-4810,Acute Care - Veterans Administration,Veterans Health Administration,325,153
05130F,SAN FRANCISCO VA MEDICAL CENTER,4150 CLEMENT STREET,(415) 221-4810,Acute Care - Veterans Administration,Veterans Health Administration,437,41
05130F,SAN FRANCISCO VA MEDICAL CENTER,4150 CLEMENT STREET,(415) 221-4810,Acute Care - Veterans Administration,Veterans Health Administration,294,184
05130F,SAN FRANCISCO VA MEDICAL CENTER,4150 CLEMENT STREET,(415) 221-4810,Acute Care - Veterans Administration,Veterans Health Administration,355,123
05130F,SAN FRANCISCO VA MEDICAL CENTER,4150 CLEMENT STREET,(415) 221-4810,Acute Care - Veterans Administration,Veterans Health Administration,387,91
05130F,SAN FRANCISCO VA MEDICAL CENTER,4150 CLEMENT STREET,(415) 221-4810,Acute Care - Veterans Administration,Veterans Health Administration,356,122
05130F,SAN FRANCISCO VA MEDICAL CENTER,4150 CLEMENT STREET,(415) 221-4810,Acute Care - Veterans Administration,Veterans Health Administration,319,159
05130F,SAN FRANCISCO VA MEDICAL CENTER,4150 CLEMENT STREET,(415) 221-4810,Acute Care - Veterans Administration,Veterans Health Administration,350,128
05130F,SAN FRANCISCO VA MEDICAL CENTER,4150 CLEMENT STREET,(415) 221-4810,Acute Care - Veterans Administration,Veterans Health Administration,295,183
05130F,SAN FRANCISCO VA MEDICAL CENTER,4150 CLEMENT STREET,(415) 221-4810,Acute Care - Veterans Administration,Veterans Health Administration,339,139
05130F,SAN FRANCISCO VA MEDICAL CENTER,4150 CLEMENT STREET,(415) 221-4810,Acute Care - Veterans Administration,Veterans Health Administration,351,127
05130F,SAN FRANCISCO VA MEDICAL CENTER,4150 CLEMENT STREET,(415) 221-4810,Acute Care - Veterans Administration,Veterans Health Administration,406,72
05130F,SAN FRANCISCO VA MEDICAL CENTER,4150 CLEMENT STREET,(415) 221-4810,Acute Care - Veterans Administration,Veterans Health Administration,421,57
05130F,SAN FRANCISCO VA MEDICAL CENTER,4150 CLEMENT STREET,(415) 221-4810,Acute Care - Veterans Administration,Veterans Health Administration,390,88
05130F,SAN FRANCISCO VA MEDICAL CENTER,4150 CLEMENT STREET,(415) 221-4810,Acute Care - Veterans Administration,Veterans Health Administration,360,118
05130F,SAN FRANCISCO VA MEDICAL CENTER,4150 CLEMENT STREET,(415) 221-4810,Acute Care - Veterans Administration,Veterans Health Administration,301,177
05130F,SAN FRANCISCO VA MEDICAL CENTER,4150 CLEMENT STREET,(415) 221-4810,Acute Care - Veterans Administration,Veterans Health Administration,335,143
05130F,SAN FRANCISCO VA MEDICAL CENTER,4150 CLEMENT STREET,(415) 221-4810,Acute Care - Veterans Administration,Veterans Health Administration,316,162
05130F,SAN FRANCISCO VA MEDICAL CENTER,4150 CLEMENT STREET,(415) 221-4810,Acute Care - Veterans Administration,Veterans Health Administration,434,44
05130F,SAN FRANCISCO VA MEDICAL CENTER,4150 CLEMENT STREET,(415) 221-4810,Acute Care - Veterans Administration,Veterans Health Administration,449,29
05130F,SAN FRANCISCO VA MEDICAL CENTER,4150 CLEMENT STREET,(415) 221-4810,Acute Care - Veterans Administration,Veterans Health Administration,356,122
05130F,SAN FRANCISCO VA MEDICAL CENTER,4150 CLEMENT STREET,(415) 221-4810,Acute Care - Veterans Administration,Veterans Health Administration,318,160
05130F,SAN FRANCISCO VA MEDICAL CENTER,4150 CLEMENT STREET,(415) 221-4810,Acute Care - Veterans Administration,Veterans Health Administration,302,176
05130F,SAN FRANCISCO VA MEDICAL CENTER,4150 CLEMENT STREET,(415) 221-4810,Acute Care - Veterans Administration,Veterans Health Administration,368,110
05130F,SAN FRANCISCO VA MEDICAL CENTER,4150 CLEMENT STREET,(415) 221-4810,Acute Care - Veterans Administration,Veterans Health Administration,309,169
05130F,SAN FRANCISCO VA MEDICAL CENTER,4150 CLEMENT STREET,(415) 221-4810,Acute Care - Veterans Administration,Veterans Health Administration,291,187
05130F,SAN FRANCISCO VA MEDICAL CENTER,4150 CLEMENT STREET,(415) 221-4810,Acute Care - Veterans Administration,Veterans Health Administration,442,36
05130F,SAN FRANCISCO VA MEDICAL CENTER,4150 CLEMENT STREET,(415) 221-4810,Acute Care - Veterans Administration,Veterans Health Administration,360,118
05130F,SAN FRANCISCO VA MEDICAL CENTER,4150 CLEMENT STREET,(415) 221-4810,Acute Care - Veterans Administration,Veterans Health Administration,403,75
05130F,SAN FRANCISCO VA MEDICAL CENTER,4150 CLEMENT STREET,(415) 221-4810,Acute Care - Veterans Administration,Veterans Health Administration,427,51
05130F,SAN FRANCISCO VA MEDICAL CENTER,4150 CLEMENT STREET,(415) 221-4810,Acute Care - Veterans Administration,Veterans Health Administration,336,142
05130F,SAN FRANCISCO VA MEDICAL CENTER,4150 CLEMENT STREET,(415) 221-4810,Acute Care - Veterans Administration,Veterans Health Administration,360,118
05130F,SAN FRANCISCO VA MEDICAL CENTER,4150 CLEMENT STREET,(415) 221-4810,Acute Care - Veterans Administration,Veterans Health Administration,297,181
05130F,SAN FRANCISCO VA MEDICAL CENTER,4150 CLEMENT STREET,(415) 221-4810,Acute Care - Veterans Administration,Veterans Health Administration,437,41
05130F,SAN FRANCISCO VA MEDICAL CENTER,4150 CLEMENT STREET,(415) 221-4810,Acute Care - Veterans Administration,Veterans Health Administration,308,170
05130F,SAN FRANCISCO VA MEDICAL CENTER,4150 CLEMENT STREET,(415) 221-4810,Acute Care - Veterans Administration,Veterans Health Administration,295,183
05130F,SAN FRANCISCO VA MEDICAL CENTER,4150 CLEMENT STREET,(415) 221-4810,Acute Care - Veterans Administration,Veterans Health Administration,379,99
05130F,SAN FRANCISCO VA MEDICAL CENTER,4150 CLEMENT STREET,(415) 221-4810,Acute Care - Veterans Administration,Veterans Health Administration,405,73
05130F,SAN FRANCISCO VA MEDICAL CENTER,4150 CLEMENT STREET,(415) 221-4810,Acute Care - Veterans Administration,Veterans Health Administration,316,162
05130F,SAN FRANCISCO VA MEDICAL CENTER,4150 CLEMENT STREET,(415) 221-4810,Acute Care - Veterans Administration,Veterans Health Administration,357,121
05130F,SAN FRANCISCO VA MEDICAL CENTER,4150 CLEMENT STREET,(415) 221-4810,Acute Care - Veterans Administration,Veterans Health Administration,402,76
05130F,SAN FRANCISCO VA MEDICAL CENTER,4150 CLEMENT STREET,(415) 221-4810,Acute Care - Veterans Administration,Veterans Health Administration,375,103
05130F,SAN FRANCISCO VA MEDICAL CENTER,4150 CLEMENT STREET,(415) 221-4810,Acute Care - Veterans Administration,Veterans Health Administration,413,65
05130F,SAN FRANCISCO VA MEDICAL CENTER,4150 CLEMENT STREET,(415) 221-4810,Acute Care - Veterans Administration,Veterans Health Administration,340,138
05130F,SAN FRANCISCO VA MEDICAL CENTER,4150 CLEMENT STREET,(415) 221-4810,Acute Care - Veterans Administration,Veterans Health Administration,337,141
05130F,SAN FRANCISCO VA MEDICAL CENTER,4150 CLEMENT STREET,(415) 221-4810,Acute Care - Veterans Administration,Veterans Health Administration,423,55
05130F,SAN FRANCISCO VA MEDICAL CENTER,4150 CLEMENT STREET,(415) 221-4810,Acute Care - Veterans Administration,Veterans Health Administration,369,109
05130F,SAN FRANCISCO VA MEDICAL CENTER,4150 CLEMENT STREET,(415) 221-4810,Acute Care - Veterans Administration,Veterans Health Administration,316,162
05130F,SAN FRANCISCO VA MEDICAL CENTER,4150 CLEMENT STREET,(415) 221-4810,Acute Care - Veterans Administration,Veterans Health Administration,299,179
05130F,SAN FRANCISCO VA MEDICAL CENTER,4150 CLEMENT STREET,(415) 221-4810,Acute Care - Veterans Administration,Veterans Health Administration,437,41
05130F,SAN FRANCISCO VA MEDICAL CENTER,4150 CLEMENT STREET,(415) 221-4810,Acute Care - Veterans Administration,Veterans Health Administration,419,59
05130F,SAN FRANCISCO VA MEDICAL CENTER,4150 CLEMENT STREET,(415) 221-4810,Acute Care - Veterans Administration,Veterans Health Administration,292,186
05130F,SAN FRANCISCO VA MEDICAL CENTER,4150 CLEMENT STREET,(415) 221-4810,Acute Care - Veterans Administration,Veterans Health Administration,432,46
05130F,SAN FRANCISCO VA MEDICAL CENTER,4150 CLEMENT STREET,(415) 221-4810,Acute Care - Veterans Administration,Veterans Health Administration,434,44
05130F,SAN FRANCISCO VA MEDICAL CENTER,4150 CLEMENT STREET,(415) 221-4810,Acute Care - Veterans Administration,Veterans Health Administration,422,56
05130F,SAN FRANCISCO VA MEDICAL CENTER,4150 CLEMENT STREET,(415) 221-4810,Acute Care - Veterans Administration,Veterans Health Administration,407,71
05130F,SAN FRANCISCO VA MEDICAL CENTER,4150 CLEMENT STREET,(415) 221-4810,Acute Care - Veterans Administration,Veterans Health Administration,387,91
05130F,SAN FRANCISCO VA MEDICAL CENTER,4150 CLEMENT STREET,(415) 221-4810,Acute Care - Veterans Administration,Veterans Health Administration,351,127
05130F,SAN FRANCISCO VA MEDICAL CENTER,4150 CLEMENT STREET,(415) 221-4810,Acute Care - Veterans Administration,Veterans Health Administration,368,110
05130F,SAN FRANCISCO VA MEDICAL CENTER,4150 CLEMENT STREET,(415) 221-4810,Acute Care - Veterans Administration,Veterans Health Administration,443,35
05130F,SAN FRANCISCO VA MEDICAL CENTER,4150 CLEMENT STREET,(415) 221-4810,Acute Care - Veterans Administration,Veterans Health Administration,405,73
05130F,SAN FRANCISCO VA MEDICAL CENTER,4150 CLEMENT STREET,(415) 221-4810,Acute Care - Veterans Administration,Veterans Health Administration,428,50
05130F,SAN FRANCISCO VA MEDICAL CENTER,4150 CLEMENT STREET,(415) 221-4810,Acute Care - Veterans Administration,Veterans Health Administration,325,153
05130F,SAN FRANCISCO VA MEDICAL CENTER,4150 CLEMENT STREET,(415) 221-4810,Acute Care - Veterans Administration,Veterans Health Administration,414,64
05130F,SAN FRANCISCO VA MEDICAL CENTER,4150 CLEMENT STREET,(415) 221-4810,Acute Care - Veterans Administration,Veterans Health Administration,376,102
05130F,SAN FRANCISCO VA MEDICAL CENTER,4150 CLEMENT STREET,(415) 221-4810,Acute Care - Veterans Administration,Veterans Health Administration,302,176
05130F,SAN FRANCISCO VA MEDICAL CENTER,4150 CLEMENT STREET,(415) 221-4810,Acute Care - Veterans Administration,Veterans Health Administration,302,176
05130F,SAN FRANCISCO VA MEDICAL CENTER,4150 CLEMENT STREET,(415) 221-4810,Acute Care - Veterans Administration,Veterans Health Administration,305,173
05130F,SAN FRANCISCO VA MEDICAL CENTER,4150 CLEMENT STREET,(415) 221-4810,Acute Care - Veterans Administration,Veterans Health Administration,315,163
05130F,SAN FRANCISCO VA MEDICAL CENTER,4150 CLEMENT STREET,(415) 221-4810,Acute Care - Veterans Administration,Veterans Health Administration,358,120
05130F,SAN FRANCISCO VA MEDICAL CENTER,4150 CLEMENT STREET,(415) 221-4810,Acute Care - Veterans Administration,Veterans Health Administration,415,63
05130F,SAN FRANCISCO VA MEDICAL CENTER,4150 CLEMENT STREET,(415) 221-4810,Acute Care - Veterans Administration,Veterans Health Administration,433,45
05130F,SAN FRANCISCO VA MEDICAL CENTER,4150 CLEMENT STREET,(415) 221-4810,Acute Care - Veterans Administration,Veterans Health Administration,438,40
05130F,SAN FRANCISCO VA MEDICAL CENTER,4150 CLEMENT STREET,(415) 221-4810,Acute Care - Veterans Administration,Veterans Health Administration,301,177
05130F,SAN FRANCISCO VA MEDICAL CENTER,4150 CLEMENT STREET,(415) 221-4810,Acute Care - Veterans Administration,Veterans Health Administration,402,76
05130F,SAN FRANCISCO VA MEDICAL CENTER,4150 CLEMENT STREET,(415) 221-4810,Acute Care - Veterans Administration,Veterans Health Administration,336,142
05130F,SAN FRANCISCO VA MEDICAL CENTER,4150 CLEMENT STREET,(415) 221-4810,Acute Care - Veterans Administration,Veterans Health Administration,372,106
05130F,SAN FRANCISCO VA MEDICAL CENTER,4150 CLEMENT STREET,(415) 221-4810,Acute Care - Veterans Administration,Veterans Health Administration,392,86
05130F,SAN FRANCISCO VA MEDICAL CENTER,4150 CLEMENT STREET,(415) 221-4810,Acute Care - Veterans Administration,Veterans Health Administration,364,114
05130F,SAN FRANCISCO VA MEDICAL CENTER,4150 CLEMENT STREET,(415) 221-4810,Acute Care - Veterans Administration,Veterans Health Administration,334,144
05130F,SAN FRANCISCO VA MEDICAL CENTER,4150 CLEMENT STREET,(415) 221-4810,Acute Care - Veterans Administration,Veterans Health Administration,304,174
05130F,SAN FRANCISCO VA MEDICAL CENTER,4150 CLEMENT STREET,(415) 221-4810,Acute Care - Veterans Administration,Veterans Health Administration,350,128
05130F,SAN FRANCISCO VA MEDICAL CENTER,4150 CLEMENT STREET,(415) 221-4810,Acute Care - Veterans Administration,Veterans Health Administration,440,38
05130F,SAN FRANCISCO VA MEDICAL CENTER,4150 CLEMENT STREET,(415) 221-4810,Acute Care - Veterans Administration,Veterans Health Administration,304,174
05130F,SAN FRANCISCO VA MEDICAL CENTER,4150 CLEMENT STREET,(415) 221-4810,Acute Care - Veterans Administration,Veterans Health Administration,337,141
05130F,SAN FRANCISCO VA MEDICAL CENTER,4150 CLEMENT STREET,(415) 221-4810,Acute Care - Veterans Administration,Veterans Health Administration,387,91
05130F,SAN FRANCISCO VA MEDICAL CENTER,4150 CLEMENT STREET,(415) 221-4810,Acute Care - Veterans Administration,Veterans Health Administration,370,108
05130F,SAN FRANCISCO VA MEDICAL CENTER,4150 CLEMENT STREET,(415) 221-4810,Acute Care - Veterans Administration,Veterans Health Administration,341,137
05130F,SAN FRANCISCO VA MEDICAL CENTER,4150 CLEMENT STREET,(415) 221-4810,Acute Care - Veterans Administration,Veterans Health Administration,442,36
05130F,SAN FRANCISCO VA MEDICAL CENTER,4150 CLEMENT STREET,(415) 221-4810,Acute Care - Veterans Administration,Veterans Health Administration,401,77
05130F,SAN FRANCISCO VA MEDICAL CENTER,4150 CLEMENT STREET,(415) 221-4810,Acute Care - Veterans Administration,Veterans Health Administration,306,172
05130F,SAN FRANCISCO VA MEDICAL CENTER,4150 CLEMENT STREET,(415) 221-4810,Acute Care - Veterans Administration,Veterans Health Administration,321,157
05130F,SAN FRANCISCO VA MEDICAL CENTER,4150 CLEMENT STREET,(415) 221-4810,Acute Care - Veterans Administration,Veterans Health Administration,326,152
05130F,SAN FRANCISCO VA MEDICAL CENTER,4150 CLEMENT STREET,(415) 221-4810,Acute Care - Veterans Administration,Veterans Health Administration,439,39
05130F,SAN FRANCISCO VA MEDICAL CENTER,4150 CLEMENT STREET,(415) 221-4810,Acute Care - Veterans Administration,Veterans Health Administration,434,44
05130F,SAN FRANCISCO VA MEDICAL CENTER,4150 CLEMENT STREET,(415) 221-4810,Acute Care - Veterans Administration,Veterans Health Administration,397,81
05130F,SAN FRANCISCO VA MEDICAL CENTER,4150 CLEMENT STREET,(415) 221-4810,Acute Care - Veterans Administration,Veterans Health Administration,432,46
05130F,SAN FRANCISCO VA MEDICAL CENTER,4150 CLEMENT STREET,(415) 221-4810,Acute Care - Veterans Administration,Veterans Health Administration,438,40
05130F,SAN FRANCISCO VA MEDICAL CENTER,4150 CLEMENT STREET,(415) 221-4810,Acute Care - Veterans Administration,Veterans Health Administration,405,73
05130F,SAN FRANCISCO VA MEDICAL CENTER,4150 CLEMENT STREET,(415) 221-4810,Acute Care - Veterans Administration,Veterans Health Administration,374,104
05130F,SAN FRANCISCO VA MEDICAL CENTER,4150 CLEMENT STREET,(415) 221-4810,Acute Care - Veterans Administration,Veterans Health Administration,376,102
05130F,SAN FRANCISCO VA MEDICAL CENTER,4150 CLEMENT STREET,(415) 221-4810,Acute Care - Veterans Administration,Veterans Health Administration,323,155
05130F,SAN FRANCISCO VA MEDICAL CENTER,4150 CLEMENT STREET,(415) 221-4810,Acute Care - Veterans Administration,Veterans Health Administration,312,166
05130F,SAN FRANCISCO VA MEDICAL CENTER,4150 CLEMENT STREET,(415) 221-4810,Acute Care - Veterans Administration,Veterans Health Administration,388,90
05130F,SAN FRANCISCO VA MEDICAL CENTER,4150 CLEMENT STREET,(415) 221-4810,Acute Care - Veterans Administration,Veterans Health Administration,378,100
05130F,SAN FRANCISCO VA MEDICAL CENTER,4150 CLEMENT STREET,(415) 221-4810,Acute Care - Veterans Administration,Veterans Health Administration,353,125
05130F,SAN FRANCISCO VA MEDICAL CENTER,4150 CLEMENT STREET,(415) 221-4810,Acute Care - Veterans Administration,Veterans Health Administration,316,162
05130F,SAN FRANCISCO VA MEDICAL CENTER,4150 CLEMENT STREET,(415) 221-4810,Acute Care - Veterans Administration,Veterans Health Administration,387,91
05130F,SAN FRANCISCO VA MEDICAL CENTER,4150 CLEMENT STREET,(415) 221-4810,Acute Care - Veterans Administration,Veterans Health Administration,442,36
05130F,SAN FRANCISCO VA MEDICAL CENTER,4150 CLEMENT STREET,(415) 221-4810,Acute Care - Veterans Administration,Veterans Health Administration,372,106
05130F,SAN FRANCISCO VA MEDICAL CENTER,4150 CLEMENT STREET,(415) 221-4810,Acute Care - Veterans Administration,Veterans Health Administration,365,113
05130F,SAN FRANCISCO VA MEDICAL CENTER,4150 CLEMENT STREET,(415) 221-4810,Acute Care - Veterans Administration,Veterans Health Administration,319,159
05130F,SAN FRANCISCO VA MEDICAL CENTER,4150 CLEMENT STREET,(415) 221-4810,Acute Care - Veterans Administration,Veterans Health Administration,366,112
05130F,SAN FRANCISCO VA MEDICAL CENTER,4150 CLEMENT STREET,(415) 221-4810,Acute Care - Veterans Administration,Veterans Health Administration,327,151
05130F,SAN FRANCISCO VA MEDICAL CENTER,4150 CLEMENT STREET,(415) 221-4810,Acute Care - Veterans Administration,Veterans Health Administration,436,42
05130F,SAN FRANCISCO VA MEDICAL CENTER,4150 CLEMENT STREET,(415) 221-4810,Acute Care - Veterans Administration,Veterans Health Administration,381,97
05130F,SAN FRANCISCO VA MEDICAL CENTER,4150 CLEMENT STREET,(415) 221-4810,Acute Care - Veterans Administration,Veterans Health Administration,352,126
05130F,SAN FRANCISCO VA MEDICAL CENTER,4150 CLEMENT STREET,(415) 221-4810,Acute Care - Veterans Administration,Veterans Health Administration,449,29
05130F,SAN FRANCISCO VA MEDICAL CENTER,4150 CLEMENT STREET,(415) 221-4810,Acute Care - Veterans Administration,Veterans Health Administration,449,29
05130F,SAN FRANCISCO VA MEDICAL CENTER,4150 CLEMENT STREET,(415) 221-4810,Acute Care - Veterans Administration,Veterans Health Administration,441,37
05130F,SAN FRANCISCO VA MEDICAL CENTER,4150 CLEMENT STREET,(415) 221-4810,Acute Care - Veterans Administration,Veterans Health Administration,410,68
05130F,SAN FRANCISCO VA MEDICAL CENTER,4150 CLEMENT STREET,(415) 221-4810,Acute Care - Veterans Administration,Veterans Health Administration,315,163
05130F,SAN FRANCISCO VA MEDICAL CENTER,4150 CLEMENT STREET,(415) 221-4810,Acute Care - Veterans Administration,Veterans Health Administration,450,28
05130F,SAN FRANCISCO VA MEDICAL CENTER,4150 CLEMENT STREET,(415) 221-4810,Acute Care - Veterans Administration,Veterans Health Administration,325,153
05130F,SAN FRANCISCO VA MEDICAL CENTER,4150 CLEMENT STREET,(415) 221-4810,Acute Care - Veterans Administration,Veterans Health Administration,295,183
05130F,SAN FRANCISCO VA MEDICAL CENTER,4150 CLEMENT STREET,(415) 221-4810,Acute Care - Veterans Administration,Veterans Health Administration,438,40
05130F,SAN FRANCISCO VA MEDICAL CENTER,4150 CLEMENT STREET,(415) 221-4810,Acute Care - Veterans Administration,Veterans Health Administration,376,102
05130F,SAN FRANCISCO VA MEDICAL CENTER,4150 CLEMENT STREET,(415) 221-4810,Acute Care - Veterans Administration,Veterans Health Administration,329,149
05130F,SAN FRANCISCO VA MEDICAL CENTER,4150 CLEMENT STREET,(415) 221-4810,Acute Care - Veterans Administration,Veterans Health Administration,430,48
05130F,SAN FRANCISCO VA MEDICAL CENTER,4150 CLEMENT STREET,(415) 221-4810,Acute Care - Veterans Administration,Veterans Health Administration,302,176
05130F,SAN FRANCISCO VA MEDICAL CENTER,4150 CLEMENT STREET,(415) 221-4810,Acute Care - Veterans Administration,Veterans Health Administration,413,65
05130F,SAN FRANCISCO VA MEDICAL CENTER,4150 CLEMENT STREET,(415) 221-4810,Acute Care - Veterans Administration,Veterans Health Administration,330,148
05130F,SAN FRANCISCO VA MEDICAL CENTER,4150 CLEMENT STREET,(415) 221-4810,Acute Care - Veterans Administration,Veterans Health Administration,331,147
05130F,SAN FRANCISCO VA MEDICAL CENTER,4150 CLEMENT STREET,(415) 221-4810,Acute Care - Veterans Administration,Veterans Health Administration,408,70
05130F,SAN FRANCISCO VA MEDICAL CENTER,4150 CLEMENT STREET,(415) 221-4810,Acute Care - Veterans Administration,Veterans Health Administration,385,93
05130F,SAN FRANCISCO VA MEDICAL CENTER,4150 CLEMENT STREET,(415) 221-4810,Acute Care - Veterans Administration,Veterans Health Administration,317,161
05130F,SAN FRANCISCO VA MEDICAL CENTER,4150 CLEMENT STREET,(415) 221-4810,Acute Care - Veterans Administration,Veterans Health Administration,450,28
05130F,SAN FRANCISCO VA MEDICAL CENTER,4150 CLEMENT STREET,(415) 221-4810,Acute Care - Veterans Administration,Veterans Health Administration,343,135
05130F,SAN FRANCISCO VA MEDICAL CENTER,4150 CLEMENT STREET,(415) 221-4810,Acute Care - Veterans Administration,Veterans Health Administration,373,105
05130F,SAN FRANCISCO VA MEDICAL CENTER,4150 CLEMENT STREET,(415) 221-4810,Acute Care - Veterans Administration,Veterans Health Administration,299,179
05130F,SAN FRANCISCO VA MEDICAL CENTER,4150 CLEMENT STREET,(415) 221-4810,Acute Care - Veterans Administration,Veterans Health Administration,433,45
05130F,SAN FRANCISCO VA MEDICAL CENTER,4150 CLEMENT STREET,(415) 221-4810,Acute Care - Veterans Administration,Veterans Health Administration,386,92
05130F,SAN FRANCISCO VA MEDICAL CENTER,4150 CLEMENT STREET,(415) 221-4810,Acute Care - Veterans Administration,Veterans Health Administration,437,41
05130F,SAN FRANCISCO VA MEDICAL CENTER,4150 CLEMENT STREET,(415) 221-4810,Acute Care - Veterans Administration,Veterans Health Administration,299,179
05130F,SAN FRANCISCO VA MEDICAL CENTER,4150 CLEMENT STREET,(415) 221-4810,Acute Care - Veterans Administration,Veterans Health Administration,370,108
05130F,SAN FRANCISCO VA MEDICAL CENTER,4150 CLEMENT STREET,(415) 221-4810,Acute Care - Veterans Administration,Veterans Health Administration,439,39
05130F,SAN FRANCISCO VA MEDICAL CENTER,4150 CLEMENT STREET,(415) 221-4810,Acute Care - Veterans Administration,Veterans Health Administration,381,97
