Facility ID,Facility Name,Address,Telephone Number,Hospital Type,Hospital Ownership,Active Beds,Inactive Beds
100080,HCA FLORIDA JFK HOSPITAL,5301 S CONGRESS AVE,(561) 965-7300,Acute Care Hospitals,Proprietary,318,30
100080,HCA FLORIDA JFK HOSPITAL,5301 S CONGRESS AVE,(561) 965-7300,Acute Care Hospitals,Proprietary,234,114
100080,HCA FLORIDA JFK HOSPITAL,5301 S CONGRESS AVE,(561) 965-7300,Acute Care Hospitals,Proprietary,230,118
100080,HCA FLORIDA JFK HOSPITAL,5301 S CONGRESS AVE,(561) 965-7300,Acute Care Hospitals,Proprietary,292,56
100080,HCA FLORIDA JFK HOSPITAL,5301 S CONGRESS AVE,(561) 965-7300,Acute Care Hospitals,Proprietary,232,116
100080,HCA FLORIDA JFK HOSPITAL,5301 S CONGRESS AVE,(561) 965-7300,Acute Care Hospitals,Proprietary,312,36
100080,HCA FLORIDA JFK HOSPITAL,5301 S CONGRESS AVE,(561) 965-7300,Acute Care Hospitals,Proprietary,229,119
100080,HCA FLORIDA JFK HOSPITAL,5301 S CONGRESS AVE,(561) 965-7300,Acute Care Hospitals,Proprietary,323,25
100080,HCA FLORIDA JFK HOSPITAL,5301 S CONGRESS AVE,(561) 965-7300,Acute Care Hospitals,Proprietary,253,95
100080,HCA FLORIDA JFK HOSPITAL,5301 S CONGRESS AVE,(561) 965-7300,Acute Care Hospitals,Proprietary,217,131
100080,HCA FLORIDA JFK HOSPITAL,5301 S CONGRESS AVE,(561) 965-7300,Acute Care Hospitals,Proprietary,232,116
100080,HCA FLORIDA JFK HOSPITAL,5301 S CONGRESS AVE,(561) 965-7300,Acute Care Hospitals,Proprietary,284,64
100080,HCA FLORIDA JFK HOSPITAL,5301 S CONGRESS AVE,(561) 965-7300,Acute Care Hospitals,Proprietary,221,127
100080,HCA FLORIDA JFK HOSPITAL,5301 S CONGRESS AVE,(561) 965-7300,Acute Care Hospitals,Proprietary,304,44
100080,HCA FLORIDA JFK HOSPITAL,5301 S CONGRESS AVE,(561) 965-7300,Acute Care Hospitals,Proprietary,245,103
100080,HCA FLORIDA JFK HOSPITAL,5301 S CONGRESS AVE,(561) 965-7300,Acute Care Hospitals,Proprietary,243,105
100080,HCA FLORIDA JFK HOSPITAL,5301 S CONGRESS AVE,(561) 965-7300,Acute Care Hospitals,Proprietary,223,125
100080,HCA FLORIDA JFK HOSPITAL,5301 S CONGRESS AVE,(561) 965-7300,Acute Care Hospitals,Proprietary,326,22
100080,HCA FLORIDA JFK HOSPITAL,5301 S CONGRESS AVE,(561) 965-7300,Acute Care Hospitals,Proprietary,279,69
100080,HCA FLORIDA JFK HOSPITAL,5301 S CONGRESS AVE,(561) 965-7300,Acute Care Hospitals,Proprietary,295,53
100080,HCA FLORIDA JFK HOSPITAL,5301 S CONGRESS AVE,(561) 965-7300,Acute Care Hospitals,Proprietary,274,74
100080,HCA FLORIDA JFK HOSPITAL,5301 S CONGRESS AVE,(561) 965-7300,Acute Care Hospitals,Proprietary,310,38
100080,HCA FLORIDA JFK HOSPITAL,5301 S CONGRESS AVE,(561) 965-7300,Acute Care Hospitals,Proprietary,316,32
100080,HCA FLORIDA JFK HOSPITAL,5301 S CONGRESS AVE,(561) 965-7300,Acute Care Hospitals,Proprietary,315,33
100080,HCA FLORIDA JFK HOSPITAL,5301 S CONGRESS AVE,(561) 965-7300,Acute Care Hospitals,Proprietary,290,58
100080,HCA FLORIDA JFK HOSPITAL,5301 S CONGRESS AVE,(561) 965-7300,Acute Care Hospitals,Proprietary,293,55
100080,HCA FLORIDA JFK HOSPITAL,5301 S CONGRESS AVE,(561) 965-7300,Acute Care Hospitals,Proprietary,239,109
100080,HCA FLORIDA JFK HOSPITAL,5301 S CONGRESS AVE,(561) 965-7300,Acute Care Hospitals,Proprietary,285,63
100080,HCA FLORIDA JFK HOSPITAL,5301 S CONGRESS AVE,(561) 965-7300,Acute Care Hospitals,Proprietary,231,117
100080,HCA FLORIDA JFK HOSPITAL,5301 S CONGRESS AVE,(561) 965-7300,Acute Care Hospitals,Proprietary,281,67
100080,HCA FLORIDA JFK HOSPITAL,5301 S CONGRESS AVE,(561) 965-7300,Acute Care Hospitals,Proprietary,270,78
100080,HCA FLORIDA JFK HOSPITAL,5301 S CONGRESS AVE,(561) 965-7300,Acute Care Hospitals,Proprietary,269,79
100080,HCA FLORIDA JFK HOSPITAL,5301 S CONGRESS AVE,(561) 965-7300,Acute Care Hospitals,Proprietary,289,59
100080,HCA FLORIDA JFK HOSPITAL,5301 S CONGRESS AVE,(561) 965-7300,Acute Care Hospitals,Proprietary,225,123
100080,HCA FLORIDA JFK HOSPITAL,5301 S CONGRESS AVE,(561) 965-7300,Acute Care Hospitals,Proprietary,309,39
100080,HCA FLORIDA JFK HOSPITAL,5301 S CONGRESS AVE,(561) 965-7300,Acute Care Hospitals,Proprietary,238,110
100080,HCA FLORIDA JFK HOSPITAL,5301 S CONGRESS AVE,(561) 965-7300,Acute Care Hospitals,Proprietary,268,80
100080,HCA FLORIDA JFK HOSPITAL,5301 S CONGRESS AVE,(561) 965-7300,Acute Care Hospitals,Proprietary,233,115
100080,HCA FLORIDA JFK HOSPITAL,5301 S CONGRESS AVE,(561) 965-7300,Acute Care Hospitals,Proprietary,236,112
100080,HCA FLORIDA JFK HOSPITAL,5301 S CONGRESS AVE,(561) 965-7300,Acute Care Hospitals,Proprietary,218,130
100080,HCA FLORIDA JFK HOSPITAL,5301 S CONGRESS AVE,(561) 965-7300,Acute Care Hospitals,Proprietary,271,77
100080,HCA FLORIDA JFK HOSPITAL,5301 S CONGRESS AVE,(561) 965-7300,Acute Care Hospitals,Proprietary,263,85
100080,HCA FLORIDA JFK HOSPITAL,5301 S CONGRESS AVE,(561) 965-7300,Acute Care Hospitals,Proprietary,322,26
100080,HCA FLORIDA JFK HOSPITAL,5301 S CONGRESS AVE,(561) 965-7300,Acute Care Hospitals,Proprietary,239,109
100080,HCA FLORIDA JFK HOSPITAL,5301 S CONGRESS AVE,(561) 965-7300,Acute Care Hospitals,Proprietary,225,123
100080,HCA FLORIDA JFK HOSPITAL,5301 S CONGRESS AVE,(561) 965-7300,Acute Care Hospitals,Proprietary,235,113
100080,HCA FLORIDA JFK HOSPITAL,5301 S CONGRESS AVE,(561) 965-7300,Acute Care Hospitals,Proprietary,257,91
100080,HCA FLORIDA JFK HOSPITAL,5301 S CONGRESS AVE,(561) 965-7300,Acute Care Hospitals,Proprietary,232,116
100080,HCA FLORIDA JFK HOSPITAL,5301 S CONGRESS AVE,(561) 965-7300,Acute Care Hospitals,Proprietary,240,108
100080,HCA FLORIDA JFK HOSPITAL,5301 S CONGRESS AVE,(561) 965-7300,Acute Care Hospitals,Proprietary,229,119
100080,HCA FLORIDA JFK HOSPITAL,5301 S CONGRESS AVE,(561) 965-7300,Acute Care Hospitals,Proprietary,294,54
100080,HCA FLORIDA JFK HOSPITAL,5301 S CONGRESS AVE,(561) 965-7300,Acute Care Hospitals,Proprietary,314,34
100080,HCA FLORIDA JFK HOSPITAL,5301 S CONGRESS AVE,(561) 965-7300,Acute Care Hospitals,Proprietary,238,110
100080,HCA FLORIDA JFK HOSPITAL,5301 S CONGRESS AVE,(561) 965-7300,Acute Care Hospitals,Proprietary,319,29
100080,HCA FLORIDA JFK HOSPITAL,5301 S CONGRESS AVE,(561) 965-7300,Acute Care Hospitals,Proprietary,290,58
100080,HCA FLORIDA JFK HOSPITAL,5301 S CONGRESS AVE,(561) 965-7300,Acute Care Hospitals,Proprietary,330,18
100080,HCA FLORIDA JFK HOSPITAL,5301 S CONGRESS AVE,(561) 965-7300,Acute Care Hospitals,Proprietary,221,127
100080,HCA FLORIDA JFK HOSPITAL,5301 S CONGRESS AVE,(561) 965-7300,Acute Care Hospitals,Proprietary,224,124
100080,HCA FLORIDA JFK HOSPITAL,5301 S CONGRESS AVE,(561) 965-7300,Acute Care Hospitals,Proprietary,228,120
100080,HCA FLORIDA JFK HOSPITAL,5301 S CONGRESS AVE,(561) 965-7300,Acute Care Hospitals,Proprietary,259,89
100080,HCA FLORIDA JFK HOSPITAL,5301 S CONGRESS AVE,(561) 965-7300,Acute Care Hospitals,Proprietary,275,73
100080,HCA FLORIDA JFK HOSPITAL,5301 S CONGRESS AVE,(561) 965-7300,Acute Care Hospitals,Proprietary,216,132
100080,HCA FLORIDA JFK HOSPITAL,5301 S CONGRESS AVE,(561) 965-7300,Acute Care Hospitals,Proprietary,325,23
100080,HCA FLORIDA JFK HOSPITAL,5301 S CONGRESS AVE,(561) 965-7300,Acute Care Hospitals,Proprietary,294,54
100080,HCA FLORIDA JFK HOSPITAL,5301 S CONGRESS AVE,(561) 965-7300,Acute Care Hospitals,Proprietary,309,39
100080,HCA FLORIDA JFK HOSPITAL,5301 S CONGRESS AVE,(561) 965-7300,Acute Care Hospitals,Proprietary,268,80
100080,HCA FLORIDA JFK HOSPITAL,5301 S CONGRESS AVE,(561) 965-7300,Acute Care Hospitals,Proprietary,286,62
100080,HCA FLORIDA JFK HOSPITAL,5301 S CONGRESS AVE,(561) 965-7300,Acute Care Hospitals,Proprietary,228,120
100080,HCA FLORIDA JFK HOSPITAL,5301 S CONGRESS AVE,(561) 965-7300,Acute Care Hospitals,Proprietary,305,43
100080,HCA FLORIDA JFK HOSPITAL,5301 S CONGRESS AVE,(561) 965-7300,Acute Care Hospitals,Proprietary,220,128
100080,HCA FLORIDA JFK HOSPITAL,5301 S CONGRESS AVE,(561) 965-7300,Acute Care Hospitals,Proprietary,250,98
100080,HCA FLORIDA JFK HOSPITAL,5301 S CONGRESS AVE,(561) 965-7300,Acute Care Hospitals,Proprietary,317,31
100080,HCA FLORIDA JFK HOSPITAL,5301 S CONGRESS AVE,(561) 965-7300,Acute Care Hospitals,Proprietary,224,124
100080,HCA FLORIDA JFK HOSPITAL,5301 S CONGRESS AVE,(561) 965-7300,Acute Care Hospitals,Proprietary,328,20
100080,HCA FLORIDA JFK HOSPITAL,5301 S CONGRESS AVE,(561) 965-7300,Acute Care Hospitals,Proprietary,249,99
100080,HCA FLORIDA JFK HOSPITAL,5301 S CONGRESS AVE,(561) 965-7300,Acute Care Hospitals,Proprietary,228,120
100080,HCA FLORIDA JFK HOSPITAL,5301 S CONGRESS AVE,(561) 965-7300,Acute Care Hospitals,Proprietary,273,75
100080,HCA FLORIDA JFK HOSPITAL,5301 S CONGRESS AVE,(561) 965-7300,Acute Care Hospitals,Proprietary,285,63
100080,HCA FLORIDA JFK HOSPITAL,5301 S CONGRESS AVE,(561) 965-7300,Acute Care Hospitals,Proprietary,225,123
100080,HCA FLORIDA JFK HOSPITAL,5301 S CONGRESS AVE,(561) 965-7300,Acute Care Hospitals,Proprietary,295,53
100080,HCA FLORIDA JFK HOSPITAL,5301 S CONGRESS AVE,(561) 965-7300,Acute Care Hospitals,Proprietary,248,100
100080,HCA FLORIDA JFK HOSPITAL,5301 S CONGRESS AVE,(561) 965-7300,Acute Care Hospitals,Proprietary,213,135
100080,HCA FLORIDA JFK HOSPITAL,5301 S CONGRESS AVE,(561) 965-7300,Acute Care Hospitals,Proprietary,282,66
100080,HCA FLORIDA JFK HOSPITAL,5301 S CONGRESS AVE,(561) 965-7300,Acute Care Hospitals,Proprietary,238,110
100080,HCA FLORIDA JFK HOSPITAL,5301 S CONGRESS AVE,(561) 965-7300,Acute Care Hospitals,Proprietary,220,128
100080,HCA FLORIDA JFK HOSPITAL,5301 S CONGRESS AVE,(561) 965-7300,Acute Care Hospitals,Proprietary,296,52
100080,HCA FLORIDA JFK HOSPITAL,5301 S CONGRESS AVE,(561) 965-7300,Acute Care Hospitals,Proprietary,253,95
100080,HCA FLORIDA JFK HOSPITAL,5301 S CONGRESS AVE,(561) 965-7300,Acute Care Hospitals,Proprietary,262,86
100080,HCA FLORIDA JFK HOSPITAL,5301 S CONGRESS AVE,(561) 965-7300,Acute Care Hospitals,Proprietary,317,31
100080,HCA FLORIDA JFK HOSPITAL,5301 S CONGRESS AVE,(561) 965-7300,Acute Care Hospitals,Proprietary,282,66
100080,HCA FLORIDA JFK HOSPITAL,5301 S CONGRESS AVE,(561) 965-7300,Acute Care Hospitals,Proprietary,213,135
100080,HCA FLORIDA JFK HOSPITAL,5301 S CONGRESS AVE,(561) 965-7300,Acute Care Hospitals,Proprietary,240,108
100080,HCA FLORIDA JFK HOSPITAL,5301 S CONGRESS AVE,(561) 965-7300,Acute Care Hospitals,Proprietary,322,26
100080,HCA FLORIDA JFK HOSPITAL,5301 S CONGRESS AVE,(561) 965-7300,Acute Care Hospitals,Proprietary,235,113
100080,HCA FLORIDA JFK HOSPITAL,5301 S CONGRESS AVE,(561) 965-7300,Acute Care Hospitals,Proprietary,217,131
100080,HCA FLORIDA JFK HOSPITAL,5301 S CONGRESS AVE,(561) 965-7300,Acute Care Hospitals,Proprietary,303,45
100080,HCA FLORIDA JFK HOSPITAL,5301 S CONGRESS AVE,(561) 965-7300,Acute Care Hospitals,Proprietary,218,130
100080,HCA FLORIDA JFK HOSPITAL,5301 S CONGRESS AVE,(561) 965-7300,Acute Care Hospitals,Proprietary,228,120
100080,HCA FLORIDA JFK HOSPITAL,5301 S CONGRESS AVE,(561) 965-7300,Acute Care Hospitals,Proprietary,278,70
100080,HCA FLORIDA JFK HOSPITAL,5301 S CONGRESS AVE,(561) 965-7300,Acute Care Hospitals,Proprietary,233,115
100080,HCA FLORIDA JFK HOSPITAL,5301 S CONGRESS AVE,(561) 965-7300,Acute Care Hospitals,Proprietary,248,100
100080,HCA FLORIDA JFK HOSPITAL,5301 S CONGRESS AVE,(561) 965-7300,Acute Care Hospitals,Proprietary,254,94
100080,HCA FLORIDA JFK HOSPITAL,5301 S CONGRESS AVE,(561) 965-7300,Acute Care Hospitals,Proprietary,246,102
100080,HCA FLORIDA JFK HOSPITAL,5301 S CONGRESS AVE,(561) 965-7300,Acute Care Hospitals,Proprietary,278,70
100080,HCA FLORIDA JFK HOSPITAL,5301 S CONGRESS AVE,(561) 965-7300,Acute Care Hospitals,Proprietary,286,62
100080,HCA FLORIDA JFK HOSPITAL,5301 S CONGRESS AVE,(561) 965-7300,Acute Care Hospitals,Proprietary,307,41
100080,HCA FLORIDA JFK HOSPITAL,5301 S CONGRESS AVE,(561) 965-7300,Acute Care Hospitals,Proprietary,301,47
100080,HCA FLORIDA JFK HOSPITAL,5301 S CONGRESS AVE,(561) 965-7300,Acute Care Hospitals,Proprietary,315,33
100080,HCA FLORIDA JFK HOSPITAL,5301 S CONGRESS AVE,(561) 965-7300,Acute Care Hospitals,Proprietary,311,37
100080,HCA FLORIDA JFK HOSPITAL,5301 S CONGRESS AVE,(561) 965-7300,Acute Care Hospitals,Proprietary,308,40
100080,HCA FLORIDA JFK HOSPITAL,5301 S CONGRESS AVE,(561) 965-7300,Acute Care Hospitals,Proprietary,225,123
100080,HCA FLORIDA JFK HOSPITAL,5301 S CONGRESS AVE,(561) 965-7300,Acute Care Hospitals,Proprietary,231,117
100080,HCA FLORIDA JFK HOSPITAL,5301 S CONGRESS AVE,(561) 965-7300,Acute Care Hospitals,Proprietary,295,53
100080,HCA FLORIDA JFK HOSPITAL,5301 S CONGRESS AVE,(561) 965-7300,Acute Care Hospitals,Proprietary,231,117
100080,HCA FLORIDA JFK HOSPITAL,5301 S CONGRESS AVE,(561) 965-7300,Acute Care Hospitals,Proprietary,306,42
100080,HCA FLORIDA JFK HOSPITAL,5301 S CONGRESS AVE,(561) 965-7300,Acute Care Hospitals,Proprietary,213,135
100080,HCA FLORIDA JFK HOSPITAL,5301 S CONGRESS AVE,(561) 965-7300,Acute Care Hospitals,Proprietary,315,33
100080,HCA FLORIDA JFK HOSPITAL,5301 S CONGRESS AVE,(561) 965-7300,Acute Care Hospitals,Proprietary,236,112
100080,HCA FLORIDA JFK HOSPITAL,5301 S CONGRESS AVE,(561) 965-7300,Acute Care Hospitals,Proprietary,272,76
100080,HCA FLORIDA JFK HOSPITAL,5301 S CONGRESS AVE,(561) 965-7300,Acute Care Hospitals,Proprietary,311,37
100080,HCA FLORIDA JFK HOSPITAL,5301 S CONGRESS AVE,(561) 965-7300,Acute Care Hospitals,Proprietary,279,69
100080,HCA FLORIDA JFK HOSPITAL,5301 S CONGRESS AVE,(561) 965-7300,Acute Care Hospitals,Proprietary,330,18
100080,HCA FLORIDA JFK HOSPITAL,5301 S CONGRESS AVE,(561) 965-7300,Acute Care Hospitals,Proprietary,273,75
100080,HCA FLORIDA JFK HOSPITAL,5301 S CONGRESS AVE,(561) 965-7300,Acute Care Hospitals,Proprietary,245,103
100080,HCA FLORIDA JFK HOSPITAL,5301 S CONGRESS AVE,(561) 965-7300,Acute Care Hospitals,Proprietary,318,30
100080,HCA FLORIDA JFK HOSPITAL,5301 S CONGRESS AVE,(561) 965-7300,Acute Care Hospitals,Proprietary,287,61
100080,HCA FLORIDA JFK HOSPITAL,5301 S CONGRESS AVE,(561) 965-7300,Acute Care Hospitals,Proprietary,327,21
100080,HCA FLORIDA JFK HOSPITAL,5301 S CONGRESS AVE,(561) 965-7300,Acute Care Hospitals,Proprietary,303,45
100080,HCA FLORIDA JFK HOSPITAL,5301 S CONGRESS AVE,(561) 965-7300,Acute Care Hospitals,Proprietary,226,122
100080,HCA FLORIDA JFK HOSPITAL,5301 S CONGRESS AVE,(561) 965-7300,Acute Care Hospitals,Proprietary,278,70
100080,HCA FLORIDA JFK HOSPITAL,5301 S CONGRESS AVE,(561) 965-7300,Acute Care Hospitals,Proprietary,225,123
100080,HCA FLORIDA JFK HOSPITAL,5301 S CONGRESS AVE,(561) 965-7300,Acute Care Hospitals,Proprietary,260,88
100080,HCA FLORIDA JFK HOSPITAL,5301 S CONGRESS AVE,(561) 965-7300,Acute Care Hospitals,Proprietary,296,52
100080,HCA FLORIDA JFK HOSPITAL,5301 S CONGRESS AVE,(561) 965-7300,Acute Care Hospitals,Proprietary,301,47
100080,HCA FLORIDA JFK HOSPITAL,5301 S CONGRESS AVE,(561) 965-7300,Acute Care Hospitals,Proprietary,309,39
100080,HCA FLORIDA JFK HOSPITAL,5301 S CONGRESS AVE,(561) 965-7300,Acute Care Hospitals,Proprietary,261,87
100080,HCA FLORIDA JFK HOSPITAL,5301 S CONGRESS AVE,(561) 965-7300,Acute Care Hospitals,Proprietary,296,52
100080,HCA FLORIDA JFK HOSPITAL,5301 S CONGRESS AVE,(561) 965-7300,Acute Care Hospitals,Proprietary,246,102
100080,HCA FLORIDA JFK HOSPITAL,5301 S CONGRESS AVE,(561) 965-7300,Acute Care Hospitals,Proprietary,270,78
100080,HCA FLORIDA JFK HOSPITAL,5301 S CONGRESS AVE,(561) 965-7300,Acute Care Hospitals,Proprietary,282,66
100080,HCA FLORIDA JFK HOSPITAL,5301 S CONGRESS AVE,(561) 965-7300,Acute Care Hospitals,Proprietary,291,57
100080,HCA FLORIDA JFK HOSPITAL,5301 S CONGRESS AVE,(561) 965-7300,Acute Care Hospitals,Proprietary,329,19
100080,HCA FLORIDA JFK HOSPITAL,5301 S CONGRESS AVE,(561) 965-7300,Acute Care Hospitals,Proprietary,286,62
100080,HCA FLORIDA JFK HOSPITAL,5301 S CONGRESS AVE,(561) 965-7300,Acute Care Hospitals,Proprietary,248,100
100080,HCA FLORIDA JFK HOSPITAL,5301 S CONGRESS AVE,(561) 965-7300,Acute Care Hospitals,Proprietary,266,82
100080,HCA FLORIDA JFK HOSPITAL,5301 S CONGRESS AVE,(561) 965-7300,Acute Care Hospitals,Proprietary,249,99
100080,HCA FLORIDA JFK HOSPITAL,5301 S CONGRESS AVE,(561) 965-7300,Acute Care Hospitals,Proprietary,242,106
100080,HCA FLORIDA JFK HOSPITAL,5301 S CONGRESS AVE,(561) 965-7300,Acute Care Hospitals,Proprietary,221,127
100080,HCA FLORIDA JFK HOSPITAL,5301 S CONGRESS AVE,(561) 965-7300,Acute Care Hospitals,Proprietary,226,122
100080,HCA FLORIDA JFK HOSPITAL,5301 S CONGRESS AVE,(561) 965-7300,Acute Care Hospitals,Proprietary,235,113
100080,HCA FLORIDA JFK HOSPITAL,5301 S CONGRESS AVE,(561) 965-7300,Acute Care Hospitals,Proprietary,318,30
100080,HCA FLORIDA JFK HOSPITAL,5301 S CONGRESS AVE,(561) 965-7300,Acute Care Hospitals,Proprietary,323,25
100080,HCA FLORIDA JFK HOSPITAL,5301 S CONGRESS AVE,(561) 965-7300,Acute Care Hospitals,Proprietary,213,135
100080,HCA FLORIDA JFK HOSPITAL,5301 S CONGRESS AVE,(561) 965-7300,Acute Care Hospitals,Proprietary,248,100
100080,HCA FLORIDA JFK HOSPITAL,5301 S CONGRESS AVE,(561) 965-7300,Acute Care Hospitals,Proprietary,286,62
100080,HCA FLORIDA JFK HOSPITAL,5301 S CONGRESS AVE,(561) 965-7300,Acute Care Hospitals,Proprietary,272,76
100080,HCA FLORIDA JFK HOSPITAL,5301 S CONGRESS AVE,(561) 965-7300,Acute Care Hospitals,Proprietary,271,77
100080,HCA FLORIDA JFK HOSPITAL,5301 S CONGRESS AVE,(561) 965-7300,Acute Care Hospitals,Proprietary,303,45
100080,HCA FLORIDA JFK HOSPITAL,5301 S CONGRESS AVE,(561) 965-7300,Acute Care Hospitals,Proprietary,259,89
100080,HCA FLORIDA JFK HOSPITAL,5301 S CONGRESS AVE,(561) 965-7300,Acute Care Hospitals,Proprietary,230,118
100080,HCA FLORIDA JFK HOSPITAL,5301 S CONGRESS AVE,(561) 965-7300,Acute Care Hospitals,Proprietary,293,55
100080,HCA FLORIDA JFK HOSPITAL,5301 S CONGRESS AVE,(561) 965-7300,Acute Care Hospitals,Proprietary,220,128
100080,HCA FLORIDA JFK HOSPITAL,5301 S CONGRESS AVE,(561) 965-7300,Acute Care Hospitals,Proprietary,274,74
100080,HCA FLORIDA JFK HOSPITAL,5301 S CONGRESS AVE,(561) 965-7300,Acute Care Hospitals,Proprietary,215,133
100080,HCA FLORIDA JFK HOSPITAL,5301 S CONGRESS AVE,(561) 965-7300,Acute Care Hospitals,Proprietary,228,120
100080,HCA FLORIDA JFK HOSPITAL,5301 S CONGRESS AVE,(561) 965-7300,Acute Care Hospitals,Proprietary,260,88
100080,HCA FLORIDA JFK HOSPITAL,5301 S CONGRESS AVE,(561) 965-7300,Acute Care Hospitals,Proprietary,249,99
100080,HCA FLORIDA JFK HOSPITAL,5301 S CONGRESS AVE,(561) 965-7300,Acute Care Hospitals,Proprietary,223,125
100080,HCA FLORIDA JFK HOSPITAL,5301 S CONGRESS AVE,(561) 965-7300,Acute Care Hospitals,Proprietary,210,138
100080,HCA FLORIDA JFK HOSPITAL,5301 S CONGRESS AVE,(561) 965-7300,Acute Care Hospitals,Proprietary,276,72
100080,HCA FLORIDA JFK HOSPITAL,5301 S CONGRESS AVE,(561) 965-7300,Acute Care Hospitals,Proprietary,238,110
100080,HCA FLORIDA JFK HOSPITAL,5301 S CONGRESS AVE,(561) 965-7300,Acute Care Hospitals,Proprietary,255,93
100080,HCA FLORIDA JFK HOSPITAL,5301 S CONGRESS AVE,(561) 965-7300,Acute Care Hospitals,Proprietary,291,57
100080,HCA FLORIDA JFK HOSPITAL,5301 S CONGRESS AVE,(561) 965-7300,Acute Care Hospitals,Proprietary,301,47
100080,HCA FLORIDA JFK HOSPITAL,5301 S CONGRESS AVE,(561) 965-7300,Acute Care Hospitals,Proprietary,272,76
100080,HCA FLORIDA JFK HOSPITAL,5301 S CONGRESS AVE,(561) 965-7300,Acute Care Hospitals,Proprietary,326,22
100080,HCA FLORIDA JFK HOSPITAL,5301 S CONGRESS AVE,(561) 965-7300,Acute Care Hospitals,Proprietary,272,76
100080,HCA FLORIDA JFK HOSPITAL,5301 S CONGRESS AVE,(561) 965-7300,Acute Care Hospitals,Proprietary,288,60
100080,HCA FLORIDA JFK HOSPITAL,5301 S CONGRESS AVE,(561) 965-7300,Acute Care Hospitals,Proprietary,213,135
100080,HCA FLORIDA JFK HOSPITAL,5301 S CONGRESS AVE,(561) 965-7300,Acute Care Hospitals,Proprietary,222,126
100080,HCA FLORIDA JFK HOSPITAL,5301 S CONGRESS AVE,(561) 965-7300,Acute Care Hospitals,Proprietary,306,42
100080,HCA FLORIDA JFK HOSPITAL,5301 S CONGRESS AVE,(561) 965-7300,Acute Care Hospitals,Proprietary,264,84
100080,HCA FLORIDA JFK HOSPITAL,5301 S CONGRESS AVE,(561) 965-7300,Acute Care Hospitals,Proprietary,324,24
100080,HCA FLORIDA JFK HOSPITAL,5301 S CONGRESS AVE,(561) 965-7300,Acute Care Hospitals,Proprietary,234,114
100080,HCA FLORIDA JFK HOSPITAL,5301 S CONGRESS AVE,(561) 965-7300,Acute Care Hospitals,Proprietary,269,79
100080,HCA FLORIDA JFK HOSPITAL,5301 S CONGRESS AVE,(561) 965-7300,Acute Care Hospitals,Proprietary,330,18
100080,HCA FLORIDA JFK HOSPITAL,5301 S CONGRESS AVE,(561) 965-7300,Acute Care Hospitals,Proprietary,278,70
100080,HCA FLORIDA JFK HOSPITAL,5301 S CONGRESS AVE,(561) 965-7300,Acute Care Hospitals,Proprietary,241,107
100080,HCA FLORIDA JFK HOSPITAL,5301 S CONGRESS AVE,(561) 965-7300,Acute Care Hospitals,Proprietary,249,99
100080,HCA FLORIDA JFK HOSPITAL,5301 S CONGRESS AVE,(561) 965-7300,Acute Care Hospitals,Proprietary,307,41
100080,HCA FLORIDA JFK HOSPITAL,5301 S CONGRESS AVE,(561) 965-7300,Acute Care Hospitals,Proprietary,231,117
100080,HCA FLORIDA JFK HOSPITAL,5301 S CONGRESS AVE,(561) 965-7300,Acute Care Hospitals,Proprietary,306,42
100080,HCA FLORIDA JFK HOSPITAL,5301 S CONGRESS AVE,(561) 965-7300,Acute Care Hospitals,Proprietary,222,126
100080,HCA FLORIDA JFK HOSPITAL,5301 S CONGRESS AVE,(561) 965-7300,Acute Care Hospitals,Proprietary,216,132
100080,HCA FLORIDA JFK HOSPITAL,5301 S CONGRESS AVE,(561) 965-7300,Acute Care Hospitals,Proprietary,275,73
100080,HCA FLORIDA JFK HOSPITAL,5301 S CONGRESS AVE,(561) 965-7300,Acute Care Hospitals,Proprietary,312,36
100080,HCA FLORIDA JFK HOSPITAL,5301 S CONGRESS AVE,(561) 965-7300,Acute Care Hospitals,Proprietary,307,41
100080,HCA FLORIDA JFK HOSPITAL,5301 S CONGRESS AVE,(561) 965-7300,Acute Care Hospitals,Proprietary,275,73
100080,HCA FLORIDA JFK HOSPITAL,5301 S CONGRESS AVE,(561) 965-7300,Acute Care Hospitals,Proprietary,293,55
100080,HCA FLORIDA JFK HOSPITAL,5301 S CONGRESS AVE,(561) 965-7300,Acute Care Hospitals,Proprietary,324,24
100080,HCA FLORIDA JFK HOSPITAL,5301 S CONGRESS AVE,(561) 965-7300,Acute Care Hospitals,Proprietary,212,136
100080,HCA FLORIDA JFK HOSPITAL,5301 S CONGRESS AVE,(561) 965-7300,Acute Care Hospitals,Proprietary,250,98
100080,HCA FLORIDA JFK HOSPITAL,5301 S CONGRESS AVE,(561) 965-7300,Acute Care Hospitals,Proprietary,305,43
100080,HCA FLORIDA JFK HOSPITAL,5301 S CONGRESS AVE,(561) 965-7300,Acute Care Hospitals,Proprietary,224,124
100080,HCA FLORIDA JFK HOSPITAL,5301 S CONGRESS AVE,(561) 965-7300,Acute Care Hospitals,Proprietary,236,112
100080,HCA FLORIDA JFK HOSPITAL,5301 S CONGRESS AVE,(561) 965-7300,Acute Care Hospitals,Proprietary,221,127
100080,HCA FLORIDA JFK HOSPITAL,5301 S CONGRESS AVE,(561) 965-7300,Acute Care Hospitals,Proprietary,328,20
100080,HCA FLORIDA JFK HOSPITAL,5301 S CONGRESS AVE,(561) 965-7300,Acute Care Hospitals,Proprietary,253,95
100080,HCA FLORIDA JFK HOSPITAL,5301 S CONGRESS AVE,(561) 965-7300,Acute Care Hospitals,Proprietary,223,125
100080,HCA FLORIDA JFK HOSPITAL,5301 S CONGRESS AVE,(561) 965-7300,Acute Care Hospitals,Proprietary,301,47
100080,HCA FLORIDA JFK HOSPITAL,5301 S CONGRESS AVE,(561) 965-7300,Acute Care Hospitals,Proprietary,254,94
100080,HCA FLORIDA JFK HOSPITAL,5301 S CONGRESS AVE,(561) 965-7300,Acute Care Hospitals,Proprietary,294,54
100080,HCA FLORIDA JFK HOSPITAL,5301 S CONGRESS AVE,(561) 965-7300,Acute Care Hospitals,Proprietary,221,127
100080,HCA FLORIDA JFK HOSPITAL,5301 S CONGRESS AVE,(561) 965-7300,Acute Care Hospitals,Proprietary,292,56
100080,HCA FLORIDA JFK HOSPITAL,5301 S CONGRESS AVE,(561) 965-7300,Acute Care Hospitals,Proprietary,261,87
100080,HCA FLORIDA JFK HOSPITAL,5301 S CONGRESS AVE,(561) 965-7300,Acute Care Hospitals,Proprietary,254,94
100080,HCA FLORIDA JFK HOSPITAL,5301 S CONGRESS AVE,(561) 965-7300,Acute Care Hospitals,Proprietary,219,129
100080,HCA FLORIDA JFK HOSPITAL,5301 S CONGRESS AVE,(561) 965-7300,Acute Care Hospitals,Proprietary,279,69
100080,HCA FLORIDA JFK HOSPITAL,5301 S CONGRESS AVE,(561) 965-7300,Acute Care Hospitals,Proprietary,279,69
100080,HCA FLORIDA JFK HOSPITAL,5301 S CONGRESS AVE,(561) 965-7300,Acute Care Hospitals,Proprietary,247,101
100080,HCA FLORIDA JFK HOSPITAL,5301 S CONGRESS AVE,(561) 965-7300,Acute Care Hospitals,Proprietary,220,128
100080,HCA FLORIDA JFK HOSPITAL,5301 S CONGRESS AVE,(561) 965-7300,Acute Care Hospitals,Proprietary,308,40
100080,HCA FLORIDA JFK HOSPITAL,5301 S CONGRESS AVE,(561) 965-7300,Acute Care Hospitals,Proprietary,327,21
100080,HCA FLORIDA JFK HOSPITAL,5301 S CONGRESS AVE,(561) 965-7300,Acute Care Hospitals,Proprietary,233,115
100080,HCA FLORIDA JFK HOSPITAL,5301 S CONGRESS AVE,(561) 965-7300,Acute Care Hospitals,Proprietary,255,93
100080,HCA FLORIDA JFK HOSPITAL,5301 S CONGRESS AVE,(561) 965-7300,Acute Care Hospitals,Proprietary,247,101
100080,HCA FLORIDA JFK HOSPITAL,5301 S CONGRESS AVE,(561) 965-7300,Acute Care Hospitals,Proprietary,324,24
100080,HCA FLORIDA JFK HOSPITAL,5301 S CONGRESS AVE,(561) 965-7300,Acute Care Hospitals,Proprietary,325,23
100080,HCA FLORIDA JFK HOSPITAL,5301 S CONGRESS AVE,(561) 965-7300,Acute Care Hospitals,Proprietary,279,69
100080,HCA FLORIDA JFK HOSPITAL,5301 S CONGRESS AVE,(561) 965-7300,Acute Care Hospitals,Proprietary,248,100
100080,HCA FLORIDA JFK HOSPITAL,5301 S CONGRESS AVE,(561) 965-7300,Acute Care Hospitals,Proprietary,262,86
100080,HCA FLORIDA JFK HOSPITAL,5301 S CONGRESS AVE,(561) 965-7300,Acute Care Hospitals,Proprietary,330,18
100080,HCA FLORIDA JFK HOSPITAL,5301 S CONGRESS AVE,(561) 965-7300,Acute Care Hospitals,Proprietary,261,87
100080,HCA FLORIDA JFK HOSPITAL,5301 S CONGRESS AVE,(561) 965-7300,Acute Care Hospitals,Proprietary,230,118
100080,HCA FLORIDA JFK HOSPITAL,5301 S CONGRESS AVE,(561) 965-7300,Acute Care Hospitals,Proprietary,236,112
100080,HCA FLORIDA JFK HOSPITAL,5301 S CONGRESS AVE,(561) 965-7300,Acute Care Hospitals,Proprietary,285,63
100080,HCA FLORIDA JFK HOSPITAL,5301 S CONGRESS AVE,(561) 965-7300,Acute Care Hospitals,Proprietary,283,65
100080,HCA FLORIDA JFK HOSPITAL,5301 S CONGRESS AVE,(561) 965-7300,Acute Care Hospitals,Proprietary,294,54
100080,HCA FLORIDA JFK HOSPITAL,5301 S CONGRESS AVE,(561) 965-7300,Acute Care Hospitals,Proprietary,264,84
100080,HCA FLORIDA JFK HOSPITAL,5301 S CONGRESS AVE,(561) 965-7300,Acute Care Hospitals,Proprietary,319,29
100080,HCA FLORIDA JFK HOSPITAL,5301 S CONGRESS AVE,(561) 965-7300,Acute Care Hospitals,Proprietary,252,96
100080,HCA FLORIDA JFK HOSPITAL,5301 S CONGRESS AVE,(561) 965-7300,Acute Care Hospitals,Proprietary,251,97
100080,HCA FLORIDA JFK HOSPITAL,5301 S CONGRESS AVE,(561) 965-7300,Acute Care Hospitals,Proprietary,271,77
100080,HCA FLORIDA JFK HOSPITAL,5301 S CONGRESS AVE,(561) 965-7300,Acute Care Hospitals,Proprietary,256,92
100080,HCA FLORIDA JFK HOSPITAL,5301 S CONGRESS AVE,(561) 965-7300,Acute Care Hospitals,Proprietary,255,93
100080,HCA FLORIDA JFK HOSPITAL,5301 S CONGRESS AVE,(561) 965-7300,Acute Care Hospitals,Proprietary,227,121
100080,HCA FLORIDA JFK HOSPITAL,5301 S CONGRESS AVE,(561) 965-7300,Acute Care Hospitals,Proprietary,218,130
100080,HCA FLORIDA JFK HOSPITAL,5301 S CONGRESS AVE,(561) 965-7300,Acute Care Hospitals,Proprietary,231,117
100080,HCA FLORIDA JFK HOSPITAL,5301 S CONGRESS AVE,(561) 965-7300,Acute Care Hospitals,Proprietary,268,80
100080,HCA FLORIDA JFK HOSPITAL,5301 S CONGRESS AVE,(561) 965-7300,Acute Care Hospitals,Proprietary,297,51
100080,HCA FLORIDA JFK HOSPITAL,5301 S CONGRESS AVE,(561) 965-7300,Acute Care Hospitals,Proprietary,278,70
100080,HCA FLORIDA JFK HOSPITAL,5301 S CONGRESS AVE,(561) 965-7300,Acute Care Hospitals,Proprietary,213,135
100080,HCA FLORIDA JFK HOSPITAL,5301 S CONGRESS AVE,(561) 965-7300,Acute Care Hospitals,Proprietary,285,63
100080,HCA FLORIDA JFK HOSPITAL,5301 S CONGRESS AVE,(561) 965-7300,Acute Care Hospitals,Proprietary,258,90
100080,HCA FLORIDA JFK HOSPITAL,5301 S CONGRESS AVE,(561) 965-7300,Acute Care Hospitals,Proprietary,329,19
100080,HCA FLORIDA JFK HOSPITAL,5301 S CONGRESS AVE,(561) 965-7300,Acute Care Hospitals,Proprietary,301,47
100080,HCA FLORIDA JFK HOSPITAL,5301 S CONGRESS AVE,(561) 965-7300,Acute Care Hospitals,Proprietary,250,98
100080,HCA FLORIDA JFK HOSPITAL,5301 S CONGRESS AVE,(561) 965-7300,Acute Care Hospitals,Proprietary,265,83
100080,HCA FLORIDA JFK HOSPITAL,5301 S CONGRESS AVE,(561) 965-7300,Acute Care Hospitals,Proprietary,297,51
100080,HCA FLORIDA JFK HOSPITAL,5301 S CONGRESS AVE,(561) 965-7300,Acute Care Hospitals,Proprietary,267,81
100080,HCA FLORIDA JFK HOSPITAL,5301 S CONGRESS AVE,(561) 965-7300,Acute Care Hospitals,Proprietary,272,76
100080,HCA FLORIDA JFK HOSPITAL,5301 S CONGRESS AVE,(561) 965-7300,Acute Care Hospitals,Proprietary,246,102
100080,HCA FLORIDA JFK HOSPITAL,5301 S CONGRESS AVE,(561) 965-7300,Acute Care Hospitals,Proprietary,231,117
100080,HCA FLORIDA JFK HOSPITAL,5301 S CONGRESS AVE,(561) 965-7300,Acute Care Hospitals,Proprietary,285,63
100080,HCA FLORIDA JFK HOSPITAL,5301 S CONGRESS AVE,(561) 965-7300,Acute Care Hospitals,Proprietary,232,116
100080,HCA FLORIDA JFK HOSPITAL,5301 S CONGRESS AVE,(561) 965-7300,Acute Care Hospitals,Proprietary,327,21
100080,HCA FLORIDA JFK HOSPITAL,5301 S CONGRESS AVE,(561) 965-7300,Acute Care Hospitals,Proprietary,214,134
100080,HCA FLORIDA JFK HOSPITAL,5301 S CONGRESS AVE,(561) 965-7300,Acute Care Hospitals,Proprietary,306,42
100080,HCA FLORIDA JFK HOSPITAL,5301 S CONGRESS AVE,(561) 965-7300,Acute Care Hospitals,Proprietary,252,96
100080,HCA FLORIDA JFK HOSPITAL,5301 S CONGRESS AVE,(561) 965-7300,Acute Care Hospitals,Proprietary,274,74
100080,HCA FLORIDA JFK HOSPITAL,5301 S CONGRESS AVE,(561) 965-7300,Acute Care Hospitals,Proprietary,271,77
100080,HCA FLORIDA JFK HOSPITAL,5301 S CONGRESS AVE,(561) 965-7300,Acute Care Hospitals,Proprietary,234,114
100080,HCA FLORIDA JFK HOSPITAL,5301 S CONGRESS AVE,(561) 965-7300,Acute Care Hospitals,Proprietary,329,19
100080,HCA FLORIDA JFK HOSPITAL,5301 S CONGRESS AVE,(561) 965-7300,Acute Care Hospitals,Proprietary,305,43
100080,HCA FLORIDA JFK HOSPITAL,5301 S CONGRESS AVE,(561) 965-7300,Acute Care Hospitals,Proprietary,256,92
100080,HCA FLORIDA JFK HOSPITAL,5301 S CONGRESS AVE,(561) 965-7300,Acute Care Hospitals,Proprietary,270,78
100080,HCA FLORIDA JFK HOSPITAL,5301 S CONGRESS AVE,(561) 965-7300,Acute Care Hospitals,Proprietary,265,83
100080,HCA FLORIDA JFK HOSPITAL,5301 S CONGRESS AVE,(561) 965-7300,Acute Care Hospitals,Proprietary,312,36
100080,HCA FLORIDA JFK HOSPITAL,5301 S CONGRESS AVE,(561) 965-7300,Acute Care Hospitals,Proprietary,214,134
100080,HCA FLORIDA JFK HOSPITAL,5301 S CONGRESS AVE,(561) 965-7300,Acute Care Hospitals,Proprietary,325,23
100080,HCA FLORIDA JFK HOSPITAL,5301 S CONGRESS AVE,(561) 965-7300,Acute Care Hospitals,Proprietary,317,31
100080,HCA FLORIDA JFK HOSPITAL,5301 S CONGRESS AVE,(561) 965-7300,Acute Care Hospitals,Proprietary,233,115
100080,HCA FLORIDA JFK HOSPITAL,5301 S CONGRESS AVE,(561) 965-7300,Acute Care Hospitals,Proprietary,272,76
100080,HCA FLORIDA JFK HOSPITAL,5301 S CONGRESS AVE,(561) 965-7300,Acute Care Hospitals,Proprietary,288,60
100080,HCA FLORIDA JFK HOSPITAL,5301 S CONGRESS AVE,(561) 965-7300,Acute Care Hospitals,Proprietary,241,107
100080,HCA FLORIDA JFK HOSPITAL,5301 S CONGRESS AVE,(561) 965-7300,Acute Care Hospitals,Proprietary,293,55
100080,HCA FLORIDA JFK HOSPITAL,5301 S CONGRESS AVE,(561) 965-7300,Acute Care Hospitals,Proprietary,212,136
100080,HCA FLORIDA JFK HOSPITAL,5301 S CONGRESS AVE,(561) 965-7300,Acute Care Hospitals,Proprietary,241,107
100080,HCA FLORIDA JFK HOSPITAL,5301 S CONGRESS AVE,(561) 965-7300,Acute Care Hospitals,Proprietary,218,130
100080,HCA FLORIDA JFK HOSPITAL,5301 S CONGRESS AVE,(561) 965-7300,Acute Care Hospitals,Proprietary,315,33
100080,HCA FLORIDA JFK HOSPITAL,5301 S CONGRESS AVE,(561) 965-7300,Acute Care Hospitals,Proprietary,257,91
100080,HCA FLORIDA JFK HOSPITAL,5301 S CONGRESS AVE,(561) 965-7300,Acute Care Hospitals,Proprietary,324,24
100080,HCA FLORIDA JFK HOSPITAL,5301 S CONGRESS AVE,(561) 965-7300,Acute Care Hospitals,Proprietary,257,91
100080,HCA FLORIDA JFK HOSPITAL,5301 S CONGRESS AVE,(561) 965-7300,Acute Care Hospitals,Proprietary,268,80
100080,HCA FLORIDA JFK HOSPITAL,5301 S CONGRESS AVE,(561) 965-7300,Acute Care Hospitals,Proprietary,224,124
100080,HCA FLORIDA JFK HOSPITAL,5301 S CONGRESS AVE,(561) 965-7300,Acute Care Hospitals,Proprietary,324,24
100080,HCA FLORIDA JFK HOSPITAL,5301 S CONGRESS AVE,(561) 965-7300,Acute Care Hospitals,Proprietary,276,72
100080,HCA FLORIDA JFK HOSPITAL,5301 S CONGRESS AVE,(561) 965-7300,Acute Care Hospitals,Proprietary,221,127
100080,HCA FLORIDA JFK HOSPITAL,5301 S CONGRESS AVE,(561) 965-7300,Acute Care Hospitals,Proprietary,276,72
100080,HCA FLORIDA JFK HOSPITAL,5301 S CONGRESS AVE,(561) 965-7300,Acute Care Hospitals,Proprietary,228,120
100080,HCA FLORIDA JFK HOSPITAL,5301 S CONGRESS AVE,(561) 965-7300,Acute Care Hospitals,Proprietary,257,91
100080,HCA FLORIDA JFK HOSPITAL,5301 S CONGRESS AVE,(561) 965-7300,Acute Care Hospitals,Proprietary,261,87
100080,HCA FLORIDA JFK HOSPITAL,5301 S CONGRESS AVE,(561) 965-7300,Acute Care Hospitals,Proprietary,307,41
100080,HCA FLORIDA JFK HOSPITAL,5301 S CONGRESS AVE,(561) 965-7300,Acute Care Hospitals,Proprietary,313,35
100080,HCA FLORIDA JFK HOSPITAL,5301 S CONGRESS AVE,(561) 965-7300,Acute Care Hospitals,Proprietary,218,130
100080,HCA FLORIDA JFK HOSPITAL,5301 S CONGRESS AVE,(561) 965-7300,Acute Care Hospitals,Proprietary,294,54
100080,HCA FLORIDA JFK HOSPITAL,5301 S CONGRESS AVE,(561) 965-7300,Acute Care Hospitals,Proprietary,320,28
100080,HCA FLORIDA JFK HOSPITAL,5301 S CONGRESS AVE,(561) 965-7300,Acute Care Hospitals,Proprietary,265,83
100080,HCA FLORIDA JFK HOSPITAL,5301 S CONGRESS AVE,(561) 965-7300,Acute Care Hospitals,Proprietary,316,32
100080,HCA FLORIDA JFK HOSPITAL,5301 S CONGRESS AVE,(561) 965-7300,Acute Care Hospitals,Proprietary,234,114
100080,HCA FLORIDA JFK HOSPITAL,5301 S CONGRESS AVE,(561) 965-7300,Acute Care Hospitals,Proprietary,231,117
100080,HCA FLORIDA JFK HOSPITAL,5301 S CONGRESS AVE,(561) 965-7300,Acute Care Hospitals,Proprietary,262,86
100080,HCA FLORIDA JFK HOSPITAL,5301 S CONGRESS AVE,(561) 965-7300,Acute Care Hospitals,Proprietary,323,25
100080,HCA FLORIDA JFK HOSPITAL,5301 S CONGRESS AVE,(561) 965-7300,Acute Care Hospitals,Proprietary,213,135
100080,HCA FLORIDA JFK HOSPITAL,5301 S CONGRESS AVE,(561) 965-7300,Acute Care Hospitals,Proprietary,292,56
100080,HCA FLORIDA JFK HOSPITAL,5301 S CONGRESS AVE,(561) 965-7300,Acute Care Hospitals,Proprietary,263,85
100080,HCA FLORIDA JFK HOSPITAL,5301 S CONGRESS AVE,(561) 965-7300,Acute Care Hospitals,Proprietary,209,139
100080,HCA FLORIDA JFK HOSPITAL,5301 S CONGRESS AVE,(561) 965-7300,Acute Care Hospitals,Proprietary,263,85
100080,HCA FLORIDA JFK HOSPITAL,5301 S CONGRESS AVE,(561) 965-7300,Acute Care Hospitals,Proprietary,220,128
100080,HCA FLORIDA JFK HOSPITAL,5301 S CONGRESS AVE,(561) 965-7300,Acute Care Hospitals,Proprietary,325,23
100080,HCA FLORIDA JFK HOSPITAL,5301 S CONGRESS AVE,(561) 965-7300,Acute Care Hospitals,Proprietary,319,29
100080,HCA FLORIDA JFK HOSPITAL,5301 S CONGRESS AVE,(561) 965-7300,Acute Care Hospitals,Proprietary,230,118
100080,HCA FLORIDA JFK HOSPITAL,5301 S CONGRESS AVE,(561) 965-7300,Acute Care Hospitals,Proprietary,295,53
100080,HCA FLORIDA JFK HOSPITAL,5301 S CONGRESS AVE,(561) 965-7300,Acute Care Hospitals,Proprietary,281,67
100080,HCA FLORIDA JFK HOSPITAL,5301 S CONGRESS AVE,(561) 965-7300,Acute Care Hospitals,Proprietary,250,98
100080,HCA FLORIDA JFK HOSPITAL,5301 S CONGRESS AVE,(561) 965-7300,Acute Care Hospitals,Proprietary,296,52
100080,HCA FLORIDA JFK HOSPITAL,5301 S CONGRESS AVE,(561) 965-7300,Acute Care Hospitals,Proprietary,323,25
100080,HCA FLORIDA JFK HOSPITAL,5301 S CONGRESS AVE,(561) 965-7300,Acute Care Hospitals,Proprietary,215,133
100080,HCA FLORIDA JFK HOSPITAL,5301 S CONGRESS AVE,(561) 965-7300,Acute Care Hospitals,Proprietary,288,60
100080,HCA FLORIDA JFK HOSPITAL,5301 S CONGRESS AVE,(561) 965-7300,Acute Care Hospitals,Proprietary,287,61
100080,HCA FLORIDA JFK HOSPITAL,5301 S CONGRESS AVE,(561) 965-7300,Acute Care Hospitals,Proprietary,291,57
100080,HCA FLORIDA JFK HOSPITAL,5301 S CONGRESS AVE,(561) 965-7300,Acute Care Hospitals,Proprietary,256,92
100080,HCA FLORIDA JFK HOSPITAL,5301 S CONGRESS AVE,(561) 965-7300,Acute Care Hospitals,Proprietary,287,61
100080,HCA FLORIDA JFK HOSPITAL,5301 S CONGRESS AVE,(561) 965-7300,Acute Care Hospitals,Proprietary,215,133
100080,HCA FLORIDA JFK HOSPITAL,5301 S CONGRESS AVE,(561) 965-7300,Acute Care Hospitals,Proprietary,216,132
100080,HCA FLORIDA JFK HOSPITAL,5301 S CONGRESS AVE,(561) 965-7300,Acute Care Hospitals,Proprietary,281,67
100080,HCA FLORIDA JFK HOSPITAL,5301 S CONGRESS AVE,(561) 965-7300,Acute Care Hospitals,Proprietary,304,44
100080,HCA FLORIDA JFK HOSPITAL,5301 S CONGRESS AVE,(561) 965-7300,Acute Care Hospitals,Proprietary,236,112
100080,HCA FLORIDA JFK HOSPITAL,5301 S CONGRESS AVE,(561) 965-7300,Acute Care Hospitals,Proprietary,276,72
100080,HCA FLORIDA JFK HOSPITAL,5301 S CONGRESS AVE,(561) 965-7300,Acute Care Hospitals,Proprietary,210,138
100080,HCA FLORIDA JFK HOSPITAL,5301 S CONGRESS AVE,(561) 965-7300,Acute Care Hospitals,Proprietary,213,135
100080,HCA FLORIDA JFK HOSPITAL,5301 S CONGRESS AVE,(561) 965-7300,Acute Care Hospitals,Proprietary,230,118
100080,HCA FLORIDA JFK HOSPITAL,5301 S CONGRESS AVE,(561) 965-7300,Acute Care Hospitals,Proprietary,294,54
100080,HCA FLORIDA JFK HOSPITAL,5301 S CONGRESS AVE,(561) 965-7300,Acute Care Hospitals,Proprietary,245,103
100080,HCA FLORIDA JFK HOSPITAL,5301 S CONGRESS AVE,(561) 965-7300,Acute Care Hospitals,Proprietary,319,29
100080,HCA FLORIDA JFK HOSPITAL,5301 S CONGRESS AVE,(561) 965-7300,Acute Care Hospitals,Proprietary,295,53
100080,HCA FLORIDA JFK HOSPITAL,5301 S CONGRESS AVE,(561) 965-7300,Acute Care Hospitals,Proprietary,265,83
100080,HCA FLORIDA JFK HOSPITAL,5301 S CONGRESS AVE,(561) 965-7300,Acute Care Hospitals,Proprietary,254,94
100080,HCA FLORIDA JFK HOSPITAL,5301 S CONGRESS AVE,(561) 965-7300,Acute Care Hospitals,Proprietary,284,64
100080,HCA FLORIDA JFK HOSPITAL,5301 S CONGRESS AVE,(561) 965-7300,Acute Care Hospitals,Proprietary,223,125
100080,HCA FLORIDA JFK HOSPITAL,5301 S CONGRESS AVE,(561) 965-7300,Acute Care Hospitals,Proprietary,282,66
100080,HCA FLORIDA JFK HOSPITAL,5301 S CONGRESS AVE,(561) 965-7300,Acute Care Hospitals,Proprietary,221,127
100080,HCA FLORIDA JFK HOSPITAL,5301 S CONGRESS AVE,(561) 965-7300,Acute Care Hospitals,Proprietary,232,116
100080,HCA FLORIDA JFK HOSPITAL,5301 S CONGRESS AVE,(561) 965-7300,Acute Care Hospitals,Proprietary,227,121
100080,HCA FLORIDA JFK HOSPITAL,5301 S CONGRESS AVE,(561) 965-7300,Acute Care Hospitals,Proprietary,237,111
100080,HCA FLORIDA JFK HOSPITAL,5301 S CONGRESS AVE,(561) 965-7300,Acute Care Hospitals,Proprietary,317,31
100080,HCA FLORIDA JFK HOSPITAL,5301 S CONGRESS AVE,(561) 965-7300,Acute Care Hospitals,Proprietary,222,126
100080,HCA FLORIDA JFK HOSPITAL,5301 S CONGRESS AVE,(561) 965-7300,Acute Care Hospitals,Proprietary,251,97
100080,HCA FLORIDA JFK HOSPITAL,5301 S CONGRESS AVE,(561) 965-7300,Acute Care Hospitals,Proprietary,232,116
100080,HCA FLORIDA JFK HOSPITAL,5301 S CONGRESS AVE,(561) 965-7300,Acute Care Hospitals,Proprietary,237,111
100080,HCA FLORIDA JFK HOSPITAL,5301 S CONGRESS AVE,(561) 965-7300,Acute Care Hospitals,Proprietary,282,66
100080,HCA FLORIDA JFK HOSPITAL,5301 S CONGRESS AVE,(561) 965-7300,Acute Care Hospitals,Proprietary,298,50
100080,HCA FLORIDA JFK HOSPITAL,5301 S CONGRESS AVE,(561) 965-7300,Acute Care Hospitals,Proprietary,312,36
100080,HCA FLORIDA JFK HOSPITAL,5301 S CONGRESS AVE,(561) 965-7300,Acute Care Hospitals,Proprietary,258,90
100080,HCA FLORIDA JFK HOSPITAL,5301 S CONGRESS AVE,(561) 965-7300,Acute Care Hospitals,Proprietary,251,97
