Facility ID,Facility Name,Address,Telephone Number,Hospital Type,Hospital Ownership,Active Beds,Inactive Beds
100053,STEWARD HIALEAH HOSPITAL,651 E 25TH ST,(305) 693-6100,Acute Care Hospitals,Proprietary,83,38
100053,STEWARD HIALEAH HOSPITAL,651 E 25TH ST,(305) 693-6100,Acute Care Hospitals,Proprietary,96,25
100053,STEWARD HIALEAH HOSPITAL,651 E 25TH ST,(305) 693-6100,Acute Care Hospitals,Proprietary,81,40
100053,STEWARD HIALEAH HOSPITAL,651 E 25TH ST,(305) 693-6100,Acute Care Hospitals,Proprietary,108,13
100053,STEWARD HIALEAH HOSPITAL,651 E 25TH ST,(305) 693-6100,Acute Care Hospitals,Proprietary,104,17
100053,STEWARD HIALEAH HOSPITAL,651 E 25TH ST,(305) 693-6100,Acute Care Hospitals,Proprietary,79,42
100053,STEWARD HIALEAH HOSPITAL,651 E 25TH ST,(305) 693-6100,Acute Care Hospitals,Proprietary,109,12
100053,STEWARD HIALEAH HOSPITAL,651 E 25TH ST,(305) 693-6100,Acute Care Hospitals,Proprietary,103,18
100053,STEWARD HIALEAH HOSPITAL,651 E 25TH ST,(305) 693-6100,Acute Care Hospitals,Proprietary,77,44
100053,STEWARD HIALEAH HOSPITAL,651 E 25TH ST,(305) 693-6100,Acute Care Hospitals,Proprietary,81,40
100053,STEWARD HIALEAH HOSPITAL,651 E 25TH ST,(305) 693-6100,Acute Care Hospitals,Proprietary,74,47
100053,STEWARD HIALEAH HOSPITAL,651 E 25TH ST,(305) 693-6100,Acute Care Hospitals,Proprietary,112,9
100053,STEWARD HIALEAH HOSPITAL,651 E 25TH ST,(305) 693-6100,Acute Care Hospitals,Proprietary,110,11
100053,STEWARD HIALEAH HOSPITAL,651 E 25TH ST,(305) 693-6100,Acute Care Hospitals,Proprietary,77,44
100053,STEWARD HIALEAH HOSPITAL,651 E 25TH ST,(305) 693-6100,Acute Care Hospitals,Proprietary,88,33
100053,STEWARD HIALEAH HOSPITAL,651 E 25TH ST,(305) 693-6100,Acute Care Hospitals,Proprietary,106,15
100053,STEWARD HIALEAH HOSPITAL,651 E 25TH ST,(305) 693-6100,Acute Care Hospitals,Proprietary,86,35
100053,STEWARD HIALEAH HOSPITAL,651 E 25TH ST,(305) 693-6100,Acute Care Hospitals,Proprietary,80,41
100053,STEWARD HIALEAH HOSPITAL,651 E 25TH ST,(305) 693-6100,Acute Care Hospitals,Proprietary,91,30
100053,STEWARD HIALEAH HOSPITAL,651 E 25TH ST,(305) 693-6100,Acute Care Hospitals,Proprietary,97,24
100053,STEWARD HIALEAH HOSPITAL,651 E 25TH ST,(305) 693-6100,Acute Care Hospitals,Proprietary,113,8
100053,STEWARD HIALEAH HOSPITAL,651 E 25TH ST,(305) 693-6100,Acute Care Hospitals,Proprietary,109,12
100053,STEWARD HIALEAH HOSPITAL,651 E 25TH ST,(305) 693-6100,Acute Care Hospitals,Proprietary,101,20
100053,STEWARD HIALEAH HOSPITAL,651 E 25TH ST,(305) 693-6100,Acute Care Hospitals,Proprietary,107,14
100053,STEWARD HIALEAH HOSPITAL,651 E 25TH ST,(305) 693-6100,Acute Care Hospitals,Proprietary,90,31
100053,STEWARD HIALEAH HOSPITAL,651 E 25TH ST,(305) 693-6100,Acute Care Hospitals,Proprietary,73,48
100053,STEWARD HIALEAH HOSPITAL,651 E 25TH ST,(305) 693-6100,Acute Care Hospitals,Proprietary,103,18
100053,STEWARD HIALEAH HOSPITAL,651 E 25TH ST,(305) 693-6100,Acute Care Hospitals,Proprietary,88,33
100053,STEWARD HIALEAH HOSPITAL,651 E 25TH ST,(305) 693-6100,Acute Care Hospitals,Proprietary,72,49
100053,STEWARD HIALEAH HOSPITAL,651 E 25TH ST,(305) 693-6100,Acute Care Hospitals,Proprietary,98,23
100053,STEWARD HIALEAH HOSPITAL,651 E 25TH ST,(305) 693-6100,Acute Care Hospitals,Proprietary,77,44
100053,STEWARD HIALEAH HOSPITAL,651 E 25TH ST,(305) 693-6100,Acute Care Hospitals,Proprietary,108,13
100053,STEWARD HIALEAH HOSPITAL,651 E 25TH ST,(305) 693-6100,Acute Care Hospitals,Proprietary,109,12
100053,STEWARD HIALEAH HOSPITAL,651 E 25TH ST,(305) 693-6100,Acute Care Hospitals,Proprietary,108,13
100053,STEWARD HIALEAH HOSPITAL,651 E 25TH ST,(305) 693-6100,Acute Care Hospitals,Proprietary,102,19
100053,STEWARD HIALEAH HOSPITAL,651 E 25TH ST,(305) 693-6100,Acute Care Hospitals,Proprietary,78,43
100053,STEWARD HIALEAH HOSPITAL,651 E 25TH ST,(305) 693-6100,Acute Care Hospitals,Proprietary,92,29
100053,STEWARD HIALEAH HOSPITAL,651 E 25TH ST,(305) 693-6100,Acute Care Hospitals,Proprietary,94,27
100053,STEWARD HIALEAH HOSPITAL,651 E 25TH ST,(305) 693-6100,Acute Care Hospitals,Proprietary,89,32
100053,STEWARD HIALEAH HOSPITAL,651 E 25TH ST,(305) 693-6100,Acute Care Hospitals,Proprietary,101,20
100053,STEWARD HIALEAH HOSPITAL,651 E 25TH ST,(305) 693-6100,Acute Care Hospitals,Proprietary,99,22
100053,STEWARD HIALEAH HOSPITAL,651 E 25TH ST,(305) 693-6100,Acute Care Hospitals,Proprietary,75,46
100053,STEWARD HIALEAH HOSPITAL,651 E 25TH ST,(305) 693-6100,Acute Care Hospitals,Proprietary,87,34
100053,STEWARD HIALEAH HOSPITAL,651 E 25TH ST,(305) 693-6100,Acute Care Hospitals,Proprietary,107,14
100053,STEWARD HIALEAH HOSPITAL,651 E 25TH ST,(305) 693-6100,Acute Care Hospitals,Proprietary,101,20
100053,STEWARD HIALEAH HOSPITAL,651 E 25TH ST,(305) 693-6100,Acute Care Hospitals,Proprietary,104,17
100053,STEWARD HIALEAH HOSPITAL,651 E 25TH ST,(305) 693-6100,Acute Care Hospitals,Proprietary,112,9
100053,STEWARD HIALEAH HOSPITAL,651 E 25TH ST,(305) 693-6100,Acute Care Hospitals,Proprietary,110,11
100053,STEWARD HIALEAH HOSPITAL,651 E 25TH ST,(305) 693-6100,Acute Care Hospitals,Proprietary,106,15
100053,STEWARD HIALEAH HOSPITAL,651 E 25TH ST,(305) 693-6100,Acute Care Hospitals,Proprietary,86,35
100053,STEWARD HIALEAH HOSPITAL,651 E 25TH ST,(305) 693-6100,Acute Care Hospitals,Proprietary,99,22
100053,STEWARD HIALEAH HOSPITAL,651 E 25TH ST,(305) 693-6100,Acute Care Hospitals,Proprietary,91,30
100053,STEWARD HIALEAH HOSPITAL,651 E 25TH ST,(305) 693-6100,Acute Care Hospitals,Proprietary,113,8
100053,STEWARD HIALEAH HOSPITAL,651 E 25TH ST,(305) 693-6100,Acute Care Hospitals,Proprietary,114,7
100053,STEWARD HIALEAH HOSPITAL,651 E 25TH ST,(305) 693-6100,Acute Care Hospitals,Proprietary,75,46
100053,STEWARD HIALEAH HOSPITAL,651 E 25TH ST,(305) 693-6100,Acute Care Hospitals,Proprietary,84,37
100053,STEWARD HIALEAH HOSPITAL,651 E 25TH ST,(305) 693-6100,Acute Care Hospitals,Proprietary,101,20
100053,STEWARD HIALEAH HOSPITAL,651 E 25TH ST,(305) 693-6100,Acute Care Hospitals,Proprietary,93,28
100053,STEWARD HIALEAH HOSPITAL,651 E 25TH ST,(305) 693-6100,Acute Care Hospitals,Proprietary,85,36
100053,STEWARD HIALEAH HOSPITAL,651 E 25TH ST,(305) 693-6100,Acute Care Hospitals,Proprietary,98,23
100053,STEWARD HIALEAH HOSPITAL,651 E 25TH ST,(305) 693-6100,Acute Care Hospitals,Proprietary,77,44
100053,STEWARD HIALEAH HOSPITAL,651 E 25TH ST,(305) 693-6100,Acute Care Hospitals,Proprietary,111,10
100053,STEWARD HIALEAH HOSPITAL,651 E 25TH ST,(305) 693-6100,Acute Care Hospitals,Proprietary,104,17
100053,STEWARD HIALEAH HOSPITAL,651 E 25TH ST,(305) 693-6100,Acute Care Hospitals,Proprietary,84,37
100053,STEWARD HIALEAH HOSPITAL,651 E 25TH ST,(305) 693-6100,Acute Care Hospitals,Proprietary,106,15
100053,STEWARD HIALEAH HOSPITAL,651 E 25TH ST,(305) 693-6100,Acute Care Hospitals,Proprietary,105,16
100053,STEWARD HIALEAH HOSPITAL,651 E 25TH ST,(305) 693-6100,Acute Care Hospitals,Proprietary,99,22
100053,STEWARD HIALEAH HOSPITAL,651 E 25TH ST,(305) 693-6100,Acute Care Hospitals,Proprietary,97,24
100053,STEWARD HIALEAH HOSPITAL,651 E 25TH ST,(305) 693-6100,Acute Care Hospitals,Proprietary,107,14
100053,STEWARD HIALEAH HOSPITAL,651 E 25TH ST,(305) 693-6100,Acute Care Hospitals,Proprietary,109,12
100053,STEWARD HIALEAH HOSPITAL,651 E 25TH ST,(305) 693-6100,Acute Care Hospitals,Proprietary,76,45
100053,STEWARD HIALEAH HOSPITAL,651 E 25TH ST,(305) 693-6100,Acute Care Hospitals,Proprietary,82,39
100053,STEWARD HIALEAH HOSPITAL,651 E 25TH ST,(305) 693-6100,Acute Care Hospitals,Proprietary,88,33
100053,STEWARD HIALEAH HOSPITAL,651 E 25TH ST,(305) 693-6100,Acute Care Hospitals,Proprietary,89,32
100053,STEWARD HIALEAH HOSPITAL,651 E 25TH ST,(305) 693-6100,Acute Care Hospitals,Proprietary,72,49
100053,STEWARD HIALEAH HOSPITAL,651 E 25TH ST,(305) 693-6100,Acute Care Hospitals,Proprietary,85,36
100053,STEWARD HIALEAH HOSPITAL,651 E 25TH ST,(305) 693-6100,Acute Care Hospitals,Proprietary,109,12
100053,STEWARD HIALEAH HOSPITAL,651 E 25TH ST,(305) 693-6100,Acute Care Hospitals,Proprietary,78,43
100053,STEWARD HIALEAH HOSPITAL,651 E 25TH ST,(305) 693-6100,Acute Care Hospitals,Proprietary,73,48
100053,STEWARD HIALEAH HOSPITAL,651 E 25TH ST,(305) 693-6100,Acute Care Hospitals,Proprietary,111,10
100053,STEWARD HIALEAH HOSPITAL,651 E 25TH ST,(305) 693-6100,Acute Care Hospitals,Proprietary,95,26
100053,STEWARD HIALEAH HOSPITAL,651 E 25TH ST,(305) 693-6100,Acute Care Hospitals,Proprietary,86,35
100053,STEWARD HIALEAH HOSPITAL,651 E 25TH ST,(305) 693-6100,Acute Care Hospitals,Proprietary,84,37
100053,STEWARD HIALEAH HOSPITAL,651 E 25TH ST,(305) 693-6100,Acute Care Hospitals,Proprietary,78,43
100053,STEWARD HIALEAH HOSPITAL,651 E 25TH ST,(305) 693-6100,Acute Care Hospitals,Proprietary,103,18
100053,STEWARD HIALEAH HOSPITAL,651 E 25TH ST,(305) 693-6100,Acute Care Hospitals,Proprietary,105,16
100053,STEWARD HIALEAH HOSPITAL,651 E 25TH ST,(305) 693-6100,Acute Care Hospitals,Proprietary,110,11
100053,STEWARD HIALEAH HOSPITAL,651 E 25TH ST,(305) 693-6100,Acute Care Hospitals,Proprietary,114,7
100053,STEWARD HIALEAH HOSPITAL,651 E 25TH ST,(305) 693-6100,Acute Care Hospitals,Proprietary,91,30
100053,STEWARD HIALEAH HOSPITAL,651 E 25TH ST,(305) 693-6100,Acute Care Hospitals,Proprietary,98,23
100053,STEWARD HIALEAH HOSPITAL,651 E 25TH ST,(305) 693-6100,Acute Care Hospitals,Proprietary,101,20
100053,STEWARD HIALEAH HOSPITAL,651 E 25TH ST,(305) 693-6100,Acute Care Hospitals,Proprietary,114,7
100053,STEWARD HIALEAH HOSPITAL,651 E 25TH ST,(305) 693-6100,Acute Care Hospitals,Proprietary,89,32
100053,STEWARD HIALEAH HOSPITAL,651 E 25TH ST,(305) 693-6100,Acute Care Hospitals,Proprietary,112,9
100053,STEWARD HIALEAH HOSPITAL,651 E 25TH ST,(305) 693-6100,Acute Care Hospitals,Proprietary,113,8
100053,STEWARD HIALEAH HOSPITAL,651 E 25TH ST,(305) 693-6100,Acute Care Hospitals,Proprietary,104,17
100053,STEWARD HIALEAH HOSPITAL,651 E 25TH ST,(305) 693-6100,Acute Care Hospitals,Proprietary,97,24
100053,STEWARD HIALEAH HOSPITAL,651 E 25TH ST,(305) 693-6100,Acute Care Hospitals,Proprietary,105,16
100053,STEWARD HIALEAH HOSPITAL,651 E 25TH ST,(305) 693-6100,Acute Care Hospitals,Proprietary,102,19
100053,STEWARD HIALEAH HOSPITAL,651 E 25TH ST,(305) 693-6100,Acute Care Hospitals,Proprietary,80,41
100053,STEWARD HIALEAH HOSPITAL,651 E 25TH ST,(305) 693-6100,Acute Care Hospitals,Proprietary,89,32
100053,STEWARD HIALEAH HOSPITAL,651 E 25TH ST,(305) 693-6100,Acute Care Hospitals,Proprietary,89,32
100053,STEWARD HIALEAH HOSPITAL,651 E 25TH ST,(305) 693-6100,Acute Care Hospitals,Proprietary,101,20
100053,STEWARD HIALEAH HOSPITAL,651 E 25TH ST,(305) 693-6100,Acute Care Hospitals,Proprietary,90,31
100053,STEWARD HIALEAH HOSPITAL,651 E 25TH ST,(305) 693-6100,Acute Care Hospitals,Proprietary,81,40
100053,STEWARD HIALEAH HOSPITAL,651 E 25TH ST,(305) 693-6100,Acute Care Hospitals,Proprietary,79,42
100053,STEWARD HIALEAH HOSPITAL,651 E 25TH ST,(305) 693-6100,Acute Care Hospitals,Proprietary,90,31
100053,STEWARD HIALEAH HOSPITAL,651 E 25TH ST,(305) 693-6100,Acute Care Hospitals,Proprietary,82,39
100053,STEWARD HIALEAH HOSPITAL,651 E 25TH ST,(305) 693-6100,Acute Care Hospitals,Proprietary,78,43
100053,STEWARD HIALEAH HOSPITAL,651 E 25TH ST,(305) 693-6100,Acute Care Hospitals,Proprietary,82,39
100053,STEWARD HIALEAH HOSPITAL,651 E 25TH ST,(305) 693-6100,Acute Care Hospitals,Proprietary,114,7
100053,STEWARD HIALEAH HOSPITAL,651 E 25TH ST,(305) 693-6100,Acute Care Hospitals,Proprietary,79,42
100053,STEWARD HIALEAH HOSPITAL,651 E 25TH ST,(305) 693-6100,Acute Care Hospitals,Proprietary,88,33
100053,STEWARD HIALEAH HOSPITAL,651 E 25TH ST,(305) 693-6100,Acute Care Hospitals,Proprietary,105,16
100053,STEWARD HIALEAH HOSPITAL,651 E 25TH ST,(305) 693-6100,Acute Care Hospitals,Proprietary,109,12
100053,STEWARD HIALEAH HOSPITAL,651 E 25TH ST,(305) 693-6100,Acute Care Hospitals,Proprietary,80,41
100053,STEWARD HIALEAH HOSPITAL,651 E 25TH ST,(305) 693-6100,Acute Care Hospitals,Proprietary,87,34
100053,STEWARD HIALEAH HOSPITAL,651 E 25TH ST,(305) 693-6100,Acute Care Hospitals,Proprietary,99,22
100053,STEWARD HIALEAH HOSPITAL,651 E 25TH ST,(305) 693-6100,Acute Care Hospitals,Proprietary,100,21
100053,STEWARD HIALEAH HOSPITAL,651 E 25TH ST,(305) 693-6100,Acute Care Hospitals,Proprietary,92,29
100053,STEWARD HIALEAH HOSPITAL,651 E 25TH ST,(305) 693-6100,Acute Care Hospitals,Proprietary,73,48
100053,STEWARD HIALEAH HOSPITAL,651 E 25TH ST,(305) 693-6100,Acute Care Hospitals,Proprietary,106,15
100053,STEWARD HIALEAH HOSPITAL,651 E 25TH ST,(305) 693-6100,Acute Care Hospitals,Proprietary,73,48
100053,STEWARD HIALEAH HOSPITAL,651 E 25TH ST,(305) 693-6100,Acute Care Hospitals,Proprietary,112,9
100053,STEWARD HIALEAH HOSPITAL,651 E 25TH ST,(305) 693-6100,Acute Care Hospitals,Proprietary,111,10
100053,STEWARD HIALEAH HOSPITAL,651 E 25TH ST,(305) 693-6100,Acute Care Hospitals,Proprietary,108,13
100053,STEWARD HIALEAH HOSPITAL,651 E 25TH ST,(305) 693-6100,Acute Care Hospitals,Proprietary,111,10
100053,STEWARD HIALEAH HOSPITAL,651 E 25TH ST,(305) 693-6100,Acute Care Hospitals,Proprietary,111,10
100053,STEWARD HIALEAH HOSPITAL,651 E 25TH ST,(305) 693-6100,Acute Care Hospitals,Proprietary,80,41
100053,STEWARD HIALEAH HOSPITAL,651 E 25TH ST,(305) 693-6100,Acute Care Hospitals,Proprietary,75,46
100053,STEWARD HIALEAH HOSPITAL,651 E 25TH ST,(305) 693-6100,Acute Care Hospitals,Proprietary,90,31
100053,STEWARD HIALEAH HOSPITAL,651 E 25TH ST,(305) 693-6100,Acute Care Hospitals,Proprietary,110,11
100053,STEWARD HIALEAH HOSPITAL,651 E 25TH ST,(305) 693-6100,Acute Care Hospitals,Proprietary,90,31
100053,STEWARD HIALEAH HOSPITAL,651 E 25TH ST,(305) 693-6100,Acute Care Hospitals,Proprietary,96,25
100053,STEWARD HIALEAH HOSPITAL,651 E 25TH ST,(305) 693-6100,Acute Care Hospitals,Proprietary,85,36
100053,STEWARD HIALEAH HOSPITAL,651 E 25TH ST,(305) 693-6100,Acute Care Hospitals,Proprietary,103,18
100053,STEWARD HIALEAH HOSPITAL,651 E 25TH ST,(305) 693-6100,Acute Care Hospitals,Proprietary,95,26
100053,STEWARD HIALEAH HOSPITAL,651 E 25TH ST,(305) 693-6100,Acute Care Hospitals,Proprietary,73,48
100053,STEWARD HIALEAH HOSPITAL,651 E 25TH ST,(305) 693-6100,Acute Care Hospitals,Proprietary,97,24
100053,STEWARD HIALEAH HOSPITAL,651 E 25TH ST,(305) 693-6100,Acute Care Hospitals,Proprietary,83,38
100053,STEWARD HIALEAH HOSPITAL,651 E 25TH ST,(305) 693-6100,Acute Care Hospitals,Proprietary,88,33
100053,STEWARD HIALEAH HOSPITAL,651 E 25TH ST,(305) 693-6100,Acute Care Hospitals,Proprietary,90,31
100053,STEWARD HIALEAH HOSPITAL,651 E 25TH ST,(305) 693-6100,Acute Care Hospitals,Proprietary,93,28
100053,STEWARD HIALEAH HOSPITAL,651 E 25TH ST,(305) 693-6100,Acute Care Hospitals,Proprietary,89,32
100053,STEWARD HIALEAH HOSPITAL,651 E 25TH ST,(305) 693-6100,Acute Care Hospitals,Proprietary,108,13
100053,STEWARD HIALEAH HOSPITAL,651 E 25TH ST,(305) 693-6100,Acute Care Hospitals,Proprietary,99,22
100053,STEWARD HIALEAH HOSPITAL,651 E 25TH ST,(305) 693-6100,Acute Care Hospitals,Proprietary,83,38
100053,STEWARD HIALEAH HOSPITAL,651 E 25TH ST,(305) 693-6100,Acute Care Hospitals,Proprietary,77,44
100053,STEWARD HIALEAH HOSPITAL,651 E 25TH ST,(305) 693-6100,Acute Care Hospitals,Proprietary,95,26
100053,STEWARD HIALEAH HOSPITAL,651 E 25TH ST,(305) 693-6100,Acute Care Hospitals,Proprietary,110,11
100053,STEWARD HIALEAH HOSPITAL,651 E 25TH ST,(305) 693-6100,Acute Care Hospitals,Proprietary,78,43
100053,STEWARD HIALEAH HOSPITAL,651 E 25TH ST,(305) 693-6100,Acute Care Hospitals,Proprietary,88,33
100053,STEWARD HIALEAH HOSPITAL,651 E 25TH ST,(305) 693-6100,Acute Care Hospitals,Proprietary,75,46
100053,STEWARD HIALEAH HOSPITAL,651 E 25TH ST,(305) 693-6100,Acute Care Hospitals,Proprietary,78,43
100053,STEWARD HIALEAH HOSPITAL,651 E 25TH ST,(305) 693-6100,Acute Care Hospitals,Proprietary,90,31
100053,STEWARD HIALEAH HOSPITAL,651 E 25TH ST,(305) 693-6100,Acute Care Hospitals,Proprietary,91,30
100053,STEWARD HIALEAH HOSPITAL,651 E 25TH ST,(305) 693-6100,Acute Care Hospitals,Proprietary,111,10
100053,STEWARD HIALEAH HOSPITAL,651 E 25TH ST,(305) 693-6100,Acute Care Hospitals,Proprietary,77,44
100053,STEWARD HIALEAH HOSPITAL,651 E 25TH ST,(305) 693-6100,Acute Care Hospitals,Proprietary,100,21
100053,STEWARD HIALEAH HOSPITAL,651 E 25TH ST,(305) 693-6100,Acute Care Hospitals,Proprietary,74,47
100053,STEWARD HIALEAH HOSPITAL,651 E 25TH ST,(305) 693-6100,Acute Care Hospitals,Proprietary,98,23
100053,STEWARD HIALEAH HOSPITAL,651 E 25TH ST,(305) 693-6100,Acute Care Hospitals,Proprietary,107,14
100053,STEWARD HIALEAH HOSPITAL,651 E 25TH ST,(305) 693-6100,Acute Care Hospitals,Proprietary,109,12
100053,STEWARD HIALEAH HOSPITAL,651 E 25TH ST,(305) 693-6100,Acute Care Hospitals,Proprietary,81,40
100053,STEWARD HIALEAH HOSPITAL,651 E 25TH ST,(305) 693-6100,Acute Care Hospitals,Proprietary,102,19
100053,STEWARD HIALEAH HOSPITAL,651 E 25TH ST,(305) 693-6100,Acute Care Hospitals,Proprietary,114,7
100053,STEWARD HIALEAH HOSPITAL,651 E 25TH ST,(305) 693-6100,Acute Care Hospitals,Proprietary,99,22
100053,STEWARD HIALEAH HOSPITAL,651 E 25TH ST,(305) 693-6100,Acute Care Hospitals,Proprietary,88,33
100053,STEWARD HIALEAH HOSPITAL,651 E 25TH ST,(305) 693-6100,Acute Care Hospitals,Proprietary,107,14
100053,STEWARD HIALEAH HOSPITAL,651 E 25TH ST,(305) 693-6100,Acute Care Hospitals,Proprietary,111,10
100053,STEWARD HIALEAH HOSPITAL,651 E 25TH ST,(305) 693-6100,Acute Care Hospitals,Proprietary,97,24
100053,STEWARD HIALEAH HOSPITAL,651 E 25TH ST,(305) 693-6100,Acute Care Hospitals,Proprietary,88,33
100053,STEWARD HIALEAH HOSPITAL,651 E 25TH ST,(305) 693-6100,Acute Care Hospitals,Proprietary,100,21
100053,STEWARD HIALEAH HOSPITAL,651 E 25TH ST,(305) 693-6100,Acute Care Hospitals,Proprietary,95,26
100053,STEWARD HIALEAH HOSPITAL,651 E 25TH ST,(305) 693-6100,Acute Care Hospitals,Proprietary,75,46
100053,STEWARD HIALEAH HOSPITAL,651 E 25TH ST,(305) 693-6100,Acute Care Hospitals,Proprietary,100,21
100053,STEWARD HIALEAH HOSPITAL,651 E 25TH ST,(305) 693-6100,Acute Care Hospitals,Proprietary,81,40
100053,STEWARD HIALEAH HOSPITAL,651 E 25TH ST,(305) 693-6100,Acute Care Hospitals,Proprietary,97,24
100053,STEWARD HIALEAH HOSPITAL,651 E 25TH ST,(305) 693-6100,Acute Care Hospitals,Proprietary,90,31
100053,STEWARD HIALEAH HOSPITAL,651 E 25TH ST,(305) 693-6100,Acute Care Hospitals,Proprietary,97,24
100053,STEWARD HIALEAH HOSPITAL,651 E 25TH ST,(305) 693-6100,Acute Care Hospitals,Proprietary,101,20
100053,STEWARD HIALEAH HOSPITAL,651 E 25TH ST,(305) 693-6100,Acute Care Hospitals,Proprietary,101,20
100053,STEWARD HIALEAH HOSPITAL,651 E 25TH ST,(305) 693-6100,Acute Care Hospitals,Proprietary,85,36
100053,STEWARD HIALEAH HOSPITAL,651 E 25TH ST,(305) 693-6100,Acute Care Hospitals,Proprietary,83,38
100053,STEWARD HIALEAH HOSPITAL,651 E 25TH ST,(305) 693-6100,Acute Care Hospitals,Proprietary,72,49
100053,STEWARD HIALEAH HOSPITAL,651 E 25TH ST,(305) 693-6100,Acute Care Hospitals,Proprietary,80,41
100053,STEWARD HIALEAH HOSPITAL,651 E 25TH ST,(305) 693-6100,Acute Care Hospitals,Proprietary,82,39
100053,STEWARD HIALEAH HOSPITAL,651 E 25TH ST,(305) 693-6100,Acute Care Hospitals,Proprietary,85,36
100053,STEWARD HIALEAH HOSPITAL,651 E 25TH ST,(305) 693-6100,Acute Care Hospitals,Proprietary,105,16
100053,STEWARD HIALEAH HOSPITAL,651 E 25TH ST,(305) 693-6100,Acute Care Hospitals,Proprietary,114,7
100053,STEWARD HIALEAH HOSPITAL,651 E 25TH ST,(305) 693-6100,Acute Care Hospitals,Proprietary,100,21
100053,STEWARD HIALEAH HOSPITAL,651 E 25TH ST,(305) 693-6100,Acute Care Hospitals,Proprietary,87,34
100053,STEWARD HIALEAH HOSPITAL,651 E 25TH ST,(305) 693-6100,Acute Care Hospitals,Proprietary,110,11
100053,STEWARD HIALEAH HOSPITAL,651 E 25TH ST,(305) 693-6100,Acute Care Hospitals,Proprietary,103,18
100053,STEWARD HIALEAH HOSPITAL,651 E 25TH ST,(305) 693-6100,Acute Care Hospitals,Proprietary,110,11
100053,STEWARD HIALEAH HOSPITAL,651 E 25TH ST,(305) 693-6100,Acute Care Hospitals,Proprietary,107,14
100053,STEWARD HIALEAH HOSPITAL,651 E 25TH ST,(305) 693-6100,Acute Care Hospitals,Proprietary,110,11
100053,STEWARD HIALEAH HOSPITAL,651 E 25TH ST,(305) 693-6100,Acute Care Hospitals,Proprietary,113,8
100053,STEWARD HIALEAH HOSPITAL,651 E 25TH ST,(305) 693-6100,Acute Care Hospitals,Proprietary,97,24
100053,STEWARD HIALEAH HOSPITAL,651 E 25TH ST,(305) 693-6100,Acute Care Hospitals,Proprietary,80,41
100053,STEWARD HIALEAH HOSPITAL,651 E 25TH ST,(305) 693-6100,Acute Care Hospitals,Proprietary,104,17
100053,STEWARD HIALEAH HOSPITAL,651 E 25TH ST,(305) 693-6100,Acute Care Hospitals,Proprietary,93,28
100053,STEWARD HIALEAH HOSPITAL,651 E 25TH ST,(305) 693-6100,Acute Care Hospitals,Proprietary,95,26
100053,STEWARD HIALEAH HOSPITAL,651 E 25TH ST,(305) 693-6100,Acute Care Hospitals,Proprietary,101,20
100053,STEWARD HIALEAH HOSPITAL,651 E 25TH ST,(305) 693-6100,Acute Care Hospitals,Proprietary,101,20
100053,STEWARD HIALEAH HOSPITAL,651 E 25TH ST,(305) 693-6100,Acute Care Hospitals,Proprietary,114,7
100053,STEWARD HIALEAH HOSPITAL,651 E 25TH ST,(305) 693-6100,Acute Care Hospitals,Proprietary,82,39
100053,STEWARD HIALEAH HOSPITAL,651 E 25TH ST,(305) 693-6100,Acute Care Hospitals,Proprietary,94,27
100053,STEWARD HIALEAH HOSPITAL,651 E 25TH ST,(305) 693-6100,Acute Care Hospitals,Proprietary,73,48
100053,STEWARD HIALEAH HOSPITAL,651 E 25TH ST,(305) 693-6100,Acute Care Hospitals,Proprietary,95,26
100053,STEWARD HIALEAH HOSPITAL,651 E 25TH ST,(305) 693-6100,Acute Care Hospitals,Proprietary,73,48
100053,STEWARD HIALEAH HOSPITAL,651 E 25TH ST,(305) 693-6100,Acute Care Hospitals,Proprietary,113,8
100053,STEWARD HIALEAH HOSPITAL,651 E 25TH ST,(305) 693-6100,Acute Care Hospitals,Proprietary,83,38
100053,STEWARD HIALEAH HOSPITAL,651 E 25TH ST,(305) 693-6100,Acute Care Hospitals,Proprietary,110,11
100053,STEWARD HIALEAH HOSPITAL,651 E 25TH ST,(305) 693-6100,Acute Care Hospitals,Proprietary,92,29
100053,STEWARD HIALEAH HOSPITAL,651 E 25TH ST,(305) 693-6100,Acute Care Hospitals,Proprietary,112,9
100053,STEWARD HIALEAH HOSPITAL,651 E 25TH ST,(305) 693-6100,Acute Care Hospitals,Proprietary,108,13
100053,STEWARD HIALEAH HOSPITAL,651 E 25TH ST,(305) 693-6100,Acute Care Hospitals,Proprietary,78,43
100053,STEWARD HIALEAH HOSPITAL,651 E 25TH ST,(305) 693-6100,Acute Care Hospitals,Proprietary,99,22
100053,STEWARD HIALEAH HOSPITAL,651 E 25TH ST,(305) 693-6100,Acute Care Hospitals,Proprietary,81,40
100053,STEWARD HIALEAH HOSPITAL,651 E 25TH ST,(305) 693-6100,Acute Care Hospitals,Proprietary,113,8
100053,STEWARD HIALEAH HOSPITAL,651 E 25TH ST,(305) 693-6100,Acute Care Hospitals,Proprietary,103,18
100053,STEWARD HIALEAH HOSPITAL,651 E 25TH ST,(305) 693-6100,Acute Care Hospitals,Proprietary,74,47
100053,STEWARD HIALEAH HOSPITAL,651 E 25TH ST,(305) 693-6100,Acute Care Hospitals,Proprietary,88,33
100053,STEWARD HIALEAH HOSPITAL,651 E 25TH ST,(305) 693-6100,Acute Care Hospitals,Proprietary,110,11
100053,STEWARD HIALEAH HOSPITAL,651 E 25TH ST,(305) 693-6100,Acute Care Hospitals,Proprietary,111,10
100053,STEWARD HIALEAH HOSPITAL,651 E 25TH ST,(305) 693-6100,Acute Care Hospitals,Proprietary,104,17
100053,STEWARD HIALEAH HOSPITAL,651 E 25TH ST,(305) 693-6100,Acute Care Hospitals,Proprietary,95,26
100053,STEWARD HIALEAH HOSPITAL,651 E 25TH ST,(305) 693-6100,Acute Care Hospitals,Proprietary,78,43
100053,STEWARD HIALEAH HOSPITAL,651 E 25TH ST,(305) 693-6100,Acute Care Hospitals,Proprietary,102,19
100053,STEWARD HIALEAH HOSPITAL,651 E 25TH ST,(305) 693-6100,Acute Care Hospitals,Proprietary,81,40
100053,STEWARD HIALEAH HOSPITAL,651 E 25TH ST,(305) 693-6100,Acute Care Hospitals,Proprietary,90,31
100053,STEWARD HIALEAH HOSPITAL,651 E 25TH ST,(305) 693-6100,Acute Care Hospitals,Proprietary,75,46
100053,STEWARD HIALEAH HOSPITAL,651 E 25TH ST,(305) 693-6100,Acute Care Hospitals,Proprietary,82,39
100053,STEWARD HIALEAH HOSPITAL,651 E 25TH ST,(305) 693-6100,Acute Care Hospitals,Proprietary,101,20
100053,STEWARD HIALEAH HOSPITAL,651 E 25TH ST,(305) 693-6100,Acute Care Hospitals,Proprietary,75,46
100053,STEWARD HIALEAH HOSPITAL,651 E 25TH ST,(305) 693-6100,Acute Care Hospitals,Proprietary,96,25
100053,STEWARD HIALEAH HOSPITAL,651 E 25TH ST,(305) 693-6100,Acute Care Hospitals,Proprietary,106,15
100053,STEWARD HIALEAH HOSPITAL,651 E 25TH ST,(305) 693-6100,Acute Care Hospitals,Proprietary,76,45
100053,STEWARD HIALEAH HOSPITAL,651 E 25TH ST,(305) 693-6100,Acute Care Hospitals,Proprietary,74,47
100053,STEWARD HIALEAH HOSPITAL,651 E 25TH ST,(305) 693-6100,Acute Care Hospitals,Proprietary,79,42
100053,STEWARD HIALEAH HOSPITAL,651 E 25TH ST,(305) 693-6100,Acute Care Hospitals,Proprietary,84,37
100053,STEWARD HIALEAH HOSPITAL,651 E 25TH ST,(305) 693-6100,Acute Care Hospitals,Proprietary,76,45
100053,STEWARD HIALEAH HOSPITAL,651 E 25TH ST,(305) 693-6100,Acute Care Hospitals,Proprietary,105,16
100053,STEWARD HIALEAH HOSPITAL,651 E 25TH ST,(305) 693-6100,Acute Care Hospitals,Proprietary,72,49
100053,STEWARD HIALEAH HOSPITAL,651 E 25TH ST,(305) 693-6100,Acute Care Hospitals,Proprietary,81,40
100053,STEWARD HIALEAH HOSPITAL,651 E 25TH ST,(305) 693-6100,Acute Care Hospitals,Proprietary,102,19
100053,STEWARD HIALEAH HOSPITAL,651 E 25TH ST,(305) 693-6100,Acute Care Hospitals,Proprietary,82,39
100053,STEWARD HIALEAH HOSPITAL,651 E 25TH ST,(305) 693-6100,Acute Care Hospitals,Proprietary,87,34
100053,STEWARD HIALEAH HOSPITAL,651 E 25TH ST,(305) 693-6100,Acute Care Hospitals,Proprietary,103,18
100053,STEWARD HIALEAH HOSPITAL,651 E 25TH ST,(305) 693-6100,Acute Care Hospitals,Proprietary,73,48
100053,STEWARD HIALEAH HOSPITAL,651 E 25TH ST,(305) 693-6100,Acute Care Hospitals,Proprietary,73,48
100053,STEWARD HIALEAH HOSPITAL,651 E 25TH ST,(305) 693-6100,Acute Care Hospitals,Proprietary,104,17
100053,STEWARD HIALEAH HOSPITAL,651 E 25TH ST,(305) 693-6100,Acute Care Hospitals,Proprietary,101,20
100053,STEWARD HIALEAH HOSPITAL,651 E 25TH ST,(305) 693-6100,Acute Care Hospitals,Proprietary,111,10
100053,STEWARD HIALEAH HOSPITAL,651 E 25TH ST,(305) 693-6100,Acute Care Hospitals,Proprietary,100,21
100053,STEWARD HIALEAH HOSPITAL,651 E 25TH ST,(305) 693-6100,Acute Care Hospitals,Proprietary,77,44
100053,STEWARD HIALEAH HOSPITAL,651 E 25TH ST,(305) 693-6100,Acute Care Hospitals,Proprietary,111,10
100053,STEWARD HIALEAH HOSPITAL,651 E 25TH ST,(305) 693-6100,Acute Care Hospitals,Proprietary,80,41
100053,STEWARD HIALEAH HOSPITAL,651 E 25TH ST,(305) 693-6100,Acute Care Hospitals,Proprietary,89,32
100053,STEWARD HIALEAH HOSPITAL,651 E 25TH ST,(305) 693-6100,Acute Care Hospitals,Proprietary,73,48
100053,STEWARD HIALEAH HOSPITAL,651 E 25TH ST,(305) 693-6100,Acute Care Hospitals,Proprietary,79,42
100053,STEWARD HIALEAH HOSPITAL,651 E 25TH ST,(305) 693-6100,Acute Care Hospitals,Proprietary,77,44
100053,STEWARD HIALEAH HOSPITAL,651 E 25TH ST,(305) 693-6100,Acute Care Hospitals,Proprietary,86,35
100053,STEWARD HIALEAH HOSPITAL,651 E 25TH ST,(305) 693-6100,Acute Care Hospitals,Proprietary,113,8
100053,STEWARD HIALEAH HOSPITAL,651 E 25TH ST,(305) 693-6100,Acute Care Hospitals,Proprietary,97,24
100053,STEWARD HIALEAH HOSPITAL,651 E 25TH ST,(305) 693-6100,Acute Care Hospitals,Proprietary,90,31
100053,STEWARD HIALEAH HOSPITAL,651 E 25TH ST,(305) 693-6100,Acute Care Hospitals,Proprietary,104,17
100053,STEWARD HIALEAH HOSPITAL,651 E 25TH ST,(305) 693-6100,Acute Care Hospitals,Proprietary,86,35
100053,STEWARD HIALEAH HOSPITAL,651 E 25TH ST,(305) 693-6100,Acute Care Hospitals,Proprietary,90,31
100053,STEWARD HIALEAH HOSPITAL,651 E 25TH ST,(305) 693-6100,Acute Care Hospitals,Proprietary,109,12
100053,STEWARD HIALEAH HOSPITAL,651 E 25TH ST,(305) 693-6100,Acute Care Hospitals,Proprietary,82,39
100053,STEWARD HIALEAH HOSPITAL,651 E 25TH ST,(305) 693-6100,Acute Care Hospitals,Proprietary,99,22
100053,STEWARD HIALEAH HOSPITAL,651 E 25TH ST,(305) 693-6100,Acute Care Hospitals,Proprietary,89,32
100053,STEWARD HIALEAH HOSPITAL,651 E 25TH ST,(305) 693-6100,Acute Care Hospitals,Proprietary,98,23
100053,STEWARD HIALEAH HOSPITAL,651 E 25TH ST,(305) 693-6100,Acute Care Hospitals,Proprietary,73,48
100053,STEWARD HIALEAH HOSPITAL,651 E 25TH ST,(305) 693-6100,Acute Care Hospitals,Proprietary,105,16
100053,STEWARD HIALEAH HOSPITAL,651 E 25TH ST,(305) 693-6100,Acute Care Hospitals,Proprietary,114,7
100053,STEWARD HIALEAH HOSPITAL,651 E 25TH ST,(305) 693-6100,Acute Care Hospitals,Proprietary,88,33
100053,STEWARD HIALEAH HOSPITAL,651 E 25TH ST,(305) 693-6100,Acute Care Hospitals,Proprietary,84,37
100053,STEWARD HIALEAH HOSPITAL,651 E 25TH ST,(305) 693-6100,Acute Care Hospitals,Proprietary,80,41
100053,STEWARD HIALEAH HOSPITAL,651 E 25TH ST,(305) 693-6100,Acute Care Hospitals,Proprietary,98,23
100053,STEWARD HIALEAH HOSPITAL,651 E 25TH ST,(305) 693-6100,Acute Care Hospitals,Proprietary,106,15
100053,STEWARD HIALEAH HOSPITAL,651 E 25TH ST,(305) 693-6100,Acute Care Hospitals,Proprietary,90,31
100053,STEWARD HIALEAH HOSPITAL,651 E 25TH ST,(305) 693-6100,Acute Care Hospitals,Proprietary,85,36
100053,STEWARD HIALEAH HOSPITAL,651 E 25TH ST,(305) 693-6100,Acute Care Hospitals,Proprietary,73,48
100053,STEWARD HIALEAH HOSPITAL,651 E 25TH ST,(305) 693-6100,Acute Care Hospitals,Proprietary,86,35
100053,STEWARD HIALEAH HOSPITAL,651 E 25TH ST,(305) 693-6100,Acute Care Hospitals,Proprietary,72,49
100053,STEWARD HIALEAH HOSPITAL,651 E 25TH ST,(305) 693-6100,Acute Care Hospitals,Proprietary,104,17
100053,STEWARD HIALEAH HOSPITAL,651 E 25TH ST,(305) 693-6100,Acute Care Hospitals,Proprietary,95,26
100053,STEWARD HIALEAH HOSPITAL,651 E 25TH ST,(305) 693-6100,Acute Care Hospitals,Proprietary,91,30
100053,STEWARD HIALEAH HOSPITAL,651 E 25TH ST,(305) 693-6100,Acute Care Hospitals,Proprietary,83,38
100053,STEWARD HIALEAH HOSPITAL,651 E 25TH ST,(305) 693-6100,Acute Care Hospitals,Proprietary,91,30
100053,STEWARD HIALEAH HOSPITAL,651 E 25TH ST,(305) 693-6100,Acute Care Hospitals,Proprietary,93,28
100053,STEWARD HIALEAH HOSPITAL,651 E 25TH ST,(305) 693-6100,Acute Care Hospitals,Proprietary,77,44
100053,STEWARD HIALEAH HOSPITAL,651 E 25TH ST,(305) 693-6100,Acute Care Hospitals,Proprietary,92,29
100053,STEWARD HIALEAH HOSPITAL,651 E 25TH ST,(305) 693-6100,Acute Care Hospitals,Proprietary,112,9
100053,STEWARD HIALEAH HOSPITAL,651 E 25TH ST,(305) 693-6100,Acute Care Hospitals,Proprietary,113,8
100053,STEWARD HIALEAH HOSPITAL,651 E 25TH ST,(305) 693-6100,Acute Care Hospitals,Proprietary,90,31
100053,STEWARD HIALEAH HOSPITAL,651 E 25TH ST,(305) 693-6100,Acute Care Hospitals,Proprietary,102,19
100053,STEWARD HIALEAH HOSPITAL,651 E 25TH ST,(305) 693-6100,Acute Care Hospitals,Proprietary,87,34
100053,STEWARD HIALEAH HOSPITAL,651 E 25TH ST,(305) 693-6100,Acute Care Hospitals,Proprietary,83,38
100053,STEWARD HIALEAH HOSPITAL,651 E 25TH ST,(305) 693-6100,Acute Care Hospitals,Proprietary,113,8
100053,STEWARD HIALEAH HOSPITAL,651 E 25TH ST,(305) 693-6100,Acute Care Hospitals,Proprietary,100,21
100053,STEWARD HIALEAH HOSPITAL,651 E 25TH ST,(305) 693-6100,Acute Care Hospitals,Proprietary,114,7
100053,STEWARD HIALEAH HOSPITAL,651 E 25TH ST,(305) 693-6100,Acute Care Hospitals,Proprietary,74,47
100053,STEWARD HIALEAH HOSPITAL,651 E 25TH ST,(305) 693-6100,Acute Care Hospitals,Proprietary,88,33
100053,STEWARD HIALEAH HOSPITAL,651 E 25TH ST,(305) 693-6100,Acute Care Hospitals,Proprietary,102,19
100053,STEWARD HIALEAH HOSPITAL,651 E 25TH ST,(305) 693-6100,Acute Care Hospitals,Proprietary,84,37
100053,STEWARD HIALEAH HOSPITAL,651 E 25TH ST,(305) 693-6100,Acute Care Hospitals,Proprietary,92,29
100053,STEWARD HIALEAH HOSPITAL,651 E 25TH ST,(305) 693-6100,Acute Care Hospitals,Proprietary,113,8
100053,STEWARD HIALEAH HOSPITAL,651 E 25TH ST,(305) 693-6100,Acute Care Hospitals,Proprietary,82,39
100053,STEWARD HIALEAH HOSPITAL,651 E 25TH ST,(305) 693-6100,Acute Care Hospitals,Proprietary,79,42
100053,STEWARD HIALEAH HOSPITAL,651 E 25TH ST,(305) 693-6100,Acute Care Hospitals,Proprietary,106,15
100053,STEWARD HIALEAH HOSPITAL,651 E 25TH ST,(305) 693-6100,Acute Care Hospitals,Proprietary,81,40
100053,STEWARD HIALEAH HOSPITAL,651 E 25TH ST,(305) 693-6100,Acute Care Hospitals,Proprietary,85,36
100053,STEWARD HIALEAH HOSPITAL,651 E 25TH ST,(305) 693-6100,Acute Care Hospitals,Proprietary,72,49
100053,STEWARD HIALEAH HOSPITAL,651 E 25TH ST,(305) 693-6100,Acute Care Hospitals,Proprietary,93,28
100053,STEWARD HIALEAH HOSPITAL,651 E 25TH ST,(305) 693-6100,Acute Care Hospitals,Proprietary,84,37
100053,STEWARD HIALEAH HOSPITAL,651 E 25TH ST,(305) 693-6100,Acute Care Hospitals,Proprietary,99,22
100053,STEWARD HIALEAH HOSPITAL,651 E 25TH ST,(305) 693-6100,Acute Care Hospitals,Proprietary,102,19
100053,STEWARD HIALEAH HOSPITAL,651 E 25TH ST,(305) 693-6100,Acute Care Hospitals,Proprietary,87,34
100053,STEWARD HIALEAH HOSPITAL,651 E 25TH ST,(305) 693-6100,Acute Care Hospitals,Proprietary,107,14
100053,STEWARD HIALEAH HOSPITAL,651 E 25TH ST,(305) 693-6100,Acute Care Hospitals,Proprietary,95,26
100053,STEWARD HIALEAH HOSPITAL,651 E 25TH ST,(305) 693-6100,Acute Care Hospitals,Proprietary,112,9
100053,STEWARD HIALEAH HOSPITAL,651 E 25TH ST,(305) 693-6100,Acute Care Hospitals,Proprietary,101,20
100053,STEWARD HIALEAH HOSPITAL,651 E 25TH ST,(305) 693-6100,Acute Care Hospitals,Proprietary,110,11
100053,STEWARD HIALEAH HOSPITAL,651 E 25TH ST,(305) 693-6100,Acute Care Hospitals,Proprietary,106,15
100053,STEWARD HIALEAH HOSPITAL,651 E 25TH ST,(305) 693-6100,Acute Care Hospitals,Proprietary,114,7
100053,STEWARD HIALEAH HOSPITAL,651 E 25TH ST,(305) 693-6100,Acute Care Hospitals,Proprietary,94,27
100053,STEWARD HIALEAH HOSPITAL,651 E 25TH ST,(305) 693-6100,Acute Care Hospitals,Proprietary,86,35
100053,STEWARD HIALEAH HOSPITAL,651 E 25TH ST,(305) 693-6100,Acute Care Hospitals,Proprietary,80,41
100053,STEWARD HIALEAH HOSPITAL,651 E 25TH ST,(305) 693-6100,Acute Care Hospitals,Proprietary,90,31
100053,STEWARD HIALEAH HOSPITAL,651 E 25TH ST,(305) 693-6100,Acute Care Hospitals,Proprietary,100,21
100053,STEWARD HIALEAH HOSPITAL,651 E 25TH ST,(305) 693-6100,Acute Care Hospitals,Proprietary,81,40
100053,STEWARD HIALEAH HOSPITAL,651 E 25TH ST,(305) 693-6100,Acute Care Hospitals,Proprietary,85,36
100053,STEWARD HIALEAH HOSPITAL,651 E 25TH ST,(305) 693-6100,Acute Care Hospitals,Proprietary,90,31
100053,STEWARD HIALEAH HOSPITAL,651 E 25TH ST,(305) 693-6100,Acute Care Hospitals,Proprietary,104,17
100053,STEWARD HIALEAH HOSPITAL,651 E 25TH ST,(305) 693-6100,Acute Care Hospitals,Proprietary,85,36
100053,STEWARD HIALEAH HOSPITAL,651 E 25TH ST,(305) 693-6100,Acute Care Hospitals,Proprietary,100,21
100053,STEWARD HIALEAH HOSPITAL,651 E 25TH ST,(305) 693-6100,Acute Care Hospitals,Proprietary,94,27
100053,STEWARD HIALEAH HOSPITAL,651 E 25TH ST,(305) 693-6100,Acute Care Hospitals,Proprietary,82,39
100053,STEWARD HIALEAH HOSPITAL,651 E 25TH ST,(305) 693-6100,Acute Care Hospitals,Proprietary,100,21
100053,STEWARD HIALEAH HOSPITAL,651 E 25TH ST,(305) 693-6100,Acute Care Hospitals,Proprietary,99,22
100053,STEWARD HIALEAH HOSPITAL,651 E 25TH ST,(305) 693-6100,Acute Care Hospitals,Proprietary,93,28
100053,STEWARD HIALEAH HOSPITAL,651 E 25TH ST,(305) 693-6100,Acute Care Hospitals,Proprietary,72,49
100053,STEWARD HIALEAH HOSPITAL,651 E 25TH ST,(305) 693-6100,Acute Care Hospitals,Proprietary,80,41
100053,STEWARD HIALEAH HOSPITAL,651 E 25TH ST,(305) 693-6100,Acute Care Hospitals,Proprietary,87,34
100053,STEWARD HIALEAH HOSPITAL,651 E 25TH ST,(305) 693-6100,Acute Care Hospitals,Proprietary,100,21
100053,STEWARD HIALEAH HOSPITAL,651 E 25TH ST,(305) 693-6100,Acute Care Hospitals,Proprietary,91,30
100053,STEWARD HIALEAH HOSPITAL,651 E 25TH ST,(305) 693-6100,Acute Care Hospitals,Proprietary,107,14
100053,STEWARD HIALEAH HOSPITAL,651 E 25TH ST,(305) 693-6100,Acute Care Hospitals,Proprietary,104,17
100053,STEWARD HIALEAH HOSPITAL,651 E 25TH ST,(305) 693-6100,Acute Care Hospitals,Proprietary,98,23
100053,STEWARD HIALEAH HOSPITAL,651 E 25TH ST,(305) 693-6100,Acute Care Hospitals,Proprietary,94,27
100053,STEWARD HIALEAH HOSPITAL,651 E 25TH ST,(305) 693-6100,Acute Care Hospitals,Proprietary,103,18
100053,STEWARD HIALEAH HOSPITAL,651 E 25TH ST,(305) 693-6100,Acute Care Hospitals,Proprietary,111,10
100053,STEWARD HIALEAH HOSPITAL,651 E 25TH ST,(305) 693-6100,Acute Care Hospitals,Proprietary,97,24
100053,STEWARD HIALEAH HOSPITAL,651 E 25TH ST,(305) 693-6100,Acute Care Hospitals,Proprietary,102,19
100053,STEWARD HIALEAH HOSPITAL,651 E 25TH ST,(305) 693-6100,Acute Care Hospitals,Proprietary,113,8
100053,STEWARD HIALEAH HOSPITAL,651 E 25TH ST,(305) 693-6100,Acute Care Hospitals,Proprietary,107,14
100053,STEWARD HIALEAH HOSPITAL,651 E 25TH ST,(305) 693-6100,Acute Care Hospitals,Proprietary,77,44
100053,STEWARD HIALEAH HOSPITAL,651 E 25TH ST,(305) 693-6100,Acute Care Hospitals,Proprietary,84,37
100053,STEWARD HIALEAH HOSPITAL,651 E 25TH ST,(305) 693-6100,Acute Care Hospitals,Proprietary,79,42
100053,STEWARD HIALEAH HOSPITAL,651 E 25TH ST,(305) 693-6100,Acute Care Hospitals,Proprietary,112,9
100053,STEWARD HIALEAH HOSPITAL,651 E 25TH ST,(305) 693-6100,Acute Care Hospitals,Proprietary,97,24
