Facility ID,Facility Name,Address,Telephone Number,Hospital Type,Hospital Ownership,Active Beds,Inactive Beds
100077,SHOREPOINT HEALTH PORT CHARLOTTE,2500 HARBOR BLVD,(941) 766-4122,Acute Care Hospitals,Proprietary,289,92
100077,SHOREPOINT HEALTH PORT CHARLOTTE,2500 HARBOR BLVD,(941) 766-4122,Acute Care Hospitals,Proprietary,274,107
100077,SHOREPOINT HEALTH PORT CHARLOTTE,2500 HARBOR BLVD,(941) 766-4122,Acute Care Hospitals,Proprietary,284,97
100077,SHOREPOINT HEALTH PORT CHARLOTTE,2500 HARBOR BLVD,(941) 766-4122,Acute Care Hospitals,Proprietary,296,85
100077,SHOREPOINT HEALTH PORT CHARLOTTE,2500 HARBOR BLVD,(941) 766-4122,Acute Care Hospitals,Proprietary,354,27
100077,SHOREPOINT HEALTH PORT CHARLOTTE,2500 HARBOR BLVD,(941) 766-4122,Acute Care Hospitals,Proprietary,303,78
100077,SHOREPOINT HEALTH PORT CHARLOTTE,2500 HARBOR BLVD,(941) 766-4122,Acute Care Hospitals,Proprietary,325,56
100077,SHOREPOINT HEALTH PORT CHARLOTTE,2500 HARBOR BLVD,(941) 766-4122,Acute Care Hospitals,Proprietary,266,115
100077,SHOREPOINT HEALTH PORT CHARLOTTE,2500 HARBOR BLVD,(941) 766-4122,Acute Care Hospitals,Proprietary,278,103
100077,SHOREPOINT HEALTH PORT CHARLOTTE,2500 HARBOR BLVD,(941) 766-4122,Acute Care Hospitals,Proprietary,235,146
100077,SHOREPOINT HEALTH PORT CHARLOTTE,2500 HARBOR BLVD,(941) 766-4122,Acute Care Hospitals,Proprietary,296,85
100077,SHOREPOINT HEALTH PORT CHARLOTTE,2500 HARBOR BLVD,(941) 766-4122,Acute Care Hospitals,Proprietary,326,55
100077,SHOREPOINT HEALTH PORT CHARLOTTE,2500 HARBOR BLVD,(941) 766-4122,Acute Care Hospitals,Proprietary,289,92
100077,SHOREPOINT HEALTH PORT CHARLOTTE,2500 HARBOR BLVD,(941) 766-4122,Acute Care Hospitals,Proprietary,302,79
100077,SHOREPOINT HEALTH PORT CHARLOTTE,2500 HARBOR BLVD,(941) 766-4122,Acute Care Hospitals,Proprietary,241,140
100077,SHOREPOINT HEALTH PORT CHARLOTTE,2500 HARBOR BLVD,(941) 766-4122,Acute Care Hospitals,Proprietary,232,149
100077,SHOREPOINT HEALTH PORT CHARLOTTE,2500 HARBOR BLVD,(941) 766-4122,Acute Care Hospitals,Proprietary,294,87
100077,SHOREPOINT HEALTH PORT CHARLOTTE,2500 HARBOR BLVD,(941) 766-4122,Acute Care Hospitals,Proprietary,243,138
100077,SHOREPOINT HEALTH PORT CHARLOTTE,2500 HARBOR BLVD,(941) 766-4122,Acute Care Hospitals,Proprietary,338,43
100077,SHOREPOINT HEALTH PORT CHARLOTTE,2500 HARBOR BLVD,(941) 766-4122,Acute Care Hospitals,Proprietary,265,116
100077,SHOREPOINT HEALTH PORT CHARLOTTE,2500 HARBOR BLVD,(941) 766-4122,Acute Care Hospitals,Proprietary,295,86
100077,SHOREPOINT HEALTH PORT CHARLOTTE,2500 HARBOR BLVD,(941) 766-4122,Acute Care Hospitals,Proprietary,360,21
100077,SHOREPOINT HEALTH PORT CHARLOTTE,2500 HARBOR BLVD,(941) 766-4122,Acute Care Hospitals,Proprietary,287,94
100077,SHOREPOINT HEALTH PORT CHARLOTTE,2500 HARBOR BLVD,(941) 766-4122,Acute Care Hospitals,Proprietary,291,90
100077,SHOREPOINT HEALTH PORT CHARLOTTE,2500 HARBOR BLVD,(941) 766-4122,Acute Care Hospitals,Proprietary,338,43
100077,SHOREPOINT HEALTH PORT CHARLOTTE,2500 HARBOR BLVD,(941) 766-4122,Acute Care Hospitals,Proprietary,263,118
100077,SHOREPOINT HEALTH PORT CHARLOTTE,2500 HARBOR BLVD,(941) 766-4122,Acute Care Hospitals,Proprietary,245,136
100077,SHOREPOINT HEALTH PORT CHARLOTTE,2500 HARBOR BLVD,(941) 766-4122,Acute Care Hospitals,Proprietary,232,149
100077,SHOREPOINT HEALTH PORT CHARLOTTE,2500 HARBOR BLVD,(941) 766-4122,Acute Care Hospitals,Proprietary,335,46
100077,SHOREPOINT HEALTH PORT CHARLOTTE,2500 HARBOR BLVD,(941) 766-4122,Acute Care Hospitals,Proprietary,350,31
100077,SHOREPOINT HEALTH PORT CHARLOTTE,2500 HARBOR BLVD,(941) 766-4122,Acute Care Hospitals,Proprietary,295,86
100077,SHOREPOINT HEALTH PORT CHARLOTTE,2500 HARBOR BLVD,(941) 766-4122,Acute Care Hospitals,Proprietary,305,76
100077,SHOREPOINT HEALTH PORT CHARLOTTE,2500 HARBOR BLVD,(941) 766-4122,Acute Care Hospitals,Proprietary,262,119
100077,SHOREPOINT HEALTH PORT CHARLOTTE,2500 HARBOR BLVD,(941) 766-4122,Acute Care Hospitals,Proprietary,307,74
100077,SHOREPOINT HEALTH PORT CHARLOTTE,2500 HARBOR BLVD,(941) 766-4122,Acute Care Hospitals,Proprietary,294,87
100077,SHOREPOINT HEALTH PORT CHARLOTTE,2500 HARBOR BLVD,(941) 766-4122,Acute Care Hospitals,Proprietary,329,52
100077,SHOREPOINT HEALTH PORT CHARLOTTE,2500 HARBOR BLVD,(941) 766-4122,Acute Care Hospitals,Proprietary,342,39
100077,SHOREPOINT HEALTH PORT CHARLOTTE,2500 HARBOR BLVD,(941) 766-4122,Acute Care Hospitals,Proprietary,303,78
100077,SHOREPOINT HEALTH PORT CHARLOTTE,2500 HARBOR BLVD,(941) 766-4122,Acute Care Hospitals,Proprietary,352,29
100077,SHOREPOINT HEALTH PORT CHARLOTTE,2500 HARBOR BLVD,(941) 766-4122,Acute Care Hospitals,Proprietary,351,30
100077,SHOREPOINT HEALTH PORT CHARLOTTE,2500 HARBOR BLVD,(941) 766-4122,Acute Care Hospitals,Proprietary,257,124
100077,SHOREPOINT HEALTH PORT CHARLOTTE,2500 HARBOR BLVD,(941) 766-4122,Acute Care Hospitals,Proprietary,287,94
100077,SHOREPOINT HEALTH PORT CHARLOTTE,2500 HARBOR BLVD,(941) 766-4122,Acute Care Hospitals,Proprietary,244,137
100077,SHOREPOINT HEALTH PORT CHARLOTTE,2500 HARBOR BLVD,(941) 766-4122,Acute Care Hospitals,Proprietary,294,87
100077,SHOREPOINT HEALTH PORT CHARLOTTE,2500 HARBOR BLVD,(941) 766-4122,Acute Care Hospitals,Proprietary,351,30
100077,SHOREPOINT HEALTH PORT CHARLOTTE,2500 HARBOR BLVD,(941) 766-4122,Acute Care Hospitals,Proprietary,262,119
100077,SHOREPOINT HEALTH PORT CHARLOTTE,2500 HARBOR BLVD,(941) 766-4122,Acute Care Hospitals,Proprietary,284,97
100077,SHOREPOINT HEALTH PORT CHARLOTTE,2500 HARBOR BLVD,(941) 766-4122,Acute Care Hospitals,Proprietary,355,26
100077,SHOREPOINT HEALTH PORT CHARLOTTE,2500 HARBOR BLVD,(941) 766-4122,Acute Care Hospitals,Proprietary,353,28
100077,SHOREPOINT HEALTH PORT CHARLOTTE,2500 HARBOR BLVD,(941) 766-4122,Acute Care Hospitals,Proprietary,357,24
100077,SHOREPOINT HEALTH PORT CHARLOTTE,2500 HARBOR BLVD,(941) 766-4122,Acute Care Hospitals,Proprietary,261,120
100077,SHOREPOINT HEALTH PORT CHARLOTTE,2500 HARBOR BLVD,(941) 766-4122,Acute Care Hospitals,Proprietary,354,27
100077,SHOREPOINT HEALTH PORT CHARLOTTE,2500 HARBOR BLVD,(941) 766-4122,Acute Care Hospitals,Proprietary,256,125
100077,SHOREPOINT HEALTH PORT CHARLOTTE,2500 HARBOR BLVD,(941) 766-4122,Acute Care Hospitals,Proprietary,321,60
100077,SHOREPOINT HEALTH PORT CHARLOTTE,2500 HARBOR BLVD,(941) 766-4122,Acute Care Hospitals,Proprietary,307,74
100077,SHOREPOINT HEALTH PORT CHARLOTTE,2500 HARBOR BLVD,(941) 766-4122,Acute Care Hospitals,Proprietary,358,23
100077,SHOREPOINT HEALTH PORT CHARLOTTE,2500 HARBOR BLVD,(941) 766-4122,Acute Care Hospitals,Proprietary,322,59
100077,SHOREPOINT HEALTH PORT CHARLOTTE,2500 HARBOR BLVD,(941) 766-4122,Acute Care Hospitals,Proprietary,303,78
100077,SHOREPOINT HEALTH PORT CHARLOTTE,2500 HARBOR BLVD,(941) 766-4122,Acute Care Hospitals,Proprietary,357,24
100077,SHOREPOINT HEALTH PORT CHARLOTTE,2500 HARBOR BLVD,(941) 766-4122,Acute Care Hospitals,Proprietary,273,108
100077,SHOREPOINT HEALTH PORT CHARLOTTE,2500 HARBOR BLVD,(941) 766-4122,Acute Care Hospitals,Proprietary,279,102
100077,SHOREPOINT HEALTH PORT CHARLOTTE,2500 HARBOR BLVD,(941) 766-4122,Acute Care Hospitals,Proprietary,293,88
100077,SHOREPOINT HEALTH PORT CHARLOTTE,2500 HARBOR BLVD,(941) 766-4122,Acute Care Hospitals,Proprietary,314,67
100077,SHOREPOINT HEALTH PORT CHARLOTTE,2500 HARBOR BLVD,(941) 766-4122,Acute Care Hospitals,Proprietary,268,113
100077,SHOREPOINT HEALTH PORT CHARLOTTE,2500 HARBOR BLVD,(941) 766-4122,Acute Care Hospitals,Proprietary,283,98
100077,SHOREPOINT HEALTH PORT CHARLOTTE,2500 HARBOR BLVD,(941) 766-4122,Acute Care Hospitals,Proprietary,243,138
100077,SHOREPOINT HEALTH PORT CHARLOTTE,2500 HARBOR BLVD,(941) 766-4122,Acute Care Hospitals,Proprietary,263,118
100077,SHOREPOINT HEALTH PORT CHARLOTTE,2500 HARBOR BLVD,(941) 766-4122,Acute Care Hospitals,Proprietary,353,28
100077,SHOREPOINT HEALTH PORT CHARLOTTE,2500 HARBOR BLVD,(941) 766-4122,Acute Care Hospitals,Proprietary,259,122
100077,SHOREPOINT HEALTH PORT CHARLOTTE,2500 HARBOR BLVD,(941) 766-4122,Acute Care Hospitals,Proprietary,239,142
100077,SHOREPOINT HEALTH PORT CHARLOTTE,2500 HARBOR BLVD,(941) 766-4122,Acute Care Hospitals,Proprietary,342,39
100077,SHOREPOINT HEALTH PORT CHARLOTTE,2500 HARBOR BLVD,(941) 766-4122,Acute Care Hospitals,Proprietary,287,94
100077,SHOREPOINT HEALTH PORT CHARLOTTE,2500 HARBOR BLVD,(941) 766-4122,Acute Care Hospitals,Proprietary,238,143
100077,SHOREPOINT HEALTH PORT CHARLOTTE,2500 HARBOR BLVD,(941) 766-4122,Acute Care Hospitals,Proprietary,256,125
100077,SHOREPOINT HEALTH PORT CHARLOTTE,2500 HARBOR BLVD,(941) 766-4122,Acute Care Hospitals,Proprietary,343,38
100077,SHOREPOINT HEALTH PORT CHARLOTTE,2500 HARBOR BLVD,(941) 766-4122,Acute Care Hospitals,Proprietary,335,46
100077,SHOREPOINT HEALTH PORT CHARLOTTE,2500 HARBOR BLVD,(941) 766-4122,Acute Care Hospitals,Proprietary,244,137
100077,SHOREPOINT HEALTH PORT CHARLOTTE,2500 HARBOR BLVD,(941) 766-4122,Acute Care Hospitals,Proprietary,258,123
100077,SHOREPOINT HEALTH PORT CHARLOTTE,2500 HARBOR BLVD,(941) 766-4122,Acute Care Hospitals,Proprietary,259,122
100077,SHOREPOINT HEALTH PORT CHARLOTTE,2500 HARBOR BLVD,(941) 766-4122,Acute Care Hospitals,Proprietary,252,129
100077,SHOREPOINT HEALTH PORT CHARLOTTE,2500 HARBOR BLVD,(941) 766-4122,Acute Care Hospitals,Proprietary,230,151
100077,SHOREPOINT HEALTH PORT CHARLOTTE,2500 HARBOR BLVD,(941) 766-4122,Acute Care Hospitals,Proprietary,250,131
100077,SHOREPOINT HEALTH PORT CHARLOTTE,2500 HARBOR BLVD,(941) 766-4122,Acute Care Hospitals,Proprietary,360,21
100077,SHOREPOINT HEALTH PORT CHARLOTTE,2500 HARBOR BLVD,(941) 766-4122,Acute Care Hospitals,Proprietary,326,55
100077,SHOREPOINT HEALTH PORT CHARLOTTE,2500 HARBOR BLVD,(941) 766-4122,Acute Care Hospitals,Proprietary,246,135
100077,SHOREPOINT HEALTH PORT CHARLOTTE,2500 HARBOR BLVD,(941) 766-4122,Acute Care Hospitals,Proprietary,282,99
100077,SHOREPOINT HEALTH PORT CHARLOTTE,2500 HARBOR BLVD,(941) 766-4122,Acute Care Hospitals,Proprietary,311,70
100077,SHOREPOINT HEALTH PORT CHARLOTTE,2500 HARBOR BLVD,(941) 766-4122,Acute Care Hospitals,Proprietary,331,50
100077,SHOREPOINT HEALTH PORT CHARLOTTE,2500 HARBOR BLVD,(941) 766-4122,Acute Care Hospitals,Proprietary,344,37
100077,SHOREPOINT HEALTH PORT CHARLOTTE,2500 HARBOR BLVD,(941) 766-4122,Acute Care Hospitals,Proprietary,337,44
100077,SHOREPOINT HEALTH PORT CHARLOTTE,2500 HARBOR BLVD,(941) 766-4122,Acute Care Hospitals,Proprietary,353,28
100077,SHOREPOINT HEALTH PORT CHARLOTTE,2500 HARBOR BLVD,(941) 766-4122,Acute Care Hospitals,Proprietary,265,116
100077,SHOREPOINT HEALTH PORT CHARLOTTE,2500 HARBOR BLVD,(941) 766-4122,Acute Care Hospitals,Proprietary,296,85
100077,SHOREPOINT HEALTH PORT CHARLOTTE,2500 HARBOR BLVD,(941) 766-4122,Acute Care Hospitals,Proprietary,249,132
100077,SHOREPOINT HEALTH PORT CHARLOTTE,2500 HARBOR BLVD,(941) 766-4122,Acute Care Hospitals,Proprietary,233,148
100077,SHOREPOINT HEALTH PORT CHARLOTTE,2500 HARBOR BLVD,(941) 766-4122,Acute Care Hospitals,Proprietary,337,44
100077,SHOREPOINT HEALTH PORT CHARLOTTE,2500 HARBOR BLVD,(941) 766-4122,Acute Care Hospitals,Proprietary,311,70
100077,SHOREPOINT HEALTH PORT CHARLOTTE,2500 HARBOR BLVD,(941) 766-4122,Acute Care Hospitals,Proprietary,321,60
100077,SHOREPOINT HEALTH PORT CHARLOTTE,2500 HARBOR BLVD,(941) 766-4122,Acute Care Hospitals,Proprietary,353,28
100077,SHOREPOINT HEALTH PORT CHARLOTTE,2500 HARBOR BLVD,(941) 766-4122,Acute Care Hospitals,Proprietary,320,61
100077,SHOREPOINT HEALTH PORT CHARLOTTE,2500 HARBOR BLVD,(941) 766-4122,Acute Care Hospitals,Proprietary,255,126
100077,SHOREPOINT HEALTH PORT CHARLOTTE,2500 HARBOR BLVD,(941) 766-4122,Acute Care Hospitals,Proprietary,289,92
100077,SHOREPOINT HEALTH PORT CHARLOTTE,2500 HARBOR BLVD,(941) 766-4122,Acute Care Hospitals,Proprietary,337,44
100077,SHOREPOINT HEALTH PORT CHARLOTTE,2500 HARBOR BLVD,(941) 766-4122,Acute Care Hospitals,Proprietary,242,139
100077,SHOREPOINT HEALTH PORT CHARLOTTE,2500 HARBOR BLVD,(941) 766-4122,Acute Care Hospitals,Proprietary,322,59
100077,SHOREPOINT HEALTH PORT CHARLOTTE,2500 HARBOR BLVD,(941) 766-4122,Acute Care Hospitals,Proprietary,274,107
100077,SHOREPOINT HEALTH PORT CHARLOTTE,2500 HARBOR BLVD,(941) 766-4122,Acute Care Hospitals,Proprietary,360,21
100077,SHOREPOINT HEALTH PORT CHARLOTTE,2500 HARBOR BLVD,(941) 766-4122,Acute Care Hospitals,Proprietary,229,152
100077,SHOREPOINT HEALTH PORT CHARLOTTE,2500 HARBOR BLVD,(941) 766-4122,Acute Care Hospitals,Proprietary,259,122
100077,SHOREPOINT HEALTH PORT CHARLOTTE,2500 HARBOR BLVD,(941) 766-4122,Acute Care Hospitals,Proprietary,269,112
100077,SHOREPOINT HEALTH PORT CHARLOTTE,2500 HARBOR BLVD,(941) 766-4122,Acute Care Hospitals,Proprietary,281,100
100077,SHOREPOINT HEALTH PORT CHARLOTTE,2500 HARBOR BLVD,(941) 766-4122,Acute Care Hospitals,Proprietary,234,147
100077,SHOREPOINT HEALTH PORT CHARLOTTE,2500 HARBOR BLVD,(941) 766-4122,Acute Care Hospitals,Proprietary,290,91
100077,SHOREPOINT HEALTH PORT CHARLOTTE,2500 HARBOR BLVD,(941) 766-4122,Acute Care Hospitals,Proprietary,231,150
100077,SHOREPOINT HEALTH PORT CHARLOTTE,2500 HARBOR BLVD,(941) 766-4122,Acute Care Hospitals,Proprietary,340,41
100077,SHOREPOINT HEALTH PORT CHARLOTTE,2500 HARBOR BLVD,(941) 766-4122,Acute Care Hospitals,Proprietary,243,138
100077,SHOREPOINT HEALTH PORT CHARLOTTE,2500 HARBOR BLVD,(941) 766-4122,Acute Care Hospitals,Proprietary,234,147
100077,SHOREPOINT HEALTH PORT CHARLOTTE,2500 HARBOR BLVD,(941) 766-4122,Acute Care Hospitals,Proprietary,251,130
100077,SHOREPOINT HEALTH PORT CHARLOTTE,2500 HARBOR BLVD,(941) 766-4122,Acute Care Hospitals,Proprietary,282,99
100077,SHOREPOINT HEALTH PORT CHARLOTTE,2500 HARBOR BLVD,(941) 766-4122,Acute Care Hospitals,Proprietary,233,148
100077,SHOREPOINT HEALTH PORT CHARLOTTE,2500 HARBOR BLVD,(941) 766-4122,Acute Care Hospitals,Proprietary,241,140
100077,SHOREPOINT HEALTH PORT CHARLOTTE,2500 HARBOR BLVD,(941) 766-4122,Acute Care Hospitals,Proprietary,280,101
100077,SHOREPOINT HEALTH PORT CHARLOTTE,2500 HARBOR BLVD,(941) 766-4122,Acute Care Hospitals,Proprietary,295,86
100077,SHOREPOINT HEALTH PORT CHARLOTTE,2500 HARBOR BLVD,(941) 766-4122,Acute Care Hospitals,Proprietary,325,56
100077,SHOREPOINT HEALTH PORT CHARLOTTE,2500 HARBOR BLVD,(941) 766-4122,Acute Care Hospitals,Proprietary,322,59
100077,SHOREPOINT HEALTH PORT CHARLOTTE,2500 HARBOR BLVD,(941) 766-4122,Acute Care Hospitals,Proprietary,309,72
100077,SHOREPOINT HEALTH PORT CHARLOTTE,2500 HARBOR BLVD,(941) 766-4122,Acute Care Hospitals,Proprietary,319,62
100077,SHOREPOINT HEALTH PORT CHARLOTTE,2500 HARBOR BLVD,(941) 766-4122,Acute Care Hospitals,Proprietary,240,141
100077,SHOREPOINT HEALTH PORT CHARLOTTE,2500 HARBOR BLVD,(941) 766-4122,Acute Care Hospitals,Proprietary,309,72
100077,SHOREPOINT HEALTH PORT CHARLOTTE,2500 HARBOR BLVD,(941) 766-4122,Acute Care Hospitals,Proprietary,259,122
100077,SHOREPOINT HEALTH PORT CHARLOTTE,2500 HARBOR BLVD,(941) 766-4122,Acute Care Hospitals,Proprietary,329,52
100077,SHOREPOINT HEALTH PORT CHARLOTTE,2500 HARBOR BLVD,(941) 766-4122,Acute Care Hospitals,Proprietary,285,96
100077,SHOREPOINT HEALTH PORT CHARLOTTE,2500 HARBOR BLVD,(941) 766-4122,Acute Care Hospitals,Proprietary,339,42
100077,SHOREPOINT HEALTH PORT CHARLOTTE,2500 HARBOR BLVD,(941) 766-4122,Acute Care Hospitals,Proprietary,296,85
100077,SHOREPOINT HEALTH PORT CHARLOTTE,2500 HARBOR BLVD,(941) 766-4122,Acute Care Hospitals,Proprietary,326,55
100077,SHOREPOINT HEALTH PORT CHARLOTTE,2500 HARBOR BLVD,(941) 766-4122,Acute Care Hospitals,Proprietary,321,60
100077,SHOREPOINT HEALTH PORT CHARLOTTE,2500 HARBOR BLVD,(941) 766-4122,Acute Care Hospitals,Proprietary,301,80
100077,SHOREPOINT HEALTH PORT CHARLOTTE,2500 HARBOR BLVD,(941) 766-4122,Acute Care Hospitals,Proprietary,359,22
100077,SHOREPOINT HEALTH PORT CHARLOTTE,2500 HARBOR BLVD,(941) 766-4122,Acute Care Hospitals,Proprietary,239,142
100077,SHOREPOINT HEALTH PORT CHARLOTTE,2500 HARBOR BLVD,(941) 766-4122,Acute Care Hospitals,Proprietary,341,40
100077,SHOREPOINT HEALTH PORT CHARLOTTE,2500 HARBOR BLVD,(941) 766-4122,Acute Care Hospitals,Proprietary,360,21
100077,SHOREPOINT HEALTH PORT CHARLOTTE,2500 HARBOR BLVD,(941) 766-4122,Acute Care Hospitals,Proprietary,325,56
100077,SHOREPOINT HEALTH PORT CHARLOTTE,2500 HARBOR BLVD,(941) 766-4122,Acute Care Hospitals,Proprietary,293,88
100077,SHOREPOINT HEALTH PORT CHARLOTTE,2500 HARBOR BLVD,(941) 766-4122,Acute Care Hospitals,Proprietary,324,57
100077,SHOREPOINT HEALTH PORT CHARLOTTE,2500 HARBOR BLVD,(941) 766-4122,Acute Care Hospitals,Proprietary,273,108
100077,SHOREPOINT HEALTH PORT CHARLOTTE,2500 HARBOR BLVD,(941) 766-4122,Acute Care Hospitals,Proprietary,291,90
100077,SHOREPOINT HEALTH PORT CHARLOTTE,2500 HARBOR BLVD,(941) 766-4122,Acute Care Hospitals,Proprietary,263,118
100077,SHOREPOINT HEALTH PORT CHARLOTTE,2500 HARBOR BLVD,(941) 766-4122,Acute Care Hospitals,Proprietary,280,101
100077,SHOREPOINT HEALTH PORT CHARLOTTE,2500 HARBOR BLVD,(941) 766-4122,Acute Care Hospitals,Proprietary,359,22
100077,SHOREPOINT HEALTH PORT CHARLOTTE,2500 HARBOR BLVD,(941) 766-4122,Acute Care Hospitals,Proprietary,269,112
100077,SHOREPOINT HEALTH PORT CHARLOTTE,2500 HARBOR BLVD,(941) 766-4122,Acute Care Hospitals,Proprietary,308,73
100077,SHOREPOINT HEALTH PORT CHARLOTTE,2500 HARBOR BLVD,(941) 766-4122,Acute Care Hospitals,Proprietary,340,41
100077,SHOREPOINT HEALTH PORT CHARLOTTE,2500 HARBOR BLVD,(941) 766-4122,Acute Care Hospitals,Proprietary,300,81
100077,SHOREPOINT HEALTH PORT CHARLOTTE,2500 HARBOR BLVD,(941) 766-4122,Acute Care Hospitals,Proprietary,329,52
100077,SHOREPOINT HEALTH PORT CHARLOTTE,2500 HARBOR BLVD,(941) 766-4122,Acute Care Hospitals,Proprietary,342,39
100077,SHOREPOINT HEALTH PORT CHARLOTTE,2500 HARBOR BLVD,(941) 766-4122,Acute Care Hospitals,Proprietary,307,74
100077,SHOREPOINT HEALTH PORT CHARLOTTE,2500 HARBOR BLVD,(941) 766-4122,Acute Care Hospitals,Proprietary,310,71
100077,SHOREPOINT HEALTH PORT CHARLOTTE,2500 HARBOR BLVD,(941) 766-4122,Acute Care Hospitals,Proprietary,272,109
100077,SHOREPOINT HEALTH PORT CHARLOTTE,2500 HARBOR BLVD,(941) 766-4122,Acute Care Hospitals,Proprietary,278,103
100077,SHOREPOINT HEALTH PORT CHARLOTTE,2500 HARBOR BLVD,(941) 766-4122,Acute Care Hospitals,Proprietary,342,39
100077,SHOREPOINT HEALTH PORT CHARLOTTE,2500 HARBOR BLVD,(941) 766-4122,Acute Care Hospitals,Proprietary,242,139
100077,SHOREPOINT HEALTH PORT CHARLOTTE,2500 HARBOR BLVD,(941) 766-4122,Acute Care Hospitals,Proprietary,244,137
100077,SHOREPOINT HEALTH PORT CHARLOTTE,2500 HARBOR BLVD,(941) 766-4122,Acute Care Hospitals,Proprietary,353,28
100077,SHOREPOINT HEALTH PORT CHARLOTTE,2500 HARBOR BLVD,(941) 766-4122,Acute Care Hospitals,Proprietary,356,25
100077,SHOREPOINT HEALTH PORT CHARLOTTE,2500 HARBOR BLVD,(941) 766-4122,Acute Care Hospitals,Proprietary,289,92
100077,SHOREPOINT HEALTH PORT CHARLOTTE,2500 HARBOR BLVD,(941) 766-4122,Acute Care Hospitals,Proprietary,335,46
100077,SHOREPOINT HEALTH PORT CHARLOTTE,2500 HARBOR BLVD,(941) 766-4122,Acute Care Hospitals,Proprietary,248,133
100077,SHOREPOINT HEALTH PORT CHARLOTTE,2500 HARBOR BLVD,(941) 766-4122,Acute Care Hospitals,Proprietary,308,73
100077,SHOREPOINT HEALTH PORT CHARLOTTE,2500 HARBOR BLVD,(941) 766-4122,Acute Care Hospitals,Proprietary,250,131
100077,SHOREPOINT HEALTH PORT CHARLOTTE,2500 HARBOR BLVD,(941) 766-4122,Acute Care Hospitals,Proprietary,258,123
100077,SHOREPOINT HEALTH PORT CHARLOTTE,2500 HARBOR BLVD,(941) 766-4122,Acute Care Hospitals,Proprietary,297,84
100077,SHOREPOINT HEALTH PORT CHARLOTTE,2500 HARBOR BLVD,(941) 766-4122,Acute Care Hospitals,Proprietary,359,22
100077,SHOREPOINT HEALTH PORT CHARLOTTE,2500 HARBOR BLVD,(941) 766-4122,Acute Care Hospitals,Proprietary,234,147
100077,SHOREPOINT HEALTH PORT CHARLOTTE,2500 HARBOR BLVD,(941) 766-4122,Acute Care Hospitals,Proprietary,319,62
100077,SHOREPOINT HEALTH PORT CHARLOTTE,2500 HARBOR BLVD,(941) 766-4122,Acute Care Hospitals,Proprietary,243,138
100077,SHOREPOINT HEALTH PORT CHARLOTTE,2500 HARBOR BLVD,(941) 766-4122,Acute Care Hospitals,Proprietary,334,47
100077,SHOREPOINT HEALTH PORT CHARLOTTE,2500 HARBOR BLVD,(941) 766-4122,Acute Care Hospitals,Proprietary,273,108
100077,SHOREPOINT HEALTH PORT CHARLOTTE,2500 HARBOR BLVD,(941) 766-4122,Acute Care Hospitals,Proprietary,337,44
100077,SHOREPOINT HEALTH PORT CHARLOTTE,2500 HARBOR BLVD,(941) 766-4122,Acute Care Hospitals,Proprietary,232,149
100077,SHOREPOINT HEALTH PORT CHARLOTTE,2500 HARBOR BLVD,(941) 766-4122,Acute Care Hospitals,Proprietary,345,36
100077,SHOREPOINT HEALTH PORT CHARLOTTE,2500 HARBOR BLVD,(941) 766-4122,Acute Care Hospitals,Proprietary,277,104
100077,SHOREPOINT HEALTH PORT CHARLOTTE,2500 HARBOR BLVD,(941) 766-4122,Acute Care Hospitals,Proprietary,265,116
100077,SHOREPOINT HEALTH PORT CHARLOTTE,2500 HARBOR BLVD,(941) 766-4122,Acute Care Hospitals,Proprietary,244,137
100077,SHOREPOINT HEALTH PORT CHARLOTTE,2500 HARBOR BLVD,(941) 766-4122,Acute Care Hospitals,Proprietary,254,127
100077,SHOREPOINT HEALTH PORT CHARLOTTE,2500 HARBOR BLVD,(941) 766-4122,Acute Care Hospitals,Proprietary,307,74
100077,SHOREPOINT HEALTH PORT CHARLOTTE,2500 HARBOR BLVD,(941) 766-4122,Acute Care Hospitals,Proprietary,268,113
100077,SHOREPOINT HEALTH PORT CHARLOTTE,2500 HARBOR BLVD,(941) 766-4122,Acute Care Hospitals,Proprietary,229,152
100077,SHOREPOINT HEALTH PORT CHARLOTTE,2500 HARBOR BLVD,(941) 766-4122,Acute Care Hospitals,Proprietary,294,87
100077,SHOREPOINT HEALTH PORT CHARLOTTE,2500 HARBOR BLVD,(941) 766-4122,Acute Care Hospitals,Proprietary,235,146
100077,SHOREPOINT HEALTH PORT CHARLOTTE,2500 HARBOR BLVD,(941) 766-4122,Acute Care Hospitals,Proprietary,270,111
100077,SHOREPOINT HEALTH PORT CHARLOTTE,2500 HARBOR BLVD,(941) 766-4122,Acute Care Hospitals,Proprietary,248,133
100077,SHOREPOINT HEALTH PORT CHARLOTTE,2500 HARBOR BLVD,(941) 766-4122,Acute Care Hospitals,Proprietary,278,103
100077,SHOREPOINT HEALTH PORT CHARLOTTE,2500 HARBOR BLVD,(941) 766-4122,Acute Care Hospitals,Proprietary,296,85
100077,SHOREPOINT HEALTH PORT CHARLOTTE,2500 HARBOR BLVD,(941) 766-4122,Acute Care Hospitals,Proprietary,252,129
100077,SHOREPOINT HEALTH PORT CHARLOTTE,2500 HARBOR BLVD,(941) 766-4122,Acute Care Hospitals,Proprietary,277,104
100077,SHOREPOINT HEALTH PORT CHARLOTTE,2500 HARBOR BLVD,(941) 766-4122,Acute Care Hospitals,Proprietary,246,135
100077,SHOREPOINT HEALTH PORT CHARLOTTE,2500 HARBOR BLVD,(941) 766-4122,Acute Care Hospitals,Proprietary,357,24
100077,SHOREPOINT HEALTH PORT CHARLOTTE,2500 HARBOR BLVD,(941) 766-4122,Acute Care Hospitals,Proprietary,264,117
100077,SHOREPOINT HEALTH PORT CHARLOTTE,2500 HARBOR BLVD,(941) 766-4122,Acute Care Hospitals,Proprietary,356,25
100077,SHOREPOINT HEALTH PORT CHARLOTTE,2500 HARBOR BLVD,(941) 766-4122,Acute Care Hospitals,Proprietary,228,153
100077,SHOREPOINT HEALTH PORT CHARLOTTE,2500 HARBOR BLVD,(941) 766-4122,Acute Care Hospitals,Proprietary,323,58
100077,SHOREPOINT HEALTH PORT CHARLOTTE,2500 HARBOR BLVD,(941) 766-4122,Acute Care Hospitals,Proprietary,322,59
100077,SHOREPOINT HEALTH PORT CHARLOTTE,2500 HARBOR BLVD,(941) 766-4122,Acute Care Hospitals,Proprietary,284,97
100077,SHOREPOINT HEALTH PORT CHARLOTTE,2500 HARBOR BLVD,(941) 766-4122,Acute Care Hospitals,Proprietary,355,26
100077,SHOREPOINT HEALTH PORT CHARLOTTE,2500 HARBOR BLVD,(941) 766-4122,Acute Care Hospitals,Proprietary,246,135
100077,SHOREPOINT HEALTH PORT CHARLOTTE,2500 HARBOR BLVD,(941) 766-4122,Acute Care Hospitals,Proprietary,335,46
100077,SHOREPOINT HEALTH PORT CHARLOTTE,2500 HARBOR BLVD,(941) 766-4122,Acute Care Hospitals,Proprietary,258,123
100077,SHOREPOINT HEALTH PORT CHARLOTTE,2500 HARBOR BLVD,(941) 766-4122,Acute Care Hospitals,Proprietary,319,62
100077,SHOREPOINT HEALTH PORT CHARLOTTE,2500 HARBOR BLVD,(941) 766-4122,Acute Care Hospitals,Proprietary,287,94
100077,SHOREPOINT HEALTH PORT CHARLOTTE,2500 HARBOR BLVD,(941) 766-4122,Acute Care Hospitals,Proprietary,350,31
100077,SHOREPOINT HEALTH PORT CHARLOTTE,2500 HARBOR BLVD,(941) 766-4122,Acute Care Hospitals,Proprietary,278,103
100077,SHOREPOINT HEALTH PORT CHARLOTTE,2500 HARBOR BLVD,(941) 766-4122,Acute Care Hospitals,Proprietary,330,51
100077,SHOREPOINT HEALTH PORT CHARLOTTE,2500 HARBOR BLVD,(941) 766-4122,Acute Care Hospitals,Proprietary,329,52
100077,SHOREPOINT HEALTH PORT CHARLOTTE,2500 HARBOR BLVD,(941) 766-4122,Acute Care Hospitals,Proprietary,238,143
100077,SHOREPOINT HEALTH PORT CHARLOTTE,2500 HARBOR BLVD,(941) 766-4122,Acute Care Hospitals,Proprietary,302,79
100077,SHOREPOINT HEALTH PORT CHARLOTTE,2500 HARBOR BLVD,(941) 766-4122,Acute Care Hospitals,Proprietary,343,38
100077,SHOREPOINT HEALTH PORT CHARLOTTE,2500 HARBOR BLVD,(941) 766-4122,Acute Care Hospitals,Proprietary,320,61
100077,SHOREPOINT HEALTH PORT CHARLOTTE,2500 HARBOR BLVD,(941) 766-4122,Acute Care Hospitals,Proprietary,301,80
100077,SHOREPOINT HEALTH PORT CHARLOTTE,2500 HARBOR BLVD,(941) 766-4122,Acute Care Hospitals,Proprietary,360,21
100077,SHOREPOINT HEALTH PORT CHARLOTTE,2500 HARBOR BLVD,(941) 766-4122,Acute Care Hospitals,Proprietary,318,63
100077,SHOREPOINT HEALTH PORT CHARLOTTE,2500 HARBOR BLVD,(941) 766-4122,Acute Care Hospitals,Proprietary,268,113
100077,SHOREPOINT HEALTH PORT CHARLOTTE,2500 HARBOR BLVD,(941) 766-4122,Acute Care Hospitals,Proprietary,278,103
100077,SHOREPOINT HEALTH PORT CHARLOTTE,2500 HARBOR BLVD,(941) 766-4122,Acute Care Hospitals,Proprietary,350,31
100077,SHOREPOINT HEALTH PORT CHARLOTTE,2500 HARBOR BLVD,(941) 766-4122,Acute Care Hospitals,Proprietary,340,41
100077,SHOREPOINT HEALTH PORT CHARLOTTE,2500 HARBOR BLVD,(941) 766-4122,Acute Care Hospitals,Proprietary,263,118
100077,SHOREPOINT HEALTH PORT CHARLOTTE,2500 HARBOR BLVD,(941) 766-4122,Acute Care Hospitals,Proprietary,337,44
100077,SHOREPOINT HEALTH PORT CHARLOTTE,2500 HARBOR BLVD,(941) 766-4122,Acute Care Hospitals,Proprietary,296,85
100077,SHOREPOINT HEALTH PORT CHARLOTTE,2500 HARBOR BLVD,(941) 766-4122,Acute Care Hospitals,Proprietary,336,45
100077,SHOREPOINT HEALTH PORT CHARLOTTE,2500 HARBOR BLVD,(941) 766-4122,Acute Care Hospitals,Proprietary,345,36
100077,SHOREPOINT HEALTH PORT CHARLOTTE,2500 HARBOR BLVD,(941) 766-4122,Acute Care Hospitals,Proprietary,286,95
100077,SHOREPOINT HEALTH PORT CHARLOTTE,2500 HARBOR BLVD,(941) 766-4122,Acute Care Hospitals,Proprietary,357,24
100077,SHOREPOINT HEALTH PORT CHARLOTTE,2500 HARBOR BLVD,(941) 766-4122,Acute Care Hospitals,Proprietary,244,137
100077,SHOREPOINT HEALTH PORT CHARLOTTE,2500 HARBOR BLVD,(941) 766-4122,Acute Care Hospitals,Proprietary,342,39
100077,SHOREPOINT HEALTH PORT CHARLOTTE,2500 HARBOR BLVD,(941) 766-4122,Acute Care Hospitals,Proprietary,324,57
100077,SHOREPOINT HEALTH PORT CHARLOTTE,2500 HARBOR BLVD,(941) 766-4122,Acute Care Hospitals,Proprietary,343,38
100077,SHOREPOINT HEALTH PORT CHARLOTTE,2500 HARBOR BLVD,(941) 766-4122,Acute Care Hospitals,Proprietary,345,36
100077,SHOREPOINT HEALTH PORT CHARLOTTE,2500 HARBOR BLVD,(941) 766-4122,Acute Care Hospitals,Proprietary,279,102
100077,SHOREPOINT HEALTH PORT CHARLOTTE,2500 HARBOR BLVD,(941) 766-4122,Acute Care Hospitals,Proprietary,337,44
100077,SHOREPOINT HEALTH PORT CHARLOTTE,2500 HARBOR BLVD,(941) 766-4122,Acute Care Hospitals,Proprietary,251,130
100077,SHOREPOINT HEALTH PORT CHARLOTTE,2500 HARBOR BLVD,(941) 766-4122,Acute Care Hospitals,Proprietary,266,115
100077,SHOREPOINT HEALTH PORT CHARLOTTE,2500 HARBOR BLVD,(941) 766-4122,Acute Care Hospitals,Proprietary,291,90
100077,SHOREPOINT HEALTH PORT CHARLOTTE,2500 HARBOR BLVD,(941) 766-4122,Acute Care Hospitals,Proprietary,231,150
100077,SHOREPOINT HEALTH PORT CHARLOTTE,2500 HARBOR BLVD,(941) 766-4122,Acute Care Hospitals,Proprietary,250,131
100077,SHOREPOINT HEALTH PORT CHARLOTTE,2500 HARBOR BLVD,(941) 766-4122,Acute Care Hospitals,Proprietary,341,40
100077,SHOREPOINT HEALTH PORT CHARLOTTE,2500 HARBOR BLVD,(941) 766-4122,Acute Care Hospitals,Proprietary,352,29
100077,SHOREPOINT HEALTH PORT CHARLOTTE,2500 HARBOR BLVD,(941) 766-4122,Acute Care Hospitals,Proprietary,322,59
100077,SHOREPOINT HEALTH PORT CHARLOTTE,2500 HARBOR BLVD,(941) 766-4122,Acute Care Hospitals,Proprietary,261,120
100077,SHOREPOINT HEALTH PORT CHARLOTTE,2500 HARBOR BLVD,(941) 766-4122,Acute Care Hospitals,Proprietary,352,29
100077,SHOREPOINT HEALTH PORT CHARLOTTE,2500 HARBOR BLVD,(941) 766-4122,Acute Care Hospitals,Proprietary,319,62
100077,SHOREPOINT HEALTH PORT CHARLOTTE,2500 HARBOR BLVD,(941) 766-4122,Acute Care Hospitals,Proprietary,327,54
100077,SHOREPOINT HEALTH PORT CHARLOTTE,2500 HARBOR BLVD,(941) 766-4122,Acute Care Hospitals,Proprietary,359,22
100077,SHOREPOINT HEALTH PORT CHARLOTTE,2500 HARBOR BLVD,(941) 766-4122,Acute Care Hospitals,Proprietary,261,120
100077,SHOREPOINT HEALTH PORT CHARLOTTE,2500 HARBOR BLVD,(941) 766-4122,Acute Care Hospitals,Proprietary,247,134
100077,SHOREPOINT HEALTH PORT CHARLOTTE,2500 HARBOR BLVD,(941) 766-4122,Acute Care Hospitals,Proprietary,255,126
100077,SHOREPOINT HEALTH PORT CHARLOTTE,2500 HARBOR BLVD,(941) 766-4122,Acute Care Hospitals,Proprietary,308,73
100077,SHOREPOINT HEALTH PORT CHARLOTTE,2500 HARBOR BLVD,(941) 766-4122,Acute Care Hospitals,Proprietary,249,132
100077,SHOREPOINT HEALTH PORT CHARLOTTE,2500 HARBOR BLVD,(941) 766-4122,Acute Care Hospitals,Proprietary,358,23
100077,SHOREPOINT HEALTH PORT CHARLOTTE,2500 HARBOR BLVD,(941) 766-4122,Acute Care Hospitals,Proprietary,274,107
100077,SHOREPOINT HEALTH PORT CHARLOTTE,2500 HARBOR BLVD,(941) 766-4122,Acute Care Hospitals,Proprietary,336,45
100077,SHOREPOINT HEALTH PORT CHARLOTTE,2500 HARBOR BLVD,(941) 766-4122,Acute Care Hospitals,Proprietary,282,99
100077,SHOREPOINT HEALTH PORT CHARLOTTE,2500 HARBOR BLVD,(941) 766-4122,Acute Care Hospitals,Proprietary,308,73
100077,SHOREPOINT HEALTH PORT CHARLOTTE,2500 HARBOR BLVD,(941) 766-4122,Acute Care Hospitals,Proprietary,360,21
100077,SHOREPOINT HEALTH PORT CHARLOTTE,2500 HARBOR BLVD,(941) 766-4122,Acute Care Hospitals,Proprietary,294,87
100077,SHOREPOINT HEALTH PORT CHARLOTTE,2500 HARBOR BLVD,(941) 766-4122,Acute Care Hospitals,Proprietary,230,151
100077,SHOREPOINT HEALTH PORT CHARLOTTE,2500 HARBOR BLVD,(941) 766-4122,Acute Care Hospitals,Proprietary,276,105
100077,SHOREPOINT HEALTH PORT CHARLOTTE,2500 HARBOR BLVD,(941) 766-4122,Acute Care Hospitals,Proprietary,312,69
100077,SHOREPOINT HEALTH PORT CHARLOTTE,2500 HARBOR BLVD,(941) 766-4122,Acute Care Hospitals,Proprietary,299,82
100077,SHOREPOINT HEALTH PORT CHARLOTTE,2500 HARBOR BLVD,(941) 766-4122,Acute Care Hospitals,Proprietary,320,61
100077,SHOREPOINT HEALTH PORT CHARLOTTE,2500 HARBOR BLVD,(941) 766-4122,Acute Care Hospitals,Proprietary,244,137
100077,SHOREPOINT HEALTH PORT CHARLOTTE,2500 HARBOR BLVD,(941) 766-4122,Acute Care Hospitals,Proprietary,346,35
100077,SHOREPOINT HEALTH PORT CHARLOTTE,2500 HARBOR BLVD,(941) 766-4122,Acute Care Hospitals,Proprietary,232,149
100077,SHOREPOINT HEALTH PORT CHARLOTTE,2500 HARBOR BLVD,(941) 766-4122,Acute Care Hospitals,Proprietary,335,46
100077,SHOREPOINT HEALTH PORT CHARLOTTE,2500 HARBOR BLVD,(941) 766-4122,Acute Care Hospitals,Proprietary,355,26
100077,SHOREPOINT HEALTH PORT CHARLOTTE,2500 HARBOR BLVD,(941) 766-4122,Acute Care Hospitals,Proprietary,314,67
100077,SHOREPOINT HEALTH PORT CHARLOTTE,2500 HARBOR BLVD,(941) 766-4122,Acute Care Hospitals,Proprietary,251,130
100077,SHOREPOINT HEALTH PORT CHARLOTTE,2500 HARBOR BLVD,(941) 766-4122,Acute Care Hospitals,Proprietary,340,41
100077,SHOREPOINT HEALTH PORT CHARLOTTE,2500 HARBOR BLVD,(941) 766-4122,Acute Care Hospitals,Proprietary,231,150
100077,SHOREPOINT HEALTH PORT CHARLOTTE,2500 HARBOR BLVD,(941) 766-4122,Acute Care Hospitals,Proprietary,274,107
100077,SHOREPOINT HEALTH PORT CHARLOTTE,2500 HARBOR BLVD,(941) 766-4122,Acute Care Hospitals,Proprietary,242,139
100077,SHOREPOINT HEALTH PORT CHARLOTTE,2500 HARBOR BLVD,(941) 766-4122,Acute Care Hospitals,Proprietary,233,148
100077,SHOREPOINT HEALTH PORT CHARLOTTE,2500 HARBOR BLVD,(941) 766-4122,Acute Care Hospitals,Proprietary,348,33
100077,SHOREPOINT HEALTH PORT CHARLOTTE,2500 HARBOR BLVD,(941) 766-4122,Acute Care Hospitals,Proprietary,270,111
100077,SHOREPOINT HEALTH PORT CHARLOTTE,2500 HARBOR BLVD,(941) 766-4122,Acute Care Hospitals,Proprietary,254,127
100077,SHOREPOINT HEALTH PORT CHARLOTTE,2500 HARBOR BLVD,(941) 766-4122,Acute Care Hospitals,Proprietary,275,106
100077,SHOREPOINT HEALTH PORT CHARLOTTE,2500 HARBOR BLVD,(941) 766-4122,Acute Care Hospitals,Proprietary,355,26
100077,SHOREPOINT HEALTH PORT CHARLOTTE,2500 HARBOR BLVD,(941) 766-4122,Acute Care Hospitals,Proprietary,269,112
100077,SHOREPOINT HEALTH PORT CHARLOTTE,2500 HARBOR BLVD,(941) 766-4122,Acute Care Hospitals,Proprietary,341,40
100077,SHOREPOINT HEALTH PORT CHARLOTTE,2500 HARBOR BLVD,(941) 766-4122,Acute Care Hospitals,Proprietary,300,81
100077,SHOREPOINT HEALTH PORT CHARLOTTE,2500 HARBOR BLVD,(941) 766-4122,Acute Care Hospitals,Proprietary,357,24
100077,SHOREPOINT HEALTH PORT CHARLOTTE,2500 HARBOR BLVD,(941) 766-4122,Acute Care Hospitals,Proprietary,327,54
100077,SHOREPOINT HEALTH PORT CHARLOTTE,2500 HARBOR BLVD,(941) 766-4122,Acute Care Hospitals,Proprietary,305,76
100077,SHOREPOINT HEALTH PORT CHARLOTTE,2500 HARBOR BLVD,(941) 766-4122,Acute Care Hospitals,Proprietary,246,135
100077,SHOREPOINT HEALTH PORT CHARLOTTE,2500 HARBOR BLVD,(941) 766-4122,Acute Care Hospitals,Proprietary,334,47
100077,SHOREPOINT HEALTH PORT CHARLOTTE,2500 HARBOR BLVD,(941) 766-4122,Acute Care Hospitals,Proprietary,330,51
100077,SHOREPOINT HEALTH PORT CHARLOTTE,2500 HARBOR BLVD,(941) 766-4122,Acute Care Hospitals,Proprietary,326,55
100077,SHOREPOINT HEALTH PORT CHARLOTTE,2500 HARBOR BLVD,(941) 766-4122,Acute Care Hospitals,Proprietary,294,87
100077,SHOREPOINT HEALTH PORT CHARLOTTE,2500 HARBOR BLVD,(941) 766-4122,Acute Care Hospitals,Proprietary,299,82
100077,SHOREPOINT HEALTH PORT CHARLOTTE,2500 HARBOR BLVD,(941) 766-4122,Acute Care Hospitals,Proprietary,309,72
100077,SHOREPOINT HEALTH PORT CHARLOTTE,2500 HARBOR BLVD,(941) 766-4122,Acute Care Hospitals,Proprietary,237,144
100077,SHOREPOINT HEALTH PORT CHARLOTTE,2500 HARBOR BLVD,(941) 766-4122,Acute Care Hospitals,Proprietary,286,95
100077,SHOREPOINT HEALTH PORT CHARLOTTE,2500 HARBOR BLVD,(941) 766-4122,Acute Care Hospitals,Proprietary,292,89
100077,SHOREPOINT HEALTH PORT CHARLOTTE,2500 HARBOR BLVD,(941) 766-4122,Acute Care Hospitals,Proprietary,279,102
100077,SHOREPOINT HEALTH PORT CHARLOTTE,2500 HARBOR BLVD,(941) 766-4122,Acute Care Hospitals,Proprietary,265,116
100077,SHOREPOINT HEALTH PORT CHARLOTTE,2500 HARBOR BLVD,(941) 766-4122,Acute Care Hospitals,Proprietary,307,74
100077,SHOREPOINT HEALTH PORT CHARLOTTE,2500 HARBOR BLVD,(941) 766-4122,Acute Care Hospitals,Proprietary,357,24
100077,SHOREPOINT HEALTH PORT CHARLOTTE,2500 HARBOR BLVD,(941) 766-4122,Acute Care Hospitals,Proprietary,266,115
100077,SHOREPOINT HEALTH PORT CHARLOTTE,2500 HARBOR BLVD,(941) 766-4122,Acute Care Hospitals,Proprietary,270,111
100077,SHOREPOINT HEALTH PORT CHARLOTTE,2500 HARBOR BLVD,(941) 766-4122,Acute Care Hospitals,Proprietary,344,37
100077,SHOREPOINT HEALTH PORT CHARLOTTE,2500 HARBOR BLVD,(941) 766-4122,Acute Care Hospitals,Proprietary,242,139
100077,SHOREPOINT HEALTH PORT CHARLOTTE,2500 HARBOR BLVD,(941) 766-4122,Acute Care Hospitals,Proprietary,323,58
100077,SHOREPOINT HEALTH PORT CHARLOTTE,2500 HARBOR BLVD,(941) 766-4122,Acute Care Hospitals,Proprietary,308,73
100077,SHOREPOINT HEALTH PORT CHARLOTTE,2500 HARBOR BLVD,(941) 766-4122,Acute Care Hospitals,Proprietary,330,51
100077,SHOREPOINT HEALTH PORT CHARLOTTE,2500 HARBOR BLVD,(941) 766-4122,Acute Care Hospitals,Proprietary,280,101
100077,SHOREPOINT HEALTH PORT CHARLOTTE,2500 HARBOR BLVD,(941) 766-4122,Acute Care Hospitals,Proprietary,304,77
100077,SHOREPOINT HEALTH PORT CHARLOTTE,2500 HARBOR BLVD,(941) 766-4122,Acute Care Hospitals,Proprietary,327,54
100077,SHOREPOINT HEALTH PORT CHARLOTTE,2500 HARBOR BLVD,(941) 766-4122,Acute Care Hospitals,Proprietary,310,71
100077,SHOREPOINT HEALTH PORT CHARLOTTE,2500 HARBOR BLVD,(941) 766-4122,Acute Care Hospitals,Proprietary,357,24
100077,SHOREPOINT HEALTH PORT CHARLOTTE,2500 HARBOR BLVD,(941) 766-4122,Acute Care Hospitals,Proprietary,243,138
100077,SHOREPOINT HEALTH PORT CHARLOTTE,2500 HARBOR BLVD,(941) 766-4122,Acute Care Hospitals,Proprietary,254,127
100077,SHOREPOINT HEALTH PORT CHARLOTTE,2500 HARBOR BLVD,(941) 766-4122,Acute Care Hospitals,Proprietary,300,81
100077,SHOREPOINT HEALTH PORT CHARLOTTE,2500 HARBOR BLVD,(941) 766-4122,Acute Care Hospitals,Proprietary,242,139
100077,SHOREPOINT HEALTH PORT CHARLOTTE,2500 HARBOR BLVD,(941) 766-4122,Acute Care Hospitals,Proprietary,250,131
100077,SHOREPOINT HEALTH PORT CHARLOTTE,2500 HARBOR BLVD,(941) 766-4122,Acute Care Hospitals,Proprietary,347,34
100077,SHOREPOINT HEALTH PORT CHARLOTTE,2500 HARBOR BLVD,(941) 766-4122,Acute Care Hospitals,Proprietary,317,64
100077,SHOREPOINT HEALTH PORT CHARLOTTE,2500 HARBOR BLVD,(941) 766-4122,Acute Care Hospitals,Proprietary,297,84
100077,SHOREPOINT HEALTH PORT CHARLOTTE,2500 HARBOR BLVD,(941) 766-4122,Acute Care Hospitals,Proprietary,295,86
100077,SHOREPOINT HEALTH PORT CHARLOTTE,2500 HARBOR BLVD,(941) 766-4122,Acute Care Hospitals,Proprietary,306,75
100077,SHOREPOINT HEALTH PORT CHARLOTTE,2500 HARBOR BLVD,(941) 766-4122,Acute Care Hospitals,Proprietary,242,139
100077,SHOREPOINT HEALTH PORT CHARLOTTE,2500 HARBOR BLVD,(941) 766-4122,Acute Care Hospitals,Proprietary,231,150
100077,SHOREPOINT HEALTH PORT CHARLOTTE,2500 HARBOR BLVD,(941) 766-4122,Acute Care Hospitals,Proprietary,344,37
100077,SHOREPOINT HEALTH PORT CHARLOTTE,2500 HARBOR BLVD,(941) 766-4122,Acute Care Hospitals,Proprietary,354,27
100077,SHOREPOINT HEALTH PORT CHARLOTTE,2500 HARBOR BLVD,(941) 766-4122,Acute Care Hospitals,Proprietary,359,22
100077,SHOREPOINT HEALTH PORT CHARLOTTE,2500 HARBOR BLVD,(941) 766-4122,Acute Care Hospitals,Proprietary,263,118
100077,SHOREPOINT HEALTH PORT CHARLOTTE,2500 HARBOR BLVD,(941) 766-4122,Acute Care Hospitals,Proprietary,229,152
100077,SHOREPOINT HEALTH PORT CHARLOTTE,2500 HARBOR BLVD,(941) 766-4122,Acute Care Hospitals,Proprietary,257,124
100077,SHOREPOINT HEALTH PORT CHARLOTTE,2500 HARBOR BLVD,(941) 766-4122,Acute Care Hospitals,Proprietary,267,114
100077,SHOREPOINT HEALTH PORT CHARLOTTE,2500 HARBOR BLVD,(941) 766-4122,Acute Care Hospitals,Proprietary,329,52
100077,SHOREPOINT HEALTH PORT CHARLOTTE,2500 HARBOR BLVD,(941) 766-4122,Acute Care Hospitals,Proprietary,323,58
100077,SHOREPOINT HEALTH PORT CHARLOTTE,2500 HARBOR BLVD,(941) 766-4122,Acute Care Hospitals,Proprietary,237,144
100077,SHOREPOINT HEALTH PORT CHARLOTTE,2500 HARBOR BLVD,(941) 766-4122,Acute Care Hospitals,Proprietary,352,29
100077,SHOREPOINT HEALTH PORT CHARLOTTE,2500 HARBOR BLVD,(941) 766-4122,Acute Care Hospitals,Proprietary,311,70
100077,SHOREPOINT HEALTH PORT CHARLOTTE,2500 HARBOR BLVD,(941) 766-4122,Acute Care Hospitals,Proprietary,286,95
100077,SHOREPOINT HEALTH PORT CHARLOTTE,2500 HARBOR BLVD,(941) 766-4122,Acute Care Hospitals,Proprietary,249,132
100077,SHOREPOINT HEALTH PORT CHARLOTTE,2500 HARBOR BLVD,(941) 766-4122,Acute Care Hospitals,Proprietary,266,115
100077,SHOREPOINT HEALTH PORT CHARLOTTE,2500 HARBOR BLVD,(941) 766-4122,Acute Care Hospitals,Proprietary,345,36
100077,SHOREPOINT HEALTH PORT CHARLOTTE,2500 HARBOR BLVD,(941) 766-4122,Acute Care Hospitals,Proprietary,256,125
100077,SHOREPOINT HEALTH PORT CHARLOTTE,2500 HARBOR BLVD,(941) 766-4122,Acute Care Hospitals,Proprietary,346,35
100077,SHOREPOINT HEALTH PORT CHARLOTTE,2500 HARBOR BLVD,(941) 766-4122,Acute Care Hospitals,Proprietary,356,25
100077,SHOREPOINT HEALTH PORT CHARLOTTE,2500 HARBOR BLVD,(941) 766-4122,Acute Care Hospitals,Proprietary,286,95
100077,SHOREPOINT HEALTH PORT CHARLOTTE,2500 HARBOR BLVD,(941) 766-4122,Acute Care Hospitals,Proprietary,259,122
100077,SHOREPOINT HEALTH PORT CHARLOTTE,2500 HARBOR BLVD,(941) 766-4122,Acute Care Hospitals,Proprietary,320,61
100077,SHOREPOINT HEALTH PORT CHARLOTTE,2500 HARBOR BLVD,(941) 766-4122,Acute Care Hospitals,Proprietary,344,37
100077,SHOREPOINT HEALTH PORT CHARLOTTE,2500 HARBOR BLVD,(941) 766-4122,Acute Care Hospitals,Proprietary,317,64
100077,SHOREPOINT HEALTH PORT CHARLOTTE,2500 HARBOR BLVD,(941) 766-4122,Acute Care Hospitals,Proprietary,270,111
100077,SHOREPOINT HEALTH PORT CHARLOTTE,2500 HARBOR BLVD,(941) 766-4122,Acute Care Hospitals,Proprietary,354,27
100077,SHOREPOINT HEALTH PORT CHARLOTTE,2500 HARBOR BLVD,(941) 766-4122,Acute Care Hospitals,Proprietary,325,56
100077,SHOREPOINT HEALTH PORT CHARLOTTE,2500 HARBOR BLVD,(941) 766-4122,Acute Care Hospitals,Proprietary,230,151
100077,SHOREPOINT HEALTH PORT CHARLOTTE,2500 HARBOR BLVD,(941) 766-4122,Acute Care Hospitals,Proprietary,279,102
100077,SHOREPOINT HEALTH PORT CHARLOTTE,2500 HARBOR BLVD,(941) 766-4122,Acute Care Hospitals,Proprietary,268,113
100077,SHOREPOINT HEALTH PORT CHARLOTTE,2500 HARBOR BLVD,(941) 766-4122,Acute Care Hospitals,Proprietary,354,27
100077,SHOREPOINT HEALTH PORT CHARLOTTE,2500 HARBOR BLVD,(941) 766-4122,Acute Care Hospitals,Proprietary,269,112
100077,SHOREPOINT HEALTH PORT CHARLOTTE,2500 HARBOR BLVD,(941) 766-4122,Acute Care Hospitals,Proprietary,268,113
100077,SHOREPOINT HEALTH PORT CHARLOTTE,2500 HARBOR BLVD,(941) 766-4122,Acute Care Hospitals,Proprietary,300,81
100077,SHOREPOINT HEALTH PORT CHARLOTTE,2500 HARBOR BLVD,(941) 766-4122,Acute Care Hospitals,Proprietary,234,147
100077,SHOREPOINT HEALTH PORT CHARLOTTE,2500 HARBOR BLVD,(941) 766-4122,Acute Care Hospitals,Proprietary,298,83
