Facility ID,Facility Name,Address,Telephone Number,Hospital Type,Hospital Ownership,Active Beds,Inactive Beds
100025,SACRED HEART HOSPITAL,5151 N 9TH AVE,(850) 416-7000,Acute Care Hospitals,Voluntary non-profit - Private,351,148
100025,SACRED HEART HOSPITAL,5151 N 9TH AVE,(850) 416-7000,Acute Care Hospitals,Voluntary non-profit - Private,388,111
100025,SACRED HEART HOSPITAL,5151 N 9TH AVE,(850) 416-7000,Acute Care Hospitals,Voluntary non-profit - Private,426,73
100025,SACRED HEART HOSPITAL,5151 N 9TH AVE,(850) 416-7000,Acute Care Hospitals,Voluntary non-profit - Private,397,102
100025,SACRED HEART HOSPITAL,5151 N 9TH AVE,(850) 416-7000,Acute Care Hospitals,Voluntary non-profit - Private,398,101
100025,SACRED HEART HOSPITAL,5151 N 9TH AVE,(850) 416-7000,Acute Care Hospitals,Voluntary non-profit - Private,445,54
100025,SACRED HEART HOSPITAL,5151 N 9TH AVE,(850) 416-7000,Acute Care Hospitals,Voluntary non-profit - Private,354,145
100025,SACRED HEART HOSPITAL,5151 N 9TH AVE,(850) 416-7000,Acute Care Hospitals,Voluntary non-profit - Private,316,183
100025,SACRED HEART HOSPITAL,5151 N 9TH AVE,(850) 416-7000,Acute Care Hospitals,Voluntary non-profit - Private,384,115
100025,SACRED HEART HOSPITAL,5151 N 9TH AVE,(850) 416-7000,Acute Care Hospitals,Voluntary non-profit - Private,344,155
100025,SACRED HEART HOSPITAL,5151 N 9TH AVE,(850) 416-7000,Acute Care Hospitals,Voluntary non-profit - Private,451,48
100025,SACRED HEART HOSPITAL,5151 N 9TH AVE,(850) 416-7000,Acute Care Hospitals,Voluntary non-profit - Private,378,121
100025,SACRED HEART HOSPITAL,5151 N 9TH AVE,(850) 416-7000,Acute Care Hospitals,Voluntary non-profit - Private,380,119
100025,SACRED HEART HOSPITAL,5151 N 9TH AVE,(850) 416-7000,Acute Care Hospitals,Voluntary non-profit - Private,360,139
100025,SACRED HEART HOSPITAL,5151 N 9TH AVE,(850) 416-7000,Acute Care Hospitals,Voluntary non-profit - Private,418,81
100025,SACRED HEART HOSPITAL,5151 N 9TH AVE,(850) 416-7000,Acute Care Hospitals,Voluntary non-profit - Private,304,195
100025,SACRED HEART HOSPITAL,5151 N 9TH AVE,(850) 416-7000,Acute Care Hospitals,Voluntary non-profit - Private,350,149
100025,SACRED HEART HOSPITAL,5151 N 9TH AVE,(850) 416-7000,Acute Care Hospitals,Voluntary non-profit - Private,300,199
100025,SACRED HEART HOSPITAL,5151 N 9TH AVE,(850) 416-7000,Acute Care Hospitals,Voluntary non-profit - Private,342,157
100025,SACRED HEART HOSPITAL,5151 N 9TH AVE,(850) 416-7000,Acute Care Hospitals,Voluntary non-profit - Private,427,72
100025,SACRED HEART HOSPITAL,5151 N 9TH AVE,(850) 416-7000,Acute Care Hospitals,Voluntary non-profit - Private,431,68
100025,SACRED HEART HOSPITAL,5151 N 9TH AVE,(850) 416-7000,Acute Care Hospitals,Voluntary non-profit - Private,352,147
100025,SACRED HEART HOSPITAL,5151 N 9TH AVE,(850) 416-7000,Acute Care Hospitals,Voluntary non-profit - Private,464,35
100025,SACRED HEART HOSPITAL,5151 N 9TH AVE,(850) 416-7000,Acute Care Hospitals,Voluntary non-profit - Private,444,55
100025,SACRED HEART HOSPITAL,5151 N 9TH AVE,(850) 416-7000,Acute Care Hospitals,Voluntary non-profit - Private,365,134
100025,SACRED HEART HOSPITAL,5151 N 9TH AVE,(850) 416-7000,Acute Care Hospitals,Voluntary non-profit - Private,395,104
100025,SACRED HEART HOSPITAL,5151 N 9TH AVE,(850) 416-7000,Acute Care Hospitals,Voluntary non-profit - Private,413,86
100025,SACRED HEART HOSPITAL,5151 N 9TH AVE,(850) 416-7000,Acute Care Hospitals,Voluntary non-profit - Private,318,181
100025,SACRED HEART HOSPITAL,5151 N 9TH AVE,(850) 416-7000,Acute Care Hospitals,Voluntary non-profit - Private,402,97
100025,SACRED HEART HOSPITAL,5151 N 9TH AVE,(850) 416-7000,Acute Care Hospitals,Voluntary non-profit - Private,439,60
100025,SACRED HEART HOSPITAL,5151 N 9TH AVE,(850) 416-7000,Acute Care Hospitals,Voluntary non-profit - Private,418,81
100025,SACRED HEART HOSPITAL,5151 N 9TH AVE,(850) 416-7000,Acute Care Hospitals,Voluntary non-profit - Private,392,107
100025,SACRED HEART HOSPITAL,5151 N 9TH AVE,(850) 416-7000,Acute Care Hospitals,Voluntary non-profit - Private,414,85
100025,SACRED HEART HOSPITAL,5151 N 9TH AVE,(850) 416-7000,Acute Care Hospitals,Voluntary non-profit - Private,301,198
100025,SACRED HEART HOSPITAL,5151 N 9TH AVE,(850) 416-7000,Acute Care Hospitals,Voluntary non-profit - Private,353,146
100025,SACRED HEART HOSPITAL,5151 N 9TH AVE,(850) 416-7000,Acute Care Hospitals,Voluntary non-profit - Private,446,53
100025,SACRED HEART HOSPITAL,5151 N 9TH AVE,(850) 416-7000,Acute Care Hospitals,Voluntary non-profit - Private,337,162
100025,SACRED HEART HOSPITAL,5151 N 9TH AVE,(850) 416-7000,Acute Care Hospitals,Voluntary non-profit - Private,420,79
100025,SACRED HEART HOSPITAL,5151 N 9TH AVE,(850) 416-7000,Acute Care Hospitals,Voluntary non-profit - Private,324,175
100025,SACRED HEART HOSPITAL,5151 N 9TH AVE,(850) 416-7000,Acute Care Hospitals,Voluntary non-profit - Private,319,180
100025,SACRED HEART HOSPITAL,5151 N 9TH AVE,(850) 416-7000,Acute Care Hospitals,Voluntary non-profit - Private,418,81
100025,SACRED HEART HOSPITAL,5151 N 9TH AVE,(850) 416-7000,Acute Care Hospitals,Voluntary non-profit - Private,354,145
100025,SACRED HEART HOSPITAL,5151 N 9TH AVE,(850) 416-7000,Acute Care Hospitals,Voluntary non-profit - Private,403,96
100025,SACRED HEART HOSPITAL,5151 N 9TH AVE,(850) 416-7000,Acute Care Hospitals,Voluntary non-profit - Private,392,107
100025,SACRED HEART HOSPITAL,5151 N 9TH AVE,(850) 416-7000,Acute Care Hospitals,Voluntary non-profit - Private,465,34
100025,SACRED HEART HOSPITAL,5151 N 9TH AVE,(850) 416-7000,Acute Care Hospitals,Voluntary non-profit - Private,459,40
100025,SACRED HEART HOSPITAL,5151 N 9TH AVE,(850) 416-7000,Acute Care Hospitals,Voluntary non-profit - Private,321,178
100025,SACRED HEART HOSPITAL,5151 N 9TH AVE,(850) 416-7000,Acute Care Hospitals,Voluntary non-profit - Private,326,173
100025,SACRED HEART HOSPITAL,5151 N 9TH AVE,(850) 416-7000,Acute Care Hospitals,Voluntary non-profit - Private,347,152
100025,SACRED HEART HOSPITAL,5151 N 9TH AVE,(850) 416-7000,Acute Care Hospitals,Voluntary non-profit - Private,418,81
100025,SACRED HEART HOSPITAL,5151 N 9TH AVE,(850) 416-7000,Acute Care Hospitals,Voluntary non-profit - Private,345,154
100025,SACRED HEART HOSPITAL,5151 N 9TH AVE,(850) 416-7000,Acute Care Hospitals,Voluntary non-profit - Private,406,93
100025,SACRED HEART HOSPITAL,5151 N 9TH AVE,(850) 416-7000,Acute Care Hospitals,Voluntary non-profit - Private,400,99
100025,SACRED HEART HOSPITAL,5151 N 9TH AVE,(850) 416-7000,Acute Care Hospitals,Voluntary non-profit - Private,388,111
100025,SACRED HEART HOSPITAL,5151 N 9TH AVE,(850) 416-7000,Acute Care Hospitals,Voluntary non-profit - Private,310,189
100025,SACRED HEART HOSPITAL,5151 N 9TH AVE,(850) 416-7000,Acute Care Hospitals,Voluntary non-profit - Private,388,111
100025,SACRED HEART HOSPITAL,5151 N 9TH AVE,(850) 416-7000,Acute Care Hospitals,Voluntary non-profit - Private,396,103
100025,SACRED HEART HOSPITAL,5151 N 9TH AVE,(850) 416-7000,Acute Care Hospitals,Voluntary non-profit - Private,415,84
100025,SACRED HEART HOSPITAL,5151 N 9TH AVE,(850) 416-7000,Acute Care Hospitals,Voluntary non-profit - Private,454,45
100025,SACRED HEART HOSPITAL,5151 N 9TH AVE,(850) 416-7000,Acute Care Hospitals,Voluntary non-profit - Private,461,38
100025,SACRED HEART HOSPITAL,5151 N 9TH AVE,(850) 416-7000,Acute Care Hospitals,Voluntary non-profit - Private,361,138
100025,SACRED HEART HOSPITAL,5151 N 9TH AVE,(850) 416-7000,Acute Care Hospitals,Voluntary non-profit - Private,381,118
100025,SACRED HEART HOSPITAL,5151 N 9TH AVE,(850) 416-7000,Acute Care Hospitals,Voluntary non-profit - Private,414,85
100025,SACRED HEART HOSPITAL,5151 N 9TH AVE,(850) 416-7000,Acute Care Hospitals,Voluntary non-profit - Private,436,63
100025,SACRED HEART HOSPITAL,5151 N 9TH AVE,(850) 416-7000,Acute Care Hospitals,Voluntary non-profit - Private,427,72
100025,SACRED HEART HOSPITAL,5151 N 9TH AVE,(850) 416-7000,Acute Care Hospitals,Voluntary non-profit - Private,318,181
100025,SACRED HEART HOSPITAL,5151 N 9TH AVE,(850) 416-7000,Acute Care Hospitals,Voluntary non-profit - Private,386,113
100025,SACRED HEART HOSPITAL,5151 N 9TH AVE,(850) 416-7000,Acute Care Hospitals,Voluntary non-profit - Private,313,186
100025,SACRED HEART HOSPITAL,5151 N 9TH AVE,(850) 416-7000,Acute Care Hospitals,Voluntary non-profit - Private,473,26
100025,SACRED HEART HOSPITAL,5151 N 9TH AVE,(850) 416-7000,Acute Care Hospitals,Voluntary non-profit - Private,299,200
100025,SACRED HEART HOSPITAL,5151 N 9TH AVE,(850) 416-7000,Acute Care Hospitals,Voluntary non-profit - Private,441,58
100025,SACRED HEART HOSPITAL,5151 N 9TH AVE,(850) 416-7000,Acute Care Hospitals,Voluntary non-profit - Private,317,182
100025,SACRED HEART HOSPITAL,5151 N 9TH AVE,(850) 416-7000,Acute Care Hospitals,Voluntary non-profit - Private,369,130
100025,SACRED HEART HOSPITAL,5151 N 9TH AVE,(850) 416-7000,Acute Care Hospitals,Voluntary non-profit - Private,326,173
100025,SACRED HEART HOSPITAL,5151 N 9TH AVE,(850) 416-7000,Acute Care Hospitals,Voluntary non-profit - Private,334,165
100025,SACRED HEART HOSPITAL,5151 N 9TH AVE,(850) 416-7000,Acute Care Hospitals,Voluntary non-profit - Private,469,30
100025,SACRED HEART HOSPITAL,5151 N 9TH AVE,(850) 416-7000,Acute Care Hospitals,Voluntary non-profit - Private,387,112
100025,SACRED HEART HOSPITAL,5151 N 9TH AVE,(850) 416-7000,Acute Care Hospitals,Voluntary non-profit - Private,423,76
100025,SACRED HEART HOSPITAL,5151 N 9TH AVE,(850) 416-7000,Acute Care Hospitals,Voluntary non-profit - Private,406,93
100025,SACRED HEART HOSPITAL,5151 N 9TH AVE,(850) 416-7000,Acute Care Hospitals,Voluntary non-profit - Private,387,112
100025,SACRED HEART HOSPITAL,5151 N 9TH AVE,(850) 416-7000,Acute Care Hospitals,Voluntary non-profit - Private,326,173
100025,SACRED HEART HOSPITAL,5151 N 9TH AVE,(850) 416-7000,Acute Care Hospitals,Voluntary non-profit - Private,436,63
100025,SACRED HEART HOSPITAL,5151 N 9TH AVE,(850) 416-7000,Acute Care Hospitals,Voluntary non-profit - Private,433,66
100025,SACRED HEART HOSPITAL,5151 N 9TH AVE,(850) 416-7000,Acute Care Hospitals,Voluntary non-profit - Private,315,184
100025,SACRED HEART HOSPITAL,5151 N 9TH AVE,(850) 416-7000,Acute Care Hospitals,Voluntary non-profit - Private,436,63
100025,SACRED HEART HOSPITAL,5151 N 9TH AVE,(850) 416-7000,Acute Care Hospitals,Voluntary non-profit - Private,465,34
100025,SACRED HEART HOSPITAL,5151 N 9TH AVE,(850) 416-7000,Acute Care Hospitals,Voluntary non-profit - Private,351,148
100025,SACRED HEART HOSPITAL,5151 N 9TH AVE,(850) 416-7000,Acute Care Hospitals,Voluntary non-profit - Private,362,137
100025,SACRED HEART HOSPITAL,5151 N 9TH AVE,(850) 416-7000,Acute Care Hospitals,Voluntary non-profit - Private,443,56
100025,SACRED HEART HOSPITAL,5151 N 9TH AVE,(850) 416-7000,Acute Care Hospitals,Voluntary non-profit - Private,444,55
100025,SACRED HEART HOSPITAL,5151 N 9TH AVE,(850) 416-7000,Acute Care Hospitals,Voluntary non-profit - Private,433,66
100025,SACRED HEART HOSPITAL,5151 N 9TH AVE,(850) 416-7000,Acute Care Hospitals,Voluntary non-profit - Private,416,83
100025,SACRED HEART HOSPITAL,5151 N 9TH AVE,(850) 416-7000,Acute Care Hospitals,Voluntary non-profit - Private,384,115
100025,SACRED HEART HOSPITAL,5151 N 9TH AVE,(850) 416-7000,Acute Care Hospitals,Voluntary non-profit - Private,452,47
100025,SACRED HEART HOSPITAL,5151 N 9TH AVE,(850) 416-7000,Acute Care Hospitals,Voluntary non-profit - Private,440,59
100025,SACRED HEART HOSPITAL,5151 N 9TH AVE,(850) 416-7000,Acute Care Hospitals,Voluntary non-profit - Private,341,158
100025,SACRED HEART HOSPITAL,5151 N 9TH AVE,(850) 416-7000,Acute Care Hospitals,Voluntary non-profit - Private,346,153
100025,SACRED HEART HOSPITAL,5151 N 9TH AVE,(850) 416-7000,Acute Care Hospitals,Voluntary non-profit - Private,350,149
100025,SACRED HEART HOSPITAL,5151 N 9TH AVE,(850) 416-7000,Acute Care Hospitals,Voluntary non-profit - Private,450,49
100025,SACRED HEART HOSPITAL,5151 N 9TH AVE,(850) 416-7000,Acute Care Hospitals,Voluntary non-profit - Private,354,145
100025,SACRED HEART HOSPITAL,5151 N 9TH AVE,(850) 416-7000,Acute Care Hospitals,Voluntary non-profit - Private,360,139
100025,SACRED HEART HOSPITAL,5151 N 9TH AVE,(850) 416-7000,Acute Care Hospitals,Voluntary non-profit - Private,446,53
100025,SACRED HEART HOSPITAL,5151 N 9TH AVE,(850) 416-7000,Acute Care Hospitals,Voluntary non-profit - Private,437,62
100025,SACRED HEART HOSPITAL,5151 N 9TH AVE,(850) 416-7000,Acute Care Hospitals,Voluntary non-profit - Private,386,113
100025,SACRED HEART HOSPITAL,5151 N 9TH AVE,(850) 416-7000,Acute Care Hospitals,Voluntary non-profit - Private,396,103
100025,SACRED HEART HOSPITAL,5151 N 9TH AVE,(850) 416-7000,Acute Care Hospitals,Voluntary non-profit - Private,346,153
100025,SACRED HEART HOSPITAL,5151 N 9TH AVE,(850) 416-7000,Acute Care Hospitals,Voluntary non-profit - Private,393,106
100025,SACRED HEART HOSPITAL,5151 N 9TH AVE,(850) 416-7000,Acute Care Hospitals,Voluntary non-profit - Private,342,157
100025,SACRED HEART HOSPITAL,5151 N 9TH AVE,(850) 416-7000,Acute Care Hospitals,Voluntary non-profit - Private,399,100
100025,SACRED HEART HOSPITAL,5151 N 9TH AVE,(850) 416-7000,Acute Care Hospitals,Voluntary non-profit - Private,418,81
100025,SACRED HEART HOSPITAL,5151 N 9TH AVE,(850) 416-7000,Acute Care Hospitals,Voluntary non-profit - Private,407,92
100025,SACRED HEART HOSPITAL,5151 N 9TH AVE,(850) 416-7000,Acute Care Hospitals,Voluntary non-profit - Private,345,154
100025,SACRED HEART HOSPITAL,5151 N 9TH AVE,(850) 416-7000,Acute Care Hospitals,Voluntary non-profit - Private,453,46
100025,SACRED HEART HOSPITAL,5151 N 9TH AVE,(850) 416-7000,Acute Care Hospitals,Voluntary non-profit - Private,437,62
100025,SACRED HEART HOSPITAL,5151 N 9TH AVE,(850) 416-7000,Acute Care Hospitals,Voluntary non-profit - Private,392,107
100025,SACRED HEART HOSPITAL,5151 N 9TH AVE,(850) 416-7000,Acute Care Hospitals,Voluntary non-profit - Private,433,66
100025,SACRED HEART HOSPITAL,5151 N 9TH AVE,(850) 416-7000,Acute Care Hospitals,Voluntary non-profit - Private,384,115
100025,SACRED HEART HOSPITAL,5151 N 9TH AVE,(850) 416-7000,Acute Care Hospitals,Voluntary non-profit - Private,310,189
100025,SACRED HEART HOSPITAL,5151 N 9TH AVE,(850) 416-7000,Acute Care Hospitals,Voluntary non-profit - Private,420,79
100025,SACRED HEART HOSPITAL,5151 N 9TH AVE,(850) 416-7000,Acute Care Hospitals,Voluntary non-profit - Private,406,93
100025,SACRED HEART HOSPITAL,5151 N 9TH AVE,(850) 416-7000,Acute Care Hospitals,Voluntary non-profit - Private,417,82
100025,SACRED HEART HOSPITAL,5151 N 9TH AVE,(850) 416-7000,Acute Care Hospitals,Voluntary non-profit - Private,362,137
100025,SACRED HEART HOSPITAL,5151 N 9TH AVE,(850) 416-7000,Acute Care Hospitals,Voluntary non-profit - Private,469,30
100025,SACRED HEART HOSPITAL,5151 N 9TH AVE,(850) 416-7000,Acute Care Hospitals,Voluntary non-profit - Private,331,168
100025,SACRED HEART HOSPITAL,5151 N 9TH AVE,(850) 416-7000,Acute Care Hospitals,Voluntary non-profit - Private,312,187
100025,SACRED HEART HOSPITAL,5151 N 9TH AVE,(850) 416-7000,Acute Care Hospitals,Voluntary non-profit - Private,308,191
100025,SACRED HEART HOSPITAL,5151 N 9TH AVE,(850) 416-7000,Acute Care Hospitals,Voluntary non-profit - Private,345,154
100025,SACRED HEART HOSPITAL,5151 N 9TH AVE,(850) 416-7000,Acute Care Hospitals,Voluntary non-profit - Private,452,47
100025,SACRED HEART HOSPITAL,5151 N 9TH AVE,(850) 416-7000,Acute Care Hospitals,Voluntary non-profit - Private,439,60
100025,SACRED HEART HOSPITAL,5151 N 9TH AVE,(850) 416-7000,Acute Care Hospitals,Voluntary non-profit - Private,471,28
100025,SACRED HEART HOSPITAL,5151 N 9TH AVE,(850) 416-7000,Acute Care Hospitals,Voluntary non-profit - Private,359,140
100025,SACRED HEART HOSPITAL,5151 N 9TH AVE,(850) 416-7000,Acute Care Hospitals,Voluntary non-profit - Private,430,69
100025,SACRED HEART HOSPITAL,5151 N 9TH AVE,(850) 416-7000,Acute Care Hospitals,Voluntary non-profit - Private,456,43
100025,SACRED HEART HOSPITAL,5151 N 9TH AVE,(850) 416-7000,Acute Care Hospitals,Voluntary non-profit - Private,366,133
100025,SACRED HEART HOSPITAL,5151 N 9TH AVE,(850) 416-7000,Acute Care Hospitals,Voluntary non-profit - Private,300,199
100025,SACRED HEART HOSPITAL,5151 N 9TH AVE,(850) 416-7000,Acute Care Hospitals,Voluntary non-profit - Private,308,191
100025,SACRED HEART HOSPITAL,5151 N 9TH AVE,(850) 416-7000,Acute Care Hospitals,Voluntary non-profit - Private,315,184
100025,SACRED HEART HOSPITAL,5151 N 9TH AVE,(850) 416-7000,Acute Care Hospitals,Voluntary non-profit - Private,355,144
100025,SACRED HEART HOSPITAL,5151 N 9TH AVE,(850) 416-7000,Acute Care Hospitals,Voluntary non-profit - Private,446,53
100025,SACRED HEART HOSPITAL,5151 N 9TH AVE,(850) 416-7000,Acute Care Hospitals,Voluntary non-profit - Private,304,195
100025,SACRED HEART HOSPITAL,5151 N 9TH AVE,(850) 416-7000,Acute Care Hospitals,Voluntary non-profit - Private,432,67
100025,SACRED HEART HOSPITAL,5151 N 9TH AVE,(850) 416-7000,Acute Care Hospitals,Voluntary non-profit - Private,380,119
100025,SACRED HEART HOSPITAL,5151 N 9TH AVE,(850) 416-7000,Acute Care Hospitals,Voluntary non-profit - Private,335,164
100025,SACRED HEART HOSPITAL,5151 N 9TH AVE,(850) 416-7000,Acute Care Hospitals,Voluntary non-profit - Private,392,107
100025,SACRED HEART HOSPITAL,5151 N 9TH AVE,(850) 416-7000,Acute Care Hospitals,Voluntary non-profit - Private,346,153
100025,SACRED HEART HOSPITAL,5151 N 9TH AVE,(850) 416-7000,Acute Care Hospitals,Voluntary non-profit - Private,448,51
100025,SACRED HEART HOSPITAL,5151 N 9TH AVE,(850) 416-7000,Acute Care Hospitals,Voluntary non-profit - Private,417,82
100025,SACRED HEART HOSPITAL,5151 N 9TH AVE,(850) 416-7000,Acute Care Hospitals,Voluntary non-profit - Private,302,197
100025,SACRED HEART HOSPITAL,5151 N 9TH AVE,(850) 416-7000,Acute Care Hospitals,Voluntary non-profit - Private,468,31
100025,SACRED HEART HOSPITAL,5151 N 9TH AVE,(850) 416-7000,Acute Care Hospitals,Voluntary non-profit - Private,320,179
100025,SACRED HEART HOSPITAL,5151 N 9TH AVE,(850) 416-7000,Acute Care Hospitals,Voluntary non-profit - Private,335,164
100025,SACRED HEART HOSPITAL,5151 N 9TH AVE,(850) 416-7000,Acute Care Hospitals,Voluntary non-profit - Private,427,72
100025,SACRED HEART HOSPITAL,5151 N 9TH AVE,(850) 416-7000,Acute Care Hospitals,Voluntary non-profit - Private,469,30
100025,SACRED HEART HOSPITAL,5151 N 9TH AVE,(850) 416-7000,Acute Care Hospitals,Voluntary non-profit - Private,328,171
100025,SACRED HEART HOSPITAL,5151 N 9TH AVE,(850) 416-7000,Acute Care Hospitals,Voluntary non-profit - Private,429,70
100025,SACRED HEART HOSPITAL,5151 N 9TH AVE,(850) 416-7000,Acute Care Hospitals,Voluntary non-profit - Private,449,50
100025,SACRED HEART HOSPITAL,5151 N 9TH AVE,(850) 416-7000,Acute Care Hospitals,Voluntary non-profit - Private,330,169
100025,SACRED HEART HOSPITAL,5151 N 9TH AVE,(850) 416-7000,Acute Care Hospitals,Voluntary non-profit - Private,445,54
100025,SACRED HEART HOSPITAL,5151 N 9TH AVE,(850) 416-7000,Acute Care Hospitals,Voluntary non-profit - Private,412,87
100025,SACRED HEART HOSPITAL,5151 N 9TH AVE,(850) 416-7000,Acute Care Hospitals,Voluntary non-profit - Private,394,105
100025,SACRED HEART HOSPITAL,5151 N 9TH AVE,(850) 416-7000,Acute Care Hospitals,Voluntary non-profit - Private,414,85
100025,SACRED HEART HOSPITAL,5151 N 9TH AVE,(850) 416-7000,Acute Care Hospitals,Voluntary non-profit - Private,355,144
100025,SACRED HEART HOSPITAL,5151 N 9TH AVE,(850) 416-7000,Acute Care Hospitals,Voluntary non-profit - Private,321,178
100025,SACRED HEART HOSPITAL,5151 N 9TH AVE,(850) 416-7000,Acute Care Hospitals,Voluntary non-profit - Private,300,199
100025,SACRED HEART HOSPITAL,5151 N 9TH AVE,(850) 416-7000,Acute Care Hospitals,Voluntary non-profit - Private,427,72
100025,SACRED HEART HOSPITAL,5151 N 9TH AVE,(850) 416-7000,Acute Care Hospitals,Voluntary non-profit - Private,329,170
100025,SACRED HEART HOSPITAL,5151 N 9TH AVE,(850) 416-7000,Acute Care Hospitals,Voluntary non-profit - Private,335,164
100025,SACRED HEART HOSPITAL,5151 N 9TH AVE,(850) 416-7000,Acute Care Hospitals,Voluntary non-profit - Private,391,108
100025,SACRED HEART HOSPITAL,5151 N 9TH AVE,(850) 416-7000,Acute Care Hospitals,Voluntary non-profit - Private,445,54
100025,SACRED HEART HOSPITAL,5151 N 9TH AVE,(850) 416-7000,Acute Care Hospitals,Voluntary non-profit - Private,412,87
100025,SACRED HEART HOSPITAL,5151 N 9TH AVE,(850) 416-7000,Acute Care Hospitals,Voluntary non-profit - Private,385,114
100025,SACRED HEART HOSPITAL,5151 N 9TH AVE,(850) 416-7000,Acute Care Hospitals,Voluntary non-profit - Private,445,54
100025,SACRED HEART HOSPITAL,5151 N 9TH AVE,(850) 416-7000,Acute Care Hospitals,Voluntary non-profit - Private,342,157
100025,SACRED HEART HOSPITAL,5151 N 9TH AVE,(850) 416-7000,Acute Care Hospitals,Voluntary non-profit - Private,403,96
100025,SACRED HEART HOSPITAL,5151 N 9TH AVE,(850) 416-7000,Acute Care Hospitals,Voluntary non-profit - Private,331,168
100025,SACRED HEART HOSPITAL,5151 N 9TH AVE,(850) 416-7000,Acute Care Hospitals,Voluntary non-profit - Private,435,64
100025,SACRED HEART HOSPITAL,5151 N 9TH AVE,(850) 416-7000,Acute Care Hospitals,Voluntary non-profit - Private,334,165
100025,SACRED HEART HOSPITAL,5151 N 9TH AVE,(850) 416-7000,Acute Care Hospitals,Voluntary non-profit - Private,345,154
100025,SACRED HEART HOSPITAL,5151 N 9TH AVE,(850) 416-7000,Acute Care Hospitals,Voluntary non-profit - Private,374,125
100025,SACRED HEART HOSPITAL,5151 N 9TH AVE,(850) 416-7000,Acute Care Hospitals,Voluntary non-profit - Private,387,112
100025,SACRED HEART HOSPITAL,5151 N 9TH AVE,(850) 416-7000,Acute Care Hospitals,Voluntary non-profit - Private,321,178
100025,SACRED HEART HOSPITAL,5151 N 9TH AVE,(850) 416-7000,Acute Care Hospitals,Voluntary non-profit - Private,396,103
100025,SACRED HEART HOSPITAL,5151 N 9TH AVE,(850) 416-7000,Acute Care Hospitals,Voluntary non-profit - Private,451,48
100025,SACRED HEART HOSPITAL,5151 N 9TH AVE,(850) 416-7000,Acute Care Hospitals,Voluntary non-profit - Private,348,151
100025,SACRED HEART HOSPITAL,5151 N 9TH AVE,(850) 416-7000,Acute Care Hospitals,Voluntary non-profit - Private,396,103
100025,SACRED HEART HOSPITAL,5151 N 9TH AVE,(850) 416-7000,Acute Care Hospitals,Voluntary non-profit - Private,304,195
100025,SACRED HEART HOSPITAL,5151 N 9TH AVE,(850) 416-7000,Acute Care Hospitals,Voluntary non-profit - Private,463,36
100025,SACRED HEART HOSPITAL,5151 N 9TH AVE,(850) 416-7000,Acute Care Hospitals,Voluntary non-profit - Private,445,54
100025,SACRED HEART HOSPITAL,5151 N 9TH AVE,(850) 416-7000,Acute Care Hospitals,Voluntary non-profit - Private,473,26
100025,SACRED HEART HOSPITAL,5151 N 9TH AVE,(850) 416-7000,Acute Care Hospitals,Voluntary non-profit - Private,377,122
100025,SACRED HEART HOSPITAL,5151 N 9TH AVE,(850) 416-7000,Acute Care Hospitals,Voluntary non-profit - Private,381,118
100025,SACRED HEART HOSPITAL,5151 N 9TH AVE,(850) 416-7000,Acute Care Hospitals,Voluntary non-profit - Private,396,103
100025,SACRED HEART HOSPITAL,5151 N 9TH AVE,(850) 416-7000,Acute Care Hospitals,Voluntary non-profit - Private,439,60
100025,SACRED HEART HOSPITAL,5151 N 9TH AVE,(850) 416-7000,Acute Care Hospitals,Voluntary non-profit - Private,363,136
100025,SACRED HEART HOSPITAL,5151 N 9TH AVE,(850) 416-7000,Acute Care Hospitals,Voluntary non-profit - Private,329,170
100025,SACRED HEART HOSPITAL,5151 N 9TH AVE,(850) 416-7000,Acute Care Hospitals,Voluntary non-profit - Private,451,48
100025,SACRED HEART HOSPITAL,5151 N 9TH AVE,(850) 416-7000,Acute Care Hospitals,Voluntary non-profit - Private,342,157
100025,SACRED HEART HOSPITAL,5151 N 9TH AVE,(850) 416-7000,Acute Care Hospitals,Voluntary non-profit - Private,408,91
100025,SACRED HEART HOSPITAL,5151 N 9TH AVE,(850) 416-7000,Acute Care Hospitals,Voluntary non-profit - Private,410,89
100025,SACRED HEART HOSPITAL,5151 N 9TH AVE,(850) 416-7000,Acute Care Hospitals,Voluntary non-profit - Private,342,157
100025,SACRED HEART HOSPITAL,5151 N 9TH AVE,(850) 416-7000,Acute Care Hospitals,Voluntary non-profit - Private,366,133
100025,SACRED HEART HOSPITAL,5151 N 9TH AVE,(850) 416-7000,Acute Care Hospitals,Voluntary non-profit - Private,420,79
100025,SACRED HEART HOSPITAL,5151 N 9TH AVE,(850) 416-7000,Acute Care Hospitals,Voluntary non-profit - Private,304,195
100025,SACRED HEART HOSPITAL,5151 N 9TH AVE,(850) 416-7000,Acute Care Hospitals,Voluntary non-profit - Private,411,88
100025,SACRED HEART HOSPITAL,5151 N 9TH AVE,(850) 416-7000,Acute Care Hospitals,Voluntary non-profit - Private,331,168
100025,SACRED HEART HOSPITAL,5151 N 9TH AVE,(850) 416-7000,Acute Care Hospitals,Voluntary non-profit - Private,397,102
100025,SACRED HEART HOSPITAL,5151 N 9TH AVE,(850) 416-7000,Acute Care Hospitals,Voluntary non-profit - Private,404,95
100025,SACRED HEART HOSPITAL,5151 N 9TH AVE,(850) 416-7000,Acute Care Hospitals,Voluntary non-profit - Private,379,120
100025,SACRED HEART HOSPITAL,5151 N 9TH AVE,(850) 416-7000,Acute Care Hospitals,Voluntary non-profit - Private,377,122
100025,SACRED HEART HOSPITAL,5151 N 9TH AVE,(850) 416-7000,Acute Care Hospitals,Voluntary non-profit - Private,372,127
100025,SACRED HEART HOSPITAL,5151 N 9TH AVE,(850) 416-7000,Acute Care Hospitals,Voluntary non-profit - Private,422,77
100025,SACRED HEART HOSPITAL,5151 N 9TH AVE,(850) 416-7000,Acute Care Hospitals,Voluntary non-profit - Private,338,161
100025,SACRED HEART HOSPITAL,5151 N 9TH AVE,(850) 416-7000,Acute Care Hospitals,Voluntary non-profit - Private,349,150
100025,SACRED HEART HOSPITAL,5151 N 9TH AVE,(850) 416-7000,Acute Care Hospitals,Voluntary non-profit - Private,380,119
100025,SACRED HEART HOSPITAL,5151 N 9TH AVE,(850) 416-7000,Acute Care Hospitals,Voluntary non-profit - Private,433,66
100025,SACRED HEART HOSPITAL,5151 N 9TH AVE,(850) 416-7000,Acute Care Hospitals,Voluntary non-profit - Private,399,100
100025,SACRED HEART HOSPITAL,5151 N 9TH AVE,(850) 416-7000,Acute Care Hospitals,Voluntary non-profit - Private,303,196
100025,SACRED HEART HOSPITAL,5151 N 9TH AVE,(850) 416-7000,Acute Care Hospitals,Voluntary non-profit - Private,413,86
100025,SACRED HEART HOSPITAL,5151 N 9TH AVE,(850) 416-7000,Acute Care Hospitals,Voluntary non-profit - Private,421,78
100025,SACRED HEART HOSPITAL,5151 N 9TH AVE,(850) 416-7000,Acute Care Hospitals,Voluntary non-profit - Private,401,98
100025,SACRED HEART HOSPITAL,5151 N 9TH AVE,(850) 416-7000,Acute Care Hospitals,Voluntary non-profit - Private,453,46
100025,SACRED HEART HOSPITAL,5151 N 9TH AVE,(850) 416-7000,Acute Care Hospitals,Voluntary non-profit - Private,369,130
100025,SACRED HEART HOSPITAL,5151 N 9TH AVE,(850) 416-7000,Acute Care Hospitals,Voluntary non-profit - Private,460,39
100025,SACRED HEART HOSPITAL,5151 N 9TH AVE,(850) 416-7000,Acute Care Hospitals,Voluntary non-profit - Private,466,33
100025,SACRED HEART HOSPITAL,5151 N 9TH AVE,(850) 416-7000,Acute Care Hospitals,Voluntary non-profit - Private,431,68
100025,SACRED HEART HOSPITAL,5151 N 9TH AVE,(850) 416-7000,Acute Care Hospitals,Voluntary non-profit - Private,464,35
100025,SACRED HEART HOSPITAL,5151 N 9TH AVE,(850) 416-7000,Acute Care Hospitals,Voluntary non-profit - Private,383,116
100025,SACRED HEART HOSPITAL,5151 N 9TH AVE,(850) 416-7000,Acute Care Hospitals,Voluntary non-profit - Private,414,85
100025,SACRED HEART HOSPITAL,5151 N 9TH AVE,(850) 416-7000,Acute Care Hospitals,Voluntary non-profit - Private,341,158
100025,SACRED HEART HOSPITAL,5151 N 9TH AVE,(850) 416-7000,Acute Care Hospitals,Voluntary non-profit - Private,419,80
100025,SACRED HEART HOSPITAL,5151 N 9TH AVE,(850) 416-7000,Acute Care Hospitals,Voluntary non-profit - Private,467,32
100025,SACRED HEART HOSPITAL,5151 N 9TH AVE,(850) 416-7000,Acute Care Hospitals,Voluntary non-profit - Private,470,29
100025,SACRED HEART HOSPITAL,5151 N 9TH AVE,(850) 416-7000,Acute Care Hospitals,Voluntary non-profit - Private,402,97
100025,SACRED HEART HOSPITAL,5151 N 9TH AVE,(850) 416-7000,Acute Care Hospitals,Voluntary non-profit - Private,363,136
100025,SACRED HEART HOSPITAL,5151 N 9TH AVE,(850) 416-7000,Acute Care Hospitals,Voluntary non-profit - Private,451,48
100025,SACRED HEART HOSPITAL,5151 N 9TH AVE,(850) 416-7000,Acute Care Hospitals,Voluntary non-profit - Private,444,55
100025,SACRED HEART HOSPITAL,5151 N 9TH AVE,(850) 416-7000,Acute Care Hospitals,Voluntary non-profit - Private,406,93
100025,SACRED HEART HOSPITAL,5151 N 9TH AVE,(850) 416-7000,Acute Care Hospitals,Voluntary non-profit - Private,446,53
100025,SACRED HEART HOSPITAL,5151 N 9TH AVE,(850) 416-7000,Acute Care Hospitals,Voluntary non-profit - Private,450,49
100025,SACRED HEART HOSPITAL,5151 N 9TH AVE,(850) 416-7000,Acute Care Hospitals,Voluntary non-profit - Private,411,88
100025,SACRED HEART HOSPITAL,5151 N 9TH AVE,(850) 416-7000,Acute Care Hospitals,Voluntary non-profit - Private,433,66
100025,SACRED HEART HOSPITAL,5151 N 9TH AVE,(850) 416-7000,Acute Care Hospitals,Voluntary non-profit - Private,466,33
100025,SACRED HEART HOSPITAL,5151 N 9TH AVE,(850) 416-7000,Acute Care Hospitals,Voluntary non-profit - Private,386,113
100025,SACRED HEART HOSPITAL,5151 N 9TH AVE,(850) 416-7000,Acute Care Hospitals,Voluntary non-profit - Private,423,76
100025,SACRED HEART HOSPITAL,5151 N 9TH AVE,(850) 416-7000,Acute Care Hospitals,Voluntary non-profit - Private,319,180
100025,SACRED HEART HOSPITAL,5151 N 9TH AVE,(850) 416-7000,Acute Care Hospitals,Voluntary non-profit - Private,304,195
100025,SACRED HEART HOSPITAL,5151 N 9TH AVE,(850) 416-7000,Acute Care Hospitals,Voluntary non-profit - Private,384,115
100025,SACRED HEART HOSPITAL,5151 N 9TH AVE,(850) 416-7000,Acute Care Hospitals,Voluntary non-profit - Private,350,149
100025,SACRED HEART HOSPITAL,5151 N 9TH AVE,(850) 416-7000,Acute Care Hospitals,Voluntary non-profit - Private,312,187
100025,SACRED HEART HOSPITAL,5151 N 9TH AVE,(850) 416-7000,Acute Care Hospitals,Voluntary non-profit - Private,337,162
100025,SACRED HEART HOSPITAL,5151 N 9TH AVE,(850) 416-7000,Acute Care Hospitals,Voluntary non-profit - Private,401,98
100025,SACRED HEART HOSPITAL,5151 N 9TH AVE,(850) 416-7000,Acute Care Hospitals,Voluntary non-profit - Private,341,158
100025,SACRED HEART HOSPITAL,5151 N 9TH AVE,(850) 416-7000,Acute Care Hospitals,Voluntary non-profit - Private,376,123
100025,SACRED HEART HOSPITAL,5151 N 9TH AVE,(850) 416-7000,Acute Care Hospitals,Voluntary non-profit - Private,423,76
100025,SACRED HEART HOSPITAL,5151 N 9TH AVE,(850) 416-7000,Acute Care Hospitals,Voluntary non-profit - Private,464,35
100025,SACRED HEART HOSPITAL,5151 N 9TH AVE,(850) 416-7000,Acute Care Hospitals,Voluntary non-profit - Private,450,49
100025,SACRED HEART HOSPITAL,5151 N 9TH AVE,(850) 416-7000,Acute Care Hospitals,Voluntary non-profit - Private,387,112
100025,SACRED HEART HOSPITAL,5151 N 9TH AVE,(850) 416-7000,Acute Care Hospitals,Voluntary non-profit - Private,396,103
100025,SACRED HEART HOSPITAL,5151 N 9TH AVE,(850) 416-7000,Acute Care Hospitals,Voluntary non-profit - Private,328,171
100025,SACRED HEART HOSPITAL,5151 N 9TH AVE,(850) 416-7000,Acute Care Hospitals,Voluntary non-profit - Private,438,61
100025,SACRED HEART HOSPITAL,5151 N 9TH AVE,(850) 416-7000,Acute Care Hospitals,Voluntary non-profit - Private,471,28
100025,SACRED HEART HOSPITAL,5151 N 9TH AVE,(850) 416-7000,Acute Care Hospitals,Voluntary non-profit - Private,449,50
100025,SACRED HEART HOSPITAL,5151 N 9TH AVE,(850) 416-7000,Acute Care Hospitals,Voluntary non-profit - Private,368,131
100025,SACRED HEART HOSPITAL,5151 N 9TH AVE,(850) 416-7000,Acute Care Hospitals,Voluntary non-profit - Private,318,181
100025,SACRED HEART HOSPITAL,5151 N 9TH AVE,(850) 416-7000,Acute Care Hospitals,Voluntary non-profit - Private,425,74
100025,SACRED HEART HOSPITAL,5151 N 9TH AVE,(850) 416-7000,Acute Care Hospitals,Voluntary non-profit - Private,416,83
100025,SACRED HEART HOSPITAL,5151 N 9TH AVE,(850) 416-7000,Acute Care Hospitals,Voluntary non-profit - Private,466,33
100025,SACRED HEART HOSPITAL,5151 N 9TH AVE,(850) 416-7000,Acute Care Hospitals,Voluntary non-profit - Private,341,158
100025,SACRED HEART HOSPITAL,5151 N 9TH AVE,(850) 416-7000,Acute Care Hospitals,Voluntary non-profit - Private,442,57
100025,SACRED HEART HOSPITAL,5151 N 9TH AVE,(850) 416-7000,Acute Care Hospitals,Voluntary non-profit - Private,373,126
100025,SACRED HEART HOSPITAL,5151 N 9TH AVE,(850) 416-7000,Acute Care Hospitals,Voluntary non-profit - Private,358,141
100025,SACRED HEART HOSPITAL,5151 N 9TH AVE,(850) 416-7000,Acute Care Hospitals,Voluntary non-profit - Private,456,43
100025,SACRED HEART HOSPITAL,5151 N 9TH AVE,(850) 416-7000,Acute Care Hospitals,Voluntary non-profit - Private,406,93
100025,SACRED HEART HOSPITAL,5151 N 9TH AVE,(850) 416-7000,Acute Care Hospitals,Voluntary non-profit - Private,412,87
100025,SACRED HEART HOSPITAL,5151 N 9TH AVE,(850) 416-7000,Acute Care Hospitals,Voluntary non-profit - Private,344,155
100025,SACRED HEART HOSPITAL,5151 N 9TH AVE,(850) 416-7000,Acute Care Hospitals,Voluntary non-profit - Private,403,96
100025,SACRED HEART HOSPITAL,5151 N 9TH AVE,(850) 416-7000,Acute Care Hospitals,Voluntary non-profit - Private,406,93
100025,SACRED HEART HOSPITAL,5151 N 9TH AVE,(850) 416-7000,Acute Care Hospitals,Voluntary non-profit - Private,360,139
100025,SACRED HEART HOSPITAL,5151 N 9TH AVE,(850) 416-7000,Acute Care Hospitals,Voluntary non-profit - Private,394,105
100025,SACRED HEART HOSPITAL,5151 N 9TH AVE,(850) 416-7000,Acute Care Hospitals,Voluntary non-profit - Private,308,191
100025,SACRED HEART HOSPITAL,5151 N 9TH AVE,(850) 416-7000,Acute Care Hospitals,Voluntary non-profit - Private,343,156
100025,SACRED HEART HOSPITAL,5151 N 9TH AVE,(850) 416-7000,Acute Care Hospitals,Voluntary non-profit - Private,425,74
100025,SACRED HEART HOSPITAL,5151 N 9TH AVE,(850) 416-7000,Acute Care Hospitals,Voluntary non-profit - Private,458,41
100025,SACRED HEART HOSPITAL,5151 N 9TH AVE,(850) 416-7000,Acute Care Hospitals,Voluntary non-profit - Private,398,101
100025,SACRED HEART HOSPITAL,5151 N 9TH AVE,(850) 416-7000,Acute Care Hospitals,Voluntary non-profit - Private,386,113
100025,SACRED HEART HOSPITAL,5151 N 9TH AVE,(850) 416-7000,Acute Care Hospitals,Voluntary non-profit - Private,469,30
100025,SACRED HEART HOSPITAL,5151 N 9TH AVE,(850) 416-7000,Acute Care Hospitals,Voluntary non-profit - Private,438,61
100025,SACRED HEART HOSPITAL,5151 N 9TH AVE,(850) 416-7000,Acute Care Hospitals,Voluntary non-profit - Private,453,46
100025,SACRED HEART HOSPITAL,5151 N 9TH AVE,(850) 416-7000,Acute Care Hospitals,Voluntary non-profit - Private,466,33
100025,SACRED HEART HOSPITAL,5151 N 9TH AVE,(850) 416-7000,Acute Care Hospitals,Voluntary non-profit - Private,380,119
100025,SACRED HEART HOSPITAL,5151 N 9TH AVE,(850) 416-7000,Acute Care Hospitals,Voluntary non-profit - Private,316,183
100025,SACRED HEART HOSPITAL,5151 N 9TH AVE,(850) 416-7000,Acute Care Hospitals,Voluntary non-profit - Private,326,173
100025,SACRED HEART HOSPITAL,5151 N 9TH AVE,(850) 416-7000,Acute Care Hospitals,Voluntary non-profit - Private,395,104
100025,SACRED HEART HOSPITAL,5151 N 9TH AVE,(850) 416-7000,Acute Care Hospitals,Voluntary non-profit - Private,327,172
100025,SACRED HEART HOSPITAL,5151 N 9TH AVE,(850) 416-7000,Acute Care Hospitals,Voluntary non-profit - Private,433,66
100025,SACRED HEART HOSPITAL,5151 N 9TH AVE,(850) 416-7000,Acute Care Hospitals,Voluntary non-profit - Private,304,195
100025,SACRED HEART HOSPITAL,5151 N 9TH AVE,(850) 416-7000,Acute Care Hospitals,Voluntary non-profit - Private,410,89
100025,SACRED HEART HOSPITAL,5151 N 9TH AVE,(850) 416-7000,Acute Care Hospitals,Voluntary non-profit - Private,462,37
100025,SACRED HEART HOSPITAL,5151 N 9TH AVE,(850) 416-7000,Acute Care Hospitals,Voluntary non-profit - Private,408,91
100025,SACRED HEART HOSPITAL,5151 N 9TH AVE,(850) 416-7000,Acute Care Hospitals,Voluntary non-profit - Private,397,102
100025,SACRED HEART HOSPITAL,5151 N 9TH AVE,(850) 416-7000,Acute Care Hospitals,Voluntary non-profit - Private,346,153
100025,SACRED HEART HOSPITAL,5151 N 9TH AVE,(850) 416-7000,Acute Care Hospitals,Voluntary non-profit - Private,351,148
100025,SACRED HEART HOSPITAL,5151 N 9TH AVE,(850) 416-7000,Acute Care Hospitals,Voluntary non-profit - Private,385,114
100025,SACRED HEART HOSPITAL,5151 N 9TH AVE,(850) 416-7000,Acute Care Hospitals,Voluntary non-profit - Private,328,171
100025,SACRED HEART HOSPITAL,5151 N 9TH AVE,(850) 416-7000,Acute Care Hospitals,Voluntary non-profit - Private,389,110
100025,SACRED HEART HOSPITAL,5151 N 9TH AVE,(850) 416-7000,Acute Care Hospitals,Voluntary non-profit - Private,464,35
100025,SACRED HEART HOSPITAL,5151 N 9TH AVE,(850) 416-7000,Acute Care Hospitals,Voluntary non-profit - Private,311,188
100025,SACRED HEART HOSPITAL,5151 N 9TH AVE,(850) 416-7000,Acute Care Hospitals,Voluntary non-profit - Private,365,134
100025,SACRED HEART HOSPITAL,5151 N 9TH AVE,(850) 416-7000,Acute Care Hospitals,Voluntary non-profit - Private,439,60
100025,SACRED HEART HOSPITAL,5151 N 9TH AVE,(850) 416-7000,Acute Care Hospitals,Voluntary non-profit - Private,469,30
100025,SACRED HEART HOSPITAL,5151 N 9TH AVE,(850) 416-7000,Acute Care Hospitals,Voluntary non-profit - Private,342,157
100025,SACRED HEART HOSPITAL,5151 N 9TH AVE,(850) 416-7000,Acute Care Hospitals,Voluntary non-profit - Private,407,92
100025,SACRED HEART HOSPITAL,5151 N 9TH AVE,(850) 416-7000,Acute Care Hospitals,Voluntary non-profit - Private,318,181
100025,SACRED HEART HOSPITAL,5151 N 9TH AVE,(850) 416-7000,Acute Care Hospitals,Voluntary non-profit - Private,356,143
100025,SACRED HEART HOSPITAL,5151 N 9TH AVE,(850) 416-7000,Acute Care Hospitals,Voluntary non-profit - Private,364,135
100025,SACRED HEART HOSPITAL,5151 N 9TH AVE,(850) 416-7000,Acute Care Hospitals,Voluntary non-profit - Private,386,113
100025,SACRED HEART HOSPITAL,5151 N 9TH AVE,(850) 416-7000,Acute Care Hospitals,Voluntary non-profit - Private,389,110
100025,SACRED HEART HOSPITAL,5151 N 9TH AVE,(850) 416-7000,Acute Care Hospitals,Voluntary non-profit - Private,310,189
100025,SACRED HEART HOSPITAL,5151 N 9TH AVE,(850) 416-7000,Acute Care Hospitals,Voluntary non-profit - Private,457,42
100025,SACRED HEART HOSPITAL,5151 N 9TH AVE,(850) 416-7000,Acute Care Hospitals,Voluntary non-profit - Private,472,27
100025,SACRED HEART HOSPITAL,5151 N 9TH AVE,(850) 416-7000,Acute Care Hospitals,Voluntary non-profit - Private,321,178
100025,SACRED HEART HOSPITAL,5151 N 9TH AVE,(850) 416-7000,Acute Care Hospitals,Voluntary non-profit - Private,329,170
100025,SACRED HEART HOSPITAL,5151 N 9TH AVE,(850) 416-7000,Acute Care Hospitals,Voluntary non-profit - Private,345,154
100025,SACRED HEART HOSPITAL,5151 N 9TH AVE,(850) 416-7000,Acute Care Hospitals,Voluntary non-profit - Private,417,82
100025,SACRED HEART HOSPITAL,5151 N 9TH AVE,(850) 416-7000,Acute Care Hospitals,Voluntary non-profit - Private,386,113
100025,SACRED HEART HOSPITAL,5151 N 9TH AVE,(850) 416-7000,Acute Care Hospitals,Voluntary non-profit - Private,303,196
100025,SACRED HEART HOSPITAL,5151 N 9TH AVE,(850) 416-7000,Acute Care Hospitals,Voluntary non-profit - Private,306,193
100025,SACRED HEART HOSPITAL,5151 N 9TH AVE,(850) 416-7000,Acute Care Hospitals,Voluntary non-profit - Private,415,84
100025,SACRED HEART HOSPITAL,5151 N 9TH AVE,(850) 416-7000,Acute Care Hospitals,Voluntary non-profit - Private,438,61
100025,SACRED HEART HOSPITAL,5151 N 9TH AVE,(850) 416-7000,Acute Care Hospitals,Voluntary non-profit - Private,424,75
100025,SACRED HEART HOSPITAL,5151 N 9TH AVE,(850) 416-7000,Acute Care Hospitals,Voluntary non-profit - Private,403,96
100025,SACRED HEART HOSPITAL,5151 N 9TH AVE,(850) 416-7000,Acute Care Hospitals,Voluntary non-profit - Private,347,152
100025,SACRED HEART HOSPITAL,5151 N 9TH AVE,(850) 416-7000,Acute Care Hospitals,Voluntary non-profit - Private,335,164
100025,SACRED HEART HOSPITAL,5151 N 9TH AVE,(850) 416-7000,Acute Care Hospitals,Voluntary non-profit - Private,464,35
100025,SACRED HEART HOSPITAL,5151 N 9TH AVE,(850) 416-7000,Acute Care Hospitals,Voluntary non-profit - Private,356,143
100025,SACRED HEART HOSPITAL,5151 N 9TH AVE,(850) 416-7000,Acute Care Hospitals,Voluntary non-profit - Private,302,197
100025,SACRED HEART HOSPITAL,5151 N 9TH AVE,(850) 416-7000,Acute Care Hospitals,Voluntary non-profit - Private,473,26
100025,SACRED HEART HOSPITAL,5151 N 9TH AVE,(850) 416-7000,Acute Care Hospitals,Voluntary non-profit - Private,330,169
100025,SACRED HEART HOSPITAL,5151 N 9TH AVE,(850) 416-7000,Acute Care Hospitals,Voluntary non-profit - Private,408,91
100025,SACRED HEART HOSPITAL,5151 N 9TH AVE,(850) 416-7000,Acute Care Hospitals,Voluntary non-profit - Private,354,145
100025,SACRED HEART HOSPITAL,5151 N 9TH AVE,(850) 416-7000,Acute Care Hospitals,Voluntary non-profit - Private,471,28
100025,SACRED HEART HOSPITAL,5151 N 9TH AVE,(850) 416-7000,Acute Care Hospitals,Voluntary non-profit - Private,415,84
100025,SACRED HEART HOSPITAL,5151 N 9TH AVE,(850) 416-7000,Acute Care Hospitals,Voluntary non-profit - Private,341,158
100025,SACRED HEART HOSPITAL,5151 N 9TH AVE,(850) 416-7000,Acute Care Hospitals,Voluntary non-profit - Private,440,59
100025,SACRED HEART HOSPITAL,5151 N 9TH AVE,(850) 416-7000,Acute Care Hospitals,Voluntary non-profit - Private,319,180
100025,SACRED HEART HOSPITAL,5151 N 9TH AVE,(850) 416-7000,Acute Care Hospitals,Voluntary non-profit - Private,441,58
100025,SACRED HEART HOSPITAL,5151 N 9TH AVE,(850) 416-7000,Acute Care Hospitals,Voluntary non-profit - Private,300,199
100025,SACRED HEART HOSPITAL,5151 N 9TH AVE,(850) 416-7000,Acute Care Hospitals,Voluntary non-profit - Private,360,139
100025,SACRED HEART HOSPITAL,5151 N 9TH AVE,(850) 416-7000,Acute Care Hospitals,Voluntary non-profit - Private,333,166
100025,SACRED HEART HOSPITAL,5151 N 9TH AVE,(850) 416-7000,Acute Care Hospitals,Voluntary non-profit - Private,339,160
100025,SACRED HEART HOSPITAL,5151 N 9TH AVE,(850) 416-7000,Acute Care Hospitals,Voluntary non-profit - Private,419,80
100025,SACRED HEART HOSPITAL,5151 N 9TH AVE,(850) 416-7000,Acute Care Hospitals,Voluntary non-profit - Private,424,75
100025,SACRED HEART HOSPITAL,5151 N 9TH AVE,(850) 416-7000,Acute Care Hospitals,Voluntary non-profit - Private,348,151
100025,SACRED HEART HOSPITAL,5151 N 9TH AVE,(850) 416-7000,Acute Care Hospitals,Voluntary non-profit - Private,447,52
100025,SACRED HEART HOSPITAL,5151 N 9TH AVE,(850) 416-7000,Acute Care Hospitals,Voluntary non-profit - Private,450,49
100025,SACRED HEART HOSPITAL,5151 N 9TH AVE,(850) 416-7000,Acute Care Hospitals,Voluntary non-profit - Private,456,43
100025,SACRED HEART HOSPITAL,5151 N 9TH AVE,(850) 416-7000,Acute Care Hospitals,Voluntary non-profit - Private,472,27
100025,SACRED HEART HOSPITAL,5151 N 9TH AVE,(850) 416-7000,Acute Care Hospitals,Voluntary non-profit - Private,466,33
100025,SACRED HEART HOSPITAL,5151 N 9TH AVE,(850) 416-7000,Acute Care Hospitals,Voluntary non-profit - Private,396,103
100025,SACRED HEART HOSPITAL,5151 N 9TH AVE,(850) 416-7000,Acute Care Hospitals,Voluntary non-profit - Private,377,122
100025,SACRED HEART HOSPITAL,5151 N 9TH AVE,(850) 416-7000,Acute Care Hospitals,Voluntary non-profit - Private,331,168
100025,SACRED HEART HOSPITAL,5151 N 9TH AVE,(850) 416-7000,Acute Care Hospitals,Voluntary non-profit - Private,423,76
100025,SACRED HEART HOSPITAL,5151 N 9TH AVE,(850) 416-7000,Acute Care Hospitals,Voluntary non-profit - Private,380,119
100025,SACRED HEART HOSPITAL,5151 N 9TH AVE,(850) 416-7000,Acute Care Hospitals,Voluntary non-profit - Private,328,171
100025,SACRED HEART HOSPITAL,5151 N 9TH AVE,(850) 416-7000,Acute Care Hospitals,Voluntary non-profit - Private,431,68
