Facility ID,Facility Name,Address,Telephone Number,Hospital Type,Hospital Ownership,Active Beds,Inactive Beds
100012,LEE MEMORIAL HOSPITAL,2776 CLEVELAND AVE,(239) 332-1111,Acute Care Hospitals,Government - Hospital District or Authority,178,32
100012,LEE MEMORIAL HOSPITAL,2776 CLEVELAND AVE,(239) 332-1111,Acute Care Hospitals,Government - Hospital District or Authority,190,20
100012,LEE MEMORIAL HOSPITAL,2776 CLEVELAND AVE,(239) 332-1111,Acute Care Hospitals,Government - Hospital District or Authority,196,14
100012,LEE MEMORIAL HOSPITAL,2776 CLEVELAND AVE,(239) 332-1111,Acute Care Hospitals,Government - Hospital District or Authority,193,17
100012,LEE MEMORIAL HOSPITAL,2776 CLEVELAND AVE,(239) 332-1111,Acute Care Hospitals,Government - Hospital District or Authority,131,79
100012,LEE MEMORIAL HOSPITAL,2776 CLEVELAND AVE,(239) 332-1111,Acute Care Hospitals,Government - Hospital District or Authority,132,78
100012,LEE MEMORIAL HOSPITAL,2776 CLEVELAND AVE,(239) 332-1111,Acute Care Hospitals,Government - Hospital District or Authority,132,78
100012,LEE MEMORIAL HOSPITAL,2776 CLEVELAND AVE,(239) 332-1111,Acute Care Hospitals,Government - Hospital District or Authority,179,31
100012,LEE MEMORIAL HOSPITAL,2776 CLEVELAND AVE,(239) 332-1111,Acute Care Hospitals,Government - Hospital District or Authority,134,76
100012,LEE MEMORIAL HOSPITAL,2776 CLEVELAND AVE,(239) 332-1111,Acute Care Hospitals,Government - Hospital District or Authority,128,82
100012,LEE MEMORIAL HOSPITAL,2776 CLEVELAND AVE,(239) 332-1111,Acute Care Hospitals,Government - Hospital District or Authority,181,29
100012,LEE MEMORIAL HOSPITAL,2776 CLEVELAND AVE,(239) 332-1111,Acute Care Hospitals,Government - Hospital District or Authority,193,17
100012,LEE MEMORIAL HOSPITAL,2776 CLEVELAND AVE,(239) 332-1111,Acute Care Hospitals,Government - Hospital District or Authority,127,83
100012,LEE MEMORIAL HOSPITAL,2776 CLEVELAND AVE,(239) 332-1111,Acute Care Hospitals,Government - Hospital District or Authority,186,24
100012,LEE MEMORIAL HOSPITAL,2776 CLEVELAND AVE,(239) 332-1111,Acute Care Hospitals,Government - Hospital District or Authority,161,49
100012,LEE MEMORIAL HOSPITAL,2776 CLEVELAND AVE,(239) 332-1111,Acute Care Hospitals,Government - Hospital District or Authority,153,57
100012,LEE MEMORIAL HOSPITAL,2776 CLEVELAND AVE,(239) 332-1111,Acute Care Hospitals,Government - Hospital District or Authority,177,33
100012,LEE MEMORIAL HOSPITAL,2776 CLEVELAND AVE,(239) 332-1111,Acute Care Hospitals,Government - Hospital District or Authority,195,15
100012,LEE MEMORIAL HOSPITAL,2776 CLEVELAND AVE,(239) 332-1111,Acute Care Hospitals,Government - Hospital District or Authority,182,28
100012,LEE MEMORIAL HOSPITAL,2776 CLEVELAND AVE,(239) 332-1111,Acute Care Hospitals,Government - Hospital District or Authority,159,51
100012,LEE MEMORIAL HOSPITAL,2776 CLEVELAND AVE,(239) 332-1111,Acute Care Hospitals,Government - Hospital District or Authority,187,23
100012,LEE MEMORIAL HOSPITAL,2776 CLEVELAND AVE,(239) 332-1111,Acute Care Hospitals,Government - Hospital District or Authority,174,36
100012,LEE MEMORIAL HOSPITAL,2776 CLEVELAND AVE,(239) 332-1111,Acute Care Hospitals,Government - Hospital District or Authority,191,19
100012,LEE MEMORIAL HOSPITAL,2776 CLEVELAND AVE,(239) 332-1111,Acute Care Hospitals,Government - Hospital District or Authority,174,36
100012,LEE MEMORIAL HOSPITAL,2776 CLEVELAND AVE,(239) 332-1111,Acute Care Hospitals,Government - Hospital District or Authority,141,69
100012,LEE MEMORIAL HOSPITAL,2776 CLEVELAND AVE,(239) 332-1111,Acute Care Hospitals,Government - Hospital District or Authority,171,39
100012,LEE MEMORIAL HOSPITAL,2776 CLEVELAND AVE,(239) 332-1111,Acute Care Hospitals,Government - Hospital District or Authority,147,63
100012,LEE MEMORIAL HOSPITAL,2776 CLEVELAND AVE,(239) 332-1111,Acute Care Hospitals,Government - Hospital District or Authority,134,76
100012,LEE MEMORIAL HOSPITAL,2776 CLEVELAND AVE,(239) 332-1111,Acute Care Hospitals,Government - Hospital District or Authority,130,80
100012,LEE MEMORIAL HOSPITAL,2776 CLEVELAND AVE,(239) 332-1111,Acute Care Hospitals,Government - Hospital District or Authority,166,44
100012,LEE MEMORIAL HOSPITAL,2776 CLEVELAND AVE,(239) 332-1111,Acute Care Hospitals,Government - Hospital District or Authority,127,83
100012,LEE MEMORIAL HOSPITAL,2776 CLEVELAND AVE,(239) 332-1111,Acute Care Hospitals,Government - Hospital District or Authority,157,53
100012,LEE MEMORIAL HOSPITAL,2776 CLEVELAND AVE,(239) 332-1111,Acute Care Hospitals,Government - Hospital District or Authority,152,58
100012,LEE MEMORIAL HOSPITAL,2776 CLEVELAND AVE,(239) 332-1111,Acute Care Hospitals,Government - Hospital District or Authority,140,70
100012,LEE MEMORIAL HOSPITAL,2776 CLEVELAND AVE,(239) 332-1111,Acute Care Hospitals,Government - Hospital District or Authority,169,41
100012,LEE MEMORIAL HOSPITAL,2776 CLEVELAND AVE,(239) 332-1111,Acute Care Hospitals,Government - Hospital District or Authority,171,39
100012,LEE MEMORIAL HOSPITAL,2776 CLEVELAND AVE,(239) 332-1111,Acute Care Hospitals,Government - Hospital District or Authority,171,39
100012,LEE MEMORIAL HOSPITAL,2776 CLEVELAND AVE,(239) 332-1111,Acute Care Hospitals,Government - Hospital District or Authority,186,24
100012,LEE MEMORIAL HOSPITAL,2776 CLEVELAND AVE,(239) 332-1111,Acute Care Hospitals,Government - Hospital District or Authority,145,65
100012,LEE MEMORIAL HOSPITAL,2776 CLEVELAND AVE,(239) 332-1111,Acute Care Hospitals,Government - Hospital District or Authority,198,12
100012,LEE MEMORIAL HOSPITAL,2776 CLEVELAND AVE,(239) 332-1111,Acute Care Hospitals,Government - Hospital District or Authority,192,18
100012,LEE MEMORIAL HOSPITAL,2776 CLEVELAND AVE,(239) 332-1111,Acute Care Hospitals,Government - Hospital District or Authority,159,51
100012,LEE MEMORIAL HOSPITAL,2776 CLEVELAND AVE,(239) 332-1111,Acute Care Hospitals,Government - Hospital District or Authority,141,69
100012,LEE MEMORIAL HOSPITAL,2776 CLEVELAND AVE,(239) 332-1111,Acute Care Hospitals,Government - Hospital District or Authority,168,42
100012,LEE MEMORIAL HOSPITAL,2776 CLEVELAND AVE,(239) 332-1111,Acute Care Hospitals,Government - Hospital District or Authority,136,74
100012,LEE MEMORIAL HOSPITAL,2776 CLEVELAND AVE,(239) 332-1111,Acute Care Hospitals,Government - Hospital District or Authority,167,43
100012,LEE MEMORIAL HOSPITAL,2776 CLEVELAND AVE,(239) 332-1111,Acute Care Hospitals,Government - Hospital District or Authority,188,22
100012,LEE MEMORIAL HOSPITAL,2776 CLEVELAND AVE,(239) 332-1111,Acute Care Hospitals,Government - Hospital District or Authority,193,17
100012,LEE MEMORIAL HOSPITAL,2776 CLEVELAND AVE,(239) 332-1111,Acute Care Hospitals,Government - Hospital District or Authority,140,70
100012,LEE MEMORIAL HOSPITAL,2776 CLEVELAND AVE,(239) 332-1111,Acute Care Hospitals,Government - Hospital District or Authority,160,50
100012,LEE MEMORIAL HOSPITAL,2776 CLEVELAND AVE,(239) 332-1111,Acute Care Hospitals,Government - Hospital District or Authority,197,13
100012,LEE MEMORIAL HOSPITAL,2776 CLEVELAND AVE,(239) 332-1111,Acute Care Hospitals,Government - Hospital District or Authority,139,71
100012,LEE MEMORIAL HOSPITAL,2776 CLEVELAND AVE,(239) 332-1111,Acute Care Hospitals,Government - Hospital District or Authority,150,60
100012,LEE MEMORIAL HOSPITAL,2776 CLEVELAND AVE,(239) 332-1111,Acute Care Hospitals,Government - Hospital District or Authority,139,71
100012,LEE MEMORIAL HOSPITAL,2776 CLEVELAND AVE,(239) 332-1111,Acute Care Hospitals,Government - Hospital District or Authority,175,35
100012,LEE MEMORIAL HOSPITAL,2776 CLEVELAND AVE,(239) 332-1111,Acute Care Hospitals,Government - Hospital District or Authority,188,22
100012,LEE MEMORIAL HOSPITAL,2776 CLEVELAND AVE,(239) 332-1111,Acute Care Hospitals,Government - Hospital District or Authority,141,69
100012,LEE MEMORIAL HOSPITAL,2776 CLEVELAND AVE,(239) 332-1111,Acute Care Hospitals,Government - Hospital District or Authority,183,27
100012,LEE MEMORIAL HOSPITAL,2776 CLEVELAND AVE,(239) 332-1111,Acute Care Hospitals,Government - Hospital District or Authority,153,57
100012,LEE MEMORIAL HOSPITAL,2776 CLEVELAND AVE,(239) 332-1111,Acute Care Hospitals,Government - Hospital District or Authority,140,70
100012,LEE MEMORIAL HOSPITAL,2776 CLEVELAND AVE,(239) 332-1111,Acute Care Hospitals,Government - Hospital District or Authority,174,36
100012,LEE MEMORIAL HOSPITAL,2776 CLEVELAND AVE,(239) 332-1111,Acute Care Hospitals,Government - Hospital District or Authority,173,37
100012,LEE MEMORIAL HOSPITAL,2776 CLEVELAND AVE,(239) 332-1111,Acute Care Hospitals,Government - Hospital District or Authority,198,12
100012,LEE MEMORIAL HOSPITAL,2776 CLEVELAND AVE,(239) 332-1111,Acute Care Hospitals,Government - Hospital District or Authority,144,66
100012,LEE MEMORIAL HOSPITAL,2776 CLEVELAND AVE,(239) 332-1111,Acute Care Hospitals,Government - Hospital District or Authority,184,26
100012,LEE MEMORIAL HOSPITAL,2776 CLEVELAND AVE,(239) 332-1111,Acute Care Hospitals,Government - Hospital District or Authority,139,71
100012,LEE MEMORIAL HOSPITAL,2776 CLEVELAND AVE,(239) 332-1111,Acute Care Hospitals,Government - Hospital District or Authority,154,56
100012,LEE MEMORIAL HOSPITAL,2776 CLEVELAND AVE,(239) 332-1111,Acute Care Hospitals,Government - Hospital District or Authority,158,52
100012,LEE MEMORIAL HOSPITAL,2776 CLEVELAND AVE,(239) 332-1111,Acute Care Hospitals,Government - Hospital District or Authority,171,39
100012,LEE MEMORIAL HOSPITAL,2776 CLEVELAND AVE,(239) 332-1111,Acute Care Hospitals,Government - Hospital District or Authority,130,80
100012,LEE MEMORIAL HOSPITAL,2776 CLEVELAND AVE,(239) 332-1111,Acute Care Hospitals,Government - Hospital District or Authority,175,35
100012,LEE MEMORIAL HOSPITAL,2776 CLEVELAND AVE,(239) 332-1111,Acute Care Hospitals,Government - Hospital District or Authority,195,15
100012,LEE MEMORIAL HOSPITAL,2776 CLEVELAND AVE,(239) 332-1111,Acute Care Hospitals,Government - Hospital District or Authority,129,81
100012,LEE MEMORIAL HOSPITAL,2776 CLEVELAND AVE,(239) 332-1111,Acute Care Hospitals,Government - Hospital District or Authority,165,45
100012,LEE MEMORIAL HOSPITAL,2776 CLEVELAND AVE,(239) 332-1111,Acute Care Hospitals,Government - Hospital District or Authority,163,47
100012,LEE MEMORIAL HOSPITAL,2776 CLEVELAND AVE,(239) 332-1111,Acute Care Hospitals,Government - Hospital District or Authority,136,74
100012,LEE MEMORIAL HOSPITAL,2776 CLEVELAND AVE,(239) 332-1111,Acute Care Hospitals,Government - Hospital District or Authority,168,42
100012,LEE MEMORIAL HOSPITAL,2776 CLEVELAND AVE,(239) 332-1111,Acute Care Hospitals,Government - Hospital District or Authority,161,49
100012,LEE MEMORIAL HOSPITAL,2776 CLEVELAND AVE,(239) 332-1111,Acute Care Hospitals,Government - Hospital District or Authority,186,24
100012,LEE MEMORIAL HOSPITAL,2776 CLEVELAND AVE,(239) 332-1111,Acute Care Hospitals,Government - Hospital District or Authority,191,19
100012,LEE MEMORIAL HOSPITAL,2776 CLEVELAND AVE,(239) 332-1111,Acute Care Hospitals,Government - Hospital District or Authority,174,36
100012,LEE MEMORIAL HOSPITAL,2776 CLEVELAND AVE,(239) 332-1111,Acute Care Hospitals,Government - Hospital District or Authority,187,23
100012,LEE MEMORIAL HOSPITAL,2776 CLEVELAND AVE,(239) 332-1111,Acute Care Hospitals,Government - Hospital District or Authority,137,73
100012,LEE MEMORIAL HOSPITAL,2776 CLEVELAND AVE,(239) 332-1111,Acute Care Hospitals,Government - Hospital District or Authority,163,47
100012,LEE MEMORIAL HOSPITAL,2776 CLEVELAND AVE,(239) 332-1111,Acute Care Hospitals,Government - Hospital District or Authority,139,71
100012,LEE MEMORIAL HOSPITAL,2776 CLEVELAND AVE,(239) 332-1111,Acute Care Hospitals,Government - Hospital District or Authority,133,77
100012,LEE MEMORIAL HOSPITAL,2776 CLEVELAND AVE,(239) 332-1111,Acute Care Hospitals,Government - Hospital District or Authority,133,77
100012,LEE MEMORIAL HOSPITAL,2776 CLEVELAND AVE,(239) 332-1111,Acute Care Hospitals,Government - Hospital District or Authority,162,48
100012,LEE MEMORIAL HOSPITAL,2776 CLEVELAND AVE,(239) 332-1111,Acute Care Hospitals,Government - Hospital District or Authority,181,29
100012,LEE MEMORIAL HOSPITAL,2776 CLEVELAND AVE,(239) 332-1111,Acute Care Hospitals,Government - Hospital District or Authority,191,19
100012,LEE MEMORIAL HOSPITAL,2776 CLEVELAND AVE,(239) 332-1111,Acute Care Hospitals,Government - Hospital District or Authority,135,75
100012,LEE MEMORIAL HOSPITAL,2776 CLEVELAND AVE,(239) 332-1111,Acute Care Hospitals,Government - Hospital District or Authority,167,43
100012,LEE MEMORIAL HOSPITAL,2776 CLEVELAND AVE,(239) 332-1111,Acute Care Hospitals,Government - Hospital District or Authority,163,47
100012,LEE MEMORIAL HOSPITAL,2776 CLEVELAND AVE,(239) 332-1111,Acute Care Hospitals,Government - Hospital District or Authority,158,52
100012,LEE MEMORIAL HOSPITAL,2776 CLEVELAND AVE,(239) 332-1111,Acute Care Hospitals,Government - Hospital District or Authority,166,44
100012,LEE MEMORIAL HOSPITAL,2776 CLEVELAND AVE,(239) 332-1111,Acute Care Hospitals,Government - Hospital District or Authority,153,57
100012,LEE MEMORIAL HOSPITAL,2776 CLEVELAND AVE,(239) 332-1111,Acute Care Hospitals,Government - Hospital District or Authority,160,50
100012,LEE MEMORIAL HOSPITAL,2776 CLEVELAND AVE,(239) 332-1111,Acute Care Hospitals,Government - Hospital District or Authority,142,68
100012,LEE MEMORIAL HOSPITAL,2776 CLEVELAND AVE,(239) 332-1111,Acute Care Hospitals,Government - Hospital District or Authority,191,19
100012,LEE MEMORIAL HOSPITAL,2776 CLEVELAND AVE,(239) 332-1111,Acute Care Hospitals,Government - Hospital District or Authority,141,69
100012,LEE MEMORIAL HOSPITAL,2776 CLEVELAND AVE,(239) 332-1111,Acute Care Hospitals,Government - Hospital District or Authority,178,32
100012,LEE MEMORIAL HOSPITAL,2776 CLEVELAND AVE,(239) 332-1111,Acute Care Hospitals,Government - Hospital District or Authority,169,41
100012,LEE MEMORIAL HOSPITAL,2776 CLEVELAND AVE,(239) 332-1111,Acute Care Hospitals,Government - Hospital District or Authority,185,25
100012,LEE MEMORIAL HOSPITAL,2776 CLEVELAND AVE,(239) 332-1111,Acute Care Hospitals,Government - Hospital District or Authority,190,20
100012,LEE MEMORIAL HOSPITAL,2776 CLEVELAND AVE,(239) 332-1111,Acute Care Hospitals,Government - Hospital District or Authority,196,14
100012,LEE MEMORIAL HOSPITAL,2776 CLEVELAND AVE,(239) 332-1111,Acute Care Hospitals,Government - Hospital District or Authority,129,81
100012,LEE MEMORIAL HOSPITAL,2776 CLEVELAND AVE,(239) 332-1111,Acute Care Hospitals,Government - Hospital District or Authority,145,65
100012,LEE MEMORIAL HOSPITAL,2776 CLEVELAND AVE,(239) 332-1111,Acute Care Hospitals,Government - Hospital District or Authority,176,34
100012,LEE MEMORIAL HOSPITAL,2776 CLEVELAND AVE,(239) 332-1111,Acute Care Hospitals,Government - Hospital District or Authority,191,19
100012,LEE MEMORIAL HOSPITAL,2776 CLEVELAND AVE,(239) 332-1111,Acute Care Hospitals,Government - Hospital District or Authority,144,66
100012,LEE MEMORIAL HOSPITAL,2776 CLEVELAND AVE,(239) 332-1111,Acute Care Hospitals,Government - Hospital District or Authority,190,20
100012,LEE MEMORIAL HOSPITAL,2776 CLEVELAND AVE,(239) 332-1111,Acute Care Hospitals,Government - Hospital District or Authority,176,34
100012,LEE MEMORIAL HOSPITAL,2776 CLEVELAND AVE,(239) 332-1111,Acute Care Hospitals,Government - Hospital District or Authority,149,61
100012,LEE MEMORIAL HOSPITAL,2776 CLEVELAND AVE,(239) 332-1111,Acute Care Hospitals,Government - Hospital District or Authority,139,71
100012,LEE MEMORIAL HOSPITAL,2776 CLEVELAND AVE,(239) 332-1111,Acute Care Hospitals,Government - Hospital District or Authority,186,24
100012,LEE MEMORIAL HOSPITAL,2776 CLEVELAND AVE,(239) 332-1111,Acute Care Hospitals,Government - Hospital District or Authority,186,24
100012,LEE MEMORIAL HOSPITAL,2776 CLEVELAND AVE,(239) 332-1111,Acute Care Hospitals,Government - Hospital District or Authority,155,55
100012,LEE MEMORIAL HOSPITAL,2776 CLEVELAND AVE,(239) 332-1111,Acute Care Hospitals,Government - Hospital District or Authority,168,42
100012,LEE MEMORIAL HOSPITAL,2776 CLEVELAND AVE,(239) 332-1111,Acute Care Hospitals,Government - Hospital District or Authority,147,63
100012,LEE MEMORIAL HOSPITAL,2776 CLEVELAND AVE,(239) 332-1111,Acute Care Hospitals,Government - Hospital District or Authority,189,21
100012,LEE MEMORIAL HOSPITAL,2776 CLEVELAND AVE,(239) 332-1111,Acute Care Hospitals,Government - Hospital District or Authority,189,21
100012,LEE MEMORIAL HOSPITAL,2776 CLEVELAND AVE,(239) 332-1111,Acute Care Hospitals,Government - Hospital District or Authority,134,76
100012,LEE MEMORIAL HOSPITAL,2776 CLEVELAND AVE,(239) 332-1111,Acute Care Hospitals,Government - Hospital District or Authority,148,62
100012,LEE MEMORIAL HOSPITAL,2776 CLEVELAND AVE,(239) 332-1111,Acute Care Hospitals,Government - Hospital District or Authority,191,19
100012,LEE MEMORIAL HOSPITAL,2776 CLEVELAND AVE,(239) 332-1111,Acute Care Hospitals,Government - Hospital District or Authority,143,67
100012,LEE MEMORIAL HOSPITAL,2776 CLEVELAND AVE,(239) 332-1111,Acute Care Hospitals,Government - Hospital District or Authority,161,49
100012,LEE MEMORIAL HOSPITAL,2776 CLEVELAND AVE,(239) 332-1111,Acute Care Hospitals,Government - Hospital District or Authority,169,41
100012,LEE MEMORIAL HOSPITAL,2776 CLEVELAND AVE,(239) 332-1111,Acute Care Hospitals,Government - Hospital District or Authority,198,12
100012,LEE MEMORIAL HOSPITAL,2776 CLEVELAND AVE,(239) 332-1111,Acute Care Hospitals,Government - Hospital District or Authority,128,82
100012,LEE MEMORIAL HOSPITAL,2776 CLEVELAND AVE,(239) 332-1111,Acute Care Hospitals,Government - Hospital District or Authority,193,17
100012,LEE MEMORIAL HOSPITAL,2776 CLEVELAND AVE,(239) 332-1111,Acute Care Hospitals,Government - Hospital District or Authority,147,63
100012,LEE MEMORIAL HOSPITAL,2776 CLEVELAND AVE,(239) 332-1111,Acute Care Hospitals,Government - Hospital District or Authority,135,75
100012,LEE MEMORIAL HOSPITAL,2776 CLEVELAND AVE,(239) 332-1111,Acute Care Hospitals,Government - Hospital District or Authority,170,40
100012,LEE MEMORIAL HOSPITAL,2776 CLEVELAND AVE,(239) 332-1111,Acute Care Hospitals,Government - Hospital District or Authority,128,82
100012,LEE MEMORIAL HOSPITAL,2776 CLEVELAND AVE,(239) 332-1111,Acute Care Hospitals,Government - Hospital District or Authority,182,28
100012,LEE MEMORIAL HOSPITAL,2776 CLEVELAND AVE,(239) 332-1111,Acute Care Hospitals,Government - Hospital District or Authority,191,19
100012,LEE MEMORIAL HOSPITAL,2776 CLEVELAND AVE,(239) 332-1111,Acute Care Hospitals,Government - Hospital District or Authority,178,32
100012,LEE MEMORIAL HOSPITAL,2776 CLEVELAND AVE,(239) 332-1111,Acute Care Hospitals,Government - Hospital District or Authority,153,57
100012,LEE MEMORIAL HOSPITAL,2776 CLEVELAND AVE,(239) 332-1111,Acute Care Hospitals,Government - Hospital District or Authority,145,65
100012,LEE MEMORIAL HOSPITAL,2776 CLEVELAND AVE,(239) 332-1111,Acute Care Hospitals,Government - Hospital District or Authority,162,48
100012,LEE MEMORIAL HOSPITAL,2776 CLEVELAND AVE,(239) 332-1111,Acute Care Hospitals,Government - Hospital District or Authority,155,55
100012,LEE MEMORIAL HOSPITAL,2776 CLEVELAND AVE,(239) 332-1111,Acute Care Hospitals,Government - Hospital District or Authority,179,31
100012,LEE MEMORIAL HOSPITAL,2776 CLEVELAND AVE,(239) 332-1111,Acute Care Hospitals,Government - Hospital District or Authority,187,23
100012,LEE MEMORIAL HOSPITAL,2776 CLEVELAND AVE,(239) 332-1111,Acute Care Hospitals,Government - Hospital District or Authority,139,71
100012,LEE MEMORIAL HOSPITAL,2776 CLEVELAND AVE,(239) 332-1111,Acute Care Hospitals,Government - Hospital District or Authority,145,65
100012,LEE MEMORIAL HOSPITAL,2776 CLEVELAND AVE,(239) 332-1111,Acute Care Hospitals,Government - Hospital District or Authority,147,63
100012,LEE MEMORIAL HOSPITAL,2776 CLEVELAND AVE,(239) 332-1111,Acute Care Hospitals,Government - Hospital District or Authority,134,76
100012,LEE MEMORIAL HOSPITAL,2776 CLEVELAND AVE,(239) 332-1111,Acute Care Hospitals,Government - Hospital District or Authority,157,53
100012,LEE MEMORIAL HOSPITAL,2776 CLEVELAND AVE,(239) 332-1111,Acute Care Hospitals,Government - Hospital District or Authority,152,58
100012,LEE MEMORIAL HOSPITAL,2776 CLEVELAND AVE,(239) 332-1111,Acute Care Hospitals,Government - Hospital District or Authority,184,26
100012,LEE MEMORIAL HOSPITAL,2776 CLEVELAND AVE,(239) 332-1111,Acute Care Hospitals,Government - Hospital District or Authority,197,13
100012,LEE MEMORIAL HOSPITAL,2776 CLEVELAND AVE,(239) 332-1111,Acute Care Hospitals,Government - Hospital District or Authority,194,16
100012,LEE MEMORIAL HOSPITAL,2776 CLEVELAND AVE,(239) 332-1111,Acute Care Hospitals,Government - Hospital District or Authority,154,56
100012,LEE MEMORIAL HOSPITAL,2776 CLEVELAND AVE,(239) 332-1111,Acute Care Hospitals,Government - Hospital District or Authority,168,42
100012,LEE MEMORIAL HOSPITAL,2776 CLEVELAND AVE,(239) 332-1111,Acute Care Hospitals,Government - Hospital District or Authority,194,16
100012,LEE MEMORIAL HOSPITAL,2776 CLEVELAND AVE,(239) 332-1111,Acute Care Hospitals,Government - Hospital District or Authority,151,59
100012,LEE MEMORIAL HOSPITAL,2776 CLEVELAND AVE,(239) 332-1111,Acute Care Hospitals,Government - Hospital District or Authority,127,83
100012,LEE MEMORIAL HOSPITAL,2776 CLEVELAND AVE,(239) 332-1111,Acute Care Hospitals,Government - Hospital District or Authority,151,59
100012,LEE MEMORIAL HOSPITAL,2776 CLEVELAND AVE,(239) 332-1111,Acute Care Hospitals,Government - Hospital District or Authority,186,24
100012,LEE MEMORIAL HOSPITAL,2776 CLEVELAND AVE,(239) 332-1111,Acute Care Hospitals,Government - Hospital District or Authority,166,44
100012,LEE MEMORIAL HOSPITAL,2776 CLEVELAND AVE,(239) 332-1111,Acute Care Hospitals,Government - Hospital District or Authority,151,59
100012,LEE MEMORIAL HOSPITAL,2776 CLEVELAND AVE,(239) 332-1111,Acute Care Hospitals,Government - Hospital District or Authority,145,65
100012,LEE MEMORIAL HOSPITAL,2776 CLEVELAND AVE,(239) 332-1111,Acute Care Hospitals,Government - Hospital District or Authority,159,51
100012,LEE MEMORIAL HOSPITAL,2776 CLEVELAND AVE,(239) 332-1111,Acute Care Hospitals,Government - Hospital District or Authority,135,75
100012,LEE MEMORIAL HOSPITAL,2776 CLEVELAND AVE,(239) 332-1111,Acute Care Hospitals,Government - Hospital District or Authority,186,24
100012,LEE MEMORIAL HOSPITAL,2776 CLEVELAND AVE,(239) 332-1111,Acute Care Hospitals,Government - Hospital District or Authority,186,24
100012,LEE MEMORIAL HOSPITAL,2776 CLEVELAND AVE,(239) 332-1111,Acute Care Hospitals,Government - Hospital District or Authority,191,19
100012,LEE MEMORIAL HOSPITAL,2776 CLEVELAND AVE,(239) 332-1111,Acute Care Hospitals,Government - Hospital District or Authority,174,36
100012,LEE MEMORIAL HOSPITAL,2776 CLEVELAND AVE,(239) 332-1111,Acute Care Hospitals,Government - Hospital District or Authority,169,41
100012,LEE MEMORIAL HOSPITAL,2776 CLEVELAND AVE,(239) 332-1111,Acute Care Hospitals,Government - Hospital District or Authority,199,11
100012,LEE MEMORIAL HOSPITAL,2776 CLEVELAND AVE,(239) 332-1111,Acute Care Hospitals,Government - Hospital District or Authority,192,18
100012,LEE MEMORIAL HOSPITAL,2776 CLEVELAND AVE,(239) 332-1111,Acute Care Hospitals,Government - Hospital District or Authority,166,44
100012,LEE MEMORIAL HOSPITAL,2776 CLEVELAND AVE,(239) 332-1111,Acute Care Hospitals,Government - Hospital District or Authority,155,55
100012,LEE MEMORIAL HOSPITAL,2776 CLEVELAND AVE,(239) 332-1111,Acute Care Hospitals,Government - Hospital District or Authority,128,82
100012,LEE MEMORIAL HOSPITAL,2776 CLEVELAND AVE,(239) 332-1111,Acute Care Hospitals,Government - Hospital District or Authority,128,82
100012,LEE MEMORIAL HOSPITAL,2776 CLEVELAND AVE,(239) 332-1111,Acute Care Hospitals,Government - Hospital District or Authority,138,72
100012,LEE MEMORIAL HOSPITAL,2776 CLEVELAND AVE,(239) 332-1111,Acute Care Hospitals,Government - Hospital District or Authority,131,79
100012,LEE MEMORIAL HOSPITAL,2776 CLEVELAND AVE,(239) 332-1111,Acute Care Hospitals,Government - Hospital District or Authority,194,16
100012,LEE MEMORIAL HOSPITAL,2776 CLEVELAND AVE,(239) 332-1111,Acute Care Hospitals,Government - Hospital District or Authority,195,15
100012,LEE MEMORIAL HOSPITAL,2776 CLEVELAND AVE,(239) 332-1111,Acute Care Hospitals,Government - Hospital District or Authority,145,65
100012,LEE MEMORIAL HOSPITAL,2776 CLEVELAND AVE,(239) 332-1111,Acute Care Hospitals,Government - Hospital District or Authority,150,60
100012,LEE MEMORIAL HOSPITAL,2776 CLEVELAND AVE,(239) 332-1111,Acute Care Hospitals,Government - Hospital District or Authority,153,57
100012,LEE MEMORIAL HOSPITAL,2776 CLEVELAND AVE,(239) 332-1111,Acute Care Hospitals,Government - Hospital District or Authority,137,73
100012,LEE MEMORIAL HOSPITAL,2776 CLEVELAND AVE,(239) 332-1111,Acute Care Hospitals,Government - Hospital District or Authority,129,81
100012,LEE MEMORIAL HOSPITAL,2776 CLEVELAND AVE,(239) 332-1111,Acute Care Hospitals,Government - Hospital District or Authority,147,63
100012,LEE MEMORIAL HOSPITAL,2776 CLEVELAND AVE,(239) 332-1111,Acute Care Hospitals,Government - Hospital District or Authority,169,41
100012,LEE MEMORIAL HOSPITAL,2776 CLEVELAND AVE,(239) 332-1111,Acute Care Hospitals,Government - Hospital District or Authority,162,48
100012,LEE MEMORIAL HOSPITAL,2776 CLEVELAND AVE,(239) 332-1111,Acute Care Hospitals,Government - Hospital District or Authority,162,48
100012,LEE MEMORIAL HOSPITAL,2776 CLEVELAND AVE,(239) 332-1111,Acute Care Hospitals,Government - Hospital District or Authority,157,53
100012,LEE MEMORIAL HOSPITAL,2776 CLEVELAND AVE,(239) 332-1111,Acute Care Hospitals,Government - Hospital District or Authority,155,55
100012,LEE MEMORIAL HOSPITAL,2776 CLEVELAND AVE,(239) 332-1111,Acute Care Hospitals,Government - Hospital District or Authority,140,70
100012,LEE MEMORIAL HOSPITAL,2776 CLEVELAND AVE,(239) 332-1111,Acute Care Hospitals,Government - Hospital District or Authority,166,44
100012,LEE MEMORIAL HOSPITAL,2776 CLEVELAND AVE,(239) 332-1111,Acute Care Hospitals,Government - Hospital District or Authority,152,58
100012,LEE MEMORIAL HOSPITAL,2776 CLEVELAND AVE,(239) 332-1111,Acute Care Hospitals,Government - Hospital District or Authority,184,26
100012,LEE MEMORIAL HOSPITAL,2776 CLEVELAND AVE,(239) 332-1111,Acute Care Hospitals,Government - Hospital District or Authority,155,55
100012,LEE MEMORIAL HOSPITAL,2776 CLEVELAND AVE,(239) 332-1111,Acute Care Hospitals,Government - Hospital District or Authority,163,47
100012,LEE MEMORIAL HOSPITAL,2776 CLEVELAND AVE,(239) 332-1111,Acute Care Hospitals,Government - Hospital District or Authority,170,40
100012,LEE MEMORIAL HOSPITAL,2776 CLEVELAND AVE,(239) 332-1111,Acute Care Hospitals,Government - Hospital District or Authority,176,34
100012,LEE MEMORIAL HOSPITAL,2776 CLEVELAND AVE,(239) 332-1111,Acute Care Hospitals,Government - Hospital District or Authority,175,35
100012,LEE MEMORIAL HOSPITAL,2776 CLEVELAND AVE,(239) 332-1111,Acute Care Hospitals,Government - Hospital District or Authority,175,35
100012,LEE MEMORIAL HOSPITAL,2776 CLEVELAND AVE,(239) 332-1111,Acute Care Hospitals,Government - Hospital District or Authority,145,65
100012,LEE MEMORIAL HOSPITAL,2776 CLEVELAND AVE,(239) 332-1111,Acute Care Hospitals,Government - Hospital District or Authority,152,58
100012,LEE MEMORIAL HOSPITAL,2776 CLEVELAND AVE,(239) 332-1111,Acute Care Hospitals,Government - Hospital District or Authority,175,35
100012,LEE MEMORIAL HOSPITAL,2776 CLEVELAND AVE,(239) 332-1111,Acute Care Hospitals,Government - Hospital District or Authority,137,73
100012,LEE MEMORIAL HOSPITAL,2776 CLEVELAND AVE,(239) 332-1111,Acute Care Hospitals,Government - Hospital District or Authority,181,29
100012,LEE MEMORIAL HOSPITAL,2776 CLEVELAND AVE,(239) 332-1111,Acute Care Hospitals,Government - Hospital District or Authority,133,77
100012,LEE MEMORIAL HOSPITAL,2776 CLEVELAND AVE,(239) 332-1111,Acute Care Hospitals,Government - Hospital District or Authority,161,49
100012,LEE MEMORIAL HOSPITAL,2776 CLEVELAND AVE,(239) 332-1111,Acute Care Hospitals,Government - Hospital District or Authority,139,71
100012,LEE MEMORIAL HOSPITAL,2776 CLEVELAND AVE,(239) 332-1111,Acute Care Hospitals,Government - Hospital District or Authority,139,71
100012,LEE MEMORIAL HOSPITAL,2776 CLEVELAND AVE,(239) 332-1111,Acute Care Hospitals,Government - Hospital District or Authority,152,58
100012,LEE MEMORIAL HOSPITAL,2776 CLEVELAND AVE,(239) 332-1111,Acute Care Hospitals,Government - Hospital District or Authority,135,75
100012,LEE MEMORIAL HOSPITAL,2776 CLEVELAND AVE,(239) 332-1111,Acute Care Hospitals,Government - Hospital District or Authority,167,43
100012,LEE MEMORIAL HOSPITAL,2776 CLEVELAND AVE,(239) 332-1111,Acute Care Hospitals,Government - Hospital District or Authority,161,49
100012,LEE MEMORIAL HOSPITAL,2776 CLEVELAND AVE,(239) 332-1111,Acute Care Hospitals,Government - Hospital District or Authority,182,28
100012,LEE MEMORIAL HOSPITAL,2776 CLEVELAND AVE,(239) 332-1111,Acute Care Hospitals,Government - Hospital District or Authority,185,25
100012,LEE MEMORIAL HOSPITAL,2776 CLEVELAND AVE,(239) 332-1111,Acute Care Hospitals,Government - Hospital District or Authority,185,25
100012,LEE MEMORIAL HOSPITAL,2776 CLEVELAND AVE,(239) 332-1111,Acute Care Hospitals,Government - Hospital District or Authority,131,79
100012,LEE MEMORIAL HOSPITAL,2776 CLEVELAND AVE,(239) 332-1111,Acute Care Hospitals,Government - Hospital District or Authority,156,54
100012,LEE MEMORIAL HOSPITAL,2776 CLEVELAND AVE,(239) 332-1111,Acute Care Hospitals,Government - Hospital District or Authority,179,31
100012,LEE MEMORIAL HOSPITAL,2776 CLEVELAND AVE,(239) 332-1111,Acute Care Hospitals,Government - Hospital District or Authority,131,79
100012,LEE MEMORIAL HOSPITAL,2776 CLEVELAND AVE,(239) 332-1111,Acute Care Hospitals,Government - Hospital District or Authority,172,38
100012,LEE MEMORIAL HOSPITAL,2776 CLEVELAND AVE,(239) 332-1111,Acute Care Hospitals,Government - Hospital District or Authority,164,46
100012,LEE MEMORIAL HOSPITAL,2776 CLEVELAND AVE,(239) 332-1111,Acute Care Hospitals,Government - Hospital District or Authority,168,42
100012,LEE MEMORIAL HOSPITAL,2776 CLEVELAND AVE,(239) 332-1111,Acute Care Hospitals,Government - Hospital District or Authority,143,67
100012,LEE MEMORIAL HOSPITAL,2776 CLEVELAND AVE,(239) 332-1111,Acute Care Hospitals,Government - Hospital District or Authority,146,64
100012,LEE MEMORIAL HOSPITAL,2776 CLEVELAND AVE,(239) 332-1111,Acute Care Hospitals,Government - Hospital District or Authority,196,14
100012,LEE MEMORIAL HOSPITAL,2776 CLEVELAND AVE,(239) 332-1111,Acute Care Hospitals,Government - Hospital District or Authority,189,21
100012,LEE MEMORIAL HOSPITAL,2776 CLEVELAND AVE,(239) 332-1111,Acute Care Hospitals,Government - Hospital District or Authority,189,21
100012,LEE MEMORIAL HOSPITAL,2776 CLEVELAND AVE,(239) 332-1111,Acute Care Hospitals,Government - Hospital District or Authority,165,45
100012,LEE MEMORIAL HOSPITAL,2776 CLEVELAND AVE,(239) 332-1111,Acute Care Hospitals,Government - Hospital District or Authority,172,38
100012,LEE MEMORIAL HOSPITAL,2776 CLEVELAND AVE,(239) 332-1111,Acute Care Hospitals,Government - Hospital District or Authority,193,17
100012,LEE MEMORIAL HOSPITAL,2776 CLEVELAND AVE,(239) 332-1111,Acute Care Hospitals,Government - Hospital District or Authority,149,61
100012,LEE MEMORIAL HOSPITAL,2776 CLEVELAND AVE,(239) 332-1111,Acute Care Hospitals,Government - Hospital District or Authority,178,32
100012,LEE MEMORIAL HOSPITAL,2776 CLEVELAND AVE,(239) 332-1111,Acute Care Hospitals,Government - Hospital District or Authority,185,25
100012,LEE MEMORIAL HOSPITAL,2776 CLEVELAND AVE,(239) 332-1111,Acute Care Hospitals,Government - Hospital District or Authority,130,80
100012,LEE MEMORIAL HOSPITAL,2776 CLEVELAND AVE,(239) 332-1111,Acute Care Hospitals,Government - Hospital District or Authority,161,49
100012,LEE MEMORIAL HOSPITAL,2776 CLEVELAND AVE,(239) 332-1111,Acute Care Hospitals,Government - Hospital District or Authority,136,74
100012,LEE MEMORIAL HOSPITAL,2776 CLEVELAND AVE,(239) 332-1111,Acute Care Hospitals,Government - Hospital District or Authority,136,74
100012,LEE MEMORIAL HOSPITAL,2776 CLEVELAND AVE,(239) 332-1111,Acute Care Hospitals,Government - Hospital District or Authority,157,53
100012,LEE MEMORIAL HOSPITAL,2776 CLEVELAND AVE,(239) 332-1111,Acute Care Hospitals,Government - Hospital District or Authority,176,34
100012,LEE MEMORIAL HOSPITAL,2776 CLEVELAND AVE,(239) 332-1111,Acute Care Hospitals,Government - Hospital District or Authority,169,41
100012,LEE MEMORIAL HOSPITAL,2776 CLEVELAND AVE,(239) 332-1111,Acute Care Hospitals,Government - Hospital District or Authority,147,63
100012,LEE MEMORIAL HOSPITAL,2776 CLEVELAND AVE,(239) 332-1111,Acute Care Hospitals,Government - Hospital District or Authority,184,26
100012,LEE MEMORIAL HOSPITAL,2776 CLEVELAND AVE,(239) 332-1111,Acute Care Hospitals,Government - Hospital District or Authority,145,65
100012,LEE MEMORIAL HOSPITAL,2776 CLEVELAND AVE,(239) 332-1111,Acute Care Hospitals,Government - Hospital District or Authority,137,73
100012,LEE MEMORIAL HOSPITAL,2776 CLEVELAND AVE,(239) 332-1111,Acute Care Hospitals,Government - Hospital District or Authority,179,31
100012,LEE MEMORIAL HOSPITAL,2776 CLEVELAND AVE,(239) 332-1111,Acute Care Hospitals,Government - Hospital District or Authority,186,24
100012,LEE MEMORIAL HOSPITAL,2776 CLEVELAND AVE,(239) 332-1111,Acute Care Hospitals,Government - Hospital District or Authority,155,55
100012,LEE MEMORIAL HOSPITAL,2776 CLEVELAND AVE,(239) 332-1111,Acute Care Hospitals,Government - Hospital District or Authority,186,24
100012,LEE MEMORIAL HOSPITAL,2776 CLEVELAND AVE,(239) 332-1111,Acute Care Hospitals,Government - Hospital District or Authority,179,31
100012,LEE MEMORIAL HOSPITAL,2776 CLEVELAND AVE,(239) 332-1111,Acute Care Hospitals,Government - Hospital District or Authority,190,20
100012,LEE MEMORIAL HOSPITAL,2776 CLEVELAND AVE,(239) 332-1111,Acute Care Hospitals,Government - Hospital District or Authority,136,74
100012,LEE MEMORIAL HOSPITAL,2776 CLEVELAND AVE,(239) 332-1111,Acute Care Hospitals,Government - Hospital District or Authority,191,19
100012,LEE MEMORIAL HOSPITAL,2776 CLEVELAND AVE,(239) 332-1111,Acute Care Hospitals,Government - Hospital District or Authority,187,23
100012,LEE MEMORIAL HOSPITAL,2776 CLEVELAND AVE,(239) 332-1111,Acute Care Hospitals,Government - Hospital District or Authority,170,40
100012,LEE MEMORIAL HOSPITAL,2776 CLEVELAND AVE,(239) 332-1111,Acute Care Hospitals,Government - Hospital District or Authority,172,38
100012,LEE MEMORIAL HOSPITAL,2776 CLEVELAND AVE,(239) 332-1111,Acute Care Hospitals,Government - Hospital District or Authority,150,60
100012,LEE MEMORIAL HOSPITAL,2776 CLEVELAND AVE,(239) 332-1111,Acute Care Hospitals,Government - Hospital District or Authority,141,69
100012,LEE MEMORIAL HOSPITAL,2776 CLEVELAND AVE,(239) 332-1111,Acute Care Hospitals,Government - Hospital District or Authority,176,34
100012,LEE MEMORIAL HOSPITAL,2776 CLEVELAND AVE,(239) 332-1111,Acute Care Hospitals,Government - Hospital District or Authority,144,66
100012,LEE MEMORIAL HOSPITAL,2776 CLEVELAND AVE,(239) 332-1111,Acute Care Hospitals,Government - Hospital District or Authority,164,46
100012,LEE MEMORIAL HOSPITAL,2776 CLEVELAND AVE,(239) 332-1111,Acute Care Hospitals,Government - Hospital District or Authority,180,30
100012,LEE MEMORIAL HOSPITAL,2776 CLEVELAND AVE,(239) 332-1111,Acute Care Hospitals,Government - Hospital District or Authority,148,62
100012,LEE MEMORIAL HOSPITAL,2776 CLEVELAND AVE,(239) 332-1111,Acute Care Hospitals,Government - Hospital District or Authority,169,41
100012,LEE MEMORIAL HOSPITAL,2776 CLEVELAND AVE,(239) 332-1111,Acute Care Hospitals,Government - Hospital District or Authority,150,60
100012,LEE MEMORIAL HOSPITAL,2776 CLEVELAND AVE,(239) 332-1111,Acute Care Hospitals,Government - Hospital District or Authority,199,11
100012,LEE MEMORIAL HOSPITAL,2776 CLEVELAND AVE,(239) 332-1111,Acute Care Hospitals,Government - Hospital District or Authority,148,62
100012,LEE MEMORIAL HOSPITAL,2776 CLEVELAND AVE,(239) 332-1111,Acute Care Hospitals,Government - Hospital District or Authority,142,68
100012,LEE MEMORIAL HOSPITAL,2776 CLEVELAND AVE,(239) 332-1111,Acute Care Hospitals,Government - Hospital District or Authority,157,53
100012,LEE MEMORIAL HOSPITAL,2776 CLEVELAND AVE,(239) 332-1111,Acute Care Hospitals,Government - Hospital District or Authority,166,44
100012,LEE MEMORIAL HOSPITAL,2776 CLEVELAND AVE,(239) 332-1111,Acute Care Hospitals,Government - Hospital District or Authority,145,65
100012,LEE MEMORIAL HOSPITAL,2776 CLEVELAND AVE,(239) 332-1111,Acute Care Hospitals,Government - Hospital District or Authority,145,65
100012,LEE MEMORIAL HOSPITAL,2776 CLEVELAND AVE,(239) 332-1111,Acute Care Hospitals,Government - Hospital District or Authority,171,39
100012,LEE MEMORIAL HOSPITAL,2776 CLEVELAND AVE,(239) 332-1111,Acute Care Hospitals,Government - Hospital District or Authority,140,70
100012,LEE MEMORIAL HOSPITAL,2776 CLEVELAND AVE,(239) 332-1111,Acute Care Hospitals,Government - Hospital District or Authority,185,25
100012,LEE MEMORIAL HOSPITAL,2776 CLEVELAND AVE,(239) 332-1111,Acute Care Hospitals,Government - Hospital District or Authority,144,66
100012,LEE MEMORIAL HOSPITAL,2776 CLEVELAND AVE,(239) 332-1111,Acute Care Hospitals,Government - Hospital District or Authority,167,43
100012,LEE MEMORIAL HOSPITAL,2776 CLEVELAND AVE,(239) 332-1111,Acute Care Hospitals,Government - Hospital District or Authority,142,68
100012,LEE MEMORIAL HOSPITAL,2776 CLEVELAND AVE,(239) 332-1111,Acute Care Hospitals,Government - Hospital District or Authority,174,36
100012,LEE MEMORIAL HOSPITAL,2776 CLEVELAND AVE,(239) 332-1111,Acute Care Hospitals,Government - Hospital District or Authority,166,44
100012,LEE MEMORIAL HOSPITAL,2776 CLEVELAND AVE,(239) 332-1111,Acute Care Hospitals,Government - Hospital District or Authority,150,60
100012,LEE MEMORIAL HOSPITAL,2776 CLEVELAND AVE,(239) 332-1111,Acute Care Hospitals,Government - Hospital District or Authority,193,17
100012,LEE MEMORIAL HOSPITAL,2776 CLEVELAND AVE,(239) 332-1111,Acute Care Hospitals,Government - Hospital District or Authority,193,17
100012,LEE MEMORIAL HOSPITAL,2776 CLEVELAND AVE,(239) 332-1111,Acute Care Hospitals,Government - Hospital District or Authority,194,16
100012,LEE MEMORIAL HOSPITAL,2776 CLEVELAND AVE,(239) 332-1111,Acute Care Hospitals,Government - Hospital District or Authority,194,16
100012,LEE MEMORIAL HOSPITAL,2776 CLEVELAND AVE,(239) 332-1111,Acute Care Hospitals,Government - Hospital District or Authority,171,39
100012,LEE MEMORIAL HOSPITAL,2776 CLEVELAND AVE,(239) 332-1111,Acute Care Hospitals,Government - Hospital District or Authority,190,20
100012,LEE MEMORIAL HOSPITAL,2776 CLEVELAND AVE,(239) 332-1111,Acute Care Hospitals,Government - Hospital District or Authority,161,49
100012,LEE MEMORIAL HOSPITAL,2776 CLEVELAND AVE,(239) 332-1111,Acute Care Hospitals,Government - Hospital District or Authority,149,61
100012,LEE MEMORIAL HOSPITAL,2776 CLEVELAND AVE,(239) 332-1111,Acute Care Hospitals,Government - Hospital District or Authority,129,81
100012,LEE MEMORIAL HOSPITAL,2776 CLEVELAND AVE,(239) 332-1111,Acute Care Hospitals,Government - Hospital District or Authority,160,50
100012,LEE MEMORIAL HOSPITAL,2776 CLEVELAND AVE,(239) 332-1111,Acute Care Hospitals,Government - Hospital District or Authority,193,17
100012,LEE MEMORIAL HOSPITAL,2776 CLEVELAND AVE,(239) 332-1111,Acute Care Hospitals,Government - Hospital District or Authority,196,14
100012,LEE MEMORIAL HOSPITAL,2776 CLEVELAND AVE,(239) 332-1111,Acute Care Hospitals,Government - Hospital District or Authority,158,52
100012,LEE MEMORIAL HOSPITAL,2776 CLEVELAND AVE,(239) 332-1111,Acute Care Hospitals,Government - Hospital District or Authority,178,32
100012,LEE MEMORIAL HOSPITAL,2776 CLEVELAND AVE,(239) 332-1111,Acute Care Hospitals,Government - Hospital District or Authority,170,40
100012,LEE MEMORIAL HOSPITAL,2776 CLEVELAND AVE,(239) 332-1111,Acute Care Hospitals,Government - Hospital District or Authority,174,36
100012,LEE MEMORIAL HOSPITAL,2776 CLEVELAND AVE,(239) 332-1111,Acute Care Hospitals,Government - Hospital District or Authority,180,30
100012,LEE MEMORIAL HOSPITAL,2776 CLEVELAND AVE,(239) 332-1111,Acute Care Hospitals,Government - Hospital District or Authority,170,40
100012,LEE MEMORIAL HOSPITAL,2776 CLEVELAND AVE,(239) 332-1111,Acute Care Hospitals,Government - Hospital District or Authority,141,69
100012,LEE MEMORIAL HOSPITAL,2776 CLEVELAND AVE,(239) 332-1111,Acute Care Hospitals,Government - Hospital District or Authority,135,75
100012,LEE MEMORIAL HOSPITAL,2776 CLEVELAND AVE,(239) 332-1111,Acute Care Hospitals,Government - Hospital District or Authority,154,56
100012,LEE MEMORIAL HOSPITAL,2776 CLEVELAND AVE,(239) 332-1111,Acute Care Hospitals,Government - Hospital District or Authority,127,83
100012,LEE MEMORIAL HOSPITAL,2776 CLEVELAND AVE,(239) 332-1111,Acute Care Hospitals,Government - Hospital District or Authority,192,18
100012,LEE MEMORIAL HOSPITAL,2776 CLEVELAND AVE,(239) 332-1111,Acute Care Hospitals,Government - Hospital District or Authority,139,71
100012,LEE MEMORIAL HOSPITAL,2776 CLEVELAND AVE,(239) 332-1111,Acute Care Hospitals,Government - Hospital District or Authority,198,12
100012,LEE MEMORIAL HOSPITAL,2776 CLEVELAND AVE,(239) 332-1111,Acute Care Hospitals,Government - Hospital District or Authority,164,46
100012,LEE MEMORIAL HOSPITAL,2776 CLEVELAND AVE,(239) 332-1111,Acute Care Hospitals,Government - Hospital District or Authority,141,69
100012,LEE MEMORIAL HOSPITAL,2776 CLEVELAND AVE,(239) 332-1111,Acute Care Hospitals,Government - Hospital District or Authority,158,52
100012,LEE MEMORIAL HOSPITAL,2776 CLEVELAND AVE,(239) 332-1111,Acute Care Hospitals,Government - Hospital District or Authority,164,46
100012,LEE MEMORIAL HOSPITAL,2776 CLEVELAND AVE,(239) 332-1111,Acute Care Hospitals,Government - Hospital District or Authority,143,67
100012,LEE MEMORIAL HOSPITAL,2776 CLEVELAND AVE,(239) 332-1111,Acute Care Hospitals,Government - Hospital District or Authority,143,67
100012,LEE MEMORIAL HOSPITAL,2776 CLEVELAND AVE,(239) 332-1111,Acute Care Hospitals,Government - Hospital District or Authority,150,60
100012,LEE MEMORIAL HOSPITAL,2776 CLEVELAND AVE,(239) 332-1111,Acute Care Hospitals,Government - Hospital District or Authority,191,19
100012,LEE MEMORIAL HOSPITAL,2776 CLEVELAND AVE,(239) 332-1111,Acute Care Hospitals,Government - Hospital District or Authority,148,62
100012,LEE MEMORIAL HOSPITAL,2776 CLEVELAND AVE,(239) 332-1111,Acute Care Hospitals,Government - Hospital District or Authority,157,53
100012,LEE MEMORIAL HOSPITAL,2776 CLEVELAND AVE,(239) 332-1111,Acute Care Hospitals,Government - Hospital District or Authority,127,83
100012,LEE MEMORIAL HOSPITAL,2776 CLEVELAND AVE,(239) 332-1111,Acute Care Hospitals,Government - Hospital District or Authority,167,43
100012,LEE MEMORIAL HOSPITAL,2776 CLEVELAND AVE,(239) 332-1111,Acute Care Hospitals,Government - Hospital District or Authority,135,75
100012,LEE MEMORIAL HOSPITAL,2776 CLEVELAND AVE,(239) 332-1111,Acute Care Hospitals,Government - Hospital District or Authority,147,63
100012,LEE MEMORIAL HOSPITAL,2776 CLEVELAND AVE,(239) 332-1111,Acute Care Hospitals,Government - Hospital District or Authority,164,46
100012,LEE MEMORIAL HOSPITAL,2776 CLEVELAND AVE,(239) 332-1111,Acute Care Hospitals,Government - Hospital District or Authority,168,42
100012,LEE MEMORIAL HOSPITAL,2776 CLEVELAND AVE,(239) 332-1111,Acute Care Hospitals,Government - Hospital District or Authority,150,60
100012,LEE MEMORIAL HOSPITAL,2776 CLEVELAND AVE,(239) 332-1111,Acute Care Hospitals,Government - Hospital District or Authority,130,80
100012,LEE MEMORIAL HOSPITAL,2776 CLEVELAND AVE,(239) 332-1111,Acute Care Hospitals,Government - Hospital District or Authority,129,81
100012,LEE MEMORIAL HOSPITAL,2776 CLEVELAND AVE,(239) 332-1111,Acute Care Hospitals,Government - Hospital District or Authority,178,32
100012,LEE MEMORIAL HOSPITAL,2776 CLEVELAND AVE,(239) 332-1111,Acute Care Hospitals,Government - Hospital District or Authority,168,42
100012,LEE MEMORIAL HOSPITAL,2776 CLEVELAND AVE,(239) 332-1111,Acute Care Hospitals,Government - Hospital District or Authority,126,84
100012,LEE MEMORIAL HOSPITAL,2776 CLEVELAND AVE,(239) 332-1111,Acute Care Hospitals,Government - Hospital District or Authority,185,25
100012,LEE MEMORIAL HOSPITAL,2776 CLEVELAND AVE,(239) 332-1111,Acute Care Hospitals,Government - Hospital District or Authority,169,41
100012,LEE MEMORIAL HOSPITAL,2776 CLEVELAND AVE,(239) 332-1111,Acute Care Hospitals,Government - Hospital District or Authority,162,48
100012,LEE MEMORIAL HOSPITAL,2776 CLEVELAND AVE,(239) 332-1111,Acute Care Hospitals,Government - Hospital District or Authority,189,21
100012,LEE MEMORIAL HOSPITAL,2776 CLEVELAND AVE,(239) 332-1111,Acute Care Hospitals,Government - Hospital District or Authority,162,48
100012,LEE MEMORIAL HOSPITAL,2776 CLEVELAND AVE,(239) 332-1111,Acute Care Hospitals,Government - Hospital District or Authority,151,59
100012,LEE MEMORIAL HOSPITAL,2776 CLEVELAND AVE,(239) 332-1111,Acute Care Hospitals,Government - Hospital District or Authority,143,67
100012,LEE MEMORIAL HOSPITAL,2776 CLEVELAND AVE,(239) 332-1111,Acute Care Hospitals,Government - Hospital District or Authority,177,33
100012,LEE MEMORIAL HOSPITAL,2776 CLEVELAND AVE,(239) 332-1111,Acute Care Hospitals,Government - Hospital District or Authority,142,68
100012,LEE MEMORIAL HOSPITAL,2776 CLEVELAND AVE,(239) 332-1111,Acute Care Hospitals,Government - Hospital District or Authority,127,83
100012,LEE MEMORIAL HOSPITAL,2776 CLEVELAND AVE,(239) 332-1111,Acute Care Hospitals,Government - Hospital District or Authority,179,31
100012,LEE MEMORIAL HOSPITAL,2776 CLEVELAND AVE,(239) 332-1111,Acute Care Hospitals,Government - Hospital District or Authority,132,78
100012,LEE MEMORIAL HOSPITAL,2776 CLEVELAND AVE,(239) 332-1111,Acute Care Hospitals,Government - Hospital District or Authority,177,33
100012,LEE MEMORIAL HOSPITAL,2776 CLEVELAND AVE,(239) 332-1111,Acute Care Hospitals,Government - Hospital District or Authority,183,27
100012,LEE MEMORIAL HOSPITAL,2776 CLEVELAND AVE,(239) 332-1111,Acute Care Hospitals,Government - Hospital District or Authority,139,71
100012,LEE MEMORIAL HOSPITAL,2776 CLEVELAND AVE,(239) 332-1111,Acute Care Hospitals,Government - Hospital District or Authority,155,55
100012,LEE MEMORIAL HOSPITAL,2776 CLEVELAND AVE,(239) 332-1111,Acute Care Hospitals,Government - Hospital District or Authority,129,81
100012,LEE MEMORIAL HOSPITAL,2776 CLEVELAND AVE,(239) 332-1111,Acute Care Hospitals,Government - Hospital District or Authority,185,25
100012,LEE MEMORIAL HOSPITAL,2776 CLEVELAND AVE,(239) 332-1111,Acute Care Hospitals,Government - Hospital District or Authority,169,41
100012,LEE MEMORIAL HOSPITAL,2776 CLEVELAND AVE,(239) 332-1111,Acute Care Hospitals,Government - Hospital District or Authority,136,74
100012,LEE MEMORIAL HOSPITAL,2776 CLEVELAND AVE,(239) 332-1111,Acute Care Hospitals,Government - Hospital District or Authority,155,55
100012,LEE MEMORIAL HOSPITAL,2776 CLEVELAND AVE,(239) 332-1111,Acute Care Hospitals,Government - Hospital District or Authority,185,25
100012,LEE MEMORIAL HOSPITAL,2776 CLEVELAND AVE,(239) 332-1111,Acute Care Hospitals,Government - Hospital District or Authority,128,82
100012,LEE MEMORIAL HOSPITAL,2776 CLEVELAND AVE,(239) 332-1111,Acute Care Hospitals,Government - Hospital District or Authority,177,33
100012,LEE MEMORIAL HOSPITAL,2776 CLEVELAND AVE,(239) 332-1111,Acute Care Hospitals,Government - Hospital District or Authority,196,14
100012,LEE MEMORIAL HOSPITAL,2776 CLEVELAND AVE,(239) 332-1111,Acute Care Hospitals,Government - Hospital District or Authority,182,28
100012,LEE MEMORIAL HOSPITAL,2776 CLEVELAND AVE,(239) 332-1111,Acute Care Hospitals,Government - Hospital District or Authority,141,69
100012,LEE MEMORIAL HOSPITAL,2776 CLEVELAND AVE,(239) 332-1111,Acute Care Hospitals,Government - Hospital District or Authority,187,23
100012,LEE MEMORIAL HOSPITAL,2776 CLEVELAND AVE,(239) 332-1111,Acute Care Hospitals,Government - Hospital District or Authority,183,27
100012,LEE MEMORIAL HOSPITAL,2776 CLEVELAND AVE,(239) 332-1111,Acute Care Hospitals,Government - Hospital District or Authority,192,18
100012,LEE MEMORIAL HOSPITAL,2776 CLEVELAND AVE,(239) 332-1111,Acute Care Hospitals,Government - Hospital District or Authority,139,71
100012,LEE MEMORIAL HOSPITAL,2776 CLEVELAND AVE,(239) 332-1111,Acute Care Hospitals,Government - Hospital District or Authority,146,64
100012,LEE MEMORIAL HOSPITAL,2776 CLEVELAND AVE,(239) 332-1111,Acute Care Hospitals,Government - Hospital District or Authority,190,20
100012,LEE MEMORIAL HOSPITAL,2776 CLEVELAND AVE,(239) 332-1111,Acute Care Hospitals,Government - Hospital District or Authority,183,27
100012,LEE MEMORIAL HOSPITAL,2776 CLEVELAND AVE,(239) 332-1111,Acute Care Hospitals,Government - Hospital District or Authority,163,47
100012,LEE MEMORIAL HOSPITAL,2776 CLEVELAND AVE,(239) 332-1111,Acute Care Hospitals,Government - Hospital District or Authority,174,36
100012,LEE MEMORIAL HOSPITAL,2776 CLEVELAND AVE,(239) 332-1111,Acute Care Hospitals,Government - Hospital District or Authority,186,24
