Facility ID,Facility Name,Address,Telephone Number,Hospital Type,Hospital Ownership,Active Beds,Inactive Beds
10005,MARSHALL MEDICAL CENTERS,2505 U S HIGHWAY 431 NORTH,(256) 593-8310,Acute Care Hospitals,Government - Hospital District or Authority,293,155
10005,MARSHALL MEDICAL CENTERS,2505 U S HIGHWAY 431 NORTH,(256) 593-8310,Acute Care Hospitals,Government - Hospital District or Authority,406,42
10005,MARSHALL MEDICAL CENTERS,2505 U S HIGHWAY 431 NORTH,(256) 593-8310,Acute Care Hospitals,Government - Hospital District or Authority,336,112
10005,MARSHALL MEDICAL CENTERS,2505 U S HIGHWAY 431 NORTH,(256) 593-8310,Acute Care Hospitals,Government - Hospital District or Authority,333,115
10005,MARSHALL MEDICAL CENTERS,2505 U S HIGHWAY 431 NORTH,(256) 593-8310,Acute Care Hospitals,Government - Hospital District or Authority,274,174
10005,MARSHALL MEDICAL CENTERS,2505 U S HIGHWAY 431 NORTH,(256) 593-8310,Acute Care Hospitals,Government - Hospital District or Authority,346,102
10005,MARSHALL MEDICAL CENTERS,2505 U S HIGHWAY 431 NORTH,(256) 593-8310,Acute Care Hospitals,Government - Hospital District or Authority,355,93
10005,MARSHALL MEDICAL CENTERS,2505 U S HIGHWAY 431 NORTH,(256) 593-8310,Acute Care Hospitals,Government - Hospital District or Authority,356,92
10005,MARSHALL MEDICAL CENTERS,2505 U S HIGHWAY 431 NORTH,(256) 593-8310,Acute Care Hospitals,Government - Hospital District or Authority,379,69
10005,MARSHALL MEDICAL CENTERS,2505 U S HIGHWAY 431 NORTH,(256) 593-8310,Acute Care Hospitals,Government - Hospital District or Authority,296,152
10005,MARSHALL MEDICAL CENTERS,2505 U S HIGHWAY 431 NORTH,(256) 593-8310,Acute Care Hospitals,Government - Hospital District or Authority,308,140
10005,MARSHALL MEDICAL CENTERS,2505 U S HIGHWAY 431 NORTH,(256) 593-8310,Acute Care Hospitals,Government - Hospital District or Authority,395,53
10005,MARSHALL MEDICAL CENTERS,2505 U S HIGHWAY 431 NORTH,(256) 593-8310,Acute Care Hospitals,Government - Hospital District or Authority,417,31
10005,MARSHALL MEDICAL CENTERS,2505 U S HIGHWAY 431 NORTH,(256) 593-8310,Acute Care Hospitals,Government - Hospital District or Authority,290,158
10005,MARSHALL MEDICAL CENTERS,2505 U S HIGHWAY 431 NORTH,(256) 593-8310,Acute Care Hospitals,Government - Hospital District or Authority,346,102
10005,MARSHALL MEDICAL CENTERS,2505 U S HIGHWAY 431 NORTH,(256) 593-8310,Acute Care Hospitals,Government - Hospital District or Authority,302,146
10005,MARSHALL MEDICAL CENTERS,2505 U S HIGHWAY 431 NORTH,(256) 593-8310,Acute Care Hospitals,Government - Hospital District or Authority,278,170
10005,MARSHALL MEDICAL CENTERS,2505 U S HIGHWAY 431 NORTH,(256) 593-8310,Acute Care Hospitals,Government - Hospital District or Authority,319,129
10005,MARSHALL MEDICAL CENTERS,2505 U S HIGHWAY 431 NORTH,(256) 593-8310,Acute Care Hospitals,Government - Hospital District or Authority,291,157
10005,MARSHALL MEDICAL CENTERS,2505 U S HIGHWAY 431 NORTH,(256) 593-8310,Acute Care Hospitals,Government - Hospital District or Authority,380,68
10005,MARSHALL MEDICAL CENTERS,2505 U S HIGHWAY 431 NORTH,(256) 593-8310,Acute Care Hospitals,Government - Hospital District or Authority,352,96
10005,MARSHALL MEDICAL CENTERS,2505 U S HIGHWAY 431 NORTH,(256) 593-8310,Acute Care Hospitals,Government - Hospital District or Authority,291,157
10005,MARSHALL MEDICAL CENTERS,2505 U S HIGHWAY 431 NORTH,(256) 593-8310,Acute Care Hospitals,Government - Hospital District or Authority,270,178
10005,MARSHALL MEDICAL CENTERS,2505 U S HIGHWAY 431 NORTH,(256) 593-8310,Acute Care Hospitals,Government - Hospital District or Authority,395,53
10005,MARSHALL MEDICAL CENTERS,2505 U S HIGHWAY 431 NORTH,(256) 593-8310,Acute Care Hospitals,Government - Hospital District or Authority,296,152
10005,MARSHALL MEDICAL CENTERS,2505 U S HIGHWAY 431 NORTH,(256) 593-8310,Acute Care Hospitals,Government - Hospital District or Authority,363,85
10005,MARSHALL MEDICAL CENTERS,2505 U S HIGHWAY 431 NORTH,(256) 593-8310,Acute Care Hospitals,Government - Hospital District or Authority,321,127
10005,MARSHALL MEDICAL CENTERS,2505 U S HIGHWAY 431 NORTH,(256) 593-8310,Acute Care Hospitals,Government - Hospital District or Authority,360,88
10005,MARSHALL MEDICAL CENTERS,2505 U S HIGHWAY 431 NORTH,(256) 593-8310,Acute Care Hospitals,Government - Hospital District or Authority,318,130
10005,MARSHALL MEDICAL CENTERS,2505 U S HIGHWAY 431 NORTH,(256) 593-8310,Acute Care Hospitals,Government - Hospital District or Authority,282,166
10005,MARSHALL MEDICAL CENTERS,2505 U S HIGHWAY 431 NORTH,(256) 593-8310,Acute Care Hospitals,Government - Hospital District or Authority,303,145
10005,MARSHALL MEDICAL CENTERS,2505 U S HIGHWAY 431 NORTH,(256) 593-8310,Acute Care Hospitals,Government - Hospital District or Authority,298,150
10005,MARSHALL MEDICAL CENTERS,2505 U S HIGHWAY 431 NORTH,(256) 593-8310,Acute Care Hospitals,Government - Hospital District or Authority,335,113
10005,MARSHALL MEDICAL CENTERS,2505 U S HIGHWAY 431 NORTH,(256) 593-8310,Acute Care Hospitals,Government - Hospital District or Authority,372,76
10005,MARSHALL MEDICAL CENTERS,2505 U S HIGHWAY 431 NORTH,(256) 593-8310,Acute Care Hospitals,Government - Hospital District or Authority,310,138
10005,MARSHALL MEDICAL CENTERS,2505 U S HIGHWAY 431 NORTH,(256) 593-8310,Acute Care Hospitals,Government - Hospital District or Authority,270,178
10005,MARSHALL MEDICAL CENTERS,2505 U S HIGHWAY 431 NORTH,(256) 593-8310,Acute Care Hospitals,Government - Hospital District or Authority,350,98
10005,MARSHALL MEDICAL CENTERS,2505 U S HIGHWAY 431 NORTH,(256) 593-8310,Acute Care Hospitals,Government - Hospital District or Authority,363,85
10005,MARSHALL MEDICAL CENTERS,2505 U S HIGHWAY 431 NORTH,(256) 593-8310,Acute Care Hospitals,Government - Hospital District or Authority,419,29
10005,MARSHALL MEDICAL CENTERS,2505 U S HIGHWAY 431 NORTH,(256) 593-8310,Acute Care Hospitals,Government - Hospital District or Authority,361,87
10005,MARSHALL MEDICAL CENTERS,2505 U S HIGHWAY 431 NORTH,(256) 593-8310,Acute Care Hospitals,Government - Hospital District or Authority,342,106
10005,MARSHALL MEDICAL CENTERS,2505 U S HIGHWAY 431 NORTH,(256) 593-8310,Acute Care Hospitals,Government - Hospital District or Authority,358,90
10005,MARSHALL MEDICAL CENTERS,2505 U S HIGHWAY 431 NORTH,(256) 593-8310,Acute Care Hospitals,Government - Hospital District or Authority,414,34
10005,MARSHALL MEDICAL CENTERS,2505 U S HIGHWAY 431 NORTH,(256) 593-8310,Acute Care Hospitals,Government - Hospital District or Authority,398,50
10005,MARSHALL MEDICAL CENTERS,2505 U S HIGHWAY 431 NORTH,(256) 593-8310,Acute Care Hospitals,Government - Hospital District or Authority,319,129
10005,MARSHALL MEDICAL CENTERS,2505 U S HIGHWAY 431 NORTH,(256) 593-8310,Acute Care Hospitals,Government - Hospital District or Authority,306,142
10005,MARSHALL MEDICAL CENTERS,2505 U S HIGHWAY 431 NORTH,(256) 593-8310,Acute Care Hospitals,Government - Hospital District or Authority,309,139
10005,MARSHALL MEDICAL CENTERS,2505 U S HIGHWAY 431 NORTH,(256) 593-8310,Acute Care Hospitals,Government - Hospital District or Authority,347,101
10005,MARSHALL MEDICAL CENTERS,2505 U S HIGHWAY 431 NORTH,(256) 593-8310,Acute Care Hospitals,Government - Hospital District or Authority,385,63
10005,MARSHALL MEDICAL CENTERS,2505 U S HIGHWAY 431 NORTH,(256) 593-8310,Acute Care Hospitals,Government - Hospital District or Authority,347,101
10005,MARSHALL MEDICAL CENTERS,2505 U S HIGHWAY 431 NORTH,(256) 593-8310,Acute Care Hospitals,Government - Hospital District or Authority,279,169
10005,MARSHALL MEDICAL CENTERS,2505 U S HIGHWAY 431 NORTH,(256) 593-8310,Acute Care Hospitals,Government - Hospital District or Authority,382,66
10005,MARSHALL MEDICAL CENTERS,2505 U S HIGHWAY 431 NORTH,(256) 593-8310,Acute Care Hospitals,Government - Hospital District or Authority,395,53
10005,MARSHALL MEDICAL CENTERS,2505 U S HIGHWAY 431 NORTH,(256) 593-8310,Acute Care Hospitals,Government - Hospital District or Authority,314,134
10005,MARSHALL MEDICAL CENTERS,2505 U S HIGHWAY 431 NORTH,(256) 593-8310,Acute Care Hospitals,Government - Hospital District or Authority,372,76
10005,MARSHALL MEDICAL CENTERS,2505 U S HIGHWAY 431 NORTH,(256) 593-8310,Acute Care Hospitals,Government - Hospital District or Authority,335,113
10005,MARSHALL MEDICAL CENTERS,2505 U S HIGHWAY 431 NORTH,(256) 593-8310,Acute Care Hospitals,Government - Hospital District or Authority,408,40
10005,MARSHALL MEDICAL CENTERS,2505 U S HIGHWAY 431 NORTH,(256) 593-8310,Acute Care Hospitals,Government - Hospital District or Authority,401,47
10005,MARSHALL MEDICAL CENTERS,2505 U S HIGHWAY 431 NORTH,(256) 593-8310,Acute Care Hospitals,Government - Hospital District or Authority,351,97
10005,MARSHALL MEDICAL CENTERS,2505 U S HIGHWAY 431 NORTH,(256) 593-8310,Acute Care Hospitals,Government - Hospital District or Authority,377,71
10005,MARSHALL MEDICAL CENTERS,2505 U S HIGHWAY 431 NORTH,(256) 593-8310,Acute Care Hospitals,Government - Hospital District or Authority,407,41
10005,MARSHALL MEDICAL CENTERS,2505 U S HIGHWAY 431 NORTH,(256) 593-8310,Acute Care Hospitals,Government - Hospital District or Authority,346,102
10005,MARSHALL MEDICAL CENTERS,2505 U S HIGHWAY 431 NORTH,(256) 593-8310,Acute Care Hospitals,Government - Hospital District or Authority,317,131
10005,MARSHALL MEDICAL CENTERS,2505 U S HIGHWAY 431 NORTH,(256) 593-8310,Acute Care Hospitals,Government - Hospital District or Authority,386,62
10005,MARSHALL MEDICAL CENTERS,2505 U S HIGHWAY 431 NORTH,(256) 593-8310,Acute Care Hospitals,Government - Hospital District or Authority,303,145
10005,MARSHALL MEDICAL CENTERS,2505 U S HIGHWAY 431 NORTH,(256) 593-8310,Acute Care Hospitals,Government - Hospital District or Authority,329,119
10005,MARSHALL MEDICAL CENTERS,2505 U S HIGHWAY 431 NORTH,(256) 593-8310,Acute Care Hospitals,Government - Hospital District or Authority,404,44
10005,MARSHALL MEDICAL CENTERS,2505 U S HIGHWAY 431 NORTH,(256) 593-8310,Acute Care Hospitals,Government - Hospital District or Authority,382,66
10005,MARSHALL MEDICAL CENTERS,2505 U S HIGHWAY 431 NORTH,(256) 593-8310,Acute Care Hospitals,Government - Hospital District or Authority,332,116
10005,MARSHALL MEDICAL CENTERS,2505 U S HIGHWAY 431 NORTH,(256) 593-8310,Acute Care Hospitals,Government - Hospital District or Authority,302,146
10005,MARSHALL MEDICAL CENTERS,2505 U S HIGHWAY 431 NORTH,(256) 593-8310,Acute Care Hospitals,Government - Hospital District or Authority,324,124
10005,MARSHALL MEDICAL CENTERS,2505 U S HIGHWAY 431 NORTH,(256) 593-8310,Acute Care Hospitals,Government - Hospital District or Authority,313,135
10005,MARSHALL MEDICAL CENTERS,2505 U S HIGHWAY 431 NORTH,(256) 593-8310,Acute Care Hospitals,Government - Hospital District or Authority,296,152
10005,MARSHALL MEDICAL CENTERS,2505 U S HIGHWAY 431 NORTH,(256) 593-8310,Acute Care Hospitals,Government - Hospital District or Authority,385,63
10005,MARSHALL MEDICAL CENTERS,2505 U S HIGHWAY 431 NORTH,(256) 593-8310,Acute Care Hospitals,Government - Hospital District or Authority,308,140
10005,MARSHALL MEDICAL CENTERS,2505 U S HIGHWAY 431 NORTH,(256) 593-8310,Acute Care Hospitals,Government - Hospital District or Authority,340,108
10005,MARSHALL MEDICAL CENTERS,2505 U S HIGHWAY 431 NORTH,(256) 593-8310,Acute Care Hospitals,Government - Hospital District or Authority,329,119
10005,MARSHALL MEDICAL CENTERS,2505 U S HIGHWAY 431 NORTH,(256) 593-8310,Acute Care Hospitals,Government - Hospital District or Authority,422,26
10005,MARSHALL MEDICAL CENTERS,2505 U S HIGHWAY 431 NORTH,(256) 593-8310,Acute Care Hospitals,Government - Hospital District or Authority,330,118
10005,MARSHALL MEDICAL CENTERS,2505 U S HIGHWAY 431 NORTH,(256) 593-8310,Acute Care Hospitals,Government - Hospital District or Authority,281,167
10005,MARSHALL MEDICAL CENTERS,2505 U S HIGHWAY 431 NORTH,(256) 593-8310,Acute Care Hospitals,Government - Hospital District or Authority,282,166
10005,MARSHALL MEDICAL CENTERS,2505 U S HIGHWAY 431 NORTH,(256) 593-8310,Acute Care Hospitals,Government - Hospital District or Authority,361,87
10005,MARSHALL MEDICAL CENTERS,2505 U S HIGHWAY 431 NORTH,(256) 593-8310,Acute Care Hospitals,Government - Hospital District or Authority,362,86
10005,MARSHALL MEDICAL CENTERS,2505 U S HIGHWAY 431 NORTH,(256) 593-8310,Acute Care Hospitals,Government - Hospital District or Authority,334,114
10005,MARSHALL MEDICAL CENTERS,2505 U S HIGHWAY 431 NORTH,(256) 593-8310,Acute Care Hospitals,Government - Hospital District or Authority,336,112
10005,MARSHALL MEDICAL CENTERS,2505 U S HIGHWAY 431 NORTH,(256) 593-8310,Acute Care Hospitals,Government - Hospital District or Authority,277,171
10005,MARSHALL MEDICAL CENTERS,2505 U S HIGHWAY 431 NORTH,(256) 593-8310,Acute Care Hospitals,Government - Hospital District or Authority,349,99
10005,MARSHALL MEDICAL CENTERS,2505 U S HIGHWAY 431 NORTH,(256) 593-8310,Acute Care Hospitals,Government - Hospital District or Authority,347,101
10005,MARSHALL MEDICAL CENTERS,2505 U S HIGHWAY 431 NORTH,(256) 593-8310,Acute Care Hospitals,Government - Hospital District or Authority,292,156
10005,MARSHALL MEDICAL CENTERS,2505 U S HIGHWAY 431 NORTH,(256) 593-8310,Acute Care Hospitals,Government - Hospital District or Authority,285,163
10005,MARSHALL MEDICAL CENTERS,2505 U S HIGHWAY 431 NORTH,(256) 593-8310,Acute Care Hospitals,Government - Hospital District or Authority,288,160
10005,MARSHALL MEDICAL CENTERS,2505 U S HIGHWAY 431 NORTH,(256) 593-8310,Acute Care Hospitals,Government - Hospital District or Authority,284,164
10005,MARSHALL MEDICAL CENTERS,2505 U S HIGHWAY 431 NORTH,(256) 593-8310,Acute Care Hospitals,Government - Hospital District or Authority,364,84
10005,MARSHALL MEDICAL CENTERS,2505 U S HIGHWAY 431 NORTH,(256) 593-8310,Acute Care Hospitals,Government - Hospital District or Authority,299,149
10005,MARSHALL MEDICAL CENTERS,2505 U S HIGHWAY 431 NORTH,(256) 593-8310,Acute Care Hospitals,Government - Hospital District or Authority,308,140
10005,MARSHALL MEDICAL CENTERS,2505 U S HIGHWAY 431 NORTH,(256) 593-8310,Acute Care Hospitals,Government - Hospital District or Authority,296,152
10005,MARSHALL MEDICAL CENTERS,2505 U S HIGHWAY 431 NORTH,(256) 593-8310,Acute Care Hospitals,Government - Hospital District or Authority,418,30
10005,MARSHALL MEDICAL CENTERS,2505 U S HIGHWAY 431 NORTH,(256) 593-8310,Acute Care Hospitals,Government - Hospital District or Authority,402,46
10005,MARSHALL MEDICAL CENTERS,2505 U S HIGHWAY 431 NORTH,(256) 593-8310,Acute Care Hospitals,Government - Hospital District or Authority,304,144
10005,MARSHALL MEDICAL CENTERS,2505 U S HIGHWAY 431 NORTH,(256) 593-8310,Acute Care Hospitals,Government - Hospital District or Authority,320,128
10005,MARSHALL MEDICAL CENTERS,2505 U S HIGHWAY 431 NORTH,(256) 593-8310,Acute Care Hospitals,Government - Hospital District or Authority,301,147
10005,MARSHALL MEDICAL CENTERS,2505 U S HIGHWAY 431 NORTH,(256) 593-8310,Acute Care Hospitals,Government - Hospital District or Authority,345,103
10005,MARSHALL MEDICAL CENTERS,2505 U S HIGHWAY 431 NORTH,(256) 593-8310,Acute Care Hospitals,Government - Hospital District or Authority,271,177
10005,MARSHALL MEDICAL CENTERS,2505 U S HIGHWAY 431 NORTH,(256) 593-8310,Acute Care Hospitals,Government - Hospital District or Authority,374,74
10005,MARSHALL MEDICAL CENTERS,2505 U S HIGHWAY 431 NORTH,(256) 593-8310,Acute Care Hospitals,Government - Hospital District or Authority,350,98
10005,MARSHALL MEDICAL CENTERS,2505 U S HIGHWAY 431 NORTH,(256) 593-8310,Acute Care Hospitals,Government - Hospital District or Authority,409,39
10005,MARSHALL MEDICAL CENTERS,2505 U S HIGHWAY 431 NORTH,(256) 593-8310,Acute Care Hospitals,Government - Hospital District or Authority,294,154
10005,MARSHALL MEDICAL CENTERS,2505 U S HIGHWAY 431 NORTH,(256) 593-8310,Acute Care Hospitals,Government - Hospital District or Authority,394,54
10005,MARSHALL MEDICAL CENTERS,2505 U S HIGHWAY 431 NORTH,(256) 593-8310,Acute Care Hospitals,Government - Hospital District or Authority,392,56
10005,MARSHALL MEDICAL CENTERS,2505 U S HIGHWAY 431 NORTH,(256) 593-8310,Acute Care Hospitals,Government - Hospital District or Authority,288,160
10005,MARSHALL MEDICAL CENTERS,2505 U S HIGHWAY 431 NORTH,(256) 593-8310,Acute Care Hospitals,Government - Hospital District or Authority,331,117
10005,MARSHALL MEDICAL CENTERS,2505 U S HIGHWAY 431 NORTH,(256) 593-8310,Acute Care Hospitals,Government - Hospital District or Authority,295,153
10005,MARSHALL MEDICAL CENTERS,2505 U S HIGHWAY 431 NORTH,(256) 593-8310,Acute Care Hospitals,Government - Hospital District or Authority,308,140
10005,MARSHALL MEDICAL CENTERS,2505 U S HIGHWAY 431 NORTH,(256) 593-8310,Acute Care Hospitals,Government - Hospital District or Authority,310,138
10005,MARSHALL MEDICAL CENTERS,2505 U S HIGHWAY 431 NORTH,(256) 593-8310,Acute Care Hospitals,Government - Hospital District or Authority,356,92
10005,MARSHALL MEDICAL CENTERS,2505 U S HIGHWAY 431 NORTH,(256) 593-8310,Acute Care Hospitals,Government - Hospital District or Authority,333,115
10005,MARSHALL MEDICAL CENTERS,2505 U S HIGHWAY 431 NORTH,(256) 593-8310,Acute Care Hospitals,Government - Hospital District or Authority,417,31
10005,MARSHALL MEDICAL CENTERS,2505 U S HIGHWAY 431 NORTH,(256) 593-8310,Acute Care Hospitals,Government - Hospital District or Authority,288,160
10005,MARSHALL MEDICAL CENTERS,2505 U S HIGHWAY 431 NORTH,(256) 593-8310,Acute Care Hospitals,Government - Hospital District or Authority,421,27
10005,MARSHALL MEDICAL CENTERS,2505 U S HIGHWAY 431 NORTH,(256) 593-8310,Acute Care Hospitals,Government - Hospital District or Authority,304,144
10005,MARSHALL MEDICAL CENTERS,2505 U S HIGHWAY 431 NORTH,(256) 593-8310,Acute Care Hospitals,Government - Hospital District or Authority,389,59
10005,MARSHALL MEDICAL CENTERS,2505 U S HIGHWAY 431 NORTH,(256) 593-8310,Acute Care Hospitals,Government - Hospital District or Authority,321,127
10005,MARSHALL MEDICAL CENTERS,2505 U S HIGHWAY 431 NORTH,(256) 593-8310,Acute Care Hospitals,Government - Hospital District or Authority,291,157
10005,MARSHALL MEDICAL CENTERS,2505 U S HIGHWAY 431 NORTH,(256) 593-8310,Acute Care Hospitals,Government - Hospital District or Authority,403,45
10005,MARSHALL MEDICAL CENTERS,2505 U S HIGHWAY 431 NORTH,(256) 593-8310,Acute Care Hospitals,Government - Hospital District or Authority,317,131
10005,MARSHALL MEDICAL CENTERS,2505 U S HIGHWAY 431 NORTH,(256) 593-8310,Acute Care Hospitals,Government - Hospital District or Authority,372,76
10005,MARSHALL MEDICAL CENTERS,2505 U S HIGHWAY 431 NORTH,(256) 593-8310,Acute Care Hospitals,Government - Hospital District or Authority,357,91
10005,MARSHALL MEDICAL CENTERS,2505 U S HIGHWAY 431 NORTH,(256) 593-8310,Acute Care Hospitals,Government - Hospital District or Authority,342,106
10005,MARSHALL MEDICAL CENTERS,2505 U S HIGHWAY 431 NORTH,(256) 593-8310,Acute Care Hospitals,Government - Hospital District or Authority,346,102
10005,MARSHALL MEDICAL CENTERS,2505 U S HIGHWAY 431 NORTH,(256) 593-8310,Acute Care Hospitals,Government - Hospital District or Authority,383,65
10005,MARSHALL MEDICAL CENTERS,2505 U S HIGHWAY 431 NORTH,(256) 593-8310,Acute Care Hospitals,Government - Hospital District or Authority,282,166
10005,MARSHALL MEDICAL CENTERS,2505 U S HIGHWAY 431 NORTH,(256) 593-8310,Acute Care Hospitals,Government - Hospital District or Authority,373,75
10005,MARSHALL MEDICAL CENTERS,2505 U S HIGHWAY 431 NORTH,(256) 593-8310,Acute Care Hospitals,Government - Hospital District or Authority,409,39
10005,MARSHALL MEDICAL CENTERS,2505 U S HIGHWAY 431 NORTH,(256) 593-8310,Acute Care Hospitals,Government - Hospital District or Authority,277,171
10005,MARSHALL MEDICAL CENTERS,2505 U S HIGHWAY 431 NORTH,(256) 593-8310,Acute Care Hospitals,Government - Hospital District or Authority,290,158
10005,MARSHALL MEDICAL CENTERS,2505 U S HIGHWAY 431 NORTH,(256) 593-8310,Acute Care Hospitals,Government - Hospital District or Authority,381,67
10005,MARSHALL MEDICAL CENTERS,2505 U S HIGHWAY 431 NORTH,(256) 593-8310,Acute Care Hospitals,Government - Hospital District or Authority,337,111
10005,MARSHALL MEDICAL CENTERS,2505 U S HIGHWAY 431 NORTH,(256) 593-8310,Acute Care Hospitals,Government - Hospital District or Authority,332,116
10005,MARSHALL MEDICAL CENTERS,2505 U S HIGHWAY 431 NORTH,(256) 593-8310,Acute Care Hospitals,Government - Hospital District or Authority,290,158
10005,MARSHALL MEDICAL CENTERS,2505 U S HIGHWAY 431 NORTH,(256) 593-8310,Acute Care Hospitals,Government - Hospital District or Authority,348,100
10005,MARSHALL MEDICAL CENTERS,2505 U S HIGHWAY 431 NORTH,(256) 593-8310,Acute Care Hospitals,Government - Hospital District or Authority,288,160
10005,MARSHALL MEDICAL CENTERS,2505 U S HIGHWAY 431 NORTH,(256) 593-8310,Acute Care Hospitals,Government - Hospital District or Authority,343,105
10005,MARSHALL MEDICAL CENTERS,2505 U S HIGHWAY 431 NORTH,(256) 593-8310,Acute Care Hospitals,Government - Hospital District or Authority,388,60
10005,MARSHALL MEDICAL CENTERS,2505 U S HIGHWAY 431 NORTH,(256) 593-8310,Acute Care Hospitals,Government - Hospital District or Authority,309,139
10005,MARSHALL MEDICAL CENTERS,2505 U S HIGHWAY 431 NORTH,(256) 593-8310,Acute Care Hospitals,Government - Hospital District or Authority,344,104
10005,MARSHALL MEDICAL CENTERS,2505 U S HIGHWAY 431 NORTH,(256) 593-8310,Acute Care Hospitals,Government - Hospital District or Authority,424,24
10005,MARSHALL MEDICAL CENTERS,2505 U S HIGHWAY 431 NORTH,(256) 593-8310,Acute Care Hospitals,Government - Hospital District or Authority,376,72
10005,MARSHALL MEDICAL CENTERS,2505 U S HIGHWAY 431 NORTH,(256) 593-8310,Acute Care Hospitals,Government - Hospital District or Authority,400,48
10005,MARSHALL MEDICAL CENTERS,2505 U S HIGHWAY 431 NORTH,(256) 593-8310,Acute Care Hospitals,Government - Hospital District or Authority,333,115
10005,MARSHALL MEDICAL CENTERS,2505 U S HIGHWAY 431 NORTH,(256) 593-8310,Acute Care Hospitals,Government - Hospital District or Authority,389,59
10005,MARSHALL MEDICAL CENTERS,2505 U S HIGHWAY 431 NORTH,(256) 593-8310,Acute Care Hospitals,Government - Hospital District or Authority,275,173
10005,MARSHALL MEDICAL CENTERS,2505 U S HIGHWAY 431 NORTH,(256) 593-8310,Acute Care Hospitals,Government - Hospital District or Authority,288,160
10005,MARSHALL MEDICAL CENTERS,2505 U S HIGHWAY 431 NORTH,(256) 593-8310,Acute Care Hospitals,Government - Hospital District or Authority,300,148
10005,MARSHALL MEDICAL CENTERS,2505 U S HIGHWAY 431 NORTH,(256) 593-8310,Acute Care Hospitals,Government - Hospital District or Authority,331,117
10005,MARSHALL MEDICAL CENTERS,2505 U S HIGHWAY 431 NORTH,(256) 593-8310,Acute Care Hospitals,Government - Hospital District or Authority,401,47
10005,MARSHALL MEDICAL CENTERS,2505 U S HIGHWAY 431 NORTH,(256) 593-8310,Acute Care Hospitals,Government - Hospital District or Authority,323,125
10005,MARSHALL MEDICAL CENTERS,2505 U S HIGHWAY 431 NORTH,(256) 593-8310,Acute Care Hospitals,Government - Hospital District or Authority,371,77
10005,MARSHALL MEDICAL CENTERS,2505 U S HIGHWAY 431 NORTH,(256) 593-8310,Acute Care Hospitals,Government - Hospital District or Authority,380,68
10005,MARSHALL MEDICAL CENTERS,2505 U S HIGHWAY 431 NORTH,(256) 593-8310,Acute Care Hospitals,Government - Hospital District or Authority,360,88
10005,MARSHALL MEDICAL CENTERS,2505 U S HIGHWAY 431 NORTH,(256) 593-8310,Acute Care Hospitals,Government - Hospital District or Authority,324,124
10005,MARSHALL MEDICAL CENTERS,2505 U S HIGHWAY 431 NORTH,(256) 593-8310,Acute Care Hospitals,Government - Hospital District or Authority,359,89
10005,MARSHALL MEDICAL CENTERS,2505 U S HIGHWAY 431 NORTH,(256) 593-8310,Acute Care Hospitals,Government - Hospital District or Authority,322,126
10005,MARSHALL MEDICAL CENTERS,2505 U S HIGHWAY 431 NORTH,(256) 593-8310,Acute Care Hospitals,Government - Hospital District or Authority,281,167
10005,MARSHALL MEDICAL CENTERS,2505 U S HIGHWAY 431 NORTH,(256) 593-8310,Acute Care Hospitals,Government - Hospital District or Authority,424,24
10005,MARSHALL MEDICAL CENTERS,2505 U S HIGHWAY 431 NORTH,(256) 593-8310,Acute Care Hospitals,Government - Hospital District or Authority,288,160
10005,MARSHALL MEDICAL CENTERS,2505 U S HIGHWAY 431 NORTH,(256) 593-8310,Acute Care Hospitals,Government - Hospital District or Authority,280,168
10005,MARSHALL MEDICAL CENTERS,2505 U S HIGHWAY 431 NORTH,(256) 593-8310,Acute Care Hospitals,Government - Hospital District or Authority,406,42
10005,MARSHALL MEDICAL CENTERS,2505 U S HIGHWAY 431 NORTH,(256) 593-8310,Acute Care Hospitals,Government - Hospital District or Authority,316,132
10005,MARSHALL MEDICAL CENTERS,2505 U S HIGHWAY 431 NORTH,(256) 593-8310,Acute Care Hospitals,Government - Hospital District or Authority,370,78
10005,MARSHALL MEDICAL CENTERS,2505 U S HIGHWAY 431 NORTH,(256) 593-8310,Acute Care Hospitals,Government - Hospital District or Authority,320,128
10005,MARSHALL MEDICAL CENTERS,2505 U S HIGHWAY 431 NORTH,(256) 593-8310,Acute Care Hospitals,Government - Hospital District or Authority,330,118
10005,MARSHALL MEDICAL CENTERS,2505 U S HIGHWAY 431 NORTH,(256) 593-8310,Acute Care Hospitals,Government - Hospital District or Authority,309,139
10005,MARSHALL MEDICAL CENTERS,2505 U S HIGHWAY 431 NORTH,(256) 593-8310,Acute Care Hospitals,Government - Hospital District or Authority,322,126
10005,MARSHALL MEDICAL CENTERS,2505 U S HIGHWAY 431 NORTH,(256) 593-8310,Acute Care Hospitals,Government - Hospital District or Authority,333,115
10005,MARSHALL MEDICAL CENTERS,2505 U S HIGHWAY 431 NORTH,(256) 593-8310,Acute Care Hospitals,Government - Hospital District or Authority,381,67
10005,MARSHALL MEDICAL CENTERS,2505 U S HIGHWAY 431 NORTH,(256) 593-8310,Acute Care Hospitals,Government - Hospital District or Authority,349,99
10005,MARSHALL MEDICAL CENTERS,2505 U S HIGHWAY 431 NORTH,(256) 593-8310,Acute Care Hospitals,Government - Hospital District or Authority,416,32
10005,MARSHALL MEDICAL CENTERS,2505 U S HIGHWAY 431 NORTH,(256) 593-8310,Acute Care Hospitals,Government - Hospital District or Authority,275,173
10005,MARSHALL MEDICAL CENTERS,2505 U S HIGHWAY 431 NORTH,(256) 593-8310,Acute Care Hospitals,Government - Hospital District or Authority,347,101
10005,MARSHALL MEDICAL CENTERS,2505 U S HIGHWAY 431 NORTH,(256) 593-8310,Acute Care Hospitals,Government - Hospital District or Authority,360,88
10005,MARSHALL MEDICAL CENTERS,2505 U S HIGHWAY 431 NORTH,(256) 593-8310,Acute Care Hospitals,Government - Hospital District or Authority,413,35
10005,MARSHALL MEDICAL CENTERS,2505 U S HIGHWAY 431 NORTH,(256) 593-8310,Acute Care Hospitals,Government - Hospital District or Authority,276,172
10005,MARSHALL MEDICAL CENTERS,2505 U S HIGHWAY 431 NORTH,(256) 593-8310,Acute Care Hospitals,Government - Hospital District or Authority,358,90
10005,MARSHALL MEDICAL CENTERS,2505 U S HIGHWAY 431 NORTH,(256) 593-8310,Acute Care Hospitals,Government - Hospital District or Authority,402,46
10005,MARSHALL MEDICAL CENTERS,2505 U S HIGHWAY 431 NORTH,(256) 593-8310,Acute Care Hospitals,Government - Hospital District or Authority,306,142
10005,MARSHALL MEDICAL CENTERS,2505 U S HIGHWAY 431 NORTH,(256) 593-8310,Acute Care Hospitals,Government - Hospital District or Authority,406,42
10005,MARSHALL MEDICAL CENTERS,2505 U S HIGHWAY 431 NORTH,(256) 593-8310,Acute Care Hospitals,Government - Hospital District or Authority,271,177
10005,MARSHALL MEDICAL CENTERS,2505 U S HIGHWAY 431 NORTH,(256) 593-8310,Acute Care Hospitals,Government - Hospital District or Authority,383,65
10005,MARSHALL MEDICAL CENTERS,2505 U S HIGHWAY 431 NORTH,(256) 593-8310,Acute Care Hospitals,Government - Hospital District or Authority,415,33
10005,MARSHALL MEDICAL CENTERS,2505 U S HIGHWAY 431 NORTH,(256) 593-8310,Acute Care Hospitals,Government - Hospital District or Authority,371,77
10005,MARSHALL MEDICAL CENTERS,2505 U S HIGHWAY 431 NORTH,(256) 593-8310,Acute Care Hospitals,Government - Hospital District or Authority,337,111
10005,MARSHALL MEDICAL CENTERS,2505 U S HIGHWAY 431 NORTH,(256) 593-8310,Acute Care Hospitals,Government - Hospital District or Authority,275,173
10005,MARSHALL MEDICAL CENTERS,2505 U S HIGHWAY 431 NORTH,(256) 593-8310,Acute Care Hospitals,Government - Hospital District or Authority,413,35
10005,MARSHALL MEDICAL CENTERS,2505 U S HIGHWAY 431 NORTH,(256) 593-8310,Acute Care Hospitals,Government - Hospital District or Authority,342,106
10005,MARSHALL MEDICAL CENTERS,2505 U S HIGHWAY 431 NORTH,(256) 593-8310,Acute Care Hospitals,Government - Hospital District or Authority,273,175
10005,MARSHALL MEDICAL CENTERS,2505 U S HIGHWAY 431 NORTH,(256) 593-8310,Acute Care Hospitals,Government - Hospital District or Authority,376,72
10005,MARSHALL MEDICAL CENTERS,2505 U S HIGHWAY 431 NORTH,(256) 593-8310,Acute Care Hospitals,Government - Hospital District or Authority,344,104
10005,MARSHALL MEDICAL CENTERS,2505 U S HIGHWAY 431 NORTH,(256) 593-8310,Acute Care Hospitals,Government - Hospital District or Authority,288,160
10005,MARSHALL MEDICAL CENTERS,2505 U S HIGHWAY 431 NORTH,(256) 593-8310,Acute Care Hospitals,Government - Hospital District or Authority,302,146
10005,MARSHALL MEDICAL CENTERS,2505 U S HIGHWAY 431 NORTH,(256) 593-8310,Acute Care Hospitals,Government - Hospital District or Authority,278,170
10005,MARSHALL MEDICAL CENTERS,2505 U S HIGHWAY 431 NORTH,(256) 593-8310,Acute Care Hospitals,Government - Hospital District or Authority,358,90
10005,MARSHALL MEDICAL CENTERS,2505 U S HIGHWAY 431 NORTH,(256) 593-8310,Acute Care Hospitals,Government - Hospital District or Authority,366,82
10005,MARSHALL MEDICAL CENTERS,2505 U S HIGHWAY 431 NORTH,(256) 593-8310,Acute Care Hospitals,Government - Hospital District or Authority,348,100
10005,MARSHALL MEDICAL CENTERS,2505 U S HIGHWAY 431 NORTH,(256) 593-8310,Acute Care Hospitals,Government - Hospital District or Authority,396,52
10005,MARSHALL MEDICAL CENTERS,2505 U S HIGHWAY 431 NORTH,(256) 593-8310,Acute Care Hospitals,Government - Hospital District or Authority,403,45
10005,MARSHALL MEDICAL CENTERS,2505 U S HIGHWAY 431 NORTH,(256) 593-8310,Acute Care Hospitals,Government - Hospital District or Authority,365,83
10005,MARSHALL MEDICAL CENTERS,2505 U S HIGHWAY 431 NORTH,(256) 593-8310,Acute Care Hospitals,Government - Hospital District or Authority,270,178
10005,MARSHALL MEDICAL CENTERS,2505 U S HIGHWAY 431 NORTH,(256) 593-8310,Acute Care Hospitals,Government - Hospital District or Authority,377,71
10005,MARSHALL MEDICAL CENTERS,2505 U S HIGHWAY 431 NORTH,(256) 593-8310,Acute Care Hospitals,Government - Hospital District or Authority,334,114
10005,MARSHALL MEDICAL CENTERS,2505 U S HIGHWAY 431 NORTH,(256) 593-8310,Acute Care Hospitals,Government - Hospital District or Authority,357,91
10005,MARSHALL MEDICAL CENTERS,2505 U S HIGHWAY 431 NORTH,(256) 593-8310,Acute Care Hospitals,Government - Hospital District or Authority,370,78
10005,MARSHALL MEDICAL CENTERS,2505 U S HIGHWAY 431 NORTH,(256) 593-8310,Acute Care Hospitals,Government - Hospital District or Authority,323,125
10005,MARSHALL MEDICAL CENTERS,2505 U S HIGHWAY 431 NORTH,(256) 593-8310,Acute Care Hospitals,Government - Hospital District or Authority,412,36
10005,MARSHALL MEDICAL CENTERS,2505 U S HIGHWAY 431 NORTH,(256) 593-8310,Acute Care Hospitals,Government - Hospital District or Authority,289,159
10005,MARSHALL MEDICAL CENTERS,2505 U S HIGHWAY 431 NORTH,(256) 593-8310,Acute Care Hospitals,Government - Hospital District or Authority,374,74
10005,MARSHALL MEDICAL CENTERS,2505 U S HIGHWAY 431 NORTH,(256) 593-8310,Acute Care Hospitals,Government - Hospital District or Authority,269,179
10005,MARSHALL MEDICAL CENTERS,2505 U S HIGHWAY 431 NORTH,(256) 593-8310,Acute Care Hospitals,Government - Hospital District or Authority,413,35
10005,MARSHALL MEDICAL CENTERS,2505 U S HIGHWAY 431 NORTH,(256) 593-8310,Acute Care Hospitals,Government - Hospital District or Authority,286,162
10005,MARSHALL MEDICAL CENTERS,2505 U S HIGHWAY 431 NORTH,(256) 593-8310,Acute Care Hospitals,Government - Hospital District or Authority,283,165
10005,MARSHALL MEDICAL CENTERS,2505 U S HIGHWAY 431 NORTH,(256) 593-8310,Acute Care Hospitals,Government - Hospital District or Authority,321,127
10005,MARSHALL MEDICAL CENTERS,2505 U S HIGHWAY 431 NORTH,(256) 593-8310,Acute Care Hospitals,Government - Hospital District or Authority,327,121
10005,MARSHALL MEDICAL CENTERS,2505 U S HIGHWAY 431 NORTH,(256) 593-8310,Acute Care Hospitals,Government - Hospital District or Authority,302,146
10005,MARSHALL MEDICAL CENTERS,2505 U S HIGHWAY 431 NORTH,(256) 593-8310,Acute Care Hospitals,Government - Hospital District or Authority,360,88
10005,MARSHALL MEDICAL CENTERS,2505 U S HIGHWAY 431 NORTH,(256) 593-8310,Acute Care Hospitals,Government - Hospital District or Authority,338,110
10005,MARSHALL MEDICAL CENTERS,2505 U S HIGHWAY 431 NORTH,(256) 593-8310,Acute Care Hospitals,Government - Hospital District or Authority,274,174
10005,MARSHALL MEDICAL CENTERS,2505 U S HIGHWAY 431 NORTH,(256) 593-8310,Acute Care Hospitals,Government - Hospital District or Authority,318,130
10005,MARSHALL MEDICAL CENTERS,2505 U S HIGHWAY 431 NORTH,(256) 593-8310,Acute Care Hospitals,Government - Hospital District or Authority,395,53
10005,MARSHALL MEDICAL CENTERS,2505 U S HIGHWAY 431 NORTH,(256) 593-8310,Acute Care Hospitals,Government - Hospital District or Authority,376,72
10005,MARSHALL MEDICAL CENTERS,2505 U S HIGHWAY 431 NORTH,(256) 593-8310,Acute Care Hospitals,Government - Hospital District or Authority,382,66
10005,MARSHALL MEDICAL CENTERS,2505 U S HIGHWAY 431 NORTH,(256) 593-8310,Acute Care Hospitals,Government - Hospital District or Authority,378,70
10005,MARSHALL MEDICAL CENTERS,2505 U S HIGHWAY 431 NORTH,(256) 593-8310,Acute Care Hospitals,Government - Hospital District or Authority,317,131
10005,MARSHALL MEDICAL CENTERS,2505 U S HIGHWAY 431 NORTH,(256) 593-8310,Acute Care Hospitals,Government - Hospital District or Authority,284,164
10005,MARSHALL MEDICAL CENTERS,2505 U S HIGHWAY 431 NORTH,(256) 593-8310,Acute Care Hospitals,Government - Hospital District or Authority,311,137
10005,MARSHALL MEDICAL CENTERS,2505 U S HIGHWAY 431 NORTH,(256) 593-8310,Acute Care Hospitals,Government - Hospital District or Authority,399,49
10005,MARSHALL MEDICAL CENTERS,2505 U S HIGHWAY 431 NORTH,(256) 593-8310,Acute Care Hospitals,Government - Hospital District or Authority,422,26
10005,MARSHALL MEDICAL CENTERS,2505 U S HIGHWAY 431 NORTH,(256) 593-8310,Acute Care Hospitals,Government - Hospital District or Authority,346,102
10005,MARSHALL MEDICAL CENTERS,2505 U S HIGHWAY 431 NORTH,(256) 593-8310,Acute Care Hospitals,Government - Hospital District or Authority,270,178
10005,MARSHALL MEDICAL CENTERS,2505 U S HIGHWAY 431 NORTH,(256) 593-8310,Acute Care Hospitals,Government - Hospital District or Authority,290,158
10005,MARSHALL MEDICAL CENTERS,2505 U S HIGHWAY 431 NORTH,(256) 593-8310,Acute Care Hospitals,Government - Hospital District or Authority,319,129
10005,MARSHALL MEDICAL CENTERS,2505 U S HIGHWAY 431 NORTH,(256) 593-8310,Acute Care Hospitals,Government - Hospital District or Authority,359,89
10005,MARSHALL MEDICAL CENTERS,2505 U S HIGHWAY 431 NORTH,(256) 593-8310,Acute Care Hospitals,Government - Hospital District or Authority,280,168
10005,MARSHALL MEDICAL CENTERS,2505 U S HIGHWAY 431 NORTH,(256) 593-8310,Acute Care Hospitals,Government - Hospital District or Authority,416,32
10005,MARSHALL MEDICAL CENTERS,2505 U S HIGHWAY 431 NORTH,(256) 593-8310,Acute Care Hospitals,Government - Hospital District or Authority,326,122
10005,MARSHALL MEDICAL CENTERS,2505 U S HIGHWAY 431 NORTH,(256) 593-8310,Acute Care Hospitals,Government - Hospital District or Authority,411,37
10005,MARSHALL MEDICAL CENTERS,2505 U S HIGHWAY 431 NORTH,(256) 593-8310,Acute Care Hospitals,Government - Hospital District or Authority,391,57
10005,MARSHALL MEDICAL CENTERS,2505 U S HIGHWAY 431 NORTH,(256) 593-8310,Acute Care Hospitals,Government - Hospital District or Authority,387,61
10005,MARSHALL MEDICAL CENTERS,2505 U S HIGHWAY 431 NORTH,(256) 593-8310,Acute Care Hospitals,Government - Hospital District or Authority,363,85
10005,MARSHALL MEDICAL CENTERS,2505 U S HIGHWAY 431 NORTH,(256) 593-8310,Acute Care Hospitals,Government - Hospital District or Authority,367,81
10005,MARSHALL MEDICAL CENTERS,2505 U S HIGHWAY 431 NORTH,(256) 593-8310,Acute Care Hospitals,Government - Hospital District or Authority,368,80
10005,MARSHALL MEDICAL CENTERS,2505 U S HIGHWAY 431 NORTH,(256) 593-8310,Acute Care Hospitals,Government - Hospital District or Authority,367,81
10005,MARSHALL MEDICAL CENTERS,2505 U S HIGHWAY 431 NORTH,(256) 593-8310,Acute Care Hospitals,Government - Hospital District or Authority,355,93
10005,MARSHALL MEDICAL CENTERS,2505 U S HIGHWAY 431 NORTH,(256) 593-8310,Acute Care Hospitals,Government - Hospital District or Authority,423,25
10005,MARSHALL MEDICAL CENTERS,2505 U S HIGHWAY 431 NORTH,(256) 593-8310,Acute Care Hospitals,Government - Hospital District or Authority,383,65
10005,MARSHALL MEDICAL CENTERS,2505 U S HIGHWAY 431 NORTH,(256) 593-8310,Acute Care Hospitals,Government - Hospital District or Authority,390,58
10005,MARSHALL MEDICAL CENTERS,2505 U S HIGHWAY 431 NORTH,(256) 593-8310,Acute Care Hospitals,Government - Hospital District or Authority,405,43
10005,MARSHALL MEDICAL CENTERS,2505 U S HIGHWAY 431 NORTH,(256) 593-8310,Acute Care Hospitals,Government - Hospital District or Authority,302,146
10005,MARSHALL MEDICAL CENTERS,2505 U S HIGHWAY 431 NORTH,(256) 593-8310,Acute Care Hospitals,Government - Hospital District or Authority,281,167
10005,MARSHALL MEDICAL CENTERS,2505 U S HIGHWAY 431 NORTH,(256) 593-8310,Acute Care Hospitals,Government - Hospital District or Authority,344,104
10005,MARSHALL MEDICAL CENTERS,2505 U S HIGHWAY 431 NORTH,(256) 593-8310,Acute Care Hospitals,Government - Hospital District or Authority,349,99
10005,MARSHALL MEDICAL CENTERS,2505 U S HIGHWAY 431 NORTH,(256) 593-8310,Acute Care Hospitals,Government - Hospital District or Authority,398,50
10005,MARSHALL MEDICAL CENTERS,2505 U S HIGHWAY 431 NORTH,(256) 593-8310,Acute Care Hospitals,Government - Hospital District or Authority,338,110
10005,MARSHALL MEDICAL CENTERS,2505 U S HIGHWAY 431 NORTH,(256) 593-8310,Acute Care Hospitals,Government - Hospital District or Authority,358,90
10005,MARSHALL MEDICAL CENTERS,2505 U S HIGHWAY 431 NORTH,(256) 593-8310,Acute Care Hospitals,Government - Hospital District or Authority,351,97
10005,MARSHALL MEDICAL CENTERS,2505 U S HIGHWAY 431 NORTH,(256) 593-8310,Acute Care Hospitals,Government - Hospital District or Authority,274,174
10005,MARSHALL MEDICAL CENTERS,2505 U S HIGHWAY 431 NORTH,(256) 593-8310,Acute Care Hospitals,Government - Hospital District or Authority,365,83
10005,MARSHALL MEDICAL CENTERS,2505 U S HIGHWAY 431 NORTH,(256) 593-8310,Acute Care Hospitals,Government - Hospital District or Authority,398,50
10005,MARSHALL MEDICAL CENTERS,2505 U S HIGHWAY 431 NORTH,(256) 593-8310,Acute Care Hospitals,Government - Hospital District or Authority,293,155
10005,MARSHALL MEDICAL CENTERS,2505 U S HIGHWAY 431 NORTH,(256) 593-8310,Acute Care Hospitals,Government - Hospital District or Authority,361,87
10005,MARSHALL MEDICAL CENTERS,2505 U S HIGHWAY 431 NORTH,(256) 593-8310,Acute Care Hospitals,Government - Hospital District or Authority,361,87
10005,MARSHALL MEDICAL CENTERS,2505 U S HIGHWAY 431 NORTH,(256) 593-8310,Acute Care Hospitals,Government - Hospital District or Authority,294,154
10005,MARSHALL MEDICAL CENTERS,2505 U S HIGHWAY 431 NORTH,(256) 593-8310,Acute Care Hospitals,Government - Hospital District or Authority,288,160
10005,MARSHALL MEDICAL CENTERS,2505 U S HIGHWAY 431 NORTH,(256) 593-8310,Acute Care Hospitals,Government - Hospital District or Authority,422,26
10005,MARSHALL MEDICAL CENTERS,2505 U S HIGHWAY 431 NORTH,(256) 593-8310,Acute Care Hospitals,Government - Hospital District or Authority,330,118
10005,MARSHALL MEDICAL CENTERS,2505 U S HIGHWAY 431 NORTH,(256) 593-8310,Acute Care Hospitals,Government - Hospital District or Authority,304,144
10005,MARSHALL MEDICAL CENTERS,2505 U S HIGHWAY 431 NORTH,(256) 593-8310,Acute Care Hospitals,Government - Hospital District or Authority,295,153
10005,MARSHALL MEDICAL CENTERS,2505 U S HIGHWAY 431 NORTH,(256) 593-8310,Acute Care Hospitals,Government - Hospital District or Authority,373,75
10005,MARSHALL MEDICAL CENTERS,2505 U S HIGHWAY 431 NORTH,(256) 593-8310,Acute Care Hospitals,Government - Hospital District or Authority,364,84
10005,MARSHALL MEDICAL CENTERS,2505 U S HIGHWAY 431 NORTH,(256) 593-8310,Acute Care Hospitals,Government - Hospital District or Authority,369,79
10005,MARSHALL MEDICAL CENTERS,2505 U S HIGHWAY 431 NORTH,(256) 593-8310,Acute Care Hospitals,Government - Hospital District or Authority,282,166
10005,MARSHALL MEDICAL CENTERS,2505 U S HIGHWAY 431 NORTH,(256) 593-8310,Acute Care Hospitals,Government - Hospital District or Authority,408,40
10005,MARSHALL MEDICAL CENTERS,2505 U S HIGHWAY 431 NORTH,(256) 593-8310,Acute Care Hospitals,Government - Hospital District or Authority,329,119
10005,MARSHALL MEDICAL CENTERS,2505 U S HIGHWAY 431 NORTH,(256) 593-8310,Acute Care Hospitals,Government - Hospital District or Authority,317,131
10005,MARSHALL MEDICAL CENTERS,2505 U S HIGHWAY 431 NORTH,(256) 593-8310,Acute Care Hospitals,Government - Hospital District or Authority,341,107
10005,MARSHALL MEDICAL CENTERS,2505 U S HIGHWAY 431 NORTH,(256) 593-8310,Acute Care Hospitals,Government - Hospital District or Authority,329,119
10005,MARSHALL MEDICAL CENTERS,2505 U S HIGHWAY 431 NORTH,(256) 593-8310,Acute Care Hospitals,Government - Hospital District or Authority,404,44
10005,MARSHALL MEDICAL CENTERS,2505 U S HIGHWAY 431 NORTH,(256) 593-8310,Acute Care Hospitals,Government - Hospital District or Authority,414,34
10005,MARSHALL MEDICAL CENTERS,2505 U S HIGHWAY 431 NORTH,(256) 593-8310,Acute Care Hospitals,Government - Hospital District or Authority,316,132
10005,MARSHALL MEDICAL CENTERS,2505 U S HIGHWAY 431 NORTH,(256) 593-8310,Acute Care Hospitals,Government - Hospital District or Authority,404,44
10005,MARSHALL MEDICAL CENTERS,2505 U S HIGHWAY 431 NORTH,(256) 593-8310,Acute Care Hospitals,Government - Hospital District or Authority,391,57
10005,MARSHALL MEDICAL CENTERS,2505 U S HIGHWAY 431 NORTH,(256) 593-8310,Acute Care Hospitals,Government - Hospital District or Authority,414,34
10005,MARSHALL MEDICAL CENTERS,2505 U S HIGHWAY 431 NORTH,(256) 593-8310,Acute Care Hospitals,Government - Hospital District or Authority,307,141
10005,MARSHALL MEDICAL CENTERS,2505 U S HIGHWAY 431 NORTH,(256) 593-8310,Acute Care Hospitals,Government - Hospital District or Authority,359,89
10005,MARSHALL MEDICAL CENTERS,2505 U S HIGHWAY 431 NORTH,(256) 593-8310,Acute Care Hospitals,Government - Hospital District or Authority,311,137
10005,MARSHALL MEDICAL CENTERS,2505 U S HIGHWAY 431 NORTH,(256) 593-8310,Acute Care Hospitals,Government - Hospital District or Authority,398,50
10005,MARSHALL MEDICAL CENTERS,2505 U S HIGHWAY 431 NORTH,(256) 593-8310,Acute Care Hospitals,Government - Hospital District or Authority,269,179
10005,MARSHALL MEDICAL CENTERS,2505 U S HIGHWAY 431 NORTH,(256) 593-8310,Acute Care Hospitals,Government - Hospital District or Authority,357,91
10005,MARSHALL MEDICAL CENTERS,2505 U S HIGHWAY 431 NORTH,(256) 593-8310,Acute Care Hospitals,Government - Hospital District or Authority,321,127
10005,MARSHALL MEDICAL CENTERS,2505 U S HIGHWAY 431 NORTH,(256) 593-8310,Acute Care Hospitals,Government - Hospital District or Authority,319,129
10005,MARSHALL MEDICAL CENTERS,2505 U S HIGHWAY 431 NORTH,(256) 593-8310,Acute Care Hospitals,Government - Hospital District or Authority,369,79
10005,MARSHALL MEDICAL CENTERS,2505 U S HIGHWAY 431 NORTH,(256) 593-8310,Acute Care Hospitals,Government - Hospital District or Authority,402,46
10005,MARSHALL MEDICAL CENTERS,2505 U S HIGHWAY 431 NORTH,(256) 593-8310,Acute Care Hospitals,Government - Hospital District or Authority,364,84
10005,MARSHALL MEDICAL CENTERS,2505 U S HIGHWAY 431 NORTH,(256) 593-8310,Acute Care Hospitals,Government - Hospital District or Authority,402,46
10005,MARSHALL MEDICAL CENTERS,2505 U S HIGHWAY 431 NORTH,(256) 593-8310,Acute Care Hospitals,Government - Hospital District or Authority,310,138
10005,MARSHALL MEDICAL CENTERS,2505 U S HIGHWAY 431 NORTH,(256) 593-8310,Acute Care Hospitals,Government - Hospital District or Authority,350,98
10005,MARSHALL MEDICAL CENTERS,2505 U S HIGHWAY 431 NORTH,(256) 593-8310,Acute Care Hospitals,Government - Hospital District or Authority,339,109
10005,MARSHALL MEDICAL CENTERS,2505 U S HIGHWAY 431 NORTH,(256) 593-8310,Acute Care Hospitals,Government - Hospital District or Authority,270,178
10005,MARSHALL MEDICAL CENTERS,2505 U S HIGHWAY 431 NORTH,(256) 593-8310,Acute Care Hospitals,Government - Hospital District or Authority,356,92
10005,MARSHALL MEDICAL CENTERS,2505 U S HIGHWAY 431 NORTH,(256) 593-8310,Acute Care Hospitals,Government - Hospital District or Authority,372,76
10005,MARSHALL MEDICAL CENTERS,2505 U S HIGHWAY 431 NORTH,(256) 593-8310,Acute Care Hospitals,Government - Hospital District or Authority,361,87
10005,MARSHALL MEDICAL CENTERS,2505 U S HIGHWAY 431 NORTH,(256) 593-8310,Acute Care Hospitals,Government - Hospital District or Authority,384,64
10005,MARSHALL MEDICAL CENTERS,2505 U S HIGHWAY 431 NORTH,(256) 593-8310,Acute Care Hospitals,Government - Hospital District or Authority,358,90
10005,MARSHALL MEDICAL CENTERS,2505 U S HIGHWAY 431 NORTH,(256) 593-8310,Acute Care Hospitals,Government - Hospital District or Authority,279,169
10005,MARSHALL MEDICAL CENTERS,2505 U S HIGHWAY 431 NORTH,(256) 593-8310,Acute Care Hospitals,Government - Hospital District or Authority,287,161
10005,MARSHALL MEDICAL CENTERS,2505 U S HIGHWAY 431 NORTH,(256) 593-8310,Acute Care Hospitals,Government - Hospital District or Authority,362,86
10005,MARSHALL MEDICAL CENTERS,2505 U S HIGHWAY 431 NORTH,(256) 593-8310,Acute Care Hospitals,Government - Hospital District or Authority,311,137
10005,MARSHALL MEDICAL CENTERS,2505 U S HIGHWAY 431 NORTH,(256) 593-8310,Acute Care Hospitals,Government - Hospital District or Authority,281,167
10005,MARSHALL MEDICAL CENTERS,2505 U S HIGHWAY 431 NORTH,(256) 593-8310,Acute Care Hospitals,Government - Hospital District or Authority,336,112
10005,MARSHALL MEDICAL CENTERS,2505 U S HIGHWAY 431 NORTH,(256) 593-8310,Acute Care Hospitals,Government - Hospital District or Authority,355,93
10005,MARSHALL MEDICAL CENTERS,2505 U S HIGHWAY 431 NORTH,(256) 593-8310,Acute Care Hospitals,Government - Hospital District or Authority,320,128
10005,MARSHALL MEDICAL CENTERS,2505 U S HIGHWAY 431 NORTH,(256) 593-8310,Acute Care Hospitals,Government - Hospital District or Authority,381,67
10005,MARSHALL MEDICAL CENTERS,2505 U S HIGHWAY 431 NORTH,(256) 593-8310,Acute Care Hospitals,Government - Hospital District or Authority,369,79
10005,MARSHALL MEDICAL CENTERS,2505 U S HIGHWAY 431 NORTH,(256) 593-8310,Acute Care Hospitals,Government - Hospital District or Authority,320,128
10005,MARSHALL MEDICAL CENTERS,2505 U S HIGHWAY 431 NORTH,(256) 593-8310,Acute Care Hospitals,Government - Hospital District or Authority,387,61
10005,MARSHALL MEDICAL CENTERS,2505 U S HIGHWAY 431 NORTH,(256) 593-8310,Acute Care Hospitals,Government - Hospital District or Authority,370,78
10005,MARSHALL MEDICAL CENTERS,2505 U S HIGHWAY 431 NORTH,(256) 593-8310,Acute Care Hospitals,Government - Hospital District or Authority,368,80
10005,MARSHALL MEDICAL CENTERS,2505 U S HIGHWAY 431 NORTH,(256) 593-8310,Acute Care Hospitals,Government - Hospital District or Authority,355,93
10005,MARSHALL MEDICAL CENTERS,2505 U S HIGHWAY 431 NORTH,(256) 593-8310,Acute Care Hospitals,Government - Hospital District or Authority,270,178
10005,MARSHALL MEDICAL CENTERS,2505 U S HIGHWAY 431 NORTH,(256) 593-8310,Acute Care Hospitals,Government - Hospital District or Authority,378,70
10005,MARSHALL MEDICAL CENTERS,2505 U S HIGHWAY 431 NORTH,(256) 593-8310,Acute Care Hospitals,Government - Hospital District or Authority,327,121
10005,MARSHALL MEDICAL CENTERS,2505 U S HIGHWAY 431 NORTH,(256) 593-8310,Acute Care Hospitals,Government - Hospital District or Authority,416,32
10005,MARSHALL MEDICAL CENTERS,2505 U S HIGHWAY 431 NORTH,(256) 593-8310,Acute Care Hospitals,Government - Hospital District or Authority,397,51
10005,MARSHALL MEDICAL CENTERS,2505 U S HIGHWAY 431 NORTH,(256) 593-8310,Acute Care Hospitals,Government - Hospital District or Authority,360,88
10005,MARSHALL MEDICAL CENTERS,2505 U S HIGHWAY 431 NORTH,(256) 593-8310,Acute Care Hospitals,Government - Hospital District or Authority,308,140
10005,MARSHALL MEDICAL CENTERS,2505 U S HIGHWAY 431 NORTH,(256) 593-8310,Acute Care Hospitals,Government - Hospital District or Authority,300,148
10005,MARSHALL MEDICAL CENTERS,2505 U S HIGHWAY 431 NORTH,(256) 593-8310,Acute Care Hospitals,Government - Hospital District or Authority,322,126
10005,MARSHALL MEDICAL CENTERS,2505 U S HIGHWAY 431 NORTH,(256) 593-8310,Acute Care Hospitals,Government - Hospital District or Authority,343,105
10005,MARSHALL MEDICAL CENTERS,2505 U S HIGHWAY 431 NORTH,(256) 593-8310,Acute Care Hospitals,Government - Hospital District or Authority,315,133
10005,MARSHALL MEDICAL CENTERS,2505 U S HIGHWAY 431 NORTH,(256) 593-8310,Acute Care Hospitals,Government - Hospital District or Authority,349,99
10005,MARSHALL MEDICAL CENTERS,2505 U S HIGHWAY 431 NORTH,(256) 593-8310,Acute Care Hospitals,Government - Hospital District or Authority,294,154
10005,MARSHALL MEDICAL CENTERS,2505 U S HIGHWAY 431 NORTH,(256) 593-8310,Acute Care Hospitals,Government - Hospital District or Authority,422,26
10005,MARSHALL MEDICAL CENTERS,2505 U S HIGHWAY 431 NORTH,(256) 593-8310,Acute Care Hospitals,Government - Hospital District or Authority,285,163
10005,MARSHALL MEDICAL CENTERS,2505 U S HIGHWAY 431 NORTH,(256) 593-8310,Acute Care Hospitals,Government - Hospital District or Authority,414,34
10005,MARSHALL MEDICAL CENTERS,2505 U S HIGHWAY 431 NORTH,(256) 593-8310,Acute Care Hospitals,Government - Hospital District or Authority,412,36
10005,MARSHALL MEDICAL CENTERS,2505 U S HIGHWAY 431 NORTH,(256) 593-8310,Acute Care Hospitals,Government - Hospital District or Authority,351,97
10005,MARSHALL MEDICAL CENTERS,2505 U S HIGHWAY 431 NORTH,(256) 593-8310,Acute Care Hospitals,Government - Hospital District or Authority,382,66
10005,MARSHALL MEDICAL CENTERS,2505 U S HIGHWAY 431 NORTH,(256) 593-8310,Acute Care Hospitals,Government - Hospital District or Authority,337,111
10005,MARSHALL MEDICAL CENTERS,2505 U S HIGHWAY 431 NORTH,(256) 593-8310,Acute Care Hospitals,Government - Hospital District or Authority,367,81
10005,MARSHALL MEDICAL CENTERS,2505 U S HIGHWAY 431 NORTH,(256) 593-8310,Acute Care Hospitals,Government - Hospital District or Authority,322,126
10005,MARSHALL MEDICAL CENTERS,2505 U S HIGHWAY 431 NORTH,(256) 593-8310,Acute Care Hospitals,Government - Hospital District or Authority,316,132
10005,MARSHALL MEDICAL CENTERS,2505 U S HIGHWAY 431 NORTH,(256) 593-8310,Acute Care Hospitals,Government - Hospital District or Authority,359,89
10005,MARSHALL MEDICAL CENTERS,2505 U S HIGHWAY 431 NORTH,(256) 593-8310,Acute Care Hospitals,Government - Hospital District or Authority,346,102
10005,MARSHALL MEDICAL CENTERS,2505 U S HIGHWAY 431 NORTH,(256) 593-8310,Acute Care Hospitals,Government - Hospital District or Authority,359,89
10005,MARSHALL MEDICAL CENTERS,2505 U S HIGHWAY 431 NORTH,(256) 593-8310,Acute Care Hospitals,Government - Hospital District or Authority,313,135
10005,MARSHALL MEDICAL CENTERS,2505 U S HIGHWAY 431 NORTH,(256) 593-8310,Acute Care Hospitals,Government - Hospital District or Authority,326,122
10005,MARSHALL MEDICAL CENTERS,2505 U S HIGHWAY 431 NORTH,(256) 593-8310,Acute Care Hospitals,Government - Hospital District or Authority,281,167
10005,MARSHALL MEDICAL CENTERS,2505 U S HIGHWAY 431 NORTH,(256) 593-8310,Acute Care Hospitals,Government - Hospital District or Authority,276,172
10005,MARSHALL MEDICAL CENTERS,2505 U S HIGHWAY 431 NORTH,(256) 593-8310,Acute Care Hospitals,Government - Hospital District or Authority,308,140
10005,MARSHALL MEDICAL CENTERS,2505 U S HIGHWAY 431 NORTH,(256) 593-8310,Acute Care Hospitals,Government - Hospital District or Authority,280,168
10005,MARSHALL MEDICAL CENTERS,2505 U S HIGHWAY 431 NORTH,(256) 593-8310,Acute Care Hospitals,Government - Hospital District or Authority,285,163
10005,MARSHALL MEDICAL CENTERS,2505 U S HIGHWAY 431 NORTH,(256) 593-8310,Acute Care Hospitals,Government - Hospital District or Authority,396,52
10005,MARSHALL MEDICAL CENTERS,2505 U S HIGHWAY 431 NORTH,(256) 593-8310,Acute Care Hospitals,Government - Hospital District or Authority,274,174
10005,MARSHALL MEDICAL CENTERS,2505 U S HIGHWAY 431 NORTH,(256) 593-8310,Acute Care Hospitals,Government - Hospital District or Authority,372,76
10005,MARSHALL MEDICAL CENTERS,2505 U S HIGHWAY 431 NORTH,(256) 593-8310,Acute Care Hospitals,Government - Hospital District or Authority,311,137
10005,MARSHALL MEDICAL CENTERS,2505 U S HIGHWAY 431 NORTH,(256) 593-8310,Acute Care Hospitals,Government - Hospital District or Authority,405,43
10005,MARSHALL MEDICAL CENTERS,2505 U S HIGHWAY 431 NORTH,(256) 593-8310,Acute Care Hospitals,Government - Hospital District or Authority,344,104
