Facility ID,Facility Name,Address,Telephone Number,Hospital Type,Hospital Ownership,Active Beds,Inactive Beds
100179,HCA FLORIDA MEMORIAL HOSPITAL,3625 UNIVERSITY BLVD S,(904) 702-6111,Acute Care Hospitals,Proprietary,275,16
100179,HCA FLORIDA MEMORIAL HOSPITAL,3625 UNIVERSITY BLVD S,(904) 702-6111,Acute Care Hospitals,Proprietary,221,70
100179,HCA FLORIDA MEMORIAL HOSPITAL,3625 UNIVERSITY BLVD S,(904) 702-6111,Acute Care Hospitals,Proprietary,218,73
100179,HCA FLORIDA MEMORIAL HOSPITAL,3625 UNIVERSITY BLVD S,(904) 702-6111,Acute Care Hospitals,Proprietary,202,89
100179,HCA FLORIDA MEMORIAL HOSPITAL,3625 UNIVERSITY BLVD S,(904) 702-6111,Acute Care Hospitals,Proprietary,263,28
100179,HCA FLORIDA MEMORIAL HOSPITAL,3625 UNIVERSITY BLVD S,(904) 702-6111,Acute Care Hospitals,Proprietary,275,16
100179,HCA FLORIDA MEMORIAL HOSPITAL,3625 UNIVERSITY BLVD S,(904) 702-6111,Acute Care Hospitals,Proprietary,225,66
100179,HCA FLORIDA MEMORIAL HOSPITAL,3625 UNIVERSITY BLVD S,(904) 702-6111,Acute Care Hospitals,Proprietary,235,56
100179,HCA FLORIDA MEMORIAL HOSPITAL,3625 UNIVERSITY BLVD S,(904) 702-6111,Acute Care Hospitals,Proprietary,247,44
100179,HCA FLORIDA MEMORIAL HOSPITAL,3625 UNIVERSITY BLVD S,(904) 702-6111,Acute Care Hospitals,Proprietary,266,25
100179,HCA FLORIDA MEMORIAL HOSPITAL,3625 UNIVERSITY BLVD S,(904) 702-6111,Acute Care Hospitals,Proprietary,177,114
100179,HCA FLORIDA MEMORIAL HOSPITAL,3625 UNIVERSITY BLVD S,(904) 702-6111,Acute Care Hospitals,Proprietary,228,63
100179,HCA FLORIDA MEMORIAL HOSPITAL,3625 UNIVERSITY BLVD S,(904) 702-6111,Acute Care Hospitals,Proprietary,219,72
100179,HCA FLORIDA MEMORIAL HOSPITAL,3625 UNIVERSITY BLVD S,(904) 702-6111,Acute Care Hospitals,Proprietary,187,104
100179,HCA FLORIDA MEMORIAL HOSPITAL,3625 UNIVERSITY BLVD S,(904) 702-6111,Acute Care Hospitals,Proprietary,209,82
100179,HCA FLORIDA MEMORIAL HOSPITAL,3625 UNIVERSITY BLVD S,(904) 702-6111,Acute Care Hospitals,Proprietary,238,53
100179,HCA FLORIDA MEMORIAL HOSPITAL,3625 UNIVERSITY BLVD S,(904) 702-6111,Acute Care Hospitals,Proprietary,192,99
100179,HCA FLORIDA MEMORIAL HOSPITAL,3625 UNIVERSITY BLVD S,(904) 702-6111,Acute Care Hospitals,Proprietary,265,26
100179,HCA FLORIDA MEMORIAL HOSPITAL,3625 UNIVERSITY BLVD S,(904) 702-6111,Acute Care Hospitals,Proprietary,247,44
100179,HCA FLORIDA MEMORIAL HOSPITAL,3625 UNIVERSITY BLVD S,(904) 702-6111,Acute Care Hospitals,Proprietary,224,67
100179,HCA FLORIDA MEMORIAL HOSPITAL,3625 UNIVERSITY BLVD S,(904) 702-6111,Acute Care Hospitals,Proprietary,180,111
100179,HCA FLORIDA MEMORIAL HOSPITAL,3625 UNIVERSITY BLVD S,(904) 702-6111,Acute Care Hospitals,Proprietary,198,93
100179,HCA FLORIDA MEMORIAL HOSPITAL,3625 UNIVERSITY BLVD S,(904) 702-6111,Acute Care Hospitals,Proprietary,272,19
100179,HCA FLORIDA MEMORIAL HOSPITAL,3625 UNIVERSITY BLVD S,(904) 702-6111,Acute Care Hospitals,Proprietary,176,115
100179,HCA FLORIDA MEMORIAL HOSPITAL,3625 UNIVERSITY BLVD S,(904) 702-6111,Acute Care Hospitals,Proprietary,217,74
100179,HCA FLORIDA MEMORIAL HOSPITAL,3625 UNIVERSITY BLVD S,(904) 702-6111,Acute Care Hospitals,Proprietary,270,21
100179,HCA FLORIDA MEMORIAL HOSPITAL,3625 UNIVERSITY BLVD S,(904) 702-6111,Acute Care Hospitals,Proprietary,255,36
100179,HCA FLORIDA MEMORIAL HOSPITAL,3625 UNIVERSITY BLVD S,(904) 702-6111,Acute Care Hospitals,Proprietary,266,25
100179,HCA FLORIDA MEMORIAL HOSPITAL,3625 UNIVERSITY BLVD S,(904) 702-6111,Acute Care Hospitals,Proprietary,228,63
100179,HCA FLORIDA MEMORIAL HOSPITAL,3625 UNIVERSITY BLVD S,(904) 702-6111,Acute Care Hospitals,Proprietary,258,33
100179,HCA FLORIDA MEMORIAL HOSPITAL,3625 UNIVERSITY BLVD S,(904) 702-6111,Acute Care Hospitals,Proprietary,218,73
100179,HCA FLORIDA MEMORIAL HOSPITAL,3625 UNIVERSITY BLVD S,(904) 702-6111,Acute Care Hospitals,Proprietary,200,91
100179,HCA FLORIDA MEMORIAL HOSPITAL,3625 UNIVERSITY BLVD S,(904) 702-6111,Acute Care Hospitals,Proprietary,185,106
100179,HCA FLORIDA MEMORIAL HOSPITAL,3625 UNIVERSITY BLVD S,(904) 702-6111,Acute Care Hospitals,Proprietary,255,36
100179,HCA FLORIDA MEMORIAL HOSPITAL,3625 UNIVERSITY BLVD S,(904) 702-6111,Acute Care Hospitals,Proprietary,274,17
100179,HCA FLORIDA MEMORIAL HOSPITAL,3625 UNIVERSITY BLVD S,(904) 702-6111,Acute Care Hospitals,Proprietary,182,109
100179,HCA FLORIDA MEMORIAL HOSPITAL,3625 UNIVERSITY BLVD S,(904) 702-6111,Acute Care Hospitals,Proprietary,176,115
100179,HCA FLORIDA MEMORIAL HOSPITAL,3625 UNIVERSITY BLVD S,(904) 702-6111,Acute Care Hospitals,Proprietary,206,85
100179,HCA FLORIDA MEMORIAL HOSPITAL,3625 UNIVERSITY BLVD S,(904) 702-6111,Acute Care Hospitals,Proprietary,240,51
100179,HCA FLORIDA MEMORIAL HOSPITAL,3625 UNIVERSITY BLVD S,(904) 702-6111,Acute Care Hospitals,Proprietary,232,59
100179,HCA FLORIDA MEMORIAL HOSPITAL,3625 UNIVERSITY BLVD S,(904) 702-6111,Acute Care Hospitals,Proprietary,266,25
100179,HCA FLORIDA MEMORIAL HOSPITAL,3625 UNIVERSITY BLVD S,(904) 702-6111,Acute Care Hospitals,Proprietary,199,92
100179,HCA FLORIDA MEMORIAL HOSPITAL,3625 UNIVERSITY BLVD S,(904) 702-6111,Acute Care Hospitals,Proprietary,228,63
100179,HCA FLORIDA MEMORIAL HOSPITAL,3625 UNIVERSITY BLVD S,(904) 702-6111,Acute Care Hospitals,Proprietary,231,60
100179,HCA FLORIDA MEMORIAL HOSPITAL,3625 UNIVERSITY BLVD S,(904) 702-6111,Acute Care Hospitals,Proprietary,200,91
100179,HCA FLORIDA MEMORIAL HOSPITAL,3625 UNIVERSITY BLVD S,(904) 702-6111,Acute Care Hospitals,Proprietary,246,45
100179,HCA FLORIDA MEMORIAL HOSPITAL,3625 UNIVERSITY BLVD S,(904) 702-6111,Acute Care Hospitals,Proprietary,174,117
100179,HCA FLORIDA MEMORIAL HOSPITAL,3625 UNIVERSITY BLVD S,(904) 702-6111,Acute Care Hospitals,Proprietary,204,87
100179,HCA FLORIDA MEMORIAL HOSPITAL,3625 UNIVERSITY BLVD S,(904) 702-6111,Acute Care Hospitals,Proprietary,201,90
100179,HCA FLORIDA MEMORIAL HOSPITAL,3625 UNIVERSITY BLVD S,(904) 702-6111,Acute Care Hospitals,Proprietary,190,101
100179,HCA FLORIDA MEMORIAL HOSPITAL,3625 UNIVERSITY BLVD S,(904) 702-6111,Acute Care Hospitals,Proprietary,250,41
100179,HCA FLORIDA MEMORIAL HOSPITAL,3625 UNIVERSITY BLVD S,(904) 702-6111,Acute Care Hospitals,Proprietary,245,46
100179,HCA FLORIDA MEMORIAL HOSPITAL,3625 UNIVERSITY BLVD S,(904) 702-6111,Acute Care Hospitals,Proprietary,208,83
100179,HCA FLORIDA MEMORIAL HOSPITAL,3625 UNIVERSITY BLVD S,(904) 702-6111,Acute Care Hospitals,Proprietary,223,68
100179,HCA FLORIDA MEMORIAL HOSPITAL,3625 UNIVERSITY BLVD S,(904) 702-6111,Acute Care Hospitals,Proprietary,216,75
100179,HCA FLORIDA MEMORIAL HOSPITAL,3625 UNIVERSITY BLVD S,(904) 702-6111,Acute Care Hospitals,Proprietary,210,81
100179,HCA FLORIDA MEMORIAL HOSPITAL,3625 UNIVERSITY BLVD S,(904) 702-6111,Acute Care Hospitals,Proprietary,184,107
100179,HCA FLORIDA MEMORIAL HOSPITAL,3625 UNIVERSITY BLVD S,(904) 702-6111,Acute Care Hospitals,Proprietary,182,109
100179,HCA FLORIDA MEMORIAL HOSPITAL,3625 UNIVERSITY BLVD S,(904) 702-6111,Acute Care Hospitals,Proprietary,228,63
100179,HCA FLORIDA MEMORIAL HOSPITAL,3625 UNIVERSITY BLVD S,(904) 702-6111,Acute Care Hospitals,Proprietary,232,59
100179,HCA FLORIDA MEMORIAL HOSPITAL,3625 UNIVERSITY BLVD S,(904) 702-6111,Acute Care Hospitals,Proprietary,225,66
100179,HCA FLORIDA MEMORIAL HOSPITAL,3625 UNIVERSITY BLVD S,(904) 702-6111,Acute Care Hospitals,Proprietary,218,73
100179,HCA FLORIDA MEMORIAL HOSPITAL,3625 UNIVERSITY BLVD S,(904) 702-6111,Acute Care Hospitals,Proprietary,213,78
100179,HCA FLORIDA MEMORIAL HOSPITAL,3625 UNIVERSITY BLVD S,(904) 702-6111,Acute Care Hospitals,Proprietary,227,64
100179,HCA FLORIDA MEMORIAL HOSPITAL,3625 UNIVERSITY BLVD S,(904) 702-6111,Acute Care Hospitals,Proprietary,221,70
100179,HCA FLORIDA MEMORIAL HOSPITAL,3625 UNIVERSITY BLVD S,(904) 702-6111,Acute Care Hospitals,Proprietary,248,43
100179,HCA FLORIDA MEMORIAL HOSPITAL,3625 UNIVERSITY BLVD S,(904) 702-6111,Acute Care Hospitals,Proprietary,273,18
100179,HCA FLORIDA MEMORIAL HOSPITAL,3625 UNIVERSITY BLVD S,(904) 702-6111,Acute Care Hospitals,Proprietary,217,74
100179,HCA FLORIDA MEMORIAL HOSPITAL,3625 UNIVERSITY BLVD S,(904) 702-6111,Acute Care Hospitals,Proprietary,197,94
100179,HCA FLORIDA MEMORIAL HOSPITAL,3625 UNIVERSITY BLVD S,(904) 702-6111,Acute Care Hospitals,Proprietary,229,62
100179,HCA FLORIDA MEMORIAL HOSPITAL,3625 UNIVERSITY BLVD S,(904) 702-6111,Acute Care Hospitals,Proprietary,179,112
100179,HCA FLORIDA MEMORIAL HOSPITAL,3625 UNIVERSITY BLVD S,(904) 702-6111,Acute Care Hospitals,Proprietary,184,107
100179,HCA FLORIDA MEMORIAL HOSPITAL,3625 UNIVERSITY BLVD S,(904) 702-6111,Acute Care Hospitals,Proprietary,235,56
100179,HCA FLORIDA MEMORIAL HOSPITAL,3625 UNIVERSITY BLVD S,(904) 702-6111,Acute Care Hospitals,Proprietary,224,67
100179,HCA FLORIDA MEMORIAL HOSPITAL,3625 UNIVERSITY BLVD S,(904) 702-6111,Acute Care Hospitals,Proprietary,183,108
100179,HCA FLORIDA MEMORIAL HOSPITAL,3625 UNIVERSITY BLVD S,(904) 702-6111,Acute Care Hospitals,Proprietary,244,47
100179,HCA FLORIDA MEMORIAL HOSPITAL,3625 UNIVERSITY BLVD S,(904) 702-6111,Acute Care Hospitals,Proprietary,204,87
100179,HCA FLORIDA MEMORIAL HOSPITAL,3625 UNIVERSITY BLVD S,(904) 702-6111,Acute Care Hospitals,Proprietary,206,85
100179,HCA FLORIDA MEMORIAL HOSPITAL,3625 UNIVERSITY BLVD S,(904) 702-6111,Acute Care Hospitals,Proprietary,245,46
100179,HCA FLORIDA MEMORIAL HOSPITAL,3625 UNIVERSITY BLVD S,(904) 702-6111,Acute Care Hospitals,Proprietary,211,80
100179,HCA FLORIDA MEMORIAL HOSPITAL,3625 UNIVERSITY BLVD S,(904) 702-6111,Acute Care Hospitals,Proprietary,208,83
100179,HCA FLORIDA MEMORIAL HOSPITAL,3625 UNIVERSITY BLVD S,(904) 702-6111,Acute Care Hospitals,Proprietary,264,27
100179,HCA FLORIDA MEMORIAL HOSPITAL,3625 UNIVERSITY BLVD S,(904) 702-6111,Acute Care Hospitals,Proprietary,234,57
100179,HCA FLORIDA MEMORIAL HOSPITAL,3625 UNIVERSITY BLVD S,(904) 702-6111,Acute Care Hospitals,Proprietary,254,37
100179,HCA FLORIDA MEMORIAL HOSPITAL,3625 UNIVERSITY BLVD S,(904) 702-6111,Acute Care Hospitals,Proprietary,222,69
100179,HCA FLORIDA MEMORIAL HOSPITAL,3625 UNIVERSITY BLVD S,(904) 702-6111,Acute Care Hospitals,Proprietary,211,80
100179,HCA FLORIDA MEMORIAL HOSPITAL,3625 UNIVERSITY BLVD S,(904) 702-6111,Acute Care Hospitals,Proprietary,199,92
100179,HCA FLORIDA MEMORIAL HOSPITAL,3625 UNIVERSITY BLVD S,(904) 702-6111,Acute Care Hospitals,Proprietary,242,49
100179,HCA FLORIDA MEMORIAL HOSPITAL,3625 UNIVERSITY BLVD S,(904) 702-6111,Acute Care Hospitals,Proprietary,187,104
100179,HCA FLORIDA MEMORIAL HOSPITAL,3625 UNIVERSITY BLVD S,(904) 702-6111,Acute Care Hospitals,Proprietary,229,62
100179,HCA FLORIDA MEMORIAL HOSPITAL,3625 UNIVERSITY BLVD S,(904) 702-6111,Acute Care Hospitals,Proprietary,191,100
100179,HCA FLORIDA MEMORIAL HOSPITAL,3625 UNIVERSITY BLVD S,(904) 702-6111,Acute Care Hospitals,Proprietary,258,33
100179,HCA FLORIDA MEMORIAL HOSPITAL,3625 UNIVERSITY BLVD S,(904) 702-6111,Acute Care Hospitals,Proprietary,234,57
100179,HCA FLORIDA MEMORIAL HOSPITAL,3625 UNIVERSITY BLVD S,(904) 702-6111,Acute Care Hospitals,Proprietary,205,86
100179,HCA FLORIDA MEMORIAL HOSPITAL,3625 UNIVERSITY BLVD S,(904) 702-6111,Acute Care Hospitals,Proprietary,189,102
100179,HCA FLORIDA MEMORIAL HOSPITAL,3625 UNIVERSITY BLVD S,(904) 702-6111,Acute Care Hospitals,Proprietary,275,16
100179,HCA FLORIDA MEMORIAL HOSPITAL,3625 UNIVERSITY BLVD S,(904) 702-6111,Acute Care Hospitals,Proprietary,267,24
100179,HCA FLORIDA MEMORIAL HOSPITAL,3625 UNIVERSITY BLVD S,(904) 702-6111,Acute Care Hospitals,Proprietary,232,59
100179,HCA FLORIDA MEMORIAL HOSPITAL,3625 UNIVERSITY BLVD S,(904) 702-6111,Acute Care Hospitals,Proprietary,234,57
100179,HCA FLORIDA MEMORIAL HOSPITAL,3625 UNIVERSITY BLVD S,(904) 702-6111,Acute Care Hospitals,Proprietary,216,75
100179,HCA FLORIDA MEMORIAL HOSPITAL,3625 UNIVERSITY BLVD S,(904) 702-6111,Acute Care Hospitals,Proprietary,220,71
100179,HCA FLORIDA MEMORIAL HOSPITAL,3625 UNIVERSITY BLVD S,(904) 702-6111,Acute Care Hospitals,Proprietary,250,41
100179,HCA FLORIDA MEMORIAL HOSPITAL,3625 UNIVERSITY BLVD S,(904) 702-6111,Acute Care Hospitals,Proprietary,241,50
100179,HCA FLORIDA MEMORIAL HOSPITAL,3625 UNIVERSITY BLVD S,(904) 702-6111,Acute Care Hospitals,Proprietary,263,28
100179,HCA FLORIDA MEMORIAL HOSPITAL,3625 UNIVERSITY BLVD S,(904) 702-6111,Acute Care Hospitals,Proprietary,223,68
100179,HCA FLORIDA MEMORIAL HOSPITAL,3625 UNIVERSITY BLVD S,(904) 702-6111,Acute Care Hospitals,Proprietary,182,109
100179,HCA FLORIDA MEMORIAL HOSPITAL,3625 UNIVERSITY BLVD S,(904) 702-6111,Acute Care Hospitals,Proprietary,257,34
100179,HCA FLORIDA MEMORIAL HOSPITAL,3625 UNIVERSITY BLVD S,(904) 702-6111,Acute Care Hospitals,Proprietary,251,40
100179,HCA FLORIDA MEMORIAL HOSPITAL,3625 UNIVERSITY BLVD S,(904) 702-6111,Acute Care Hospitals,Proprietary,204,87
100179,HCA FLORIDA MEMORIAL HOSPITAL,3625 UNIVERSITY BLVD S,(904) 702-6111,Acute Care Hospitals,Proprietary,225,66
100179,HCA FLORIDA MEMORIAL HOSPITAL,3625 UNIVERSITY BLVD S,(904) 702-6111,Acute Care Hospitals,Proprietary,183,108
100179,HCA FLORIDA MEMORIAL HOSPITAL,3625 UNIVERSITY BLVD S,(904) 702-6111,Acute Care Hospitals,Proprietary,220,71
100179,HCA FLORIDA MEMORIAL HOSPITAL,3625 UNIVERSITY BLVD S,(904) 702-6111,Acute Care Hospitals,Proprietary,242,49
100179,HCA FLORIDA MEMORIAL HOSPITAL,3625 UNIVERSITY BLVD S,(904) 702-6111,Acute Care Hospitals,Proprietary,247,44
100179,HCA FLORIDA MEMORIAL HOSPITAL,3625 UNIVERSITY BLVD S,(904) 702-6111,Acute Care Hospitals,Proprietary,245,46
100179,HCA FLORIDA MEMORIAL HOSPITAL,3625 UNIVERSITY BLVD S,(904) 702-6111,Acute Care Hospitals,Proprietary,201,90
100179,HCA FLORIDA MEMORIAL HOSPITAL,3625 UNIVERSITY BLVD S,(904) 702-6111,Acute Care Hospitals,Proprietary,177,114
100179,HCA FLORIDA MEMORIAL HOSPITAL,3625 UNIVERSITY BLVD S,(904) 702-6111,Acute Care Hospitals,Proprietary,182,109
100179,HCA FLORIDA MEMORIAL HOSPITAL,3625 UNIVERSITY BLVD S,(904) 702-6111,Acute Care Hospitals,Proprietary,261,30
100179,HCA FLORIDA MEMORIAL HOSPITAL,3625 UNIVERSITY BLVD S,(904) 702-6111,Acute Care Hospitals,Proprietary,259,32
100179,HCA FLORIDA MEMORIAL HOSPITAL,3625 UNIVERSITY BLVD S,(904) 702-6111,Acute Care Hospitals,Proprietary,179,112
100179,HCA FLORIDA MEMORIAL HOSPITAL,3625 UNIVERSITY BLVD S,(904) 702-6111,Acute Care Hospitals,Proprietary,248,43
100179,HCA FLORIDA MEMORIAL HOSPITAL,3625 UNIVERSITY BLVD S,(904) 702-6111,Acute Care Hospitals,Proprietary,241,50
100179,HCA FLORIDA MEMORIAL HOSPITAL,3625 UNIVERSITY BLVD S,(904) 702-6111,Acute Care Hospitals,Proprietary,218,73
100179,HCA FLORIDA MEMORIAL HOSPITAL,3625 UNIVERSITY BLVD S,(904) 702-6111,Acute Care Hospitals,Proprietary,212,79
100179,HCA FLORIDA MEMORIAL HOSPITAL,3625 UNIVERSITY BLVD S,(904) 702-6111,Acute Care Hospitals,Proprietary,226,65
100179,HCA FLORIDA MEMORIAL HOSPITAL,3625 UNIVERSITY BLVD S,(904) 702-6111,Acute Care Hospitals,Proprietary,225,66
100179,HCA FLORIDA MEMORIAL HOSPITAL,3625 UNIVERSITY BLVD S,(904) 702-6111,Acute Care Hospitals,Proprietary,258,33
100179,HCA FLORIDA MEMORIAL HOSPITAL,3625 UNIVERSITY BLVD S,(904) 702-6111,Acute Care Hospitals,Proprietary,222,69
100179,HCA FLORIDA MEMORIAL HOSPITAL,3625 UNIVERSITY BLVD S,(904) 702-6111,Acute Care Hospitals,Proprietary,237,54
100179,HCA FLORIDA MEMORIAL HOSPITAL,3625 UNIVERSITY BLVD S,(904) 702-6111,Acute Care Hospitals,Proprietary,215,76
100179,HCA FLORIDA MEMORIAL HOSPITAL,3625 UNIVERSITY BLVD S,(904) 702-6111,Acute Care Hospitals,Proprietary,229,62
100179,HCA FLORIDA MEMORIAL HOSPITAL,3625 UNIVERSITY BLVD S,(904) 702-6111,Acute Care Hospitals,Proprietary,209,82
100179,HCA FLORIDA MEMORIAL HOSPITAL,3625 UNIVERSITY BLVD S,(904) 702-6111,Acute Care Hospitals,Proprietary,224,67
100179,HCA FLORIDA MEMORIAL HOSPITAL,3625 UNIVERSITY BLVD S,(904) 702-6111,Acute Care Hospitals,Proprietary,198,93
100179,HCA FLORIDA MEMORIAL HOSPITAL,3625 UNIVERSITY BLVD S,(904) 702-6111,Acute Care Hospitals,Proprietary,213,78
100179,HCA FLORIDA MEMORIAL HOSPITAL,3625 UNIVERSITY BLVD S,(904) 702-6111,Acute Care Hospitals,Proprietary,240,51
100179,HCA FLORIDA MEMORIAL HOSPITAL,3625 UNIVERSITY BLVD S,(904) 702-6111,Acute Care Hospitals,Proprietary,202,89
100179,HCA FLORIDA MEMORIAL HOSPITAL,3625 UNIVERSITY BLVD S,(904) 702-6111,Acute Care Hospitals,Proprietary,272,19
100179,HCA FLORIDA MEMORIAL HOSPITAL,3625 UNIVERSITY BLVD S,(904) 702-6111,Acute Care Hospitals,Proprietary,260,31
100179,HCA FLORIDA MEMORIAL HOSPITAL,3625 UNIVERSITY BLVD S,(904) 702-6111,Acute Care Hospitals,Proprietary,202,89
100179,HCA FLORIDA MEMORIAL HOSPITAL,3625 UNIVERSITY BLVD S,(904) 702-6111,Acute Care Hospitals,Proprietary,252,39
100179,HCA FLORIDA MEMORIAL HOSPITAL,3625 UNIVERSITY BLVD S,(904) 702-6111,Acute Care Hospitals,Proprietary,237,54
100179,HCA FLORIDA MEMORIAL HOSPITAL,3625 UNIVERSITY BLVD S,(904) 702-6111,Acute Care Hospitals,Proprietary,235,56
100179,HCA FLORIDA MEMORIAL HOSPITAL,3625 UNIVERSITY BLVD S,(904) 702-6111,Acute Care Hospitals,Proprietary,208,83
100179,HCA FLORIDA MEMORIAL HOSPITAL,3625 UNIVERSITY BLVD S,(904) 702-6111,Acute Care Hospitals,Proprietary,211,80
100179,HCA FLORIDA MEMORIAL HOSPITAL,3625 UNIVERSITY BLVD S,(904) 702-6111,Acute Care Hospitals,Proprietary,193,98
100179,HCA FLORIDA MEMORIAL HOSPITAL,3625 UNIVERSITY BLVD S,(904) 702-6111,Acute Care Hospitals,Proprietary,182,109
100179,HCA FLORIDA MEMORIAL HOSPITAL,3625 UNIVERSITY BLVD S,(904) 702-6111,Acute Care Hospitals,Proprietary,213,78
100179,HCA FLORIDA MEMORIAL HOSPITAL,3625 UNIVERSITY BLVD S,(904) 702-6111,Acute Care Hospitals,Proprietary,251,40
100179,HCA FLORIDA MEMORIAL HOSPITAL,3625 UNIVERSITY BLVD S,(904) 702-6111,Acute Care Hospitals,Proprietary,216,75
100179,HCA FLORIDA MEMORIAL HOSPITAL,3625 UNIVERSITY BLVD S,(904) 702-6111,Acute Care Hospitals,Proprietary,249,42
100179,HCA FLORIDA MEMORIAL HOSPITAL,3625 UNIVERSITY BLVD S,(904) 702-6111,Acute Care Hospitals,Proprietary,248,43
100179,HCA FLORIDA MEMORIAL HOSPITAL,3625 UNIVERSITY BLVD S,(904) 702-6111,Acute Care Hospitals,Proprietary,275,16
100179,HCA FLORIDA MEMORIAL HOSPITAL,3625 UNIVERSITY BLVD S,(904) 702-6111,Acute Care Hospitals,Proprietary,178,113
100179,HCA FLORIDA MEMORIAL HOSPITAL,3625 UNIVERSITY BLVD S,(904) 702-6111,Acute Care Hospitals,Proprietary,250,41
100179,HCA FLORIDA MEMORIAL HOSPITAL,3625 UNIVERSITY BLVD S,(904) 702-6111,Acute Care Hospitals,Proprietary,180,111
100179,HCA FLORIDA MEMORIAL HOSPITAL,3625 UNIVERSITY BLVD S,(904) 702-6111,Acute Care Hospitals,Proprietary,219,72
100179,HCA FLORIDA MEMORIAL HOSPITAL,3625 UNIVERSITY BLVD S,(904) 702-6111,Acute Care Hospitals,Proprietary,216,75
100179,HCA FLORIDA MEMORIAL HOSPITAL,3625 UNIVERSITY BLVD S,(904) 702-6111,Acute Care Hospitals,Proprietary,267,24
100179,HCA FLORIDA MEMORIAL HOSPITAL,3625 UNIVERSITY BLVD S,(904) 702-6111,Acute Care Hospitals,Proprietary,261,30
100179,HCA FLORIDA MEMORIAL HOSPITAL,3625 UNIVERSITY BLVD S,(904) 702-6111,Acute Care Hospitals,Proprietary,273,18
100179,HCA FLORIDA MEMORIAL HOSPITAL,3625 UNIVERSITY BLVD S,(904) 702-6111,Acute Care Hospitals,Proprietary,219,72
100179,HCA FLORIDA MEMORIAL HOSPITAL,3625 UNIVERSITY BLVD S,(904) 702-6111,Acute Care Hospitals,Proprietary,254,37
100179,HCA FLORIDA MEMORIAL HOSPITAL,3625 UNIVERSITY BLVD S,(904) 702-6111,Acute Care Hospitals,Proprietary,204,87
100179,HCA FLORIDA MEMORIAL HOSPITAL,3625 UNIVERSITY BLVD S,(904) 702-6111,Acute Care Hospitals,Proprietary,200,91
100179,HCA FLORIDA MEMORIAL HOSPITAL,3625 UNIVERSITY BLVD S,(904) 702-6111,Acute Care Hospitals,Proprietary,267,24
100179,HCA FLORIDA MEMORIAL HOSPITAL,3625 UNIVERSITY BLVD S,(904) 702-6111,Acute Care Hospitals,Proprietary,246,45
100179,HCA FLORIDA MEMORIAL HOSPITAL,3625 UNIVERSITY BLVD S,(904) 702-6111,Acute Care Hospitals,Proprietary,270,21
100179,HCA FLORIDA MEMORIAL HOSPITAL,3625 UNIVERSITY BLVD S,(904) 702-6111,Acute Care Hospitals,Proprietary,262,29
100179,HCA FLORIDA MEMORIAL HOSPITAL,3625 UNIVERSITY BLVD S,(904) 702-6111,Acute Care Hospitals,Proprietary,238,53
100179,HCA FLORIDA MEMORIAL HOSPITAL,3625 UNIVERSITY BLVD S,(904) 702-6111,Acute Care Hospitals,Proprietary,237,54
100179,HCA FLORIDA MEMORIAL HOSPITAL,3625 UNIVERSITY BLVD S,(904) 702-6111,Acute Care Hospitals,Proprietary,204,87
100179,HCA FLORIDA MEMORIAL HOSPITAL,3625 UNIVERSITY BLVD S,(904) 702-6111,Acute Care Hospitals,Proprietary,220,71
100179,HCA FLORIDA MEMORIAL HOSPITAL,3625 UNIVERSITY BLVD S,(904) 702-6111,Acute Care Hospitals,Proprietary,250,41
100179,HCA FLORIDA MEMORIAL HOSPITAL,3625 UNIVERSITY BLVD S,(904) 702-6111,Acute Care Hospitals,Proprietary,194,97
100179,HCA FLORIDA MEMORIAL HOSPITAL,3625 UNIVERSITY BLVD S,(904) 702-6111,Acute Care Hospitals,Proprietary,181,110
100179,HCA FLORIDA MEMORIAL HOSPITAL,3625 UNIVERSITY BLVD S,(904) 702-6111,Acute Care Hospitals,Proprietary,184,107
100179,HCA FLORIDA MEMORIAL HOSPITAL,3625 UNIVERSITY BLVD S,(904) 702-6111,Acute Care Hospitals,Proprietary,197,94
100179,HCA FLORIDA MEMORIAL HOSPITAL,3625 UNIVERSITY BLVD S,(904) 702-6111,Acute Care Hospitals,Proprietary,183,108
100179,HCA FLORIDA MEMORIAL HOSPITAL,3625 UNIVERSITY BLVD S,(904) 702-6111,Acute Care Hospitals,Proprietary,185,106
100179,HCA FLORIDA MEMORIAL HOSPITAL,3625 UNIVERSITY BLVD S,(904) 702-6111,Acute Care Hospitals,Proprietary,182,109
100179,HCA FLORIDA MEMORIAL HOSPITAL,3625 UNIVERSITY BLVD S,(904) 702-6111,Acute Care Hospitals,Proprietary,220,71
100179,HCA FLORIDA MEMORIAL HOSPITAL,3625 UNIVERSITY BLVD S,(904) 702-6111,Acute Care Hospitals,Proprietary,265,26
100179,HCA FLORIDA MEMORIAL HOSPITAL,3625 UNIVERSITY BLVD S,(904) 702-6111,Acute Care Hospitals,Proprietary,246,45
100179,HCA FLORIDA MEMORIAL HOSPITAL,3625 UNIVERSITY BLVD S,(904) 702-6111,Acute Care Hospitals,Proprietary,228,63
100179,HCA FLORIDA MEMORIAL HOSPITAL,3625 UNIVERSITY BLVD S,(904) 702-6111,Acute Care Hospitals,Proprietary,265,26
100179,HCA FLORIDA MEMORIAL HOSPITAL,3625 UNIVERSITY BLVD S,(904) 702-6111,Acute Care Hospitals,Proprietary,178,113
100179,HCA FLORIDA MEMORIAL HOSPITAL,3625 UNIVERSITY BLVD S,(904) 702-6111,Acute Care Hospitals,Proprietary,191,100
100179,HCA FLORIDA MEMORIAL HOSPITAL,3625 UNIVERSITY BLVD S,(904) 702-6111,Acute Care Hospitals,Proprietary,251,40
100179,HCA FLORIDA MEMORIAL HOSPITAL,3625 UNIVERSITY BLVD S,(904) 702-6111,Acute Care Hospitals,Proprietary,236,55
100179,HCA FLORIDA MEMORIAL HOSPITAL,3625 UNIVERSITY BLVD S,(904) 702-6111,Acute Care Hospitals,Proprietary,242,49
100179,HCA FLORIDA MEMORIAL HOSPITAL,3625 UNIVERSITY BLVD S,(904) 702-6111,Acute Care Hospitals,Proprietary,217,74
100179,HCA FLORIDA MEMORIAL HOSPITAL,3625 UNIVERSITY BLVD S,(904) 702-6111,Acute Care Hospitals,Proprietary,203,88
100179,HCA FLORIDA MEMORIAL HOSPITAL,3625 UNIVERSITY BLVD S,(904) 702-6111,Acute Care Hospitals,Proprietary,212,79
100179,HCA FLORIDA MEMORIAL HOSPITAL,3625 UNIVERSITY BLVD S,(904) 702-6111,Acute Care Hospitals,Proprietary,237,54
100179,HCA FLORIDA MEMORIAL HOSPITAL,3625 UNIVERSITY BLVD S,(904) 702-6111,Acute Care Hospitals,Proprietary,188,103
100179,HCA FLORIDA MEMORIAL HOSPITAL,3625 UNIVERSITY BLVD S,(904) 702-6111,Acute Care Hospitals,Proprietary,226,65
100179,HCA FLORIDA MEMORIAL HOSPITAL,3625 UNIVERSITY BLVD S,(904) 702-6111,Acute Care Hospitals,Proprietary,220,71
100179,HCA FLORIDA MEMORIAL HOSPITAL,3625 UNIVERSITY BLVD S,(904) 702-6111,Acute Care Hospitals,Proprietary,231,60
100179,HCA FLORIDA MEMORIAL HOSPITAL,3625 UNIVERSITY BLVD S,(904) 702-6111,Acute Care Hospitals,Proprietary,274,17
100179,HCA FLORIDA MEMORIAL HOSPITAL,3625 UNIVERSITY BLVD S,(904) 702-6111,Acute Care Hospitals,Proprietary,232,59
100179,HCA FLORIDA MEMORIAL HOSPITAL,3625 UNIVERSITY BLVD S,(904) 702-6111,Acute Care Hospitals,Proprietary,241,50
100179,HCA FLORIDA MEMORIAL HOSPITAL,3625 UNIVERSITY BLVD S,(904) 702-6111,Acute Care Hospitals,Proprietary,240,51
100179,HCA FLORIDA MEMORIAL HOSPITAL,3625 UNIVERSITY BLVD S,(904) 702-6111,Acute Care Hospitals,Proprietary,255,36
100179,HCA FLORIDA MEMORIAL HOSPITAL,3625 UNIVERSITY BLVD S,(904) 702-6111,Acute Care Hospitals,Proprietary,251,40
100179,HCA FLORIDA MEMORIAL HOSPITAL,3625 UNIVERSITY BLVD S,(904) 702-6111,Acute Care Hospitals,Proprietary,181,110
100179,HCA FLORIDA MEMORIAL HOSPITAL,3625 UNIVERSITY BLVD S,(904) 702-6111,Acute Care Hospitals,Proprietary,245,46
100179,HCA FLORIDA MEMORIAL HOSPITAL,3625 UNIVERSITY BLVD S,(904) 702-6111,Acute Care Hospitals,Proprietary,251,40
100179,HCA FLORIDA MEMORIAL HOSPITAL,3625 UNIVERSITY BLVD S,(904) 702-6111,Acute Care Hospitals,Proprietary,234,57
100179,HCA FLORIDA MEMORIAL HOSPITAL,3625 UNIVERSITY BLVD S,(904) 702-6111,Acute Care Hospitals,Proprietary,216,75
100179,HCA FLORIDA MEMORIAL HOSPITAL,3625 UNIVERSITY BLVD S,(904) 702-6111,Acute Care Hospitals,Proprietary,233,58
100179,HCA FLORIDA MEMORIAL HOSPITAL,3625 UNIVERSITY BLVD S,(904) 702-6111,Acute Care Hospitals,Proprietary,255,36
100179,HCA FLORIDA MEMORIAL HOSPITAL,3625 UNIVERSITY BLVD S,(904) 702-6111,Acute Care Hospitals,Proprietary,252,39
100179,HCA FLORIDA MEMORIAL HOSPITAL,3625 UNIVERSITY BLVD S,(904) 702-6111,Acute Care Hospitals,Proprietary,229,62
100179,HCA FLORIDA MEMORIAL HOSPITAL,3625 UNIVERSITY BLVD S,(904) 702-6111,Acute Care Hospitals,Proprietary,221,70
100179,HCA FLORIDA MEMORIAL HOSPITAL,3625 UNIVERSITY BLVD S,(904) 702-6111,Acute Care Hospitals,Proprietary,246,45
100179,HCA FLORIDA MEMORIAL HOSPITAL,3625 UNIVERSITY BLVD S,(904) 702-6111,Acute Care Hospitals,Proprietary,177,114
100179,HCA FLORIDA MEMORIAL HOSPITAL,3625 UNIVERSITY BLVD S,(904) 702-6111,Acute Care Hospitals,Proprietary,244,47
100179,HCA FLORIDA MEMORIAL HOSPITAL,3625 UNIVERSITY BLVD S,(904) 702-6111,Acute Care Hospitals,Proprietary,215,76
100179,HCA FLORIDA MEMORIAL HOSPITAL,3625 UNIVERSITY BLVD S,(904) 702-6111,Acute Care Hospitals,Proprietary,234,57
100179,HCA FLORIDA MEMORIAL HOSPITAL,3625 UNIVERSITY BLVD S,(904) 702-6111,Acute Care Hospitals,Proprietary,211,80
100179,HCA FLORIDA MEMORIAL HOSPITAL,3625 UNIVERSITY BLVD S,(904) 702-6111,Acute Care Hospitals,Proprietary,205,86
100179,HCA FLORIDA MEMORIAL HOSPITAL,3625 UNIVERSITY BLVD S,(904) 702-6111,Acute Care Hospitals,Proprietary,208,83
100179,HCA FLORIDA MEMORIAL HOSPITAL,3625 UNIVERSITY BLVD S,(904) 702-6111,Acute Care Hospitals,Proprietary,178,113
100179,HCA FLORIDA MEMORIAL HOSPITAL,3625 UNIVERSITY BLVD S,(904) 702-6111,Acute Care Hospitals,Proprietary,211,80
100179,HCA FLORIDA MEMORIAL HOSPITAL,3625 UNIVERSITY BLVD S,(904) 702-6111,Acute Care Hospitals,Proprietary,223,68
100179,HCA FLORIDA MEMORIAL HOSPITAL,3625 UNIVERSITY BLVD S,(904) 702-6111,Acute Care Hospitals,Proprietary,209,82
100179,HCA FLORIDA MEMORIAL HOSPITAL,3625 UNIVERSITY BLVD S,(904) 702-6111,Acute Care Hospitals,Proprietary,244,47
100179,HCA FLORIDA MEMORIAL HOSPITAL,3625 UNIVERSITY BLVD S,(904) 702-6111,Acute Care Hospitals,Proprietary,236,55
100179,HCA FLORIDA MEMORIAL HOSPITAL,3625 UNIVERSITY BLVD S,(904) 702-6111,Acute Care Hospitals,Proprietary,242,49
100179,HCA FLORIDA MEMORIAL HOSPITAL,3625 UNIVERSITY BLVD S,(904) 702-6111,Acute Care Hospitals,Proprietary,268,23
100179,HCA FLORIDA MEMORIAL HOSPITAL,3625 UNIVERSITY BLVD S,(904) 702-6111,Acute Care Hospitals,Proprietary,226,65
100179,HCA FLORIDA MEMORIAL HOSPITAL,3625 UNIVERSITY BLVD S,(904) 702-6111,Acute Care Hospitals,Proprietary,208,83
100179,HCA FLORIDA MEMORIAL HOSPITAL,3625 UNIVERSITY BLVD S,(904) 702-6111,Acute Care Hospitals,Proprietary,191,100
100179,HCA FLORIDA MEMORIAL HOSPITAL,3625 UNIVERSITY BLVD S,(904) 702-6111,Acute Care Hospitals,Proprietary,217,74
100179,HCA FLORIDA MEMORIAL HOSPITAL,3625 UNIVERSITY BLVD S,(904) 702-6111,Acute Care Hospitals,Proprietary,204,87
100179,HCA FLORIDA MEMORIAL HOSPITAL,3625 UNIVERSITY BLVD S,(904) 702-6111,Acute Care Hospitals,Proprietary,184,107
100179,HCA FLORIDA MEMORIAL HOSPITAL,3625 UNIVERSITY BLVD S,(904) 702-6111,Acute Care Hospitals,Proprietary,219,72
100179,HCA FLORIDA MEMORIAL HOSPITAL,3625 UNIVERSITY BLVD S,(904) 702-6111,Acute Care Hospitals,Proprietary,178,113
100179,HCA FLORIDA MEMORIAL HOSPITAL,3625 UNIVERSITY BLVD S,(904) 702-6111,Acute Care Hospitals,Proprietary,204,87
100179,HCA FLORIDA MEMORIAL HOSPITAL,3625 UNIVERSITY BLVD S,(904) 702-6111,Acute Care Hospitals,Proprietary,212,79
100179,HCA FLORIDA MEMORIAL HOSPITAL,3625 UNIVERSITY BLVD S,(904) 702-6111,Acute Care Hospitals,Proprietary,190,101
100179,HCA FLORIDA MEMORIAL HOSPITAL,3625 UNIVERSITY BLVD S,(904) 702-6111,Acute Care Hospitals,Proprietary,210,81
100179,HCA FLORIDA MEMORIAL HOSPITAL,3625 UNIVERSITY BLVD S,(904) 702-6111,Acute Care Hospitals,Proprietary,220,71
100179,HCA FLORIDA MEMORIAL HOSPITAL,3625 UNIVERSITY BLVD S,(904) 702-6111,Acute Care Hospitals,Proprietary,252,39
100179,HCA FLORIDA MEMORIAL HOSPITAL,3625 UNIVERSITY BLVD S,(904) 702-6111,Acute Care Hospitals,Proprietary,201,90
100179,HCA FLORIDA MEMORIAL HOSPITAL,3625 UNIVERSITY BLVD S,(904) 702-6111,Acute Care Hospitals,Proprietary,256,35
100179,HCA FLORIDA MEMORIAL HOSPITAL,3625 UNIVERSITY BLVD S,(904) 702-6111,Acute Care Hospitals,Proprietary,253,38
100179,HCA FLORIDA MEMORIAL HOSPITAL,3625 UNIVERSITY BLVD S,(904) 702-6111,Acute Care Hospitals,Proprietary,255,36
100179,HCA FLORIDA MEMORIAL HOSPITAL,3625 UNIVERSITY BLVD S,(904) 702-6111,Acute Care Hospitals,Proprietary,245,46
100179,HCA FLORIDA MEMORIAL HOSPITAL,3625 UNIVERSITY BLVD S,(904) 702-6111,Acute Care Hospitals,Proprietary,227,64
100179,HCA FLORIDA MEMORIAL HOSPITAL,3625 UNIVERSITY BLVD S,(904) 702-6111,Acute Care Hospitals,Proprietary,189,102
100179,HCA FLORIDA MEMORIAL HOSPITAL,3625 UNIVERSITY BLVD S,(904) 702-6111,Acute Care Hospitals,Proprietary,251,40
100179,HCA FLORIDA MEMORIAL HOSPITAL,3625 UNIVERSITY BLVD S,(904) 702-6111,Acute Care Hospitals,Proprietary,249,42
100179,HCA FLORIDA MEMORIAL HOSPITAL,3625 UNIVERSITY BLVD S,(904) 702-6111,Acute Care Hospitals,Proprietary,268,23
100179,HCA FLORIDA MEMORIAL HOSPITAL,3625 UNIVERSITY BLVD S,(904) 702-6111,Acute Care Hospitals,Proprietary,200,91
100179,HCA FLORIDA MEMORIAL HOSPITAL,3625 UNIVERSITY BLVD S,(904) 702-6111,Acute Care Hospitals,Proprietary,258,33
100179,HCA FLORIDA MEMORIAL HOSPITAL,3625 UNIVERSITY BLVD S,(904) 702-6111,Acute Care Hospitals,Proprietary,209,82
100179,HCA FLORIDA MEMORIAL HOSPITAL,3625 UNIVERSITY BLVD S,(904) 702-6111,Acute Care Hospitals,Proprietary,207,84
100179,HCA FLORIDA MEMORIAL HOSPITAL,3625 UNIVERSITY BLVD S,(904) 702-6111,Acute Care Hospitals,Proprietary,258,33
100179,HCA FLORIDA MEMORIAL HOSPITAL,3625 UNIVERSITY BLVD S,(904) 702-6111,Acute Care Hospitals,Proprietary,219,72
100179,HCA FLORIDA MEMORIAL HOSPITAL,3625 UNIVERSITY BLVD S,(904) 702-6111,Acute Care Hospitals,Proprietary,203,88
100179,HCA FLORIDA MEMORIAL HOSPITAL,3625 UNIVERSITY BLVD S,(904) 702-6111,Acute Care Hospitals,Proprietary,256,35
100179,HCA FLORIDA MEMORIAL HOSPITAL,3625 UNIVERSITY BLVD S,(904) 702-6111,Acute Care Hospitals,Proprietary,194,97
100179,HCA FLORIDA MEMORIAL HOSPITAL,3625 UNIVERSITY BLVD S,(904) 702-6111,Acute Care Hospitals,Proprietary,200,91
100179,HCA FLORIDA MEMORIAL HOSPITAL,3625 UNIVERSITY BLVD S,(904) 702-6111,Acute Care Hospitals,Proprietary,222,69
100179,HCA FLORIDA MEMORIAL HOSPITAL,3625 UNIVERSITY BLVD S,(904) 702-6111,Acute Care Hospitals,Proprietary,229,62
100179,HCA FLORIDA MEMORIAL HOSPITAL,3625 UNIVERSITY BLVD S,(904) 702-6111,Acute Care Hospitals,Proprietary,187,104
100179,HCA FLORIDA MEMORIAL HOSPITAL,3625 UNIVERSITY BLVD S,(904) 702-6111,Acute Care Hospitals,Proprietary,249,42
100179,HCA FLORIDA MEMORIAL HOSPITAL,3625 UNIVERSITY BLVD S,(904) 702-6111,Acute Care Hospitals,Proprietary,208,83
100179,HCA FLORIDA MEMORIAL HOSPITAL,3625 UNIVERSITY BLVD S,(904) 702-6111,Acute Care Hospitals,Proprietary,206,85
100179,HCA FLORIDA MEMORIAL HOSPITAL,3625 UNIVERSITY BLVD S,(904) 702-6111,Acute Care Hospitals,Proprietary,223,68
100179,HCA FLORIDA MEMORIAL HOSPITAL,3625 UNIVERSITY BLVD S,(904) 702-6111,Acute Care Hospitals,Proprietary,192,99
100179,HCA FLORIDA MEMORIAL HOSPITAL,3625 UNIVERSITY BLVD S,(904) 702-6111,Acute Care Hospitals,Proprietary,214,77
100179,HCA FLORIDA MEMORIAL HOSPITAL,3625 UNIVERSITY BLVD S,(904) 702-6111,Acute Care Hospitals,Proprietary,235,56
100179,HCA FLORIDA MEMORIAL HOSPITAL,3625 UNIVERSITY BLVD S,(904) 702-6111,Acute Care Hospitals,Proprietary,215,76
100179,HCA FLORIDA MEMORIAL HOSPITAL,3625 UNIVERSITY BLVD S,(904) 702-6111,Acute Care Hospitals,Proprietary,199,92
100179,HCA FLORIDA MEMORIAL HOSPITAL,3625 UNIVERSITY BLVD S,(904) 702-6111,Acute Care Hospitals,Proprietary,204,87
100179,HCA FLORIDA MEMORIAL HOSPITAL,3625 UNIVERSITY BLVD S,(904) 702-6111,Acute Care Hospitals,Proprietary,231,60
100179,HCA FLORIDA MEMORIAL HOSPITAL,3625 UNIVERSITY BLVD S,(904) 702-6111,Acute Care Hospitals,Proprietary,208,83
100179,HCA FLORIDA MEMORIAL HOSPITAL,3625 UNIVERSITY BLVD S,(904) 702-6111,Acute Care Hospitals,Proprietary,246,45
100179,HCA FLORIDA MEMORIAL HOSPITAL,3625 UNIVERSITY BLVD S,(904) 702-6111,Acute Care Hospitals,Proprietary,198,93
100179,HCA FLORIDA MEMORIAL HOSPITAL,3625 UNIVERSITY BLVD S,(904) 702-6111,Acute Care Hospitals,Proprietary,200,91
100179,HCA FLORIDA MEMORIAL HOSPITAL,3625 UNIVERSITY BLVD S,(904) 702-6111,Acute Care Hospitals,Proprietary,191,100
100179,HCA FLORIDA MEMORIAL HOSPITAL,3625 UNIVERSITY BLVD S,(904) 702-6111,Acute Care Hospitals,Proprietary,227,64
100179,HCA FLORIDA MEMORIAL HOSPITAL,3625 UNIVERSITY BLVD S,(904) 702-6111,Acute Care Hospitals,Proprietary,219,72
100179,HCA FLORIDA MEMORIAL HOSPITAL,3625 UNIVERSITY BLVD S,(904) 702-6111,Acute Care Hospitals,Proprietary,188,103
100179,HCA FLORIDA MEMORIAL HOSPITAL,3625 UNIVERSITY BLVD S,(904) 702-6111,Acute Care Hospitals,Proprietary,175,116
100179,HCA FLORIDA MEMORIAL HOSPITAL,3625 UNIVERSITY BLVD S,(904) 702-6111,Acute Care Hospitals,Proprietary,186,105
100179,HCA FLORIDA MEMORIAL HOSPITAL,3625 UNIVERSITY BLVD S,(904) 702-6111,Acute Care Hospitals,Proprietary,221,70
100179,HCA FLORIDA MEMORIAL HOSPITAL,3625 UNIVERSITY BLVD S,(904) 702-6111,Acute Care Hospitals,Proprietary,216,75
100179,HCA FLORIDA MEMORIAL HOSPITAL,3625 UNIVERSITY BLVD S,(904) 702-6111,Acute Care Hospitals,Proprietary,175,116
100179,HCA FLORIDA MEMORIAL HOSPITAL,3625 UNIVERSITY BLVD S,(904) 702-6111,Acute Care Hospitals,Proprietary,223,68
100179,HCA FLORIDA MEMORIAL HOSPITAL,3625 UNIVERSITY BLVD S,(904) 702-6111,Acute Care Hospitals,Proprietary,215,76
100179,HCA FLORIDA MEMORIAL HOSPITAL,3625 UNIVERSITY BLVD S,(904) 702-6111,Acute Care Hospitals,Proprietary,221,70
100179,HCA FLORIDA MEMORIAL HOSPITAL,3625 UNIVERSITY BLVD S,(904) 702-6111,Acute Care Hospitals,Proprietary,248,43
100179,HCA FLORIDA MEMORIAL HOSPITAL,3625 UNIVERSITY BLVD S,(904) 702-6111,Acute Care Hospitals,Proprietary,255,36
100179,HCA FLORIDA MEMORIAL HOSPITAL,3625 UNIVERSITY BLVD S,(904) 702-6111,Acute Care Hospitals,Proprietary,258,33
100179,HCA FLORIDA MEMORIAL HOSPITAL,3625 UNIVERSITY BLVD S,(904) 702-6111,Acute Care Hospitals,Proprietary,266,25
100179,HCA FLORIDA MEMORIAL HOSPITAL,3625 UNIVERSITY BLVD S,(904) 702-6111,Acute Care Hospitals,Proprietary,230,61
100179,HCA FLORIDA MEMORIAL HOSPITAL,3625 UNIVERSITY BLVD S,(904) 702-6111,Acute Care Hospitals,Proprietary,211,80
100179,HCA FLORIDA MEMORIAL HOSPITAL,3625 UNIVERSITY BLVD S,(904) 702-6111,Acute Care Hospitals,Proprietary,177,114
100179,HCA FLORIDA MEMORIAL HOSPITAL,3625 UNIVERSITY BLVD S,(904) 702-6111,Acute Care Hospitals,Proprietary,263,28
100179,HCA FLORIDA MEMORIAL HOSPITAL,3625 UNIVERSITY BLVD S,(904) 702-6111,Acute Care Hospitals,Proprietary,196,95
100179,HCA FLORIDA MEMORIAL HOSPITAL,3625 UNIVERSITY BLVD S,(904) 702-6111,Acute Care Hospitals,Proprietary,248,43
100179,HCA FLORIDA MEMORIAL HOSPITAL,3625 UNIVERSITY BLVD S,(904) 702-6111,Acute Care Hospitals,Proprietary,184,107
100179,HCA FLORIDA MEMORIAL HOSPITAL,3625 UNIVERSITY BLVD S,(904) 702-6111,Acute Care Hospitals,Proprietary,267,24
100179,HCA FLORIDA MEMORIAL HOSPITAL,3625 UNIVERSITY BLVD S,(904) 702-6111,Acute Care Hospitals,Proprietary,208,83
100179,HCA FLORIDA MEMORIAL HOSPITAL,3625 UNIVERSITY BLVD S,(904) 702-6111,Acute Care Hospitals,Proprietary,177,114
100179,HCA FLORIDA MEMORIAL HOSPITAL,3625 UNIVERSITY BLVD S,(904) 702-6111,Acute Care Hospitals,Proprietary,189,102
100179,HCA FLORIDA MEMORIAL HOSPITAL,3625 UNIVERSITY BLVD S,(904) 702-6111,Acute Care Hospitals,Proprietary,211,80
100179,HCA FLORIDA MEMORIAL HOSPITAL,3625 UNIVERSITY BLVD S,(904) 702-6111,Acute Care Hospitals,Proprietary,208,83
100179,HCA FLORIDA MEMORIAL HOSPITAL,3625 UNIVERSITY BLVD S,(904) 702-6111,Acute Care Hospitals,Proprietary,186,105
100179,HCA FLORIDA MEMORIAL HOSPITAL,3625 UNIVERSITY BLVD S,(904) 702-6111,Acute Care Hospitals,Proprietary,208,83
100179,HCA FLORIDA MEMORIAL HOSPITAL,3625 UNIVERSITY BLVD S,(904) 702-6111,Acute Care Hospitals,Proprietary,209,82
100179,HCA FLORIDA MEMORIAL HOSPITAL,3625 UNIVERSITY BLVD S,(904) 702-6111,Acute Care Hospitals,Proprietary,250,41
100179,HCA FLORIDA MEMORIAL HOSPITAL,3625 UNIVERSITY BLVD S,(904) 702-6111,Acute Care Hospitals,Proprietary,178,113
100179,HCA FLORIDA MEMORIAL HOSPITAL,3625 UNIVERSITY BLVD S,(904) 702-6111,Acute Care Hospitals,Proprietary,189,102
100179,HCA FLORIDA MEMORIAL HOSPITAL,3625 UNIVERSITY BLVD S,(904) 702-6111,Acute Care Hospitals,Proprietary,195,96
100179,HCA FLORIDA MEMORIAL HOSPITAL,3625 UNIVERSITY BLVD S,(904) 702-6111,Acute Care Hospitals,Proprietary,217,74
100179,HCA FLORIDA MEMORIAL HOSPITAL,3625 UNIVERSITY BLVD S,(904) 702-6111,Acute Care Hospitals,Proprietary,187,104
100179,HCA FLORIDA MEMORIAL HOSPITAL,3625 UNIVERSITY BLVD S,(904) 702-6111,Acute Care Hospitals,Proprietary,174,117
100179,HCA FLORIDA MEMORIAL HOSPITAL,3625 UNIVERSITY BLVD S,(904) 702-6111,Acute Care Hospitals,Proprietary,254,37
100179,HCA FLORIDA MEMORIAL HOSPITAL,3625 UNIVERSITY BLVD S,(904) 702-6111,Acute Care Hospitals,Proprietary,192,99
100179,HCA FLORIDA MEMORIAL HOSPITAL,3625 UNIVERSITY BLVD S,(904) 702-6111,Acute Care Hospitals,Proprietary,263,28
100179,HCA FLORIDA MEMORIAL HOSPITAL,3625 UNIVERSITY BLVD S,(904) 702-6111,Acute Care Hospitals,Proprietary,258,33
100179,HCA FLORIDA MEMORIAL HOSPITAL,3625 UNIVERSITY BLVD S,(904) 702-6111,Acute Care Hospitals,Proprietary,203,88
100179,HCA FLORIDA MEMORIAL HOSPITAL,3625 UNIVERSITY BLVD S,(904) 702-6111,Acute Care Hospitals,Proprietary,202,89
100179,HCA FLORIDA MEMORIAL HOSPITAL,3625 UNIVERSITY BLVD S,(904) 702-6111,Acute Care Hospitals,Proprietary,211,80
100179,HCA FLORIDA MEMORIAL HOSPITAL,3625 UNIVERSITY BLVD S,(904) 702-6111,Acute Care Hospitals,Proprietary,255,36
100179,HCA FLORIDA MEMORIAL HOSPITAL,3625 UNIVERSITY BLVD S,(904) 702-6111,Acute Care Hospitals,Proprietary,190,101
100179,HCA FLORIDA MEMORIAL HOSPITAL,3625 UNIVERSITY BLVD S,(904) 702-6111,Acute Care Hospitals,Proprietary,226,65
100179,HCA FLORIDA MEMORIAL HOSPITAL,3625 UNIVERSITY BLVD S,(904) 702-6111,Acute Care Hospitals,Proprietary,203,88
100179,HCA FLORIDA MEMORIAL HOSPITAL,3625 UNIVERSITY BLVD S,(904) 702-6111,Acute Care Hospitals,Proprietary,231,60
100179,HCA FLORIDA MEMORIAL HOSPITAL,3625 UNIVERSITY BLVD S,(904) 702-6111,Acute Care Hospitals,Proprietary,196,95
100179,HCA FLORIDA MEMORIAL HOSPITAL,3625 UNIVERSITY BLVD S,(904) 702-6111,Acute Care Hospitals,Proprietary,247,44
100179,HCA FLORIDA MEMORIAL HOSPITAL,3625 UNIVERSITY BLVD S,(904) 702-6111,Acute Care Hospitals,Proprietary,227,64
100179,HCA FLORIDA MEMORIAL HOSPITAL,3625 UNIVERSITY BLVD S,(904) 702-6111,Acute Care Hospitals,Proprietary,244,47
100179,HCA FLORIDA MEMORIAL HOSPITAL,3625 UNIVERSITY BLVD S,(904) 702-6111,Acute Care Hospitals,Proprietary,194,97
100179,HCA FLORIDA MEMORIAL HOSPITAL,3625 UNIVERSITY BLVD S,(904) 702-6111,Acute Care Hospitals,Proprietary,237,54
100179,HCA FLORIDA MEMORIAL HOSPITAL,3625 UNIVERSITY BLVD S,(904) 702-6111,Acute Care Hospitals,Proprietary,241,50
100179,HCA FLORIDA MEMORIAL HOSPITAL,3625 UNIVERSITY BLVD S,(904) 702-6111,Acute Care Hospitals,Proprietary,253,38
100179,HCA FLORIDA MEMORIAL HOSPITAL,3625 UNIVERSITY BLVD S,(904) 702-6111,Acute Care Hospitals,Proprietary,198,93
100179,HCA FLORIDA MEMORIAL HOSPITAL,3625 UNIVERSITY BLVD S,(904) 702-6111,Acute Care Hospitals,Proprietary,224,67
100179,HCA FLORIDA MEMORIAL HOSPITAL,3625 UNIVERSITY BLVD S,(904) 702-6111,Acute Care Hospitals,Proprietary,198,93
100179,HCA FLORIDA MEMORIAL HOSPITAL,3625 UNIVERSITY BLVD S,(904) 702-6111,Acute Care Hospitals,Proprietary,268,23
100179,HCA FLORIDA MEMORIAL HOSPITAL,3625 UNIVERSITY BLVD S,(904) 702-6111,Acute Care Hospitals,Proprietary,184,107
100179,HCA FLORIDA MEMORIAL HOSPITAL,3625 UNIVERSITY BLVD S,(904) 702-6111,Acute Care Hospitals,Proprietary,214,77
100179,HCA FLORIDA MEMORIAL HOSPITAL,3625 UNIVERSITY BLVD S,(904) 702-6111,Acute Care Hospitals,Proprietary,185,106
100179,HCA FLORIDA MEMORIAL HOSPITAL,3625 UNIVERSITY BLVD S,(904) 702-6111,Acute Care Hospitals,Proprietary,237,54
100179,HCA FLORIDA MEMORIAL HOSPITAL,3625 UNIVERSITY BLVD S,(904) 702-6111,Acute Care Hospitals,Proprietary,238,53
100179,HCA FLORIDA MEMORIAL HOSPITAL,3625 UNIVERSITY BLVD S,(904) 702-6111,Acute Care Hospitals,Proprietary,274,17
100179,HCA FLORIDA MEMORIAL HOSPITAL,3625 UNIVERSITY BLVD S,(904) 702-6111,Acute Care Hospitals,Proprietary,234,57
100179,HCA FLORIDA MEMORIAL HOSPITAL,3625 UNIVERSITY BLVD S,(904) 702-6111,Acute Care Hospitals,Proprietary,252,39
100179,HCA FLORIDA MEMORIAL HOSPITAL,3625 UNIVERSITY BLVD S,(904) 702-6111,Acute Care Hospitals,Proprietary,205,86
100179,HCA FLORIDA MEMORIAL HOSPITAL,3625 UNIVERSITY BLVD S,(904) 702-6111,Acute Care Hospitals,Proprietary,229,62
100179,HCA FLORIDA MEMORIAL HOSPITAL,3625 UNIVERSITY BLVD S,(904) 702-6111,Acute Care Hospitals,Proprietary,253,38
100179,HCA FLORIDA MEMORIAL HOSPITAL,3625 UNIVERSITY BLVD S,(904) 702-6111,Acute Care Hospitals,Proprietary,254,37
100179,HCA FLORIDA MEMORIAL HOSPITAL,3625 UNIVERSITY BLVD S,(904) 702-6111,Acute Care Hospitals,Proprietary,255,36
100179,HCA FLORIDA MEMORIAL HOSPITAL,3625 UNIVERSITY BLVD S,(904) 702-6111,Acute Care Hospitals,Proprietary,229,62
100179,HCA FLORIDA MEMORIAL HOSPITAL,3625 UNIVERSITY BLVD S,(904) 702-6111,Acute Care Hospitals,Proprietary,190,101
100179,HCA FLORIDA MEMORIAL HOSPITAL,3625 UNIVERSITY BLVD S,(904) 702-6111,Acute Care Hospitals,Proprietary,238,53
100179,HCA FLORIDA MEMORIAL HOSPITAL,3625 UNIVERSITY BLVD S,(904) 702-6111,Acute Care Hospitals,Proprietary,186,105
100179,HCA FLORIDA MEMORIAL HOSPITAL,3625 UNIVERSITY BLVD S,(904) 702-6111,Acute Care Hospitals,Proprietary,192,99
