Facility ID,Facility Name,Address,Telephone Number,Hospital Type,Hospital Ownership,Active Beds,Inactive Beds
100181,LARKIN COMMUNITY HOSPITAL,7031 SW 62ND AVE,(305) 284-7500,Acute Care Hospitals,Proprietary,106,21
100181,LARKIN COMMUNITY HOSPITAL,7031 SW 62ND AVE,(305) 284-7500,Acute Care Hospitals,Proprietary,116,11
100181,LARKIN COMMUNITY HOSPITAL,7031 SW 62ND AVE,(305) 284-7500,Acute Care Hospitals,Proprietary,101,26
100181,LARKIN COMMUNITY HOSPITAL,7031 SW 62ND AVE,(305) 284-7500,Acute Care Hospitals,Proprietary,111,16
100181,LARKIN COMMUNITY HOSPITAL,7031 SW 62ND AVE,(305) 284-7500,Acute Care Hospitals,Proprietary,113,14
100181,LARKIN COMMUNITY HOSPITAL,7031 SW 62ND AVE,(305) 284-7500,Acute Care Hospitals,Proprietary,113,14
100181,LARKIN COMMUNITY HOSPITAL,7031 SW 62ND AVE,(305) 284-7500,Acute Care Hospitals,Proprietary,81,46
100181,LARKIN COMMUNITY HOSPITAL,7031 SW 62ND AVE,(305) 284-7500,Acute Care Hospitals,Proprietary,95,32
100181,LARKIN COMMUNITY HOSPITAL,7031 SW 62ND AVE,(305) 284-7500,Acute Care Hospitals,Proprietary,113,14
100181,LARKIN COMMUNITY HOSPITAL,7031 SW 62ND AVE,(305) 284-7500,Acute Care Hospitals,Proprietary,101,26
100181,LARKIN COMMUNITY HOSPITAL,7031 SW 62ND AVE,(305) 284-7500,Acute Care Hospitals,Proprietary,91,36
100181,LARKIN COMMUNITY HOSPITAL,7031 SW 62ND AVE,(305) 284-7500,Acute Care Hospitals,Proprietary,77,50
100181,LARKIN COMMUNITY HOSPITAL,7031 SW 62ND AVE,(305) 284-7500,Acute Care Hospitals,Proprietary,110,17
100181,LARKIN COMMUNITY HOSPITAL,7031 SW 62ND AVE,(305) 284-7500,Acute Care Hospitals,Proprietary,114,13
100181,LARKIN COMMUNITY HOSPITAL,7031 SW 62ND AVE,(305) 284-7500,Acute Care Hospitals,Proprietary,116,11
100181,LARKIN COMMUNITY HOSPITAL,7031 SW 62ND AVE,(305) 284-7500,Acute Care Hospitals,Proprietary,88,39
100181,LARKIN COMMUNITY HOSPITAL,7031 SW 62ND AVE,(305) 284-7500,Acute Care Hospitals,Proprietary,89,38
100181,LARKIN COMMUNITY HOSPITAL,7031 SW 62ND AVE,(305) 284-7500,Acute Care Hospitals,Proprietary,86,41
100181,LARKIN COMMUNITY HOSPITAL,7031 SW 62ND AVE,(305) 284-7500,Acute Care Hospitals,Proprietary,103,24
100181,LARKIN COMMUNITY HOSPITAL,7031 SW 62ND AVE,(305) 284-7500,Acute Care Hospitals,Proprietary,93,34
100181,LARKIN COMMUNITY HOSPITAL,7031 SW 62ND AVE,(305) 284-7500,Acute Care Hospitals,Proprietary,109,18
100181,LARKIN COMMUNITY HOSPITAL,7031 SW 62ND AVE,(305) 284-7500,Acute Care Hospitals,Proprietary,78,49
100181,LARKIN COMMUNITY HOSPITAL,7031 SW 62ND AVE,(305) 284-7500,Acute Care Hospitals,Proprietary,81,46
100181,LARKIN COMMUNITY HOSPITAL,7031 SW 62ND AVE,(305) 284-7500,Acute Care Hospitals,Proprietary,76,51
100181,LARKIN COMMUNITY HOSPITAL,7031 SW 62ND AVE,(305) 284-7500,Acute Care Hospitals,Proprietary,76,51
100181,LARKIN COMMUNITY HOSPITAL,7031 SW 62ND AVE,(305) 284-7500,Acute Care Hospitals,Proprietary,93,34
100181,LARKIN COMMUNITY HOSPITAL,7031 SW 62ND AVE,(305) 284-7500,Acute Care Hospitals,Proprietary,104,23
100181,LARKIN COMMUNITY HOSPITAL,7031 SW 62ND AVE,(305) 284-7500,Acute Care Hospitals,Proprietary,80,47
100181,LARKIN COMMUNITY HOSPITAL,7031 SW 62ND AVE,(305) 284-7500,Acute Care Hospitals,Proprietary,101,26
100181,LARKIN COMMUNITY HOSPITAL,7031 SW 62ND AVE,(305) 284-7500,Acute Care Hospitals,Proprietary,120,7
100181,LARKIN COMMUNITY HOSPITAL,7031 SW 62ND AVE,(305) 284-7500,Acute Care Hospitals,Proprietary,113,14
100181,LARKIN COMMUNITY HOSPITAL,7031 SW 62ND AVE,(305) 284-7500,Acute Care Hospitals,Proprietary,107,20
100181,LARKIN COMMUNITY HOSPITAL,7031 SW 62ND AVE,(305) 284-7500,Acute Care Hospitals,Proprietary,94,33
100181,LARKIN COMMUNITY HOSPITAL,7031 SW 62ND AVE,(305) 284-7500,Acute Care Hospitals,Proprietary,108,19
100181,LARKIN COMMUNITY HOSPITAL,7031 SW 62ND AVE,(305) 284-7500,Acute Care Hospitals,Proprietary,83,44
100181,LARKIN COMMUNITY HOSPITAL,7031 SW 62ND AVE,(305) 284-7500,Acute Care Hospitals,Proprietary,101,26
100181,LARKIN COMMUNITY HOSPITAL,7031 SW 62ND AVE,(305) 284-7500,Acute Care Hospitals,Proprietary,87,40
100181,LARKIN COMMUNITY HOSPITAL,7031 SW 62ND AVE,(305) 284-7500,Acute Care Hospitals,Proprietary,94,33
100181,LARKIN COMMUNITY HOSPITAL,7031 SW 62ND AVE,(305) 284-7500,Acute Care Hospitals,Proprietary,91,36
100181,LARKIN COMMUNITY HOSPITAL,7031 SW 62ND AVE,(305) 284-7500,Acute Care Hospitals,Proprietary,116,11
100181,LARKIN COMMUNITY HOSPITAL,7031 SW 62ND AVE,(305) 284-7500,Acute Care Hospitals,Proprietary,89,38
100181,LARKIN COMMUNITY HOSPITAL,7031 SW 62ND AVE,(305) 284-7500,Acute Care Hospitals,Proprietary,86,41
100181,LARKIN COMMUNITY HOSPITAL,7031 SW 62ND AVE,(305) 284-7500,Acute Care Hospitals,Proprietary,117,10
100181,LARKIN COMMUNITY HOSPITAL,7031 SW 62ND AVE,(305) 284-7500,Acute Care Hospitals,Proprietary,107,20
100181,LARKIN COMMUNITY HOSPITAL,7031 SW 62ND AVE,(305) 284-7500,Acute Care Hospitals,Proprietary,94,33
100181,LARKIN COMMUNITY HOSPITAL,7031 SW 62ND AVE,(305) 284-7500,Acute Care Hospitals,Proprietary,105,22
100181,LARKIN COMMUNITY HOSPITAL,7031 SW 62ND AVE,(305) 284-7500,Acute Care Hospitals,Proprietary,83,44
100181,LARKIN COMMUNITY HOSPITAL,7031 SW 62ND AVE,(305) 284-7500,Acute Care Hospitals,Proprietary,108,19
100181,LARKIN COMMUNITY HOSPITAL,7031 SW 62ND AVE,(305) 284-7500,Acute Care Hospitals,Proprietary,109,18
100181,LARKIN COMMUNITY HOSPITAL,7031 SW 62ND AVE,(305) 284-7500,Acute Care Hospitals,Proprietary,105,22
100181,LARKIN COMMUNITY HOSPITAL,7031 SW 62ND AVE,(305) 284-7500,Acute Care Hospitals,Proprietary,84,43
100181,LARKIN COMMUNITY HOSPITAL,7031 SW 62ND AVE,(305) 284-7500,Acute Care Hospitals,Proprietary,79,48
100181,LARKIN COMMUNITY HOSPITAL,7031 SW 62ND AVE,(305) 284-7500,Acute Care Hospitals,Proprietary,87,40
100181,LARKIN COMMUNITY HOSPITAL,7031 SW 62ND AVE,(305) 284-7500,Acute Care Hospitals,Proprietary,103,24
100181,LARKIN COMMUNITY HOSPITAL,7031 SW 62ND AVE,(305) 284-7500,Acute Care Hospitals,Proprietary,116,11
100181,LARKIN COMMUNITY HOSPITAL,7031 SW 62ND AVE,(305) 284-7500,Acute Care Hospitals,Proprietary,96,31
100181,LARKIN COMMUNITY HOSPITAL,7031 SW 62ND AVE,(305) 284-7500,Acute Care Hospitals,Proprietary,107,20
100181,LARKIN COMMUNITY HOSPITAL,7031 SW 62ND AVE,(305) 284-7500,Acute Care Hospitals,Proprietary,109,18
100181,LARKIN COMMUNITY HOSPITAL,7031 SW 62ND AVE,(305) 284-7500,Acute Care Hospitals,Proprietary,94,33
100181,LARKIN COMMUNITY HOSPITAL,7031 SW 62ND AVE,(305) 284-7500,Acute Care Hospitals,Proprietary,94,33
100181,LARKIN COMMUNITY HOSPITAL,7031 SW 62ND AVE,(305) 284-7500,Acute Care Hospitals,Proprietary,115,12
100181,LARKIN COMMUNITY HOSPITAL,7031 SW 62ND AVE,(305) 284-7500,Acute Care Hospitals,Proprietary,95,32
100181,LARKIN COMMUNITY HOSPITAL,7031 SW 62ND AVE,(305) 284-7500,Acute Care Hospitals,Proprietary,84,43
100181,LARKIN COMMUNITY HOSPITAL,7031 SW 62ND AVE,(305) 284-7500,Acute Care Hospitals,Proprietary,109,18
100181,LARKIN COMMUNITY HOSPITAL,7031 SW 62ND AVE,(305) 284-7500,Acute Care Hospitals,Proprietary,82,45
100181,LARKIN COMMUNITY HOSPITAL,7031 SW 62ND AVE,(305) 284-7500,Acute Care Hospitals,Proprietary,99,28
100181,LARKIN COMMUNITY HOSPITAL,7031 SW 62ND AVE,(305) 284-7500,Acute Care Hospitals,Proprietary,92,35
100181,LARKIN COMMUNITY HOSPITAL,7031 SW 62ND AVE,(305) 284-7500,Acute Care Hospitals,Proprietary,77,50
100181,LARKIN COMMUNITY HOSPITAL,7031 SW 62ND AVE,(305) 284-7500,Acute Care Hospitals,Proprietary,113,14
100181,LARKIN COMMUNITY HOSPITAL,7031 SW 62ND AVE,(305) 284-7500,Acute Care Hospitals,Proprietary,96,31
100181,LARKIN COMMUNITY HOSPITAL,7031 SW 62ND AVE,(305) 284-7500,Acute Care Hospitals,Proprietary,90,37
100181,LARKIN COMMUNITY HOSPITAL,7031 SW 62ND AVE,(305) 284-7500,Acute Care Hospitals,Proprietary,84,43
100181,LARKIN COMMUNITY HOSPITAL,7031 SW 62ND AVE,(305) 284-7500,Acute Care Hospitals,Proprietary,106,21
100181,LARKIN COMMUNITY HOSPITAL,7031 SW 62ND AVE,(305) 284-7500,Acute Care Hospitals,Proprietary,104,23
100181,LARKIN COMMUNITY HOSPITAL,7031 SW 62ND AVE,(305) 284-7500,Acute Care Hospitals,Proprietary,83,44
100181,LARKIN COMMUNITY HOSPITAL,7031 SW 62ND AVE,(305) 284-7500,Acute Care Hospitals,Proprietary,110,17
100181,LARKIN COMMUNITY HOSPITAL,7031 SW 62ND AVE,(305) 284-7500,Acute Care Hospitals,Proprietary,76,51
100181,LARKIN COMMUNITY HOSPITAL,7031 SW 62ND AVE,(305) 284-7500,Acute Care Hospitals,Proprietary,118,9
100181,LARKIN COMMUNITY HOSPITAL,7031 SW 62ND AVE,(305) 284-7500,Acute Care Hospitals,Proprietary,81,46
100181,LARKIN COMMUNITY HOSPITAL,7031 SW 62ND AVE,(305) 284-7500,Acute Care Hospitals,Proprietary,86,41
100181,LARKIN COMMUNITY HOSPITAL,7031 SW 62ND AVE,(305) 284-7500,Acute Care Hospitals,Proprietary,94,33
100181,LARKIN COMMUNITY HOSPITAL,7031 SW 62ND AVE,(305) 284-7500,Acute Care Hospitals,Proprietary,85,42
100181,LARKIN COMMUNITY HOSPITAL,7031 SW 62ND AVE,(305) 284-7500,Acute Care Hospitals,Proprietary,119,8
100181,LARKIN COMMUNITY HOSPITAL,7031 SW 62ND AVE,(305) 284-7500,Acute Care Hospitals,Proprietary,109,18
100181,LARKIN COMMUNITY HOSPITAL,7031 SW 62ND AVE,(305) 284-7500,Acute Care Hospitals,Proprietary,82,45
100181,LARKIN COMMUNITY HOSPITAL,7031 SW 62ND AVE,(305) 284-7500,Acute Care Hospitals,Proprietary,113,14
100181,LARKIN COMMUNITY HOSPITAL,7031 SW 62ND AVE,(305) 284-7500,Acute Care Hospitals,Proprietary,93,34
100181,LARKIN COMMUNITY HOSPITAL,7031 SW 62ND AVE,(305) 284-7500,Acute Care Hospitals,Proprietary,116,11
100181,LARKIN COMMUNITY HOSPITAL,7031 SW 62ND AVE,(305) 284-7500,Acute Care Hospitals,Proprietary,87,40
100181,LARKIN COMMUNITY HOSPITAL,7031 SW 62ND AVE,(305) 284-7500,Acute Care Hospitals,Proprietary,98,29
100181,LARKIN COMMUNITY HOSPITAL,7031 SW 62ND AVE,(305) 284-7500,Acute Care Hospitals,Proprietary,116,11
100181,LARKIN COMMUNITY HOSPITAL,7031 SW 62ND AVE,(305) 284-7500,Acute Care Hospitals,Proprietary,78,49
100181,LARKIN COMMUNITY HOSPITAL,7031 SW 62ND AVE,(305) 284-7500,Acute Care Hospitals,Proprietary,101,26
100181,LARKIN COMMUNITY HOSPITAL,7031 SW 62ND AVE,(305) 284-7500,Acute Care Hospitals,Proprietary,83,44
100181,LARKIN COMMUNITY HOSPITAL,7031 SW 62ND AVE,(305) 284-7500,Acute Care Hospitals,Proprietary,110,17
100181,LARKIN COMMUNITY HOSPITAL,7031 SW 62ND AVE,(305) 284-7500,Acute Care Hospitals,Proprietary,94,33
100181,LARKIN COMMUNITY HOSPITAL,7031 SW 62ND AVE,(305) 284-7500,Acute Care Hospitals,Proprietary,99,28
100181,LARKIN COMMUNITY HOSPITAL,7031 SW 62ND AVE,(305) 284-7500,Acute Care Hospitals,Proprietary,98,29
100181,LARKIN COMMUNITY HOSPITAL,7031 SW 62ND AVE,(305) 284-7500,Acute Care Hospitals,Proprietary,86,41
100181,LARKIN COMMUNITY HOSPITAL,7031 SW 62ND AVE,(305) 284-7500,Acute Care Hospitals,Proprietary,109,18
100181,LARKIN COMMUNITY HOSPITAL,7031 SW 62ND AVE,(305) 284-7500,Acute Care Hospitals,Proprietary,109,18
100181,LARKIN COMMUNITY HOSPITAL,7031 SW 62ND AVE,(305) 284-7500,Acute Care Hospitals,Proprietary,101,26
100181,LARKIN COMMUNITY HOSPITAL,7031 SW 62ND AVE,(305) 284-7500,Acute Care Hospitals,Proprietary,80,47
100181,LARKIN COMMUNITY HOSPITAL,7031 SW 62ND AVE,(305) 284-7500,Acute Care Hospitals,Proprietary,113,14
100181,LARKIN COMMUNITY HOSPITAL,7031 SW 62ND AVE,(305) 284-7500,Acute Care Hospitals,Proprietary,90,37
100181,LARKIN COMMUNITY HOSPITAL,7031 SW 62ND AVE,(305) 284-7500,Acute Care Hospitals,Proprietary,84,43
100181,LARKIN COMMUNITY HOSPITAL,7031 SW 62ND AVE,(305) 284-7500,Acute Care Hospitals,Proprietary,82,45
100181,LARKIN COMMUNITY HOSPITAL,7031 SW 62ND AVE,(305) 284-7500,Acute Care Hospitals,Proprietary,99,28
100181,LARKIN COMMUNITY HOSPITAL,7031 SW 62ND AVE,(305) 284-7500,Acute Care Hospitals,Proprietary,118,9
100181,LARKIN COMMUNITY HOSPITAL,7031 SW 62ND AVE,(305) 284-7500,Acute Care Hospitals,Proprietary,82,45
100181,LARKIN COMMUNITY HOSPITAL,7031 SW 62ND AVE,(305) 284-7500,Acute Care Hospitals,Proprietary,102,25
100181,LARKIN COMMUNITY HOSPITAL,7031 SW 62ND AVE,(305) 284-7500,Acute Care Hospitals,Proprietary,112,15
100181,LARKIN COMMUNITY HOSPITAL,7031 SW 62ND AVE,(305) 284-7500,Acute Care Hospitals,Proprietary,77,50
100181,LARKIN COMMUNITY HOSPITAL,7031 SW 62ND AVE,(305) 284-7500,Acute Care Hospitals,Proprietary,103,24
100181,LARKIN COMMUNITY HOSPITAL,7031 SW 62ND AVE,(305) 284-7500,Acute Care Hospitals,Proprietary,100,27
100181,LARKIN COMMUNITY HOSPITAL,7031 SW 62ND AVE,(305) 284-7500,Acute Care Hospitals,Proprietary,88,39
100181,LARKIN COMMUNITY HOSPITAL,7031 SW 62ND AVE,(305) 284-7500,Acute Care Hospitals,Proprietary,116,11
100181,LARKIN COMMUNITY HOSPITAL,7031 SW 62ND AVE,(305) 284-7500,Acute Care Hospitals,Proprietary,81,46
100181,LARKIN COMMUNITY HOSPITAL,7031 SW 62ND AVE,(305) 284-7500,Acute Care Hospitals,Proprietary,96,31
100181,LARKIN COMMUNITY HOSPITAL,7031 SW 62ND AVE,(305) 284-7500,Acute Care Hospitals,Proprietary,100,27
100181,LARKIN COMMUNITY HOSPITAL,7031 SW 62ND AVE,(305) 284-7500,Acute Care Hospitals,Proprietary,92,35
100181,LARKIN COMMUNITY HOSPITAL,7031 SW 62ND AVE,(305) 284-7500,Acute Care Hospitals,Proprietary,115,12
100181,LARKIN COMMUNITY HOSPITAL,7031 SW 62ND AVE,(305) 284-7500,Acute Care Hospitals,Proprietary,114,13
100181,LARKIN COMMUNITY HOSPITAL,7031 SW 62ND AVE,(305) 284-7500,Acute Care Hospitals,Proprietary,120,7
100181,LARKIN COMMUNITY HOSPITAL,7031 SW 62ND AVE,(305) 284-7500,Acute Care Hospitals,Proprietary,80,47
100181,LARKIN COMMUNITY HOSPITAL,7031 SW 62ND AVE,(305) 284-7500,Acute Care Hospitals,Proprietary,76,51
100181,LARKIN COMMUNITY HOSPITAL,7031 SW 62ND AVE,(305) 284-7500,Acute Care Hospitals,Proprietary,120,7
100181,LARKIN COMMUNITY HOSPITAL,7031 SW 62ND AVE,(305) 284-7500,Acute Care Hospitals,Proprietary,107,20
100181,LARKIN COMMUNITY HOSPITAL,7031 SW 62ND AVE,(305) 284-7500,Acute Care Hospitals,Proprietary,119,8
100181,LARKIN COMMUNITY HOSPITAL,7031 SW 62ND AVE,(305) 284-7500,Acute Care Hospitals,Proprietary,96,31
100181,LARKIN COMMUNITY HOSPITAL,7031 SW 62ND AVE,(305) 284-7500,Acute Care Hospitals,Proprietary,84,43
100181,LARKIN COMMUNITY HOSPITAL,7031 SW 62ND AVE,(305) 284-7500,Acute Care Hospitals,Proprietary,114,13
100181,LARKIN COMMUNITY HOSPITAL,7031 SW 62ND AVE,(305) 284-7500,Acute Care Hospitals,Proprietary,94,33
100181,LARKIN COMMUNITY HOSPITAL,7031 SW 62ND AVE,(305) 284-7500,Acute Care Hospitals,Proprietary,90,37
100181,LARKIN COMMUNITY HOSPITAL,7031 SW 62ND AVE,(305) 284-7500,Acute Care Hospitals,Proprietary,86,41
100181,LARKIN COMMUNITY HOSPITAL,7031 SW 62ND AVE,(305) 284-7500,Acute Care Hospitals,Proprietary,115,12
100181,LARKIN COMMUNITY HOSPITAL,7031 SW 62ND AVE,(305) 284-7500,Acute Care Hospitals,Proprietary,120,7
100181,LARKIN COMMUNITY HOSPITAL,7031 SW 62ND AVE,(305) 284-7500,Acute Care Hospitals,Proprietary,82,45
100181,LARKIN COMMUNITY HOSPITAL,7031 SW 62ND AVE,(305) 284-7500,Acute Care Hospitals,Proprietary,107,20
100181,LARKIN COMMUNITY HOSPITAL,7031 SW 62ND AVE,(305) 284-7500,Acute Care Hospitals,Proprietary,112,15
100181,LARKIN COMMUNITY HOSPITAL,7031 SW 62ND AVE,(305) 284-7500,Acute Care Hospitals,Proprietary,98,29
100181,LARKIN COMMUNITY HOSPITAL,7031 SW 62ND AVE,(305) 284-7500,Acute Care Hospitals,Proprietary,113,14
100181,LARKIN COMMUNITY HOSPITAL,7031 SW 62ND AVE,(305) 284-7500,Acute Care Hospitals,Proprietary,112,15
100181,LARKIN COMMUNITY HOSPITAL,7031 SW 62ND AVE,(305) 284-7500,Acute Care Hospitals,Proprietary,107,20
100181,LARKIN COMMUNITY HOSPITAL,7031 SW 62ND AVE,(305) 284-7500,Acute Care Hospitals,Proprietary,99,28
100181,LARKIN COMMUNITY HOSPITAL,7031 SW 62ND AVE,(305) 284-7500,Acute Care Hospitals,Proprietary,96,31
100181,LARKIN COMMUNITY HOSPITAL,7031 SW 62ND AVE,(305) 284-7500,Acute Care Hospitals,Proprietary,82,45
100181,LARKIN COMMUNITY HOSPITAL,7031 SW 62ND AVE,(305) 284-7500,Acute Care Hospitals,Proprietary,92,35
100181,LARKIN COMMUNITY HOSPITAL,7031 SW 62ND AVE,(305) 284-7500,Acute Care Hospitals,Proprietary,90,37
100181,LARKIN COMMUNITY HOSPITAL,7031 SW 62ND AVE,(305) 284-7500,Acute Care Hospitals,Proprietary,83,44
100181,LARKIN COMMUNITY HOSPITAL,7031 SW 62ND AVE,(305) 284-7500,Acute Care Hospitals,Proprietary,83,44
100181,LARKIN COMMUNITY HOSPITAL,7031 SW 62ND AVE,(305) 284-7500,Acute Care Hospitals,Proprietary,115,12
100181,LARKIN COMMUNITY HOSPITAL,7031 SW 62ND AVE,(305) 284-7500,Acute Care Hospitals,Proprietary,92,35
100181,LARKIN COMMUNITY HOSPITAL,7031 SW 62ND AVE,(305) 284-7500,Acute Care Hospitals,Proprietary,87,40
100181,LARKIN COMMUNITY HOSPITAL,7031 SW 62ND AVE,(305) 284-7500,Acute Care Hospitals,Proprietary,114,13
100181,LARKIN COMMUNITY HOSPITAL,7031 SW 62ND AVE,(305) 284-7500,Acute Care Hospitals,Proprietary,85,42
100181,LARKIN COMMUNITY HOSPITAL,7031 SW 62ND AVE,(305) 284-7500,Acute Care Hospitals,Proprietary,97,30
100181,LARKIN COMMUNITY HOSPITAL,7031 SW 62ND AVE,(305) 284-7500,Acute Care Hospitals,Proprietary,101,26
100181,LARKIN COMMUNITY HOSPITAL,7031 SW 62ND AVE,(305) 284-7500,Acute Care Hospitals,Proprietary,76,51
100181,LARKIN COMMUNITY HOSPITAL,7031 SW 62ND AVE,(305) 284-7500,Acute Care Hospitals,Proprietary,112,15
100181,LARKIN COMMUNITY HOSPITAL,7031 SW 62ND AVE,(305) 284-7500,Acute Care Hospitals,Proprietary,112,15
100181,LARKIN COMMUNITY HOSPITAL,7031 SW 62ND AVE,(305) 284-7500,Acute Care Hospitals,Proprietary,94,33
100181,LARKIN COMMUNITY HOSPITAL,7031 SW 62ND AVE,(305) 284-7500,Acute Care Hospitals,Proprietary,113,14
100181,LARKIN COMMUNITY HOSPITAL,7031 SW 62ND AVE,(305) 284-7500,Acute Care Hospitals,Proprietary,101,26
100181,LARKIN COMMUNITY HOSPITAL,7031 SW 62ND AVE,(305) 284-7500,Acute Care Hospitals,Proprietary,113,14
100181,LARKIN COMMUNITY HOSPITAL,7031 SW 62ND AVE,(305) 284-7500,Acute Care Hospitals,Proprietary,81,46
100181,LARKIN COMMUNITY HOSPITAL,7031 SW 62ND AVE,(305) 284-7500,Acute Care Hospitals,Proprietary,81,46
100181,LARKIN COMMUNITY HOSPITAL,7031 SW 62ND AVE,(305) 284-7500,Acute Care Hospitals,Proprietary,111,16
100181,LARKIN COMMUNITY HOSPITAL,7031 SW 62ND AVE,(305) 284-7500,Acute Care Hospitals,Proprietary,109,18
100181,LARKIN COMMUNITY HOSPITAL,7031 SW 62ND AVE,(305) 284-7500,Acute Care Hospitals,Proprietary,102,25
100181,LARKIN COMMUNITY HOSPITAL,7031 SW 62ND AVE,(305) 284-7500,Acute Care Hospitals,Proprietary,96,31
100181,LARKIN COMMUNITY HOSPITAL,7031 SW 62ND AVE,(305) 284-7500,Acute Care Hospitals,Proprietary,101,26
100181,LARKIN COMMUNITY HOSPITAL,7031 SW 62ND AVE,(305) 284-7500,Acute Care Hospitals,Proprietary,94,33
100181,LARKIN COMMUNITY HOSPITAL,7031 SW 62ND AVE,(305) 284-7500,Acute Care Hospitals,Proprietary,93,34
100181,LARKIN COMMUNITY HOSPITAL,7031 SW 62ND AVE,(305) 284-7500,Acute Care Hospitals,Proprietary,114,13
100181,LARKIN COMMUNITY HOSPITAL,7031 SW 62ND AVE,(305) 284-7500,Acute Care Hospitals,Proprietary,117,10
100181,LARKIN COMMUNITY HOSPITAL,7031 SW 62ND AVE,(305) 284-7500,Acute Care Hospitals,Proprietary,93,34
100181,LARKIN COMMUNITY HOSPITAL,7031 SW 62ND AVE,(305) 284-7500,Acute Care Hospitals,Proprietary,90,37
100181,LARKIN COMMUNITY HOSPITAL,7031 SW 62ND AVE,(305) 284-7500,Acute Care Hospitals,Proprietary,113,14
100181,LARKIN COMMUNITY HOSPITAL,7031 SW 62ND AVE,(305) 284-7500,Acute Care Hospitals,Proprietary,103,24
100181,LARKIN COMMUNITY HOSPITAL,7031 SW 62ND AVE,(305) 284-7500,Acute Care Hospitals,Proprietary,111,16
100181,LARKIN COMMUNITY HOSPITAL,7031 SW 62ND AVE,(305) 284-7500,Acute Care Hospitals,Proprietary,115,12
100181,LARKIN COMMUNITY HOSPITAL,7031 SW 62ND AVE,(305) 284-7500,Acute Care Hospitals,Proprietary,91,36
100181,LARKIN COMMUNITY HOSPITAL,7031 SW 62ND AVE,(305) 284-7500,Acute Care Hospitals,Proprietary,93,34
100181,LARKIN COMMUNITY HOSPITAL,7031 SW 62ND AVE,(305) 284-7500,Acute Care Hospitals,Proprietary,76,51
100181,LARKIN COMMUNITY HOSPITAL,7031 SW 62ND AVE,(305) 284-7500,Acute Care Hospitals,Proprietary,118,9
100181,LARKIN COMMUNITY HOSPITAL,7031 SW 62ND AVE,(305) 284-7500,Acute Care Hospitals,Proprietary,79,48
100181,LARKIN COMMUNITY HOSPITAL,7031 SW 62ND AVE,(305) 284-7500,Acute Care Hospitals,Proprietary,102,25
100181,LARKIN COMMUNITY HOSPITAL,7031 SW 62ND AVE,(305) 284-7500,Acute Care Hospitals,Proprietary,117,10
100181,LARKIN COMMUNITY HOSPITAL,7031 SW 62ND AVE,(305) 284-7500,Acute Care Hospitals,Proprietary,104,23
100181,LARKIN COMMUNITY HOSPITAL,7031 SW 62ND AVE,(305) 284-7500,Acute Care Hospitals,Proprietary,116,11
100181,LARKIN COMMUNITY HOSPITAL,7031 SW 62ND AVE,(305) 284-7500,Acute Care Hospitals,Proprietary,93,34
100181,LARKIN COMMUNITY HOSPITAL,7031 SW 62ND AVE,(305) 284-7500,Acute Care Hospitals,Proprietary,118,9
100181,LARKIN COMMUNITY HOSPITAL,7031 SW 62ND AVE,(305) 284-7500,Acute Care Hospitals,Proprietary,87,40
100181,LARKIN COMMUNITY HOSPITAL,7031 SW 62ND AVE,(305) 284-7500,Acute Care Hospitals,Proprietary,105,22
100181,LARKIN COMMUNITY HOSPITAL,7031 SW 62ND AVE,(305) 284-7500,Acute Care Hospitals,Proprietary,105,22
100181,LARKIN COMMUNITY HOSPITAL,7031 SW 62ND AVE,(305) 284-7500,Acute Care Hospitals,Proprietary,78,49
100181,LARKIN COMMUNITY HOSPITAL,7031 SW 62ND AVE,(305) 284-7500,Acute Care Hospitals,Proprietary,97,30
100181,LARKIN COMMUNITY HOSPITAL,7031 SW 62ND AVE,(305) 284-7500,Acute Care Hospitals,Proprietary,79,48
100181,LARKIN COMMUNITY HOSPITAL,7031 SW 62ND AVE,(305) 284-7500,Acute Care Hospitals,Proprietary,107,20
100181,LARKIN COMMUNITY HOSPITAL,7031 SW 62ND AVE,(305) 284-7500,Acute Care Hospitals,Proprietary,108,19
100181,LARKIN COMMUNITY HOSPITAL,7031 SW 62ND AVE,(305) 284-7500,Acute Care Hospitals,Proprietary,119,8
100181,LARKIN COMMUNITY HOSPITAL,7031 SW 62ND AVE,(305) 284-7500,Acute Care Hospitals,Proprietary,83,44
100181,LARKIN COMMUNITY HOSPITAL,7031 SW 62ND AVE,(305) 284-7500,Acute Care Hospitals,Proprietary,120,7
100181,LARKIN COMMUNITY HOSPITAL,7031 SW 62ND AVE,(305) 284-7500,Acute Care Hospitals,Proprietary,104,23
100181,LARKIN COMMUNITY HOSPITAL,7031 SW 62ND AVE,(305) 284-7500,Acute Care Hospitals,Proprietary,76,51
100181,LARKIN COMMUNITY HOSPITAL,7031 SW 62ND AVE,(305) 284-7500,Acute Care Hospitals,Proprietary,98,29
100181,LARKIN COMMUNITY HOSPITAL,7031 SW 62ND AVE,(305) 284-7500,Acute Care Hospitals,Proprietary,84,43
100181,LARKIN COMMUNITY HOSPITAL,7031 SW 62ND AVE,(305) 284-7500,Acute Care Hospitals,Proprietary,96,31
100181,LARKIN COMMUNITY HOSPITAL,7031 SW 62ND AVE,(305) 284-7500,Acute Care Hospitals,Proprietary,114,13
100181,LARKIN COMMUNITY HOSPITAL,7031 SW 62ND AVE,(305) 284-7500,Acute Care Hospitals,Proprietary,105,22
100181,LARKIN COMMUNITY HOSPITAL,7031 SW 62ND AVE,(305) 284-7500,Acute Care Hospitals,Proprietary,107,20
100181,LARKIN COMMUNITY HOSPITAL,7031 SW 62ND AVE,(305) 284-7500,Acute Care Hospitals,Proprietary,83,44
100181,LARKIN COMMUNITY HOSPITAL,7031 SW 62ND AVE,(305) 284-7500,Acute Care Hospitals,Proprietary,105,22
100181,LARKIN COMMUNITY HOSPITAL,7031 SW 62ND AVE,(305) 284-7500,Acute Care Hospitals,Proprietary,119,8
100181,LARKIN COMMUNITY HOSPITAL,7031 SW 62ND AVE,(305) 284-7500,Acute Care Hospitals,Proprietary,84,43
100181,LARKIN COMMUNITY HOSPITAL,7031 SW 62ND AVE,(305) 284-7500,Acute Care Hospitals,Proprietary,114,13
100181,LARKIN COMMUNITY HOSPITAL,7031 SW 62ND AVE,(305) 284-7500,Acute Care Hospitals,Proprietary,114,13
100181,LARKIN COMMUNITY HOSPITAL,7031 SW 62ND AVE,(305) 284-7500,Acute Care Hospitals,Proprietary,110,17
100181,LARKIN COMMUNITY HOSPITAL,7031 SW 62ND AVE,(305) 284-7500,Acute Care Hospitals,Proprietary,91,36
100181,LARKIN COMMUNITY HOSPITAL,7031 SW 62ND AVE,(305) 284-7500,Acute Care Hospitals,Proprietary,114,13
100181,LARKIN COMMUNITY HOSPITAL,7031 SW 62ND AVE,(305) 284-7500,Acute Care Hospitals,Proprietary,104,23
100181,LARKIN COMMUNITY HOSPITAL,7031 SW 62ND AVE,(305) 284-7500,Acute Care Hospitals,Proprietary,81,46
100181,LARKIN COMMUNITY HOSPITAL,7031 SW 62ND AVE,(305) 284-7500,Acute Care Hospitals,Proprietary,80,47
100181,LARKIN COMMUNITY HOSPITAL,7031 SW 62ND AVE,(305) 284-7500,Acute Care Hospitals,Proprietary,107,20
100181,LARKIN COMMUNITY HOSPITAL,7031 SW 62ND AVE,(305) 284-7500,Acute Care Hospitals,Proprietary,115,12
100181,LARKIN COMMUNITY HOSPITAL,7031 SW 62ND AVE,(305) 284-7500,Acute Care Hospitals,Proprietary,82,45
100181,LARKIN COMMUNITY HOSPITAL,7031 SW 62ND AVE,(305) 284-7500,Acute Care Hospitals,Proprietary,109,18
100181,LARKIN COMMUNITY HOSPITAL,7031 SW 62ND AVE,(305) 284-7500,Acute Care Hospitals,Proprietary,110,17
100181,LARKIN COMMUNITY HOSPITAL,7031 SW 62ND AVE,(305) 284-7500,Acute Care Hospitals,Proprietary,80,47
100181,LARKIN COMMUNITY HOSPITAL,7031 SW 62ND AVE,(305) 284-7500,Acute Care Hospitals,Proprietary,108,19
100181,LARKIN COMMUNITY HOSPITAL,7031 SW 62ND AVE,(305) 284-7500,Acute Care Hospitals,Proprietary,76,51
100181,LARKIN COMMUNITY HOSPITAL,7031 SW 62ND AVE,(305) 284-7500,Acute Care Hospitals,Proprietary,86,41
100181,LARKIN COMMUNITY HOSPITAL,7031 SW 62ND AVE,(305) 284-7500,Acute Care Hospitals,Proprietary,112,15
100181,LARKIN COMMUNITY HOSPITAL,7031 SW 62ND AVE,(305) 284-7500,Acute Care Hospitals,Proprietary,97,30
100181,LARKIN COMMUNITY HOSPITAL,7031 SW 62ND AVE,(305) 284-7500,Acute Care Hospitals,Proprietary,79,48
100181,LARKIN COMMUNITY HOSPITAL,7031 SW 62ND AVE,(305) 284-7500,Acute Care Hospitals,Proprietary,87,40
100181,LARKIN COMMUNITY HOSPITAL,7031 SW 62ND AVE,(305) 284-7500,Acute Care Hospitals,Proprietary,76,51
100181,LARKIN COMMUNITY HOSPITAL,7031 SW 62ND AVE,(305) 284-7500,Acute Care Hospitals,Proprietary,76,51
100181,LARKIN COMMUNITY HOSPITAL,7031 SW 62ND AVE,(305) 284-7500,Acute Care Hospitals,Proprietary,100,27
100181,LARKIN COMMUNITY HOSPITAL,7031 SW 62ND AVE,(305) 284-7500,Acute Care Hospitals,Proprietary,108,19
100181,LARKIN COMMUNITY HOSPITAL,7031 SW 62ND AVE,(305) 284-7500,Acute Care Hospitals,Proprietary,119,8
100181,LARKIN COMMUNITY HOSPITAL,7031 SW 62ND AVE,(305) 284-7500,Acute Care Hospitals,Proprietary,107,20
100181,LARKIN COMMUNITY HOSPITAL,7031 SW 62ND AVE,(305) 284-7500,Acute Care Hospitals,Proprietary,89,38
100181,LARKIN COMMUNITY HOSPITAL,7031 SW 62ND AVE,(305) 284-7500,Acute Care Hospitals,Proprietary,77,50
100181,LARKIN COMMUNITY HOSPITAL,7031 SW 62ND AVE,(305) 284-7500,Acute Care Hospitals,Proprietary,115,12
100181,LARKIN COMMUNITY HOSPITAL,7031 SW 62ND AVE,(305) 284-7500,Acute Care Hospitals,Proprietary,96,31
100181,LARKIN COMMUNITY HOSPITAL,7031 SW 62ND AVE,(305) 284-7500,Acute Care Hospitals,Proprietary,79,48
100181,LARKIN COMMUNITY HOSPITAL,7031 SW 62ND AVE,(305) 284-7500,Acute Care Hospitals,Proprietary,120,7
100181,LARKIN COMMUNITY HOSPITAL,7031 SW 62ND AVE,(305) 284-7500,Acute Care Hospitals,Proprietary,101,26
100181,LARKIN COMMUNITY HOSPITAL,7031 SW 62ND AVE,(305) 284-7500,Acute Care Hospitals,Proprietary,103,24
100181,LARKIN COMMUNITY HOSPITAL,7031 SW 62ND AVE,(305) 284-7500,Acute Care Hospitals,Proprietary,117,10
100181,LARKIN COMMUNITY HOSPITAL,7031 SW 62ND AVE,(305) 284-7500,Acute Care Hospitals,Proprietary,106,21
100181,LARKIN COMMUNITY HOSPITAL,7031 SW 62ND AVE,(305) 284-7500,Acute Care Hospitals,Proprietary,119,8
100181,LARKIN COMMUNITY HOSPITAL,7031 SW 62ND AVE,(305) 284-7500,Acute Care Hospitals,Proprietary,91,36
100181,LARKIN COMMUNITY HOSPITAL,7031 SW 62ND AVE,(305) 284-7500,Acute Care Hospitals,Proprietary,96,31
100181,LARKIN COMMUNITY HOSPITAL,7031 SW 62ND AVE,(305) 284-7500,Acute Care Hospitals,Proprietary,105,22
100181,LARKIN COMMUNITY HOSPITAL,7031 SW 62ND AVE,(305) 284-7500,Acute Care Hospitals,Proprietary,110,17
100181,LARKIN COMMUNITY HOSPITAL,7031 SW 62ND AVE,(305) 284-7500,Acute Care Hospitals,Proprietary,81,46
100181,LARKIN COMMUNITY HOSPITAL,7031 SW 62ND AVE,(305) 284-7500,Acute Care Hospitals,Proprietary,96,31
100181,LARKIN COMMUNITY HOSPITAL,7031 SW 62ND AVE,(305) 284-7500,Acute Care Hospitals,Proprietary,108,19
100181,LARKIN COMMUNITY HOSPITAL,7031 SW 62ND AVE,(305) 284-7500,Acute Care Hospitals,Proprietary,100,27
100181,LARKIN COMMUNITY HOSPITAL,7031 SW 62ND AVE,(305) 284-7500,Acute Care Hospitals,Proprietary,92,35
100181,LARKIN COMMUNITY HOSPITAL,7031 SW 62ND AVE,(305) 284-7500,Acute Care Hospitals,Proprietary,77,50
100181,LARKIN COMMUNITY HOSPITAL,7031 SW 62ND AVE,(305) 284-7500,Acute Care Hospitals,Proprietary,114,13
100181,LARKIN COMMUNITY HOSPITAL,7031 SW 62ND AVE,(305) 284-7500,Acute Care Hospitals,Proprietary,95,32
100181,LARKIN COMMUNITY HOSPITAL,7031 SW 62ND AVE,(305) 284-7500,Acute Care Hospitals,Proprietary,87,40
100181,LARKIN COMMUNITY HOSPITAL,7031 SW 62ND AVE,(305) 284-7500,Acute Care Hospitals,Proprietary,80,47
100181,LARKIN COMMUNITY HOSPITAL,7031 SW 62ND AVE,(305) 284-7500,Acute Care Hospitals,Proprietary,93,34
100181,LARKIN COMMUNITY HOSPITAL,7031 SW 62ND AVE,(305) 284-7500,Acute Care Hospitals,Proprietary,112,15
100181,LARKIN COMMUNITY HOSPITAL,7031 SW 62ND AVE,(305) 284-7500,Acute Care Hospitals,Proprietary,95,32
100181,LARKIN COMMUNITY HOSPITAL,7031 SW 62ND AVE,(305) 284-7500,Acute Care Hospitals,Proprietary,101,26
100181,LARKIN COMMUNITY HOSPITAL,7031 SW 62ND AVE,(305) 284-7500,Acute Care Hospitals,Proprietary,105,22
100181,LARKIN COMMUNITY HOSPITAL,7031 SW 62ND AVE,(305) 284-7500,Acute Care Hospitals,Proprietary,82,45
100181,LARKIN COMMUNITY HOSPITAL,7031 SW 62ND AVE,(305) 284-7500,Acute Care Hospitals,Proprietary,107,20
100181,LARKIN COMMUNITY HOSPITAL,7031 SW 62ND AVE,(305) 284-7500,Acute Care Hospitals,Proprietary,110,17
100181,LARKIN COMMUNITY HOSPITAL,7031 SW 62ND AVE,(305) 284-7500,Acute Care Hospitals,Proprietary,94,33
100181,LARKIN COMMUNITY HOSPITAL,7031 SW 62ND AVE,(305) 284-7500,Acute Care Hospitals,Proprietary,76,51
100181,LARKIN COMMUNITY HOSPITAL,7031 SW 62ND AVE,(305) 284-7500,Acute Care Hospitals,Proprietary,80,47
100181,LARKIN COMMUNITY HOSPITAL,7031 SW 62ND AVE,(305) 284-7500,Acute Care Hospitals,Proprietary,115,12
100181,LARKIN COMMUNITY HOSPITAL,7031 SW 62ND AVE,(305) 284-7500,Acute Care Hospitals,Proprietary,104,23
100181,LARKIN COMMUNITY HOSPITAL,7031 SW 62ND AVE,(305) 284-7500,Acute Care Hospitals,Proprietary,91,36
100181,LARKIN COMMUNITY HOSPITAL,7031 SW 62ND AVE,(305) 284-7500,Acute Care Hospitals,Proprietary,92,35
100181,LARKIN COMMUNITY HOSPITAL,7031 SW 62ND AVE,(305) 284-7500,Acute Care Hospitals,Proprietary,105,22
100181,LARKIN COMMUNITY HOSPITAL,7031 SW 62ND AVE,(305) 284-7500,Acute Care Hospitals,Proprietary,80,47
100181,LARKIN COMMUNITY HOSPITAL,7031 SW 62ND AVE,(305) 284-7500,Acute Care Hospitals,Proprietary,112,15
100181,LARKIN COMMUNITY HOSPITAL,7031 SW 62ND AVE,(305) 284-7500,Acute Care Hospitals,Proprietary,115,12
100181,LARKIN COMMUNITY HOSPITAL,7031 SW 62ND AVE,(305) 284-7500,Acute Care Hospitals,Proprietary,93,34
100181,LARKIN COMMUNITY HOSPITAL,7031 SW 62ND AVE,(305) 284-7500,Acute Care Hospitals,Proprietary,98,29
100181,LARKIN COMMUNITY HOSPITAL,7031 SW 62ND AVE,(305) 284-7500,Acute Care Hospitals,Proprietary,77,50
100181,LARKIN COMMUNITY HOSPITAL,7031 SW 62ND AVE,(305) 284-7500,Acute Care Hospitals,Proprietary,107,20
100181,LARKIN COMMUNITY HOSPITAL,7031 SW 62ND AVE,(305) 284-7500,Acute Care Hospitals,Proprietary,78,49
100181,LARKIN COMMUNITY HOSPITAL,7031 SW 62ND AVE,(305) 284-7500,Acute Care Hospitals,Proprietary,88,39
100181,LARKIN COMMUNITY HOSPITAL,7031 SW 62ND AVE,(305) 284-7500,Acute Care Hospitals,Proprietary,76,51
100181,LARKIN COMMUNITY HOSPITAL,7031 SW 62ND AVE,(305) 284-7500,Acute Care Hospitals,Proprietary,96,31
100181,LARKIN COMMUNITY HOSPITAL,7031 SW 62ND AVE,(305) 284-7500,Acute Care Hospitals,Proprietary,90,37
100181,LARKIN COMMUNITY HOSPITAL,7031 SW 62ND AVE,(305) 284-7500,Acute Care Hospitals,Proprietary,98,29
100181,LARKIN COMMUNITY HOSPITAL,7031 SW 62ND AVE,(305) 284-7500,Acute Care Hospitals,Proprietary,118,9
100181,LARKIN COMMUNITY HOSPITAL,7031 SW 62ND AVE,(305) 284-7500,Acute Care Hospitals,Proprietary,91,36
100181,LARKIN COMMUNITY HOSPITAL,7031 SW 62ND AVE,(305) 284-7500,Acute Care Hospitals,Proprietary,93,34
100181,LARKIN COMMUNITY HOSPITAL,7031 SW 62ND AVE,(305) 284-7500,Acute Care Hospitals,Proprietary,120,7
100181,LARKIN COMMUNITY HOSPITAL,7031 SW 62ND AVE,(305) 284-7500,Acute Care Hospitals,Proprietary,114,13
100181,LARKIN COMMUNITY HOSPITAL,7031 SW 62ND AVE,(305) 284-7500,Acute Care Hospitals,Proprietary,107,20
100181,LARKIN COMMUNITY HOSPITAL,7031 SW 62ND AVE,(305) 284-7500,Acute Care Hospitals,Proprietary,100,27
100181,LARKIN COMMUNITY HOSPITAL,7031 SW 62ND AVE,(305) 284-7500,Acute Care Hospitals,Proprietary,105,22
100181,LARKIN COMMUNITY HOSPITAL,7031 SW 62ND AVE,(305) 284-7500,Acute Care Hospitals,Proprietary,94,33
100181,LARKIN COMMUNITY HOSPITAL,7031 SW 62ND AVE,(305) 284-7500,Acute Care Hospitals,Proprietary,105,22
100181,LARKIN COMMUNITY HOSPITAL,7031 SW 62ND AVE,(305) 284-7500,Acute Care Hospitals,Proprietary,91,36
100181,LARKIN COMMUNITY HOSPITAL,7031 SW 62ND AVE,(305) 284-7500,Acute Care Hospitals,Proprietary,85,42
100181,LARKIN COMMUNITY HOSPITAL,7031 SW 62ND AVE,(305) 284-7500,Acute Care Hospitals,Proprietary,92,35
100181,LARKIN COMMUNITY HOSPITAL,7031 SW 62ND AVE,(305) 284-7500,Acute Care Hospitals,Proprietary,108,19
100181,LARKIN COMMUNITY HOSPITAL,7031 SW 62ND AVE,(305) 284-7500,Acute Care Hospitals,Proprietary,98,29
100181,LARKIN COMMUNITY HOSPITAL,7031 SW 62ND AVE,(305) 284-7500,Acute Care Hospitals,Proprietary,117,10
100181,LARKIN COMMUNITY HOSPITAL,7031 SW 62ND AVE,(305) 284-7500,Acute Care Hospitals,Proprietary,107,20
100181,LARKIN COMMUNITY HOSPITAL,7031 SW 62ND AVE,(305) 284-7500,Acute Care Hospitals,Proprietary,120,7
100181,LARKIN COMMUNITY HOSPITAL,7031 SW 62ND AVE,(305) 284-7500,Acute Care Hospitals,Proprietary,109,18
100181,LARKIN COMMUNITY HOSPITAL,7031 SW 62ND AVE,(305) 284-7500,Acute Care Hospitals,Proprietary,92,35
100181,LARKIN COMMUNITY HOSPITAL,7031 SW 62ND AVE,(305) 284-7500,Acute Care Hospitals,Proprietary,106,21
100181,LARKIN COMMUNITY HOSPITAL,7031 SW 62ND AVE,(305) 284-7500,Acute Care Hospitals,Proprietary,112,15
100181,LARKIN COMMUNITY HOSPITAL,7031 SW 62ND AVE,(305) 284-7500,Acute Care Hospitals,Proprietary,99,28
100181,LARKIN COMMUNITY HOSPITAL,7031 SW 62ND AVE,(305) 284-7500,Acute Care Hospitals,Proprietary,97,30
100181,LARKIN COMMUNITY HOSPITAL,7031 SW 62ND AVE,(305) 284-7500,Acute Care Hospitals,Proprietary,104,23
100181,LARKIN COMMUNITY HOSPITAL,7031 SW 62ND AVE,(305) 284-7500,Acute Care Hospitals,Proprietary,84,43
100181,LARKIN COMMUNITY HOSPITAL,7031 SW 62ND AVE,(305) 284-7500,Acute Care Hospitals,Proprietary,90,37
100181,LARKIN COMMUNITY HOSPITAL,7031 SW 62ND AVE,(305) 284-7500,Acute Care Hospitals,Proprietary,112,15
100181,LARKIN COMMUNITY HOSPITAL,7031 SW 62ND AVE,(305) 284-7500,Acute Care Hospitals,Proprietary,115,12
100181,LARKIN COMMUNITY HOSPITAL,7031 SW 62ND AVE,(305) 284-7500,Acute Care Hospitals,Proprietary,108,19
100181,LARKIN COMMUNITY HOSPITAL,7031 SW 62ND AVE,(305) 284-7500,Acute Care Hospitals,Proprietary,115,12
100181,LARKIN COMMUNITY HOSPITAL,7031 SW 62ND AVE,(305) 284-7500,Acute Care Hospitals,Proprietary,119,8
100181,LARKIN COMMUNITY HOSPITAL,7031 SW 62ND AVE,(305) 284-7500,Acute Care Hospitals,Proprietary,102,25
100181,LARKIN COMMUNITY HOSPITAL,7031 SW 62ND AVE,(305) 284-7500,Acute Care Hospitals,Proprietary,95,32
100181,LARKIN COMMUNITY HOSPITAL,7031 SW 62ND AVE,(305) 284-7500,Acute Care Hospitals,Proprietary,99,28
100181,LARKIN COMMUNITY HOSPITAL,7031 SW 62ND AVE,(305) 284-7500,Acute Care Hospitals,Proprietary,104,23
100181,LARKIN COMMUNITY HOSPITAL,7031 SW 62ND AVE,(305) 284-7500,Acute Care Hospitals,Proprietary,91,36
100181,LARKIN COMMUNITY HOSPITAL,7031 SW 62ND AVE,(305) 284-7500,Acute Care Hospitals,Proprietary,83,44
100181,LARKIN COMMUNITY HOSPITAL,7031 SW 62ND AVE,(305) 284-7500,Acute Care Hospitals,Proprietary,81,46
100181,LARKIN COMMUNITY HOSPITAL,7031 SW 62ND AVE,(305) 284-7500,Acute Care Hospitals,Proprietary,79,48
100181,LARKIN COMMUNITY HOSPITAL,7031 SW 62ND AVE,(305) 284-7500,Acute Care Hospitals,Proprietary,113,14
100181,LARKIN COMMUNITY HOSPITAL,7031 SW 62ND AVE,(305) 284-7500,Acute Care Hospitals,Proprietary,91,36
100181,LARKIN COMMUNITY HOSPITAL,7031 SW 62ND AVE,(305) 284-7500,Acute Care Hospitals,Proprietary,91,36
100181,LARKIN COMMUNITY HOSPITAL,7031 SW 62ND AVE,(305) 284-7500,Acute Care Hospitals,Proprietary,86,41
100181,LARKIN COMMUNITY HOSPITAL,7031 SW 62ND AVE,(305) 284-7500,Acute Care Hospitals,Proprietary,108,19
100181,LARKIN COMMUNITY HOSPITAL,7031 SW 62ND AVE,(305) 284-7500,Acute Care Hospitals,Proprietary,119,8
100181,LARKIN COMMUNITY HOSPITAL,7031 SW 62ND AVE,(305) 284-7500,Acute Care Hospitals,Proprietary,115,12
100181,LARKIN COMMUNITY HOSPITAL,7031 SW 62ND AVE,(305) 284-7500,Acute Care Hospitals,Proprietary,90,37
100181,LARKIN COMMUNITY HOSPITAL,7031 SW 62ND AVE,(305) 284-7500,Acute Care Hospitals,Proprietary,96,31
100181,LARKIN COMMUNITY HOSPITAL,7031 SW 62ND AVE,(305) 284-7500,Acute Care Hospitals,Proprietary,105,22
100181,LARKIN COMMUNITY HOSPITAL,7031 SW 62ND AVE,(305) 284-7500,Acute Care Hospitals,Proprietary,76,51
100181,LARKIN COMMUNITY HOSPITAL,7031 SW 62ND AVE,(305) 284-7500,Acute Care Hospitals,Proprietary,110,17
100181,LARKIN COMMUNITY HOSPITAL,7031 SW 62ND AVE,(305) 284-7500,Acute Care Hospitals,Proprietary,76,51
100181,LARKIN COMMUNITY HOSPITAL,7031 SW 62ND AVE,(305) 284-7500,Acute Care Hospitals,Proprietary,88,39
100181,LARKIN COMMUNITY HOSPITAL,7031 SW 62ND AVE,(305) 284-7500,Acute Care Hospitals,Proprietary,96,31
100181,LARKIN COMMUNITY HOSPITAL,7031 SW 62ND AVE,(305) 284-7500,Acute Care Hospitals,Proprietary,99,28
100181,LARKIN COMMUNITY HOSPITAL,7031 SW 62ND AVE,(305) 284-7500,Acute Care Hospitals,Proprietary,85,42
100181,LARKIN COMMUNITY HOSPITAL,7031 SW 62ND AVE,(305) 284-7500,Acute Care Hospitals,Proprietary,95,32
100181,LARKIN COMMUNITY HOSPITAL,7031 SW 62ND AVE,(305) 284-7500,Acute Care Hospitals,Proprietary,95,32
100181,LARKIN COMMUNITY HOSPITAL,7031 SW 62ND AVE,(305) 284-7500,Acute Care Hospitals,Proprietary,78,49
100181,LARKIN COMMUNITY HOSPITAL,7031 SW 62ND AVE,(305) 284-7500,Acute Care Hospitals,Proprietary,100,27
100181,LARKIN COMMUNITY HOSPITAL,7031 SW 62ND AVE,(305) 284-7500,Acute Care Hospitals,Proprietary,96,31
100181,LARKIN COMMUNITY HOSPITAL,7031 SW 62ND AVE,(305) 284-7500,Acute Care Hospitals,Proprietary,81,46
100181,LARKIN COMMUNITY HOSPITAL,7031 SW 62ND AVE,(305) 284-7500,Acute Care Hospitals,Proprietary,109,18
100181,LARKIN COMMUNITY HOSPITAL,7031 SW 62ND AVE,(305) 284-7500,Acute Care Hospitals,Proprietary,108,19
100181,LARKIN COMMUNITY HOSPITAL,7031 SW 62ND AVE,(305) 284-7500,Acute Care Hospitals,Proprietary,88,39
100181,LARKIN COMMUNITY HOSPITAL,7031 SW 62ND AVE,(305) 284-7500,Acute Care Hospitals,Proprietary,112,15
100181,LARKIN COMMUNITY HOSPITAL,7031 SW 62ND AVE,(305) 284-7500,Acute Care Hospitals,Proprietary,111,16
