Facility ID,Facility Name,Address,Telephone Number,Hospital Type,Hospital Ownership,Active Beds,Inactive Beds
100213,HCA FLORIDA BLAKE HOSPITAL,2020 59TH ST W,(941) 798-6110,Acute Care Hospitals,Proprietary,273,38
100213,HCA FLORIDA BLAKE HOSPITAL,2020 59TH ST W,(941) 798-6110,Acute Care Hospitals,Proprietary,195,116
100213,HCA FLORIDA BLAKE HOSPITAL,2020 59TH ST W,(941) 798-6110,Acute Care Hospitals,Proprietary,286,25
100213,HCA FLORIDA BLAKE HOSPITAL,2020 59TH ST W,(941) 798-6110,Acute Care Hospitals,Proprietary,274,37
100213,HCA FLORIDA BLAKE HOSPITAL,2020 59TH ST W,(941) 798-6110,Acute Care Hospitals,Proprietary,234,77
100213,HCA FLORIDA BLAKE HOSPITAL,2020 59TH ST W,(941) 798-6110,Acute Care Hospitals,Proprietary,286,25
100213,HCA FLORIDA BLAKE HOSPITAL,2020 59TH ST W,(941) 798-6110,Acute Care Hospitals,Proprietary,195,116
100213,HCA FLORIDA BLAKE HOSPITAL,2020 59TH ST W,(941) 798-6110,Acute Care Hospitals,Proprietary,194,117
100213,HCA FLORIDA BLAKE HOSPITAL,2020 59TH ST W,(941) 798-6110,Acute Care Hospitals,Proprietary,280,31
100213,HCA FLORIDA BLAKE HOSPITAL,2020 59TH ST W,(941) 798-6110,Acute Care Hospitals,Proprietary,269,42
100213,HCA FLORIDA BLAKE HOSPITAL,2020 59TH ST W,(941) 798-6110,Acute Care Hospitals,Proprietary,205,106
100213,HCA FLORIDA BLAKE HOSPITAL,2020 59TH ST W,(941) 798-6110,Acute Care Hospitals,Proprietary,211,100
100213,HCA FLORIDA BLAKE HOSPITAL,2020 59TH ST W,(941) 798-6110,Acute Care Hospitals,Proprietary,278,33
100213,HCA FLORIDA BLAKE HOSPITAL,2020 59TH ST W,(941) 798-6110,Acute Care Hospitals,Proprietary,232,79
100213,HCA FLORIDA BLAKE HOSPITAL,2020 59TH ST W,(941) 798-6110,Acute Care Hospitals,Proprietary,260,51
100213,HCA FLORIDA BLAKE HOSPITAL,2020 59TH ST W,(941) 798-6110,Acute Care Hospitals,Proprietary,188,123
100213,HCA FLORIDA BLAKE HOSPITAL,2020 59TH ST W,(941) 798-6110,Acute Care Hospitals,Proprietary,279,32
100213,HCA FLORIDA BLAKE HOSPITAL,2020 59TH ST W,(941) 798-6110,Acute Care Hospitals,Proprietary,215,96
100213,HCA FLORIDA BLAKE HOSPITAL,2020 59TH ST W,(941) 798-6110,Acute Care Hospitals,Proprietary,187,124
100213,HCA FLORIDA BLAKE HOSPITAL,2020 59TH ST W,(941) 798-6110,Acute Care Hospitals,Proprietary,286,25
100213,HCA FLORIDA BLAKE HOSPITAL,2020 59TH ST W,(941) 798-6110,Acute Care Hospitals,Proprietary,254,57
100213,HCA FLORIDA BLAKE HOSPITAL,2020 59TH ST W,(941) 798-6110,Acute Care Hospitals,Proprietary,237,74
100213,HCA FLORIDA BLAKE HOSPITAL,2020 59TH ST W,(941) 798-6110,Acute Care Hospitals,Proprietary,270,41
100213,HCA FLORIDA BLAKE HOSPITAL,2020 59TH ST W,(941) 798-6110,Acute Care Hospitals,Proprietary,273,38
100213,HCA FLORIDA BLAKE HOSPITAL,2020 59TH ST W,(941) 798-6110,Acute Care Hospitals,Proprietary,271,40
100213,HCA FLORIDA BLAKE HOSPITAL,2020 59TH ST W,(941) 798-6110,Acute Care Hospitals,Proprietary,189,122
100213,HCA FLORIDA BLAKE HOSPITAL,2020 59TH ST W,(941) 798-6110,Acute Care Hospitals,Proprietary,232,79
100213,HCA FLORIDA BLAKE HOSPITAL,2020 59TH ST W,(941) 798-6110,Acute Care Hospitals,Proprietary,224,87
100213,HCA FLORIDA BLAKE HOSPITAL,2020 59TH ST W,(941) 798-6110,Acute Care Hospitals,Proprietary,278,33
100213,HCA FLORIDA BLAKE HOSPITAL,2020 59TH ST W,(941) 798-6110,Acute Care Hospitals,Proprietary,252,59
100213,HCA FLORIDA BLAKE HOSPITAL,2020 59TH ST W,(941) 798-6110,Acute Care Hospitals,Proprietary,266,45
100213,HCA FLORIDA BLAKE HOSPITAL,2020 59TH ST W,(941) 798-6110,Acute Care Hospitals,Proprietary,251,60
100213,HCA FLORIDA BLAKE HOSPITAL,2020 59TH ST W,(941) 798-6110,Acute Care Hospitals,Proprietary,236,75
100213,HCA FLORIDA BLAKE HOSPITAL,2020 59TH ST W,(941) 798-6110,Acute Care Hospitals,Proprietary,280,31
100213,HCA FLORIDA BLAKE HOSPITAL,2020 59TH ST W,(941) 798-6110,Acute Care Hospitals,Proprietary,278,33
100213,HCA FLORIDA BLAKE HOSPITAL,2020 59TH ST W,(941) 798-6110,Acute Care Hospitals,Proprietary,218,93
100213,HCA FLORIDA BLAKE HOSPITAL,2020 59TH ST W,(941) 798-6110,Acute Care Hospitals,Proprietary,205,106
100213,HCA FLORIDA BLAKE HOSPITAL,2020 59TH ST W,(941) 798-6110,Acute Care Hospitals,Proprietary,194,117
100213,HCA FLORIDA BLAKE HOSPITAL,2020 59TH ST W,(941) 798-6110,Acute Care Hospitals,Proprietary,208,103
100213,HCA FLORIDA BLAKE HOSPITAL,2020 59TH ST W,(941) 798-6110,Acute Care Hospitals,Proprietary,241,70
100213,HCA FLORIDA BLAKE HOSPITAL,2020 59TH ST W,(941) 798-6110,Acute Care Hospitals,Proprietary,232,79
100213,HCA FLORIDA BLAKE HOSPITAL,2020 59TH ST W,(941) 798-6110,Acute Care Hospitals,Proprietary,243,68
100213,HCA FLORIDA BLAKE HOSPITAL,2020 59TH ST W,(941) 798-6110,Acute Care Hospitals,Proprietary,224,87
100213,HCA FLORIDA BLAKE HOSPITAL,2020 59TH ST W,(941) 798-6110,Acute Care Hospitals,Proprietary,288,23
100213,HCA FLORIDA BLAKE HOSPITAL,2020 59TH ST W,(941) 798-6110,Acute Care Hospitals,Proprietary,264,47
100213,HCA FLORIDA BLAKE HOSPITAL,2020 59TH ST W,(941) 798-6110,Acute Care Hospitals,Proprietary,277,34
100213,HCA FLORIDA BLAKE HOSPITAL,2020 59TH ST W,(941) 798-6110,Acute Care Hospitals,Proprietary,273,38
100213,HCA FLORIDA BLAKE HOSPITAL,2020 59TH ST W,(941) 798-6110,Acute Care Hospitals,Proprietary,200,111
100213,HCA FLORIDA BLAKE HOSPITAL,2020 59TH ST W,(941) 798-6110,Acute Care Hospitals,Proprietary,222,89
100213,HCA FLORIDA BLAKE HOSPITAL,2020 59TH ST W,(941) 798-6110,Acute Care Hospitals,Proprietary,258,53
100213,HCA FLORIDA BLAKE HOSPITAL,2020 59TH ST W,(941) 798-6110,Acute Care Hospitals,Proprietary,226,85
100213,HCA FLORIDA BLAKE HOSPITAL,2020 59TH ST W,(941) 798-6110,Acute Care Hospitals,Proprietary,199,112
100213,HCA FLORIDA BLAKE HOSPITAL,2020 59TH ST W,(941) 798-6110,Acute Care Hospitals,Proprietary,235,76
100213,HCA FLORIDA BLAKE HOSPITAL,2020 59TH ST W,(941) 798-6110,Acute Care Hospitals,Proprietary,235,76
100213,HCA FLORIDA BLAKE HOSPITAL,2020 59TH ST W,(941) 798-6110,Acute Care Hospitals,Proprietary,249,62
100213,HCA FLORIDA BLAKE HOSPITAL,2020 59TH ST W,(941) 798-6110,Acute Care Hospitals,Proprietary,290,21
100213,HCA FLORIDA BLAKE HOSPITAL,2020 59TH ST W,(941) 798-6110,Acute Care Hospitals,Proprietary,255,56
100213,HCA FLORIDA BLAKE HOSPITAL,2020 59TH ST W,(941) 798-6110,Acute Care Hospitals,Proprietary,249,62
100213,HCA FLORIDA BLAKE HOSPITAL,2020 59TH ST W,(941) 798-6110,Acute Care Hospitals,Proprietary,249,62
100213,HCA FLORIDA BLAKE HOSPITAL,2020 59TH ST W,(941) 798-6110,Acute Care Hospitals,Proprietary,202,109
100213,HCA FLORIDA BLAKE HOSPITAL,2020 59TH ST W,(941) 798-6110,Acute Care Hospitals,Proprietary,191,120
100213,HCA FLORIDA BLAKE HOSPITAL,2020 59TH ST W,(941) 798-6110,Acute Care Hospitals,Proprietary,258,53
100213,HCA FLORIDA BLAKE HOSPITAL,2020 59TH ST W,(941) 798-6110,Acute Care Hospitals,Proprietary,238,73
100213,HCA FLORIDA BLAKE HOSPITAL,2020 59TH ST W,(941) 798-6110,Acute Care Hospitals,Proprietary,245,66
100213,HCA FLORIDA BLAKE HOSPITAL,2020 59TH ST W,(941) 798-6110,Acute Care Hospitals,Proprietary,186,125
100213,HCA FLORIDA BLAKE HOSPITAL,2020 59TH ST W,(941) 798-6110,Acute Care Hospitals,Proprietary,291,20
100213,HCA FLORIDA BLAKE HOSPITAL,2020 59TH ST W,(941) 798-6110,Acute Care Hospitals,Proprietary,290,21
100213,HCA FLORIDA BLAKE HOSPITAL,2020 59TH ST W,(941) 798-6110,Acute Care Hospitals,Proprietary,255,56
100213,HCA FLORIDA BLAKE HOSPITAL,2020 59TH ST W,(941) 798-6110,Acute Care Hospitals,Proprietary,200,111
100213,HCA FLORIDA BLAKE HOSPITAL,2020 59TH ST W,(941) 798-6110,Acute Care Hospitals,Proprietary,222,89
100213,HCA FLORIDA BLAKE HOSPITAL,2020 59TH ST W,(941) 798-6110,Acute Care Hospitals,Proprietary,220,91
100213,HCA FLORIDA BLAKE HOSPITAL,2020 59TH ST W,(941) 798-6110,Acute Care Hospitals,Proprietary,281,30
100213,HCA FLORIDA BLAKE HOSPITAL,2020 59TH ST W,(941) 798-6110,Acute Care Hospitals,Proprietary,203,108
100213,HCA FLORIDA BLAKE HOSPITAL,2020 59TH ST W,(941) 798-6110,Acute Care Hospitals,Proprietary,260,51
100213,HCA FLORIDA BLAKE HOSPITAL,2020 59TH ST W,(941) 798-6110,Acute Care Hospitals,Proprietary,291,20
100213,HCA FLORIDA BLAKE HOSPITAL,2020 59TH ST W,(941) 798-6110,Acute Care Hospitals,Proprietary,267,44
100213,HCA FLORIDA BLAKE HOSPITAL,2020 59TH ST W,(941) 798-6110,Acute Care Hospitals,Proprietary,245,66
100213,HCA FLORIDA BLAKE HOSPITAL,2020 59TH ST W,(941) 798-6110,Acute Care Hospitals,Proprietary,272,39
100213,HCA FLORIDA BLAKE HOSPITAL,2020 59TH ST W,(941) 798-6110,Acute Care Hospitals,Proprietary,247,64
100213,HCA FLORIDA BLAKE HOSPITAL,2020 59TH ST W,(941) 798-6110,Acute Care Hospitals,Proprietary,216,95
100213,HCA FLORIDA BLAKE HOSPITAL,2020 59TH ST W,(941) 798-6110,Acute Care Hospitals,Proprietary,206,105
100213,HCA FLORIDA BLAKE HOSPITAL,2020 59TH ST W,(941) 798-6110,Acute Care Hospitals,Proprietary,282,29
100213,HCA FLORIDA BLAKE HOSPITAL,2020 59TH ST W,(941) 798-6110,Acute Care Hospitals,Proprietary,200,111
100213,HCA FLORIDA BLAKE HOSPITAL,2020 59TH ST W,(941) 798-6110,Acute Care Hospitals,Proprietary,216,95
100213,HCA FLORIDA BLAKE HOSPITAL,2020 59TH ST W,(941) 798-6110,Acute Care Hospitals,Proprietary,275,36
100213,HCA FLORIDA BLAKE HOSPITAL,2020 59TH ST W,(941) 798-6110,Acute Care Hospitals,Proprietary,246,65
100213,HCA FLORIDA BLAKE HOSPITAL,2020 59TH ST W,(941) 798-6110,Acute Care Hospitals,Proprietary,259,52
100213,HCA FLORIDA BLAKE HOSPITAL,2020 59TH ST W,(941) 798-6110,Acute Care Hospitals,Proprietary,210,101
100213,HCA FLORIDA BLAKE HOSPITAL,2020 59TH ST W,(941) 798-6110,Acute Care Hospitals,Proprietary,285,26
100213,HCA FLORIDA BLAKE HOSPITAL,2020 59TH ST W,(941) 798-6110,Acute Care Hospitals,Proprietary,201,110
100213,HCA FLORIDA BLAKE HOSPITAL,2020 59TH ST W,(941) 798-6110,Acute Care Hospitals,Proprietary,283,28
100213,HCA FLORIDA BLAKE HOSPITAL,2020 59TH ST W,(941) 798-6110,Acute Care Hospitals,Proprietary,257,54
100213,HCA FLORIDA BLAKE HOSPITAL,2020 59TH ST W,(941) 798-6110,Acute Care Hospitals,Proprietary,218,93
100213,HCA FLORIDA BLAKE HOSPITAL,2020 59TH ST W,(941) 798-6110,Acute Care Hospitals,Proprietary,206,105
100213,HCA FLORIDA BLAKE HOSPITAL,2020 59TH ST W,(941) 798-6110,Acute Care Hospitals,Proprietary,293,18
100213,HCA FLORIDA BLAKE HOSPITAL,2020 59TH ST W,(941) 798-6110,Acute Care Hospitals,Proprietary,270,41
100213,HCA FLORIDA BLAKE HOSPITAL,2020 59TH ST W,(941) 798-6110,Acute Care Hospitals,Proprietary,207,104
100213,HCA FLORIDA BLAKE HOSPITAL,2020 59TH ST W,(941) 798-6110,Acute Care Hospitals,Proprietary,214,97
100213,HCA FLORIDA BLAKE HOSPITAL,2020 59TH ST W,(941) 798-6110,Acute Care Hospitals,Proprietary,209,102
100213,HCA FLORIDA BLAKE HOSPITAL,2020 59TH ST W,(941) 798-6110,Acute Care Hospitals,Proprietary,216,95
100213,HCA FLORIDA BLAKE HOSPITAL,2020 59TH ST W,(941) 798-6110,Acute Care Hospitals,Proprietary,280,31
100213,HCA FLORIDA BLAKE HOSPITAL,2020 59TH ST W,(941) 798-6110,Acute Care Hospitals,Proprietary,284,27
100213,HCA FLORIDA BLAKE HOSPITAL,2020 59TH ST W,(941) 798-6110,Acute Care Hospitals,Proprietary,240,71
100213,HCA FLORIDA BLAKE HOSPITAL,2020 59TH ST W,(941) 798-6110,Acute Care Hospitals,Proprietary,294,17
100213,HCA FLORIDA BLAKE HOSPITAL,2020 59TH ST W,(941) 798-6110,Acute Care Hospitals,Proprietary,187,124
100213,HCA FLORIDA BLAKE HOSPITAL,2020 59TH ST W,(941) 798-6110,Acute Care Hospitals,Proprietary,194,117
100213,HCA FLORIDA BLAKE HOSPITAL,2020 59TH ST W,(941) 798-6110,Acute Care Hospitals,Proprietary,204,107
100213,HCA FLORIDA BLAKE HOSPITAL,2020 59TH ST W,(941) 798-6110,Acute Care Hospitals,Proprietary,280,31
100213,HCA FLORIDA BLAKE HOSPITAL,2020 59TH ST W,(941) 798-6110,Acute Care Hospitals,Proprietary,265,46
100213,HCA FLORIDA BLAKE HOSPITAL,2020 59TH ST W,(941) 798-6110,Acute Care Hospitals,Proprietary,274,37
100213,HCA FLORIDA BLAKE HOSPITAL,2020 59TH ST W,(941) 798-6110,Acute Care Hospitals,Proprietary,274,37
100213,HCA FLORIDA BLAKE HOSPITAL,2020 59TH ST W,(941) 798-6110,Acute Care Hospitals,Proprietary,276,35
100213,HCA FLORIDA BLAKE HOSPITAL,2020 59TH ST W,(941) 798-6110,Acute Care Hospitals,Proprietary,231,80
100213,HCA FLORIDA BLAKE HOSPITAL,2020 59TH ST W,(941) 798-6110,Acute Care Hospitals,Proprietary,291,20
100213,HCA FLORIDA BLAKE HOSPITAL,2020 59TH ST W,(941) 798-6110,Acute Care Hospitals,Proprietary,279,32
100213,HCA FLORIDA BLAKE HOSPITAL,2020 59TH ST W,(941) 798-6110,Acute Care Hospitals,Proprietary,242,69
100213,HCA FLORIDA BLAKE HOSPITAL,2020 59TH ST W,(941) 798-6110,Acute Care Hospitals,Proprietary,251,60
100213,HCA FLORIDA BLAKE HOSPITAL,2020 59TH ST W,(941) 798-6110,Acute Care Hospitals,Proprietary,270,41
100213,HCA FLORIDA BLAKE HOSPITAL,2020 59TH ST W,(941) 798-6110,Acute Care Hospitals,Proprietary,281,30
100213,HCA FLORIDA BLAKE HOSPITAL,2020 59TH ST W,(941) 798-6110,Acute Care Hospitals,Proprietary,215,96
100213,HCA FLORIDA BLAKE HOSPITAL,2020 59TH ST W,(941) 798-6110,Acute Care Hospitals,Proprietary,287,24
100213,HCA FLORIDA BLAKE HOSPITAL,2020 59TH ST W,(941) 798-6110,Acute Care Hospitals,Proprietary,236,75
100213,HCA FLORIDA BLAKE HOSPITAL,2020 59TH ST W,(941) 798-6110,Acute Care Hospitals,Proprietary,244,67
100213,HCA FLORIDA BLAKE HOSPITAL,2020 59TH ST W,(941) 798-6110,Acute Care Hospitals,Proprietary,267,44
100213,HCA FLORIDA BLAKE HOSPITAL,2020 59TH ST W,(941) 798-6110,Acute Care Hospitals,Proprietary,231,80
100213,HCA FLORIDA BLAKE HOSPITAL,2020 59TH ST W,(941) 798-6110,Acute Care Hospitals,Proprietary,225,86
100213,HCA FLORIDA BLAKE HOSPITAL,2020 59TH ST W,(941) 798-6110,Acute Care Hospitals,Proprietary,294,17
100213,HCA FLORIDA BLAKE HOSPITAL,2020 59TH ST W,(941) 798-6110,Acute Care Hospitals,Proprietary,295,16
100213,HCA FLORIDA BLAKE HOSPITAL,2020 59TH ST W,(941) 798-6110,Acute Care Hospitals,Proprietary,282,29
100213,HCA FLORIDA BLAKE HOSPITAL,2020 59TH ST W,(941) 798-6110,Acute Care Hospitals,Proprietary,268,43
100213,HCA FLORIDA BLAKE HOSPITAL,2020 59TH ST W,(941) 798-6110,Acute Care Hospitals,Proprietary,221,90
100213,HCA FLORIDA BLAKE HOSPITAL,2020 59TH ST W,(941) 798-6110,Acute Care Hospitals,Proprietary,257,54
100213,HCA FLORIDA BLAKE HOSPITAL,2020 59TH ST W,(941) 798-6110,Acute Care Hospitals,Proprietary,203,108
100213,HCA FLORIDA BLAKE HOSPITAL,2020 59TH ST W,(941) 798-6110,Acute Care Hospitals,Proprietary,236,75
100213,HCA FLORIDA BLAKE HOSPITAL,2020 59TH ST W,(941) 798-6110,Acute Care Hospitals,Proprietary,213,98
100213,HCA FLORIDA BLAKE HOSPITAL,2020 59TH ST W,(941) 798-6110,Acute Care Hospitals,Proprietary,293,18
100213,HCA FLORIDA BLAKE HOSPITAL,2020 59TH ST W,(941) 798-6110,Acute Care Hospitals,Proprietary,258,53
100213,HCA FLORIDA BLAKE HOSPITAL,2020 59TH ST W,(941) 798-6110,Acute Care Hospitals,Proprietary,233,78
100213,HCA FLORIDA BLAKE HOSPITAL,2020 59TH ST W,(941) 798-6110,Acute Care Hospitals,Proprietary,230,81
100213,HCA FLORIDA BLAKE HOSPITAL,2020 59TH ST W,(941) 798-6110,Acute Care Hospitals,Proprietary,188,123
100213,HCA FLORIDA BLAKE HOSPITAL,2020 59TH ST W,(941) 798-6110,Acute Care Hospitals,Proprietary,294,17
100213,HCA FLORIDA BLAKE HOSPITAL,2020 59TH ST W,(941) 798-6110,Acute Care Hospitals,Proprietary,225,86
100213,HCA FLORIDA BLAKE HOSPITAL,2020 59TH ST W,(941) 798-6110,Acute Care Hospitals,Proprietary,211,100
100213,HCA FLORIDA BLAKE HOSPITAL,2020 59TH ST W,(941) 798-6110,Acute Care Hospitals,Proprietary,255,56
100213,HCA FLORIDA BLAKE HOSPITAL,2020 59TH ST W,(941) 798-6110,Acute Care Hospitals,Proprietary,188,123
100213,HCA FLORIDA BLAKE HOSPITAL,2020 59TH ST W,(941) 798-6110,Acute Care Hospitals,Proprietary,200,111
100213,HCA FLORIDA BLAKE HOSPITAL,2020 59TH ST W,(941) 798-6110,Acute Care Hospitals,Proprietary,288,23
100213,HCA FLORIDA BLAKE HOSPITAL,2020 59TH ST W,(941) 798-6110,Acute Care Hospitals,Proprietary,254,57
100213,HCA FLORIDA BLAKE HOSPITAL,2020 59TH ST W,(941) 798-6110,Acute Care Hospitals,Proprietary,208,103
100213,HCA FLORIDA BLAKE HOSPITAL,2020 59TH ST W,(941) 798-6110,Acute Care Hospitals,Proprietary,242,69
100213,HCA FLORIDA BLAKE HOSPITAL,2020 59TH ST W,(941) 798-6110,Acute Care Hospitals,Proprietary,224,87
100213,HCA FLORIDA BLAKE HOSPITAL,2020 59TH ST W,(941) 798-6110,Acute Care Hospitals,Proprietary,276,35
100213,HCA FLORIDA BLAKE HOSPITAL,2020 59TH ST W,(941) 798-6110,Acute Care Hospitals,Proprietary,219,92
100213,HCA FLORIDA BLAKE HOSPITAL,2020 59TH ST W,(941) 798-6110,Acute Care Hospitals,Proprietary,293,18
100213,HCA FLORIDA BLAKE HOSPITAL,2020 59TH ST W,(941) 798-6110,Acute Care Hospitals,Proprietary,268,43
100213,HCA FLORIDA BLAKE HOSPITAL,2020 59TH ST W,(941) 798-6110,Acute Care Hospitals,Proprietary,196,115
100213,HCA FLORIDA BLAKE HOSPITAL,2020 59TH ST W,(941) 798-6110,Acute Care Hospitals,Proprietary,227,84
100213,HCA FLORIDA BLAKE HOSPITAL,2020 59TH ST W,(941) 798-6110,Acute Care Hospitals,Proprietary,250,61
100213,HCA FLORIDA BLAKE HOSPITAL,2020 59TH ST W,(941) 798-6110,Acute Care Hospitals,Proprietary,256,55
100213,HCA FLORIDA BLAKE HOSPITAL,2020 59TH ST W,(941) 798-6110,Acute Care Hospitals,Proprietary,248,63
100213,HCA FLORIDA BLAKE HOSPITAL,2020 59TH ST W,(941) 798-6110,Acute Care Hospitals,Proprietary,259,52
100213,HCA FLORIDA BLAKE HOSPITAL,2020 59TH ST W,(941) 798-6110,Acute Care Hospitals,Proprietary,218,93
100213,HCA FLORIDA BLAKE HOSPITAL,2020 59TH ST W,(941) 798-6110,Acute Care Hospitals,Proprietary,229,82
100213,HCA FLORIDA BLAKE HOSPITAL,2020 59TH ST W,(941) 798-6110,Acute Care Hospitals,Proprietary,211,100
100213,HCA FLORIDA BLAKE HOSPITAL,2020 59TH ST W,(941) 798-6110,Acute Care Hospitals,Proprietary,213,98
100213,HCA FLORIDA BLAKE HOSPITAL,2020 59TH ST W,(941) 798-6110,Acute Care Hospitals,Proprietary,289,22
100213,HCA FLORIDA BLAKE HOSPITAL,2020 59TH ST W,(941) 798-6110,Acute Care Hospitals,Proprietary,244,67
100213,HCA FLORIDA BLAKE HOSPITAL,2020 59TH ST W,(941) 798-6110,Acute Care Hospitals,Proprietary,233,78
100213,HCA FLORIDA BLAKE HOSPITAL,2020 59TH ST W,(941) 798-6110,Acute Care Hospitals,Proprietary,292,19
100213,HCA FLORIDA BLAKE HOSPITAL,2020 59TH ST W,(941) 798-6110,Acute Care Hospitals,Proprietary,268,43
100213,HCA FLORIDA BLAKE HOSPITAL,2020 59TH ST W,(941) 798-6110,Acute Care Hospitals,Proprietary,289,22
100213,HCA FLORIDA BLAKE HOSPITAL,2020 59TH ST W,(941) 798-6110,Acute Care Hospitals,Proprietary,254,57
100213,HCA FLORIDA BLAKE HOSPITAL,2020 59TH ST W,(941) 798-6110,Acute Care Hospitals,Proprietary,284,27
100213,HCA FLORIDA BLAKE HOSPITAL,2020 59TH ST W,(941) 798-6110,Acute Care Hospitals,Proprietary,227,84
100213,HCA FLORIDA BLAKE HOSPITAL,2020 59TH ST W,(941) 798-6110,Acute Care Hospitals,Proprietary,257,54
100213,HCA FLORIDA BLAKE HOSPITAL,2020 59TH ST W,(941) 798-6110,Acute Care Hospitals,Proprietary,215,96
100213,HCA FLORIDA BLAKE HOSPITAL,2020 59TH ST W,(941) 798-6110,Acute Care Hospitals,Proprietary,226,85
100213,HCA FLORIDA BLAKE HOSPITAL,2020 59TH ST W,(941) 798-6110,Acute Care Hospitals,Proprietary,195,116
100213,HCA FLORIDA BLAKE HOSPITAL,2020 59TH ST W,(941) 798-6110,Acute Care Hospitals,Proprietary,252,59
100213,HCA FLORIDA BLAKE HOSPITAL,2020 59TH ST W,(941) 798-6110,Acute Care Hospitals,Proprietary,199,112
100213,HCA FLORIDA BLAKE HOSPITAL,2020 59TH ST W,(941) 798-6110,Acute Care Hospitals,Proprietary,250,61
100213,HCA FLORIDA BLAKE HOSPITAL,2020 59TH ST W,(941) 798-6110,Acute Care Hospitals,Proprietary,186,125
100213,HCA FLORIDA BLAKE HOSPITAL,2020 59TH ST W,(941) 798-6110,Acute Care Hospitals,Proprietary,241,70
100213,HCA FLORIDA BLAKE HOSPITAL,2020 59TH ST W,(941) 798-6110,Acute Care Hospitals,Proprietary,218,93
100213,HCA FLORIDA BLAKE HOSPITAL,2020 59TH ST W,(941) 798-6110,Acute Care Hospitals,Proprietary,252,59
100213,HCA FLORIDA BLAKE HOSPITAL,2020 59TH ST W,(941) 798-6110,Acute Care Hospitals,Proprietary,277,34
100213,HCA FLORIDA BLAKE HOSPITAL,2020 59TH ST W,(941) 798-6110,Acute Care Hospitals,Proprietary,228,83
100213,HCA FLORIDA BLAKE HOSPITAL,2020 59TH ST W,(941) 798-6110,Acute Care Hospitals,Proprietary,287,24
100213,HCA FLORIDA BLAKE HOSPITAL,2020 59TH ST W,(941) 798-6110,Acute Care Hospitals,Proprietary,206,105
100213,HCA FLORIDA BLAKE HOSPITAL,2020 59TH ST W,(941) 798-6110,Acute Care Hospitals,Proprietary,200,111
100213,HCA FLORIDA BLAKE HOSPITAL,2020 59TH ST W,(941) 798-6110,Acute Care Hospitals,Proprietary,274,37
100213,HCA FLORIDA BLAKE HOSPITAL,2020 59TH ST W,(941) 798-6110,Acute Care Hospitals,Proprietary,247,64
100213,HCA FLORIDA BLAKE HOSPITAL,2020 59TH ST W,(941) 798-6110,Acute Care Hospitals,Proprietary,252,59
100213,HCA FLORIDA BLAKE HOSPITAL,2020 59TH ST W,(941) 798-6110,Acute Care Hospitals,Proprietary,230,81
100213,HCA FLORIDA BLAKE HOSPITAL,2020 59TH ST W,(941) 798-6110,Acute Care Hospitals,Proprietary,258,53
100213,HCA FLORIDA BLAKE HOSPITAL,2020 59TH ST W,(941) 798-6110,Acute Care Hospitals,Proprietary,284,27
100213,HCA FLORIDA BLAKE HOSPITAL,2020 59TH ST W,(941) 798-6110,Acute Care Hospitals,Proprietary,285,26
100213,HCA FLORIDA BLAKE HOSPITAL,2020 59TH ST W,(941) 798-6110,Acute Care Hospitals,Proprietary,189,122
100213,HCA FLORIDA BLAKE HOSPITAL,2020 59TH ST W,(941) 798-6110,Acute Care Hospitals,Proprietary,221,90
100213,HCA FLORIDA BLAKE HOSPITAL,2020 59TH ST W,(941) 798-6110,Acute Care Hospitals,Proprietary,195,116
100213,HCA FLORIDA BLAKE HOSPITAL,2020 59TH ST W,(941) 798-6110,Acute Care Hospitals,Proprietary,279,32
100213,HCA FLORIDA BLAKE HOSPITAL,2020 59TH ST W,(941) 798-6110,Acute Care Hospitals,Proprietary,240,71
100213,HCA FLORIDA BLAKE HOSPITAL,2020 59TH ST W,(941) 798-6110,Acute Care Hospitals,Proprietary,244,67
100213,HCA FLORIDA BLAKE HOSPITAL,2020 59TH ST W,(941) 798-6110,Acute Care Hospitals,Proprietary,238,73
100213,HCA FLORIDA BLAKE HOSPITAL,2020 59TH ST W,(941) 798-6110,Acute Care Hospitals,Proprietary,193,118
100213,HCA FLORIDA BLAKE HOSPITAL,2020 59TH ST W,(941) 798-6110,Acute Care Hospitals,Proprietary,282,29
100213,HCA FLORIDA BLAKE HOSPITAL,2020 59TH ST W,(941) 798-6110,Acute Care Hospitals,Proprietary,241,70
100213,HCA FLORIDA BLAKE HOSPITAL,2020 59TH ST W,(941) 798-6110,Acute Care Hospitals,Proprietary,211,100
100213,HCA FLORIDA BLAKE HOSPITAL,2020 59TH ST W,(941) 798-6110,Acute Care Hospitals,Proprietary,212,99
100213,HCA FLORIDA BLAKE HOSPITAL,2020 59TH ST W,(941) 798-6110,Acute Care Hospitals,Proprietary,209,102
100213,HCA FLORIDA BLAKE HOSPITAL,2020 59TH ST W,(941) 798-6110,Acute Care Hospitals,Proprietary,230,81
100213,HCA FLORIDA BLAKE HOSPITAL,2020 59TH ST W,(941) 798-6110,Acute Care Hospitals,Proprietary,277,34
100213,HCA FLORIDA BLAKE HOSPITAL,2020 59TH ST W,(941) 798-6110,Acute Care Hospitals,Proprietary,213,98
100213,HCA FLORIDA BLAKE HOSPITAL,2020 59TH ST W,(941) 798-6110,Acute Care Hospitals,Proprietary,220,91
100213,HCA FLORIDA BLAKE HOSPITAL,2020 59TH ST W,(941) 798-6110,Acute Care Hospitals,Proprietary,270,41
100213,HCA FLORIDA BLAKE HOSPITAL,2020 59TH ST W,(941) 798-6110,Acute Care Hospitals,Proprietary,229,82
100213,HCA FLORIDA BLAKE HOSPITAL,2020 59TH ST W,(941) 798-6110,Acute Care Hospitals,Proprietary,205,106
100213,HCA FLORIDA BLAKE HOSPITAL,2020 59TH ST W,(941) 798-6110,Acute Care Hospitals,Proprietary,235,76
100213,HCA FLORIDA BLAKE HOSPITAL,2020 59TH ST W,(941) 798-6110,Acute Care Hospitals,Proprietary,205,106
100213,HCA FLORIDA BLAKE HOSPITAL,2020 59TH ST W,(941) 798-6110,Acute Care Hospitals,Proprietary,268,43
100213,HCA FLORIDA BLAKE HOSPITAL,2020 59TH ST W,(941) 798-6110,Acute Care Hospitals,Proprietary,206,105
100213,HCA FLORIDA BLAKE HOSPITAL,2020 59TH ST W,(941) 798-6110,Acute Care Hospitals,Proprietary,248,63
100213,HCA FLORIDA BLAKE HOSPITAL,2020 59TH ST W,(941) 798-6110,Acute Care Hospitals,Proprietary,208,103
100213,HCA FLORIDA BLAKE HOSPITAL,2020 59TH ST W,(941) 798-6110,Acute Care Hospitals,Proprietary,234,77
100213,HCA FLORIDA BLAKE HOSPITAL,2020 59TH ST W,(941) 798-6110,Acute Care Hospitals,Proprietary,192,119
100213,HCA FLORIDA BLAKE HOSPITAL,2020 59TH ST W,(941) 798-6110,Acute Care Hospitals,Proprietary,247,64
100213,HCA FLORIDA BLAKE HOSPITAL,2020 59TH ST W,(941) 798-6110,Acute Care Hospitals,Proprietary,214,97
100213,HCA FLORIDA BLAKE HOSPITAL,2020 59TH ST W,(941) 798-6110,Acute Care Hospitals,Proprietary,233,78
100213,HCA FLORIDA BLAKE HOSPITAL,2020 59TH ST W,(941) 798-6110,Acute Care Hospitals,Proprietary,239,72
100213,HCA FLORIDA BLAKE HOSPITAL,2020 59TH ST W,(941) 798-6110,Acute Care Hospitals,Proprietary,240,71
100213,HCA FLORIDA BLAKE HOSPITAL,2020 59TH ST W,(941) 798-6110,Acute Care Hospitals,Proprietary,211,100
100213,HCA FLORIDA BLAKE HOSPITAL,2020 59TH ST W,(941) 798-6110,Acute Care Hospitals,Proprietary,215,96
100213,HCA FLORIDA BLAKE HOSPITAL,2020 59TH ST W,(941) 798-6110,Acute Care Hospitals,Proprietary,193,118
100213,HCA FLORIDA BLAKE HOSPITAL,2020 59TH ST W,(941) 798-6110,Acute Care Hospitals,Proprietary,275,36
100213,HCA FLORIDA BLAKE HOSPITAL,2020 59TH ST W,(941) 798-6110,Acute Care Hospitals,Proprietary,188,123
100213,HCA FLORIDA BLAKE HOSPITAL,2020 59TH ST W,(941) 798-6110,Acute Care Hospitals,Proprietary,290,21
100213,HCA FLORIDA BLAKE HOSPITAL,2020 59TH ST W,(941) 798-6110,Acute Care Hospitals,Proprietary,207,104
100213,HCA FLORIDA BLAKE HOSPITAL,2020 59TH ST W,(941) 798-6110,Acute Care Hospitals,Proprietary,258,53
100213,HCA FLORIDA BLAKE HOSPITAL,2020 59TH ST W,(941) 798-6110,Acute Care Hospitals,Proprietary,257,54
100213,HCA FLORIDA BLAKE HOSPITAL,2020 59TH ST W,(941) 798-6110,Acute Care Hospitals,Proprietary,223,88
100213,HCA FLORIDA BLAKE HOSPITAL,2020 59TH ST W,(941) 798-6110,Acute Care Hospitals,Proprietary,207,104
100213,HCA FLORIDA BLAKE HOSPITAL,2020 59TH ST W,(941) 798-6110,Acute Care Hospitals,Proprietary,274,37
100213,HCA FLORIDA BLAKE HOSPITAL,2020 59TH ST W,(941) 798-6110,Acute Care Hospitals,Proprietary,240,71
100213,HCA FLORIDA BLAKE HOSPITAL,2020 59TH ST W,(941) 798-6110,Acute Care Hospitals,Proprietary,219,92
100213,HCA FLORIDA BLAKE HOSPITAL,2020 59TH ST W,(941) 798-6110,Acute Care Hospitals,Proprietary,215,96
100213,HCA FLORIDA BLAKE HOSPITAL,2020 59TH ST W,(941) 798-6110,Acute Care Hospitals,Proprietary,288,23
100213,HCA FLORIDA BLAKE HOSPITAL,2020 59TH ST W,(941) 798-6110,Acute Care Hospitals,Proprietary,215,96
100213,HCA FLORIDA BLAKE HOSPITAL,2020 59TH ST W,(941) 798-6110,Acute Care Hospitals,Proprietary,289,22
100213,HCA FLORIDA BLAKE HOSPITAL,2020 59TH ST W,(941) 798-6110,Acute Care Hospitals,Proprietary,195,116
100213,HCA FLORIDA BLAKE HOSPITAL,2020 59TH ST W,(941) 798-6110,Acute Care Hospitals,Proprietary,288,23
100213,HCA FLORIDA BLAKE HOSPITAL,2020 59TH ST W,(941) 798-6110,Acute Care Hospitals,Proprietary,266,45
100213,HCA FLORIDA BLAKE HOSPITAL,2020 59TH ST W,(941) 798-6110,Acute Care Hospitals,Proprietary,207,104
100213,HCA FLORIDA BLAKE HOSPITAL,2020 59TH ST W,(941) 798-6110,Acute Care Hospitals,Proprietary,231,80
100213,HCA FLORIDA BLAKE HOSPITAL,2020 59TH ST W,(941) 798-6110,Acute Care Hospitals,Proprietary,236,75
100213,HCA FLORIDA BLAKE HOSPITAL,2020 59TH ST W,(941) 798-6110,Acute Care Hospitals,Proprietary,190,121
100213,HCA FLORIDA BLAKE HOSPITAL,2020 59TH ST W,(941) 798-6110,Acute Care Hospitals,Proprietary,221,90
100213,HCA FLORIDA BLAKE HOSPITAL,2020 59TH ST W,(941) 798-6110,Acute Care Hospitals,Proprietary,279,32
100213,HCA FLORIDA BLAKE HOSPITAL,2020 59TH ST W,(941) 798-6110,Acute Care Hospitals,Proprietary,206,105
100213,HCA FLORIDA BLAKE HOSPITAL,2020 59TH ST W,(941) 798-6110,Acute Care Hospitals,Proprietary,272,39
100213,HCA FLORIDA BLAKE HOSPITAL,2020 59TH ST W,(941) 798-6110,Acute Care Hospitals,Proprietary,257,54
100213,HCA FLORIDA BLAKE HOSPITAL,2020 59TH ST W,(941) 798-6110,Acute Care Hospitals,Proprietary,227,84
100213,HCA FLORIDA BLAKE HOSPITAL,2020 59TH ST W,(941) 798-6110,Acute Care Hospitals,Proprietary,274,37
100213,HCA FLORIDA BLAKE HOSPITAL,2020 59TH ST W,(941) 798-6110,Acute Care Hospitals,Proprietary,214,97
100213,HCA FLORIDA BLAKE HOSPITAL,2020 59TH ST W,(941) 798-6110,Acute Care Hospitals,Proprietary,281,30
100213,HCA FLORIDA BLAKE HOSPITAL,2020 59TH ST W,(941) 798-6110,Acute Care Hospitals,Proprietary,251,60
100213,HCA FLORIDA BLAKE HOSPITAL,2020 59TH ST W,(941) 798-6110,Acute Care Hospitals,Proprietary,285,26
100213,HCA FLORIDA BLAKE HOSPITAL,2020 59TH ST W,(941) 798-6110,Acute Care Hospitals,Proprietary,280,31
100213,HCA FLORIDA BLAKE HOSPITAL,2020 59TH ST W,(941) 798-6110,Acute Care Hospitals,Proprietary,208,103
100213,HCA FLORIDA BLAKE HOSPITAL,2020 59TH ST W,(941) 798-6110,Acute Care Hospitals,Proprietary,223,88
100213,HCA FLORIDA BLAKE HOSPITAL,2020 59TH ST W,(941) 798-6110,Acute Care Hospitals,Proprietary,266,45
100213,HCA FLORIDA BLAKE HOSPITAL,2020 59TH ST W,(941) 798-6110,Acute Care Hospitals,Proprietary,192,119
100213,HCA FLORIDA BLAKE HOSPITAL,2020 59TH ST W,(941) 798-6110,Acute Care Hospitals,Proprietary,277,34
100213,HCA FLORIDA BLAKE HOSPITAL,2020 59TH ST W,(941) 798-6110,Acute Care Hospitals,Proprietary,189,122
100213,HCA FLORIDA BLAKE HOSPITAL,2020 59TH ST W,(941) 798-6110,Acute Care Hospitals,Proprietary,227,84
100213,HCA FLORIDA BLAKE HOSPITAL,2020 59TH ST W,(941) 798-6110,Acute Care Hospitals,Proprietary,284,27
100213,HCA FLORIDA BLAKE HOSPITAL,2020 59TH ST W,(941) 798-6110,Acute Care Hospitals,Proprietary,237,74
100213,HCA FLORIDA BLAKE HOSPITAL,2020 59TH ST W,(941) 798-6110,Acute Care Hospitals,Proprietary,280,31
100213,HCA FLORIDA BLAKE HOSPITAL,2020 59TH ST W,(941) 798-6110,Acute Care Hospitals,Proprietary,187,124
100213,HCA FLORIDA BLAKE HOSPITAL,2020 59TH ST W,(941) 798-6110,Acute Care Hospitals,Proprietary,281,30
100213,HCA FLORIDA BLAKE HOSPITAL,2020 59TH ST W,(941) 798-6110,Acute Care Hospitals,Proprietary,255,56
100213,HCA FLORIDA BLAKE HOSPITAL,2020 59TH ST W,(941) 798-6110,Acute Care Hospitals,Proprietary,187,124
100213,HCA FLORIDA BLAKE HOSPITAL,2020 59TH ST W,(941) 798-6110,Acute Care Hospitals,Proprietary,216,95
100213,HCA FLORIDA BLAKE HOSPITAL,2020 59TH ST W,(941) 798-6110,Acute Care Hospitals,Proprietary,191,120
100213,HCA FLORIDA BLAKE HOSPITAL,2020 59TH ST W,(941) 798-6110,Acute Care Hospitals,Proprietary,241,70
100213,HCA FLORIDA BLAKE HOSPITAL,2020 59TH ST W,(941) 798-6110,Acute Care Hospitals,Proprietary,209,102
100213,HCA FLORIDA BLAKE HOSPITAL,2020 59TH ST W,(941) 798-6110,Acute Care Hospitals,Proprietary,278,33
100213,HCA FLORIDA BLAKE HOSPITAL,2020 59TH ST W,(941) 798-6110,Acute Care Hospitals,Proprietary,278,33
100213,HCA FLORIDA BLAKE HOSPITAL,2020 59TH ST W,(941) 798-6110,Acute Care Hospitals,Proprietary,287,24
100213,HCA FLORIDA BLAKE HOSPITAL,2020 59TH ST W,(941) 798-6110,Acute Care Hospitals,Proprietary,188,123
100213,HCA FLORIDA BLAKE HOSPITAL,2020 59TH ST W,(941) 798-6110,Acute Care Hospitals,Proprietary,277,34
100213,HCA FLORIDA BLAKE HOSPITAL,2020 59TH ST W,(941) 798-6110,Acute Care Hospitals,Proprietary,202,109
100213,HCA FLORIDA BLAKE HOSPITAL,2020 59TH ST W,(941) 798-6110,Acute Care Hospitals,Proprietary,281,30
100213,HCA FLORIDA BLAKE HOSPITAL,2020 59TH ST W,(941) 798-6110,Acute Care Hospitals,Proprietary,223,88
100213,HCA FLORIDA BLAKE HOSPITAL,2020 59TH ST W,(941) 798-6110,Acute Care Hospitals,Proprietary,207,104
100213,HCA FLORIDA BLAKE HOSPITAL,2020 59TH ST W,(941) 798-6110,Acute Care Hospitals,Proprietary,226,85
100213,HCA FLORIDA BLAKE HOSPITAL,2020 59TH ST W,(941) 798-6110,Acute Care Hospitals,Proprietary,242,69
100213,HCA FLORIDA BLAKE HOSPITAL,2020 59TH ST W,(941) 798-6110,Acute Care Hospitals,Proprietary,265,46
100213,HCA FLORIDA BLAKE HOSPITAL,2020 59TH ST W,(941) 798-6110,Acute Care Hospitals,Proprietary,275,36
100213,HCA FLORIDA BLAKE HOSPITAL,2020 59TH ST W,(941) 798-6110,Acute Care Hospitals,Proprietary,253,58
100213,HCA FLORIDA BLAKE HOSPITAL,2020 59TH ST W,(941) 798-6110,Acute Care Hospitals,Proprietary,274,37
100213,HCA FLORIDA BLAKE HOSPITAL,2020 59TH ST W,(941) 798-6110,Acute Care Hospitals,Proprietary,229,82
100213,HCA FLORIDA BLAKE HOSPITAL,2020 59TH ST W,(941) 798-6110,Acute Care Hospitals,Proprietary,268,43
100213,HCA FLORIDA BLAKE HOSPITAL,2020 59TH ST W,(941) 798-6110,Acute Care Hospitals,Proprietary,242,69
100213,HCA FLORIDA BLAKE HOSPITAL,2020 59TH ST W,(941) 798-6110,Acute Care Hospitals,Proprietary,208,103
100213,HCA FLORIDA BLAKE HOSPITAL,2020 59TH ST W,(941) 798-6110,Acute Care Hospitals,Proprietary,216,95
100213,HCA FLORIDA BLAKE HOSPITAL,2020 59TH ST W,(941) 798-6110,Acute Care Hospitals,Proprietary,219,92
100213,HCA FLORIDA BLAKE HOSPITAL,2020 59TH ST W,(941) 798-6110,Acute Care Hospitals,Proprietary,240,71
100213,HCA FLORIDA BLAKE HOSPITAL,2020 59TH ST W,(941) 798-6110,Acute Care Hospitals,Proprietary,206,105
100213,HCA FLORIDA BLAKE HOSPITAL,2020 59TH ST W,(941) 798-6110,Acute Care Hospitals,Proprietary,198,113
100213,HCA FLORIDA BLAKE HOSPITAL,2020 59TH ST W,(941) 798-6110,Acute Care Hospitals,Proprietary,188,123
100213,HCA FLORIDA BLAKE HOSPITAL,2020 59TH ST W,(941) 798-6110,Acute Care Hospitals,Proprietary,187,124
100213,HCA FLORIDA BLAKE HOSPITAL,2020 59TH ST W,(941) 798-6110,Acute Care Hospitals,Proprietary,269,42
100213,HCA FLORIDA BLAKE HOSPITAL,2020 59TH ST W,(941) 798-6110,Acute Care Hospitals,Proprietary,195,116
100213,HCA FLORIDA BLAKE HOSPITAL,2020 59TH ST W,(941) 798-6110,Acute Care Hospitals,Proprietary,224,87
100213,HCA FLORIDA BLAKE HOSPITAL,2020 59TH ST W,(941) 798-6110,Acute Care Hospitals,Proprietary,270,41
100213,HCA FLORIDA BLAKE HOSPITAL,2020 59TH ST W,(941) 798-6110,Acute Care Hospitals,Proprietary,238,73
100213,HCA FLORIDA BLAKE HOSPITAL,2020 59TH ST W,(941) 798-6110,Acute Care Hospitals,Proprietary,292,19
100213,HCA FLORIDA BLAKE HOSPITAL,2020 59TH ST W,(941) 798-6110,Acute Care Hospitals,Proprietary,215,96
100213,HCA FLORIDA BLAKE HOSPITAL,2020 59TH ST W,(941) 798-6110,Acute Care Hospitals,Proprietary,253,58
100213,HCA FLORIDA BLAKE HOSPITAL,2020 59TH ST W,(941) 798-6110,Acute Care Hospitals,Proprietary,294,17
100213,HCA FLORIDA BLAKE HOSPITAL,2020 59TH ST W,(941) 798-6110,Acute Care Hospitals,Proprietary,202,109
100213,HCA FLORIDA BLAKE HOSPITAL,2020 59TH ST W,(941) 798-6110,Acute Care Hospitals,Proprietary,267,44
100213,HCA FLORIDA BLAKE HOSPITAL,2020 59TH ST W,(941) 798-6110,Acute Care Hospitals,Proprietary,279,32
100213,HCA FLORIDA BLAKE HOSPITAL,2020 59TH ST W,(941) 798-6110,Acute Care Hospitals,Proprietary,232,79
100213,HCA FLORIDA BLAKE HOSPITAL,2020 59TH ST W,(941) 798-6110,Acute Care Hospitals,Proprietary,218,93
100213,HCA FLORIDA BLAKE HOSPITAL,2020 59TH ST W,(941) 798-6110,Acute Care Hospitals,Proprietary,201,110
100213,HCA FLORIDA BLAKE HOSPITAL,2020 59TH ST W,(941) 798-6110,Acute Care Hospitals,Proprietary,234,77
100213,HCA FLORIDA BLAKE HOSPITAL,2020 59TH ST W,(941) 798-6110,Acute Care Hospitals,Proprietary,283,28
100213,HCA FLORIDA BLAKE HOSPITAL,2020 59TH ST W,(941) 798-6110,Acute Care Hospitals,Proprietary,191,120
100213,HCA FLORIDA BLAKE HOSPITAL,2020 59TH ST W,(941) 798-6110,Acute Care Hospitals,Proprietary,274,37
100213,HCA FLORIDA BLAKE HOSPITAL,2020 59TH ST W,(941) 798-6110,Acute Care Hospitals,Proprietary,208,103
100213,HCA FLORIDA BLAKE HOSPITAL,2020 59TH ST W,(941) 798-6110,Acute Care Hospitals,Proprietary,257,54
100213,HCA FLORIDA BLAKE HOSPITAL,2020 59TH ST W,(941) 798-6110,Acute Care Hospitals,Proprietary,286,25
100213,HCA FLORIDA BLAKE HOSPITAL,2020 59TH ST W,(941) 798-6110,Acute Care Hospitals,Proprietary,245,66
100213,HCA FLORIDA BLAKE HOSPITAL,2020 59TH ST W,(941) 798-6110,Acute Care Hospitals,Proprietary,277,34
100213,HCA FLORIDA BLAKE HOSPITAL,2020 59TH ST W,(941) 798-6110,Acute Care Hospitals,Proprietary,213,98
100213,HCA FLORIDA BLAKE HOSPITAL,2020 59TH ST W,(941) 798-6110,Acute Care Hospitals,Proprietary,188,123
100213,HCA FLORIDA BLAKE HOSPITAL,2020 59TH ST W,(941) 798-6110,Acute Care Hospitals,Proprietary,243,68
100213,HCA FLORIDA BLAKE HOSPITAL,2020 59TH ST W,(941) 798-6110,Acute Care Hospitals,Proprietary,276,35
100213,HCA FLORIDA BLAKE HOSPITAL,2020 59TH ST W,(941) 798-6110,Acute Care Hospitals,Proprietary,201,110
100213,HCA FLORIDA BLAKE HOSPITAL,2020 59TH ST W,(941) 798-6110,Acute Care Hospitals,Proprietary,249,62
100213,HCA FLORIDA BLAKE HOSPITAL,2020 59TH ST W,(941) 798-6110,Acute Care Hospitals,Proprietary,210,101
100213,HCA FLORIDA BLAKE HOSPITAL,2020 59TH ST W,(941) 798-6110,Acute Care Hospitals,Proprietary,216,95
100213,HCA FLORIDA BLAKE HOSPITAL,2020 59TH ST W,(941) 798-6110,Acute Care Hospitals,Proprietary,253,58
100213,HCA FLORIDA BLAKE HOSPITAL,2020 59TH ST W,(941) 798-6110,Acute Care Hospitals,Proprietary,293,18
100213,HCA FLORIDA BLAKE HOSPITAL,2020 59TH ST W,(941) 798-6110,Acute Care Hospitals,Proprietary,278,33
100213,HCA FLORIDA BLAKE HOSPITAL,2020 59TH ST W,(941) 798-6110,Acute Care Hospitals,Proprietary,256,55
100213,HCA FLORIDA BLAKE HOSPITAL,2020 59TH ST W,(941) 798-6110,Acute Care Hospitals,Proprietary,266,45
100213,HCA FLORIDA BLAKE HOSPITAL,2020 59TH ST W,(941) 798-6110,Acute Care Hospitals,Proprietary,211,100
100213,HCA FLORIDA BLAKE HOSPITAL,2020 59TH ST W,(941) 798-6110,Acute Care Hospitals,Proprietary,287,24
100213,HCA FLORIDA BLAKE HOSPITAL,2020 59TH ST W,(941) 798-6110,Acute Care Hospitals,Proprietary,247,64
100213,HCA FLORIDA BLAKE HOSPITAL,2020 59TH ST W,(941) 798-6110,Acute Care Hospitals,Proprietary,201,110
100213,HCA FLORIDA BLAKE HOSPITAL,2020 59TH ST W,(941) 798-6110,Acute Care Hospitals,Proprietary,285,26
100213,HCA FLORIDA BLAKE HOSPITAL,2020 59TH ST W,(941) 798-6110,Acute Care Hospitals,Proprietary,225,86
100213,HCA FLORIDA BLAKE HOSPITAL,2020 59TH ST W,(941) 798-6110,Acute Care Hospitals,Proprietary,222,89
100213,HCA FLORIDA BLAKE HOSPITAL,2020 59TH ST W,(941) 798-6110,Acute Care Hospitals,Proprietary,213,98
100213,HCA FLORIDA BLAKE HOSPITAL,2020 59TH ST W,(941) 798-6110,Acute Care Hospitals,Proprietary,269,42
100213,HCA FLORIDA BLAKE HOSPITAL,2020 59TH ST W,(941) 798-6110,Acute Care Hospitals,Proprietary,294,17
100213,HCA FLORIDA BLAKE HOSPITAL,2020 59TH ST W,(941) 798-6110,Acute Care Hospitals,Proprietary,211,100
100213,HCA FLORIDA BLAKE HOSPITAL,2020 59TH ST W,(941) 798-6110,Acute Care Hospitals,Proprietary,285,26
100213,HCA FLORIDA BLAKE HOSPITAL,2020 59TH ST W,(941) 798-6110,Acute Care Hospitals,Proprietary,211,100
100213,HCA FLORIDA BLAKE HOSPITAL,2020 59TH ST W,(941) 798-6110,Acute Care Hospitals,Proprietary,290,21
100213,HCA FLORIDA BLAKE HOSPITAL,2020 59TH ST W,(941) 798-6110,Acute Care Hospitals,Proprietary,213,98
100213,HCA FLORIDA BLAKE HOSPITAL,2020 59TH ST W,(941) 798-6110,Acute Care Hospitals,Proprietary,206,105
100213,HCA FLORIDA BLAKE HOSPITAL,2020 59TH ST W,(941) 798-6110,Acute Care Hospitals,Proprietary,197,114
