Facility ID,Facility Name,Address,Telephone Number,Hospital Type,Hospital Ownership,Active Beds,Inactive Beds
100212,MARION COMMUNTIY HOSPITAL,1431 SW 1ST AVE,(352) 401-1000,Acute Care Hospitals,Proprietary,71,41
100212,MARION COMMUNTIY HOSPITAL,1431 SW 1ST AVE,(352) 401-1000,Acute Care Hospitals,Proprietary,95,17
100212,MARION COMMUNTIY HOSPITAL,1431 SW 1ST AVE,(352) 401-1000,Acute Care Hospitals,Proprietary,90,22
100212,MARION COMMUNTIY HOSPITAL,1431 SW 1ST AVE,(352) 401-1000,Acute Care Hospitals,Proprietary,91,21
100212,MARION COMMUNTIY HOSPITAL,1431 SW 1ST AVE,(352) 401-1000,Acute Care Hospitals,Proprietary,96,16
100212,MARION COMMUNTIY HOSPITAL,1431 SW 1ST AVE,(352) 401-1000,Acute Care Hospitals,Proprietary,99,13
100212,MARION COMMUNTIY HOSPITAL,1431 SW 1ST AVE,(352) 401-1000,Acute Care Hospitals,Proprietary,88,24
100212,MARION COMMUNTIY HOSPITAL,1431 SW 1ST AVE,(352) 401-1000,Acute Care Hospitals,Proprietary,102,10
100212,MARION COMMUNTIY HOSPITAL,1431 SW 1ST AVE,(352) 401-1000,Acute Care Hospitals,Proprietary,76,36
100212,MARION COMMUNTIY HOSPITAL,1431 SW 1ST AVE,(352) 401-1000,Acute Care Hospitals,Proprietary,82,30
100212,MARION COMMUNTIY HOSPITAL,1431 SW 1ST AVE,(352) 401-1000,Acute Care Hospitals,Proprietary,74,38
100212,MARION COMMUNTIY HOSPITAL,1431 SW 1ST AVE,(352) 401-1000,Acute Care Hospitals,Proprietary,92,20
100212,MARION COMMUNTIY HOSPITAL,1431 SW 1ST AVE,(352) 401-1000,Acute Care Hospitals,Proprietary,87,25
100212,MARION COMMUNTIY HOSPITAL,1431 SW 1ST AVE,(352) 401-1000,Acute Care Hospitals,Proprietary,85,27
100212,MARION COMMUNTIY HOSPITAL,1431 SW 1ST AVE,(352) 401-1000,Acute Care Hospitals,Proprietary,71,41
100212,MARION COMMUNTIY HOSPITAL,1431 SW 1ST AVE,(352) 401-1000,Acute Care Hospitals,Proprietary,89,23
100212,MARION COMMUNTIY HOSPITAL,1431 SW 1ST AVE,(352) 401-1000,Acute Care Hospitals,Proprietary,80,32
100212,MARION COMMUNTIY HOSPITAL,1431 SW 1ST AVE,(352) 401-1000,Acute Care Hospitals,Proprietary,104,8
100212,MARION COMMUNTIY HOSPITAL,1431 SW 1ST AVE,(352) 401-1000,Acute Care Hospitals,Proprietary,92,20
100212,MARION COMMUNTIY HOSPITAL,1431 SW 1ST AVE,(352) 401-1000,Acute Care Hospitals,Proprietary,90,22
100212,MARION COMMUNTIY HOSPITAL,1431 SW 1ST AVE,(352) 401-1000,Acute Care Hospitals,Proprietary,97,15
100212,MARION COMMUNTIY HOSPITAL,1431 SW 1ST AVE,(352) 401-1000,Acute Care Hospitals,Proprietary,82,30
100212,MARION COMMUNTIY HOSPITAL,1431 SW 1ST AVE,(352) 401-1000,Acute Care Hospitals,Proprietary,75,37
100212,MARION COMMUNTIY HOSPITAL,1431 SW 1ST AVE,(352) 401-1000,Acute Care Hospitals,Proprietary,80,32
100212,MARION COMMUNTIY HOSPITAL,1431 SW 1ST AVE,(352) 401-1000,Acute Care Hospitals,Proprietary,73,39
100212,MARION COMMUNTIY HOSPITAL,1431 SW 1ST AVE,(352) 401-1000,Acute Care Hospitals,Proprietary,84,28
100212,MARION COMMUNTIY HOSPITAL,1431 SW 1ST AVE,(352) 401-1000,Acute Care Hospitals,Proprietary,84,28
100212,MARION COMMUNTIY HOSPITAL,1431 SW 1ST AVE,(352) 401-1000,Acute Care Hospitals,Proprietary,102,10
100212,MARION COMMUNTIY HOSPITAL,1431 SW 1ST AVE,(352) 401-1000,Acute Care Hospitals,Proprietary,99,13
100212,MARION COMMUNTIY HOSPITAL,1431 SW 1ST AVE,(352) 401-1000,Acute Care Hospitals,Proprietary,97,15
100212,MARION COMMUNTIY HOSPITAL,1431 SW 1ST AVE,(352) 401-1000,Acute Care Hospitals,Proprietary,89,23
100212,MARION COMMUNTIY HOSPITAL,1431 SW 1ST AVE,(352) 401-1000,Acute Care Hospitals,Proprietary,97,15
100212,MARION COMMUNTIY HOSPITAL,1431 SW 1ST AVE,(352) 401-1000,Acute Care Hospitals,Proprietary,91,21
100212,MARION COMMUNTIY HOSPITAL,1431 SW 1ST AVE,(352) 401-1000,Acute Care Hospitals,Proprietary,97,15
100212,MARION COMMUNTIY HOSPITAL,1431 SW 1ST AVE,(352) 401-1000,Acute Care Hospitals,Proprietary,73,39
100212,MARION COMMUNTIY HOSPITAL,1431 SW 1ST AVE,(352) 401-1000,Acute Care Hospitals,Proprietary,94,18
100212,MARION COMMUNTIY HOSPITAL,1431 SW 1ST AVE,(352) 401-1000,Acute Care Hospitals,Proprietary,81,31
100212,MARION COMMUNTIY HOSPITAL,1431 SW 1ST AVE,(352) 401-1000,Acute Care Hospitals,Proprietary,91,21
100212,MARION COMMUNTIY HOSPITAL,1431 SW 1ST AVE,(352) 401-1000,Acute Care Hospitals,Proprietary,106,6
100212,MARION COMMUNTIY HOSPITAL,1431 SW 1ST AVE,(352) 401-1000,Acute Care Hospitals,Proprietary,92,20
100212,MARION COMMUNTIY HOSPITAL,1431 SW 1ST AVE,(352) 401-1000,Acute Care Hospitals,Proprietary,83,29
100212,MARION COMMUNTIY HOSPITAL,1431 SW 1ST AVE,(352) 401-1000,Acute Care Hospitals,Proprietary,87,25
100212,MARION COMMUNTIY HOSPITAL,1431 SW 1ST AVE,(352) 401-1000,Acute Care Hospitals,Proprietary,97,15
100212,MARION COMMUNTIY HOSPITAL,1431 SW 1ST AVE,(352) 401-1000,Acute Care Hospitals,Proprietary,96,16
100212,MARION COMMUNTIY HOSPITAL,1431 SW 1ST AVE,(352) 401-1000,Acute Care Hospitals,Proprietary,86,26
100212,MARION COMMUNTIY HOSPITAL,1431 SW 1ST AVE,(352) 401-1000,Acute Care Hospitals,Proprietary,98,14
100212,MARION COMMUNTIY HOSPITAL,1431 SW 1ST AVE,(352) 401-1000,Acute Care Hospitals,Proprietary,93,19
100212,MARION COMMUNTIY HOSPITAL,1431 SW 1ST AVE,(352) 401-1000,Acute Care Hospitals,Proprietary,102,10
100212,MARION COMMUNTIY HOSPITAL,1431 SW 1ST AVE,(352) 401-1000,Acute Care Hospitals,Proprietary,69,43
100212,MARION COMMUNTIY HOSPITAL,1431 SW 1ST AVE,(352) 401-1000,Acute Care Hospitals,Proprietary,90,22
100212,MARION COMMUNTIY HOSPITAL,1431 SW 1ST AVE,(352) 401-1000,Acute Care Hospitals,Proprietary,99,13
100212,MARION COMMUNTIY HOSPITAL,1431 SW 1ST AVE,(352) 401-1000,Acute Care Hospitals,Proprietary,78,34
100212,MARION COMMUNTIY HOSPITAL,1431 SW 1ST AVE,(352) 401-1000,Acute Care Hospitals,Proprietary,83,29
100212,MARION COMMUNTIY HOSPITAL,1431 SW 1ST AVE,(352) 401-1000,Acute Care Hospitals,Proprietary,102,10
100212,MARION COMMUNTIY HOSPITAL,1431 SW 1ST AVE,(352) 401-1000,Acute Care Hospitals,Proprietary,94,18
100212,MARION COMMUNTIY HOSPITAL,1431 SW 1ST AVE,(352) 401-1000,Acute Care Hospitals,Proprietary,92,20
100212,MARION COMMUNTIY HOSPITAL,1431 SW 1ST AVE,(352) 401-1000,Acute Care Hospitals,Proprietary,100,12
100212,MARION COMMUNTIY HOSPITAL,1431 SW 1ST AVE,(352) 401-1000,Acute Care Hospitals,Proprietary,70,42
100212,MARION COMMUNTIY HOSPITAL,1431 SW 1ST AVE,(352) 401-1000,Acute Care Hospitals,Proprietary,79,33
100212,MARION COMMUNTIY HOSPITAL,1431 SW 1ST AVE,(352) 401-1000,Acute Care Hospitals,Proprietary,102,10
100212,MARION COMMUNTIY HOSPITAL,1431 SW 1ST AVE,(352) 401-1000,Acute Care Hospitals,Proprietary,104,8
100212,MARION COMMUNTIY HOSPITAL,1431 SW 1ST AVE,(352) 401-1000,Acute Care Hospitals,Proprietary,73,39
100212,MARION COMMUNTIY HOSPITAL,1431 SW 1ST AVE,(352) 401-1000,Acute Care Hospitals,Proprietary,82,30
100212,MARION COMMUNTIY HOSPITAL,1431 SW 1ST AVE,(352) 401-1000,Acute Care Hospitals,Proprietary,84,28
100212,MARION COMMUNTIY HOSPITAL,1431 SW 1ST AVE,(352) 401-1000,Acute Care Hospitals,Proprietary,85,27
100212,MARION COMMUNTIY HOSPITAL,1431 SW 1ST AVE,(352) 401-1000,Acute Care Hospitals,Proprietary,96,16
100212,MARION COMMUNTIY HOSPITAL,1431 SW 1ST AVE,(352) 401-1000,Acute Care Hospitals,Proprietary,88,24
100212,MARION COMMUNTIY HOSPITAL,1431 SW 1ST AVE,(352) 401-1000,Acute Care Hospitals,Proprietary,83,29
100212,MARION COMMUNTIY HOSPITAL,1431 SW 1ST AVE,(352) 401-1000,Acute Care Hospitals,Proprietary,89,23
100212,MARION COMMUNTIY HOSPITAL,1431 SW 1ST AVE,(352) 401-1000,Acute Care Hospitals,Proprietary,98,14
100212,MARION COMMUNTIY HOSPITAL,1431 SW 1ST AVE,(352) 401-1000,Acute Care Hospitals,Proprietary,105,7
100212,MARION COMMUNTIY HOSPITAL,1431 SW 1ST AVE,(352) 401-1000,Acute Care Hospitals,Proprietary,90,22
100212,MARION COMMUNTIY HOSPITAL,1431 SW 1ST AVE,(352) 401-1000,Acute Care Hospitals,Proprietary,98,14
100212,MARION COMMUNTIY HOSPITAL,1431 SW 1ST AVE,(352) 401-1000,Acute Care Hospitals,Proprietary,98,14
100212,MARION COMMUNTIY HOSPITAL,1431 SW 1ST AVE,(352) 401-1000,Acute Care Hospitals,Proprietary,103,9
100212,MARION COMMUNTIY HOSPITAL,1431 SW 1ST AVE,(352) 401-1000,Acute Care Hospitals,Proprietary,80,32
100212,MARION COMMUNTIY HOSPITAL,1431 SW 1ST AVE,(352) 401-1000,Acute Care Hospitals,Proprietary,105,7
100212,MARION COMMUNTIY HOSPITAL,1431 SW 1ST AVE,(352) 401-1000,Acute Care Hospitals,Proprietary,97,15
100212,MARION COMMUNTIY HOSPITAL,1431 SW 1ST AVE,(352) 401-1000,Acute Care Hospitals,Proprietary,102,10
100212,MARION COMMUNTIY HOSPITAL,1431 SW 1ST AVE,(352) 401-1000,Acute Care Hospitals,Proprietary,98,14
100212,MARION COMMUNTIY HOSPITAL,1431 SW 1ST AVE,(352) 401-1000,Acute Care Hospitals,Proprietary,102,10
100212,MARION COMMUNTIY HOSPITAL,1431 SW 1ST AVE,(352) 401-1000,Acute Care Hospitals,Proprietary,73,39
100212,MARION COMMUNTIY HOSPITAL,1431 SW 1ST AVE,(352) 401-1000,Acute Care Hospitals,Proprietary,68,44
100212,MARION COMMUNTIY HOSPITAL,1431 SW 1ST AVE,(352) 401-1000,Acute Care Hospitals,Proprietary,77,35
100212,MARION COMMUNTIY HOSPITAL,1431 SW 1ST AVE,(352) 401-1000,Acute Care Hospitals,Proprietary,82,30
100212,MARION COMMUNTIY HOSPITAL,1431 SW 1ST AVE,(352) 401-1000,Acute Care Hospitals,Proprietary,67,45
100212,MARION COMMUNTIY HOSPITAL,1431 SW 1ST AVE,(352) 401-1000,Acute Care Hospitals,Proprietary,79,33
100212,MARION COMMUNTIY HOSPITAL,1431 SW 1ST AVE,(352) 401-1000,Acute Care Hospitals,Proprietary,71,41
100212,MARION COMMUNTIY HOSPITAL,1431 SW 1ST AVE,(352) 401-1000,Acute Care Hospitals,Proprietary,99,13
100212,MARION COMMUNTIY HOSPITAL,1431 SW 1ST AVE,(352) 401-1000,Acute Care Hospitals,Proprietary,71,41
100212,MARION COMMUNTIY HOSPITAL,1431 SW 1ST AVE,(352) 401-1000,Acute Care Hospitals,Proprietary,74,38
100212,MARION COMMUNTIY HOSPITAL,1431 SW 1ST AVE,(352) 401-1000,Acute Care Hospitals,Proprietary,84,28
100212,MARION COMMUNTIY HOSPITAL,1431 SW 1ST AVE,(352) 401-1000,Acute Care Hospitals,Proprietary,99,13
100212,MARION COMMUNTIY HOSPITAL,1431 SW 1ST AVE,(352) 401-1000,Acute Care Hospitals,Proprietary,104,8
100212,MARION COMMUNTIY HOSPITAL,1431 SW 1ST AVE,(352) 401-1000,Acute Care Hospitals,Proprietary,69,43
100212,MARION COMMUNTIY HOSPITAL,1431 SW 1ST AVE,(352) 401-1000,Acute Care Hospitals,Proprietary,70,42
100212,MARION COMMUNTIY HOSPITAL,1431 SW 1ST AVE,(352) 401-1000,Acute Care Hospitals,Proprietary,75,37
100212,MARION COMMUNTIY HOSPITAL,1431 SW 1ST AVE,(352) 401-1000,Acute Care Hospitals,Proprietary,95,17
100212,MARION COMMUNTIY HOSPITAL,1431 SW 1ST AVE,(352) 401-1000,Acute Care Hospitals,Proprietary,79,33
100212,MARION COMMUNTIY HOSPITAL,1431 SW 1ST AVE,(352) 401-1000,Acute Care Hospitals,Proprietary,69,43
100212,MARION COMMUNTIY HOSPITAL,1431 SW 1ST AVE,(352) 401-1000,Acute Care Hospitals,Proprietary,97,15
100212,MARION COMMUNTIY HOSPITAL,1431 SW 1ST AVE,(352) 401-1000,Acute Care Hospitals,Proprietary,82,30
100212,MARION COMMUNTIY HOSPITAL,1431 SW 1ST AVE,(352) 401-1000,Acute Care Hospitals,Proprietary,67,45
100212,MARION COMMUNTIY HOSPITAL,1431 SW 1ST AVE,(352) 401-1000,Acute Care Hospitals,Proprietary,96,16
100212,MARION COMMUNTIY HOSPITAL,1431 SW 1ST AVE,(352) 401-1000,Acute Care Hospitals,Proprietary,81,31
100212,MARION COMMUNTIY HOSPITAL,1431 SW 1ST AVE,(352) 401-1000,Acute Care Hospitals,Proprietary,93,19
100212,MARION COMMUNTIY HOSPITAL,1431 SW 1ST AVE,(352) 401-1000,Acute Care Hospitals,Proprietary,80,32
100212,MARION COMMUNTIY HOSPITAL,1431 SW 1ST AVE,(352) 401-1000,Acute Care Hospitals,Proprietary,70,42
100212,MARION COMMUNTIY HOSPITAL,1431 SW 1ST AVE,(352) 401-1000,Acute Care Hospitals,Proprietary,92,20
100212,MARION COMMUNTIY HOSPITAL,1431 SW 1ST AVE,(352) 401-1000,Acute Care Hospitals,Proprietary,73,39
100212,MARION COMMUNTIY HOSPITAL,1431 SW 1ST AVE,(352) 401-1000,Acute Care Hospitals,Proprietary,79,33
100212,MARION COMMUNTIY HOSPITAL,1431 SW 1ST AVE,(352) 401-1000,Acute Care Hospitals,Proprietary,97,15
100212,MARION COMMUNTIY HOSPITAL,1431 SW 1ST AVE,(352) 401-1000,Acute Care Hospitals,Proprietary,86,26
100212,MARION COMMUNTIY HOSPITAL,1431 SW 1ST AVE,(352) 401-1000,Acute Care Hospitals,Proprietary,70,42
100212,MARION COMMUNTIY HOSPITAL,1431 SW 1ST AVE,(352) 401-1000,Acute Care Hospitals,Proprietary,74,38
100212,MARION COMMUNTIY HOSPITAL,1431 SW 1ST AVE,(352) 401-1000,Acute Care Hospitals,Proprietary,74,38
100212,MARION COMMUNTIY HOSPITAL,1431 SW 1ST AVE,(352) 401-1000,Acute Care Hospitals,Proprietary,89,23
100212,MARION COMMUNTIY HOSPITAL,1431 SW 1ST AVE,(352) 401-1000,Acute Care Hospitals,Proprietary,86,26
100212,MARION COMMUNTIY HOSPITAL,1431 SW 1ST AVE,(352) 401-1000,Acute Care Hospitals,Proprietary,78,34
100212,MARION COMMUNTIY HOSPITAL,1431 SW 1ST AVE,(352) 401-1000,Acute Care Hospitals,Proprietary,106,6
100212,MARION COMMUNTIY HOSPITAL,1431 SW 1ST AVE,(352) 401-1000,Acute Care Hospitals,Proprietary,77,35
100212,MARION COMMUNTIY HOSPITAL,1431 SW 1ST AVE,(352) 401-1000,Acute Care Hospitals,Proprietary,85,27
100212,MARION COMMUNTIY HOSPITAL,1431 SW 1ST AVE,(352) 401-1000,Acute Care Hospitals,Proprietary,78,34
100212,MARION COMMUNTIY HOSPITAL,1431 SW 1ST AVE,(352) 401-1000,Acute Care Hospitals,Proprietary,81,31
100212,MARION COMMUNTIY HOSPITAL,1431 SW 1ST AVE,(352) 401-1000,Acute Care Hospitals,Proprietary,79,33
100212,MARION COMMUNTIY HOSPITAL,1431 SW 1ST AVE,(352) 401-1000,Acute Care Hospitals,Proprietary,72,40
100212,MARION COMMUNTIY HOSPITAL,1431 SW 1ST AVE,(352) 401-1000,Acute Care Hospitals,Proprietary,104,8
100212,MARION COMMUNTIY HOSPITAL,1431 SW 1ST AVE,(352) 401-1000,Acute Care Hospitals,Proprietary,97,15
100212,MARION COMMUNTIY HOSPITAL,1431 SW 1ST AVE,(352) 401-1000,Acute Care Hospitals,Proprietary,97,15
100212,MARION COMMUNTIY HOSPITAL,1431 SW 1ST AVE,(352) 401-1000,Acute Care Hospitals,Proprietary,67,45
100212,MARION COMMUNTIY HOSPITAL,1431 SW 1ST AVE,(352) 401-1000,Acute Care Hospitals,Proprietary,85,27
100212,MARION COMMUNTIY HOSPITAL,1431 SW 1ST AVE,(352) 401-1000,Acute Care Hospitals,Proprietary,86,26
100212,MARION COMMUNTIY HOSPITAL,1431 SW 1ST AVE,(352) 401-1000,Acute Care Hospitals,Proprietary,72,40
100212,MARION COMMUNTIY HOSPITAL,1431 SW 1ST AVE,(352) 401-1000,Acute Care Hospitals,Proprietary,91,21
100212,MARION COMMUNTIY HOSPITAL,1431 SW 1ST AVE,(352) 401-1000,Acute Care Hospitals,Proprietary,74,38
100212,MARION COMMUNTIY HOSPITAL,1431 SW 1ST AVE,(352) 401-1000,Acute Care Hospitals,Proprietary,103,9
100212,MARION COMMUNTIY HOSPITAL,1431 SW 1ST AVE,(352) 401-1000,Acute Care Hospitals,Proprietary,72,40
100212,MARION COMMUNTIY HOSPITAL,1431 SW 1ST AVE,(352) 401-1000,Acute Care Hospitals,Proprietary,77,35
100212,MARION COMMUNTIY HOSPITAL,1431 SW 1ST AVE,(352) 401-1000,Acute Care Hospitals,Proprietary,73,39
100212,MARION COMMUNTIY HOSPITAL,1431 SW 1ST AVE,(352) 401-1000,Acute Care Hospitals,Proprietary,93,19
100212,MARION COMMUNTIY HOSPITAL,1431 SW 1ST AVE,(352) 401-1000,Acute Care Hospitals,Proprietary,92,20
100212,MARION COMMUNTIY HOSPITAL,1431 SW 1ST AVE,(352) 401-1000,Acute Care Hospitals,Proprietary,92,20
100212,MARION COMMUNTIY HOSPITAL,1431 SW 1ST AVE,(352) 401-1000,Acute Care Hospitals,Proprietary,79,33
100212,MARION COMMUNTIY HOSPITAL,1431 SW 1ST AVE,(352) 401-1000,Acute Care Hospitals,Proprietary,75,37
100212,MARION COMMUNTIY HOSPITAL,1431 SW 1ST AVE,(352) 401-1000,Acute Care Hospitals,Proprietary,101,11
100212,MARION COMMUNTIY HOSPITAL,1431 SW 1ST AVE,(352) 401-1000,Acute Care Hospitals,Proprietary,78,34
100212,MARION COMMUNTIY HOSPITAL,1431 SW 1ST AVE,(352) 401-1000,Acute Care Hospitals,Proprietary,87,25
100212,MARION COMMUNTIY HOSPITAL,1431 SW 1ST AVE,(352) 401-1000,Acute Care Hospitals,Proprietary,82,30
100212,MARION COMMUNTIY HOSPITAL,1431 SW 1ST AVE,(352) 401-1000,Acute Care Hospitals,Proprietary,85,27
100212,MARION COMMUNTIY HOSPITAL,1431 SW 1ST AVE,(352) 401-1000,Acute Care Hospitals,Proprietary,101,11
100212,MARION COMMUNTIY HOSPITAL,1431 SW 1ST AVE,(352) 401-1000,Acute Care Hospitals,Proprietary,94,18
100212,MARION COMMUNTIY HOSPITAL,1431 SW 1ST AVE,(352) 401-1000,Acute Care Hospitals,Proprietary,89,23
100212,MARION COMMUNTIY HOSPITAL,1431 SW 1ST AVE,(352) 401-1000,Acute Care Hospitals,Proprietary,69,43
100212,MARION COMMUNTIY HOSPITAL,1431 SW 1ST AVE,(352) 401-1000,Acute Care Hospitals,Proprietary,88,24
100212,MARION COMMUNTIY HOSPITAL,1431 SW 1ST AVE,(352) 401-1000,Acute Care Hospitals,Proprietary,73,39
100212,MARION COMMUNTIY HOSPITAL,1431 SW 1ST AVE,(352) 401-1000,Acute Care Hospitals,Proprietary,80,32
100212,MARION COMMUNTIY HOSPITAL,1431 SW 1ST AVE,(352) 401-1000,Acute Care Hospitals,Proprietary,84,28
100212,MARION COMMUNTIY HOSPITAL,1431 SW 1ST AVE,(352) 401-1000,Acute Care Hospitals,Proprietary,92,20
100212,MARION COMMUNTIY HOSPITAL,1431 SW 1ST AVE,(352) 401-1000,Acute Care Hospitals,Proprietary,68,44
100212,MARION COMMUNTIY HOSPITAL,1431 SW 1ST AVE,(352) 401-1000,Acute Care Hospitals,Proprietary,86,26
100212,MARION COMMUNTIY HOSPITAL,1431 SW 1ST AVE,(352) 401-1000,Acute Care Hospitals,Proprietary,93,19
100212,MARION COMMUNTIY HOSPITAL,1431 SW 1ST AVE,(352) 401-1000,Acute Care Hospitals,Proprietary,93,19
100212,MARION COMMUNTIY HOSPITAL,1431 SW 1ST AVE,(352) 401-1000,Acute Care Hospitals,Proprietary,91,21
100212,MARION COMMUNTIY HOSPITAL,1431 SW 1ST AVE,(352) 401-1000,Acute Care Hospitals,Proprietary,87,25
100212,MARION COMMUNTIY HOSPITAL,1431 SW 1ST AVE,(352) 401-1000,Acute Care Hospitals,Proprietary,73,39
100212,MARION COMMUNTIY HOSPITAL,1431 SW 1ST AVE,(352) 401-1000,Acute Care Hospitals,Proprietary,85,27
100212,MARION COMMUNTIY HOSPITAL,1431 SW 1ST AVE,(352) 401-1000,Acute Care Hospitals,Proprietary,94,18
100212,MARION COMMUNTIY HOSPITAL,1431 SW 1ST AVE,(352) 401-1000,Acute Care Hospitals,Proprietary,67,45
100212,MARION COMMUNTIY HOSPITAL,1431 SW 1ST AVE,(352) 401-1000,Acute Care Hospitals,Proprietary,87,25
100212,MARION COMMUNTIY HOSPITAL,1431 SW 1ST AVE,(352) 401-1000,Acute Care Hospitals,Proprietary,76,36
100212,MARION COMMUNTIY HOSPITAL,1431 SW 1ST AVE,(352) 401-1000,Acute Care Hospitals,Proprietary,96,16
100212,MARION COMMUNTIY HOSPITAL,1431 SW 1ST AVE,(352) 401-1000,Acute Care Hospitals,Proprietary,90,22
100212,MARION COMMUNTIY HOSPITAL,1431 SW 1ST AVE,(352) 401-1000,Acute Care Hospitals,Proprietary,71,41
100212,MARION COMMUNTIY HOSPITAL,1431 SW 1ST AVE,(352) 401-1000,Acute Care Hospitals,Proprietary,95,17
100212,MARION COMMUNTIY HOSPITAL,1431 SW 1ST AVE,(352) 401-1000,Acute Care Hospitals,Proprietary,75,37
100212,MARION COMMUNTIY HOSPITAL,1431 SW 1ST AVE,(352) 401-1000,Acute Care Hospitals,Proprietary,67,45
100212,MARION COMMUNTIY HOSPITAL,1431 SW 1ST AVE,(352) 401-1000,Acute Care Hospitals,Proprietary,104,8
100212,MARION COMMUNTIY HOSPITAL,1431 SW 1ST AVE,(352) 401-1000,Acute Care Hospitals,Proprietary,106,6
100212,MARION COMMUNTIY HOSPITAL,1431 SW 1ST AVE,(352) 401-1000,Acute Care Hospitals,Proprietary,76,36
100212,MARION COMMUNTIY HOSPITAL,1431 SW 1ST AVE,(352) 401-1000,Acute Care Hospitals,Proprietary,87,25
100212,MARION COMMUNTIY HOSPITAL,1431 SW 1ST AVE,(352) 401-1000,Acute Care Hospitals,Proprietary,68,44
100212,MARION COMMUNTIY HOSPITAL,1431 SW 1ST AVE,(352) 401-1000,Acute Care Hospitals,Proprietary,102,10
100212,MARION COMMUNTIY HOSPITAL,1431 SW 1ST AVE,(352) 401-1000,Acute Care Hospitals,Proprietary,80,32
100212,MARION COMMUNTIY HOSPITAL,1431 SW 1ST AVE,(352) 401-1000,Acute Care Hospitals,Proprietary,82,30
100212,MARION COMMUNTIY HOSPITAL,1431 SW 1ST AVE,(352) 401-1000,Acute Care Hospitals,Proprietary,88,24
100212,MARION COMMUNTIY HOSPITAL,1431 SW 1ST AVE,(352) 401-1000,Acute Care Hospitals,Proprietary,81,31
100212,MARION COMMUNTIY HOSPITAL,1431 SW 1ST AVE,(352) 401-1000,Acute Care Hospitals,Proprietary,76,36
100212,MARION COMMUNTIY HOSPITAL,1431 SW 1ST AVE,(352) 401-1000,Acute Care Hospitals,Proprietary,105,7
100212,MARION COMMUNTIY HOSPITAL,1431 SW 1ST AVE,(352) 401-1000,Acute Care Hospitals,Proprietary,92,20
100212,MARION COMMUNTIY HOSPITAL,1431 SW 1ST AVE,(352) 401-1000,Acute Care Hospitals,Proprietary,87,25
100212,MARION COMMUNTIY HOSPITAL,1431 SW 1ST AVE,(352) 401-1000,Acute Care Hospitals,Proprietary,87,25
100212,MARION COMMUNTIY HOSPITAL,1431 SW 1ST AVE,(352) 401-1000,Acute Care Hospitals,Proprietary,85,27
100212,MARION COMMUNTIY HOSPITAL,1431 SW 1ST AVE,(352) 401-1000,Acute Care Hospitals,Proprietary,79,33
100212,MARION COMMUNTIY HOSPITAL,1431 SW 1ST AVE,(352) 401-1000,Acute Care Hospitals,Proprietary,71,41
100212,MARION COMMUNTIY HOSPITAL,1431 SW 1ST AVE,(352) 401-1000,Acute Care Hospitals,Proprietary,101,11
100212,MARION COMMUNTIY HOSPITAL,1431 SW 1ST AVE,(352) 401-1000,Acute Care Hospitals,Proprietary,89,23
100212,MARION COMMUNTIY HOSPITAL,1431 SW 1ST AVE,(352) 401-1000,Acute Care Hospitals,Proprietary,81,31
100212,MARION COMMUNTIY HOSPITAL,1431 SW 1ST AVE,(352) 401-1000,Acute Care Hospitals,Proprietary,73,39
100212,MARION COMMUNTIY HOSPITAL,1431 SW 1ST AVE,(352) 401-1000,Acute Care Hospitals,Proprietary,91,21
100212,MARION COMMUNTIY HOSPITAL,1431 SW 1ST AVE,(352) 401-1000,Acute Care Hospitals,Proprietary,86,26
100212,MARION COMMUNTIY HOSPITAL,1431 SW 1ST AVE,(352) 401-1000,Acute Care Hospitals,Proprietary,67,45
100212,MARION COMMUNTIY HOSPITAL,1431 SW 1ST AVE,(352) 401-1000,Acute Care Hospitals,Proprietary,81,31
100212,MARION COMMUNTIY HOSPITAL,1431 SW 1ST AVE,(352) 401-1000,Acute Care Hospitals,Proprietary,69,43
100212,MARION COMMUNTIY HOSPITAL,1431 SW 1ST AVE,(352) 401-1000,Acute Care Hospitals,Proprietary,95,17
100212,MARION COMMUNTIY HOSPITAL,1431 SW 1ST AVE,(352) 401-1000,Acute Care Hospitals,Proprietary,77,35
100212,MARION COMMUNTIY HOSPITAL,1431 SW 1ST AVE,(352) 401-1000,Acute Care Hospitals,Proprietary,73,39
100212,MARION COMMUNTIY HOSPITAL,1431 SW 1ST AVE,(352) 401-1000,Acute Care Hospitals,Proprietary,76,36
100212,MARION COMMUNTIY HOSPITAL,1431 SW 1ST AVE,(352) 401-1000,Acute Care Hospitals,Proprietary,75,37
100212,MARION COMMUNTIY HOSPITAL,1431 SW 1ST AVE,(352) 401-1000,Acute Care Hospitals,Proprietary,80,32
100212,MARION COMMUNTIY HOSPITAL,1431 SW 1ST AVE,(352) 401-1000,Acute Care Hospitals,Proprietary,103,9
100212,MARION COMMUNTIY HOSPITAL,1431 SW 1ST AVE,(352) 401-1000,Acute Care Hospitals,Proprietary,101,11
100212,MARION COMMUNTIY HOSPITAL,1431 SW 1ST AVE,(352) 401-1000,Acute Care Hospitals,Proprietary,101,11
100212,MARION COMMUNTIY HOSPITAL,1431 SW 1ST AVE,(352) 401-1000,Acute Care Hospitals,Proprietary,79,33
100212,MARION COMMUNTIY HOSPITAL,1431 SW 1ST AVE,(352) 401-1000,Acute Care Hospitals,Proprietary,83,29
100212,MARION COMMUNTIY HOSPITAL,1431 SW 1ST AVE,(352) 401-1000,Acute Care Hospitals,Proprietary,76,36
100212,MARION COMMUNTIY HOSPITAL,1431 SW 1ST AVE,(352) 401-1000,Acute Care Hospitals,Proprietary,98,14
100212,MARION COMMUNTIY HOSPITAL,1431 SW 1ST AVE,(352) 401-1000,Acute Care Hospitals,Proprietary,70,42
100212,MARION COMMUNTIY HOSPITAL,1431 SW 1ST AVE,(352) 401-1000,Acute Care Hospitals,Proprietary,102,10
100212,MARION COMMUNTIY HOSPITAL,1431 SW 1ST AVE,(352) 401-1000,Acute Care Hospitals,Proprietary,67,45
100212,MARION COMMUNTIY HOSPITAL,1431 SW 1ST AVE,(352) 401-1000,Acute Care Hospitals,Proprietary,98,14
100212,MARION COMMUNTIY HOSPITAL,1431 SW 1ST AVE,(352) 401-1000,Acute Care Hospitals,Proprietary,93,19
100212,MARION COMMUNTIY HOSPITAL,1431 SW 1ST AVE,(352) 401-1000,Acute Care Hospitals,Proprietary,70,42
100212,MARION COMMUNTIY HOSPITAL,1431 SW 1ST AVE,(352) 401-1000,Acute Care Hospitals,Proprietary,95,17
100212,MARION COMMUNTIY HOSPITAL,1431 SW 1ST AVE,(352) 401-1000,Acute Care Hospitals,Proprietary,75,37
100212,MARION COMMUNTIY HOSPITAL,1431 SW 1ST AVE,(352) 401-1000,Acute Care Hospitals,Proprietary,102,10
100212,MARION COMMUNTIY HOSPITAL,1431 SW 1ST AVE,(352) 401-1000,Acute Care Hospitals,Proprietary,102,10
100212,MARION COMMUNTIY HOSPITAL,1431 SW 1ST AVE,(352) 401-1000,Acute Care Hospitals,Proprietary,99,13
100212,MARION COMMUNTIY HOSPITAL,1431 SW 1ST AVE,(352) 401-1000,Acute Care Hospitals,Proprietary,84,28
100212,MARION COMMUNTIY HOSPITAL,1431 SW 1ST AVE,(352) 401-1000,Acute Care Hospitals,Proprietary,99,13
100212,MARION COMMUNTIY HOSPITAL,1431 SW 1ST AVE,(352) 401-1000,Acute Care Hospitals,Proprietary,100,12
100212,MARION COMMUNTIY HOSPITAL,1431 SW 1ST AVE,(352) 401-1000,Acute Care Hospitals,Proprietary,75,37
100212,MARION COMMUNTIY HOSPITAL,1431 SW 1ST AVE,(352) 401-1000,Acute Care Hospitals,Proprietary,98,14
100212,MARION COMMUNTIY HOSPITAL,1431 SW 1ST AVE,(352) 401-1000,Acute Care Hospitals,Proprietary,81,31
100212,MARION COMMUNTIY HOSPITAL,1431 SW 1ST AVE,(352) 401-1000,Acute Care Hospitals,Proprietary,75,37
100212,MARION COMMUNTIY HOSPITAL,1431 SW 1ST AVE,(352) 401-1000,Acute Care Hospitals,Proprietary,72,40
100212,MARION COMMUNTIY HOSPITAL,1431 SW 1ST AVE,(352) 401-1000,Acute Care Hospitals,Proprietary,79,33
100212,MARION COMMUNTIY HOSPITAL,1431 SW 1ST AVE,(352) 401-1000,Acute Care Hospitals,Proprietary,104,8
100212,MARION COMMUNTIY HOSPITAL,1431 SW 1ST AVE,(352) 401-1000,Acute Care Hospitals,Proprietary,105,7
100212,MARION COMMUNTIY HOSPITAL,1431 SW 1ST AVE,(352) 401-1000,Acute Care Hospitals,Proprietary,93,19
100212,MARION COMMUNTIY HOSPITAL,1431 SW 1ST AVE,(352) 401-1000,Acute Care Hospitals,Proprietary,90,22
100212,MARION COMMUNTIY HOSPITAL,1431 SW 1ST AVE,(352) 401-1000,Acute Care Hospitals,Proprietary,97,15
100212,MARION COMMUNTIY HOSPITAL,1431 SW 1ST AVE,(352) 401-1000,Acute Care Hospitals,Proprietary,67,45
100212,MARION COMMUNTIY HOSPITAL,1431 SW 1ST AVE,(352) 401-1000,Acute Care Hospitals,Proprietary,84,28
100212,MARION COMMUNTIY HOSPITAL,1431 SW 1ST AVE,(352) 401-1000,Acute Care Hospitals,Proprietary,75,37
100212,MARION COMMUNTIY HOSPITAL,1431 SW 1ST AVE,(352) 401-1000,Acute Care Hospitals,Proprietary,89,23
100212,MARION COMMUNTIY HOSPITAL,1431 SW 1ST AVE,(352) 401-1000,Acute Care Hospitals,Proprietary,99,13
100212,MARION COMMUNTIY HOSPITAL,1431 SW 1ST AVE,(352) 401-1000,Acute Care Hospitals,Proprietary,75,37
100212,MARION COMMUNTIY HOSPITAL,1431 SW 1ST AVE,(352) 401-1000,Acute Care Hospitals,Proprietary,70,42
100212,MARION COMMUNTIY HOSPITAL,1431 SW 1ST AVE,(352) 401-1000,Acute Care Hospitals,Proprietary,73,39
100212,MARION COMMUNTIY HOSPITAL,1431 SW 1ST AVE,(352) 401-1000,Acute Care Hospitals,Proprietary,82,30
100212,MARION COMMUNTIY HOSPITAL,1431 SW 1ST AVE,(352) 401-1000,Acute Care Hospitals,Proprietary,77,35
100212,MARION COMMUNTIY HOSPITAL,1431 SW 1ST AVE,(352) 401-1000,Acute Care Hospitals,Proprietary,68,44
100212,MARION COMMUNTIY HOSPITAL,1431 SW 1ST AVE,(352) 401-1000,Acute Care Hospitals,Proprietary,80,32
100212,MARION COMMUNTIY HOSPITAL,1431 SW 1ST AVE,(352) 401-1000,Acute Care Hospitals,Proprietary,102,10
100212,MARION COMMUNTIY HOSPITAL,1431 SW 1ST AVE,(352) 401-1000,Acute Care Hospitals,Proprietary,83,29
100212,MARION COMMUNTIY HOSPITAL,1431 SW 1ST AVE,(352) 401-1000,Acute Care Hospitals,Proprietary,101,11
100212,MARION COMMUNTIY HOSPITAL,1431 SW 1ST AVE,(352) 401-1000,Acute Care Hospitals,Proprietary,69,43
100212,MARION COMMUNTIY HOSPITAL,1431 SW 1ST AVE,(352) 401-1000,Acute Care Hospitals,Proprietary,80,32
100212,MARION COMMUNTIY HOSPITAL,1431 SW 1ST AVE,(352) 401-1000,Acute Care Hospitals,Proprietary,97,15
100212,MARION COMMUNTIY HOSPITAL,1431 SW 1ST AVE,(352) 401-1000,Acute Care Hospitals,Proprietary,94,18
100212,MARION COMMUNTIY HOSPITAL,1431 SW 1ST AVE,(352) 401-1000,Acute Care Hospitals,Proprietary,95,17
100212,MARION COMMUNTIY HOSPITAL,1431 SW 1ST AVE,(352) 401-1000,Acute Care Hospitals,Proprietary,87,25
100212,MARION COMMUNTIY HOSPITAL,1431 SW 1ST AVE,(352) 401-1000,Acute Care Hospitals,Proprietary,101,11
100212,MARION COMMUNTIY HOSPITAL,1431 SW 1ST AVE,(352) 401-1000,Acute Care Hospitals,Proprietary,68,44
100212,MARION COMMUNTIY HOSPITAL,1431 SW 1ST AVE,(352) 401-1000,Acute Care Hospitals,Proprietary,104,8
100212,MARION COMMUNTIY HOSPITAL,1431 SW 1ST AVE,(352) 401-1000,Acute Care Hospitals,Proprietary,96,16
100212,MARION COMMUNTIY HOSPITAL,1431 SW 1ST AVE,(352) 401-1000,Acute Care Hospitals,Proprietary,95,17
100212,MARION COMMUNTIY HOSPITAL,1431 SW 1ST AVE,(352) 401-1000,Acute Care Hospitals,Proprietary,95,17
100212,MARION COMMUNTIY HOSPITAL,1431 SW 1ST AVE,(352) 401-1000,Acute Care Hospitals,Proprietary,94,18
100212,MARION COMMUNTIY HOSPITAL,1431 SW 1ST AVE,(352) 401-1000,Acute Care Hospitals,Proprietary,96,16
100212,MARION COMMUNTIY HOSPITAL,1431 SW 1ST AVE,(352) 401-1000,Acute Care Hospitals,Proprietary,92,20
100212,MARION COMMUNTIY HOSPITAL,1431 SW 1ST AVE,(352) 401-1000,Acute Care Hospitals,Proprietary,90,22
100212,MARION COMMUNTIY HOSPITAL,1431 SW 1ST AVE,(352) 401-1000,Acute Care Hospitals,Proprietary,105,7
100212,MARION COMMUNTIY HOSPITAL,1431 SW 1ST AVE,(352) 401-1000,Acute Care Hospitals,Proprietary,73,39
100212,MARION COMMUNTIY HOSPITAL,1431 SW 1ST AVE,(352) 401-1000,Acute Care Hospitals,Proprietary,73,39
100212,MARION COMMUNTIY HOSPITAL,1431 SW 1ST AVE,(352) 401-1000,Acute Care Hospitals,Proprietary,82,30
100212,MARION COMMUNTIY HOSPITAL,1431 SW 1ST AVE,(352) 401-1000,Acute Care Hospitals,Proprietary,105,7
100212,MARION COMMUNTIY HOSPITAL,1431 SW 1ST AVE,(352) 401-1000,Acute Care Hospitals,Proprietary,87,25
100212,MARION COMMUNTIY HOSPITAL,1431 SW 1ST AVE,(352) 401-1000,Acute Care Hospitals,Proprietary,70,42
100212,MARION COMMUNTIY HOSPITAL,1431 SW 1ST AVE,(352) 401-1000,Acute Care Hospitals,Proprietary,68,44
100212,MARION COMMUNTIY HOSPITAL,1431 SW 1ST AVE,(352) 401-1000,Acute Care Hospitals,Proprietary,104,8
100212,MARION COMMUNTIY HOSPITAL,1431 SW 1ST AVE,(352) 401-1000,Acute Care Hospitals,Proprietary,67,45
100212,MARION COMMUNTIY HOSPITAL,1431 SW 1ST AVE,(352) 401-1000,Acute Care Hospitals,Proprietary,99,13
100212,MARION COMMUNTIY HOSPITAL,1431 SW 1ST AVE,(352) 401-1000,Acute Care Hospitals,Proprietary,105,7
100212,MARION COMMUNTIY HOSPITAL,1431 SW 1ST AVE,(352) 401-1000,Acute Care Hospitals,Proprietary,71,41
100212,MARION COMMUNTIY HOSPITAL,1431 SW 1ST AVE,(352) 401-1000,Acute Care Hospitals,Proprietary,77,35
100212,MARION COMMUNTIY HOSPITAL,1431 SW 1ST AVE,(352) 401-1000,Acute Care Hospitals,Proprietary,68,44
100212,MARION COMMUNTIY HOSPITAL,1431 SW 1ST AVE,(352) 401-1000,Acute Care Hospitals,Proprietary,102,10
100212,MARION COMMUNTIY HOSPITAL,1431 SW 1ST AVE,(352) 401-1000,Acute Care Hospitals,Proprietary,93,19
100212,MARION COMMUNTIY HOSPITAL,1431 SW 1ST AVE,(352) 401-1000,Acute Care Hospitals,Proprietary,76,36
100212,MARION COMMUNTIY HOSPITAL,1431 SW 1ST AVE,(352) 401-1000,Acute Care Hospitals,Proprietary,86,26
100212,MARION COMMUNTIY HOSPITAL,1431 SW 1ST AVE,(352) 401-1000,Acute Care Hospitals,Proprietary,68,44
100212,MARION COMMUNTIY HOSPITAL,1431 SW 1ST AVE,(352) 401-1000,Acute Care Hospitals,Proprietary,72,40
100212,MARION COMMUNTIY HOSPITAL,1431 SW 1ST AVE,(352) 401-1000,Acute Care Hospitals,Proprietary,87,25
100212,MARION COMMUNTIY HOSPITAL,1431 SW 1ST AVE,(352) 401-1000,Acute Care Hospitals,Proprietary,86,26
100212,MARION COMMUNTIY HOSPITAL,1431 SW 1ST AVE,(352) 401-1000,Acute Care Hospitals,Proprietary,89,23
100212,MARION COMMUNTIY HOSPITAL,1431 SW 1ST AVE,(352) 401-1000,Acute Care Hospitals,Proprietary,94,18
100212,MARION COMMUNTIY HOSPITAL,1431 SW 1ST AVE,(352) 401-1000,Acute Care Hospitals,Proprietary,82,30
100212,MARION COMMUNTIY HOSPITAL,1431 SW 1ST AVE,(352) 401-1000,Acute Care Hospitals,Proprietary,71,41
100212,MARION COMMUNTIY HOSPITAL,1431 SW 1ST AVE,(352) 401-1000,Acute Care Hospitals,Proprietary,101,11
100212,MARION COMMUNTIY HOSPITAL,1431 SW 1ST AVE,(352) 401-1000,Acute Care Hospitals,Proprietary,68,44
100212,MARION COMMUNTIY HOSPITAL,1431 SW 1ST AVE,(352) 401-1000,Acute Care Hospitals,Proprietary,100,12
100212,MARION COMMUNTIY HOSPITAL,1431 SW 1ST AVE,(352) 401-1000,Acute Care Hospitals,Proprietary,90,22
100212,MARION COMMUNTIY HOSPITAL,1431 SW 1ST AVE,(352) 401-1000,Acute Care Hospitals,Proprietary,99,13
100212,MARION COMMUNTIY HOSPITAL,1431 SW 1ST AVE,(352) 401-1000,Acute Care Hospitals,Proprietary,91,21
100212,MARION COMMUNTIY HOSPITAL,1431 SW 1ST AVE,(352) 401-1000,Acute Care Hospitals,Proprietary,100,12
100212,MARION COMMUNTIY HOSPITAL,1431 SW 1ST AVE,(352) 401-1000,Acute Care Hospitals,Proprietary,104,8
100212,MARION COMMUNTIY HOSPITAL,1431 SW 1ST AVE,(352) 401-1000,Acute Care Hospitals,Proprietary,90,22
100212,MARION COMMUNTIY HOSPITAL,1431 SW 1ST AVE,(352) 401-1000,Acute Care Hospitals,Proprietary,73,39
100212,MARION COMMUNTIY HOSPITAL,1431 SW 1ST AVE,(352) 401-1000,Acute Care Hospitals,Proprietary,89,23
100212,MARION COMMUNTIY HOSPITAL,1431 SW 1ST AVE,(352) 401-1000,Acute Care Hospitals,Proprietary,71,41
100212,MARION COMMUNTIY HOSPITAL,1431 SW 1ST AVE,(352) 401-1000,Acute Care Hospitals,Proprietary,105,7
100212,MARION COMMUNTIY HOSPITAL,1431 SW 1ST AVE,(352) 401-1000,Acute Care Hospitals,Proprietary,86,26
100212,MARION COMMUNTIY HOSPITAL,1431 SW 1ST AVE,(352) 401-1000,Acute Care Hospitals,Proprietary,98,14
100212,MARION COMMUNTIY HOSPITAL,1431 SW 1ST AVE,(352) 401-1000,Acute Care Hospitals,Proprietary,73,39
100212,MARION COMMUNTIY HOSPITAL,1431 SW 1ST AVE,(352) 401-1000,Acute Care Hospitals,Proprietary,105,7
100212,MARION COMMUNTIY HOSPITAL,1431 SW 1ST AVE,(352) 401-1000,Acute Care Hospitals,Proprietary,74,38
100212,MARION COMMUNTIY HOSPITAL,1431 SW 1ST AVE,(352) 401-1000,Acute Care Hospitals,Proprietary,86,26
100212,MARION COMMUNTIY HOSPITAL,1431 SW 1ST AVE,(352) 401-1000,Acute Care Hospitals,Proprietary,99,13
100212,MARION COMMUNTIY HOSPITAL,1431 SW 1ST AVE,(352) 401-1000,Acute Care Hospitals,Proprietary,85,27
100212,MARION COMMUNTIY HOSPITAL,1431 SW 1ST AVE,(352) 401-1000,Acute Care Hospitals,Proprietary,75,37
100212,MARION COMMUNTIY HOSPITAL,1431 SW 1ST AVE,(352) 401-1000,Acute Care Hospitals,Proprietary,93,19
100212,MARION COMMUNTIY HOSPITAL,1431 SW 1ST AVE,(352) 401-1000,Acute Care Hospitals,Proprietary,68,44
100212,MARION COMMUNTIY HOSPITAL,1431 SW 1ST AVE,(352) 401-1000,Acute Care Hospitals,Proprietary,79,33
100212,MARION COMMUNTIY HOSPITAL,1431 SW 1ST AVE,(352) 401-1000,Acute Care Hospitals,Proprietary,96,16
100212,MARION COMMUNTIY HOSPITAL,1431 SW 1ST AVE,(352) 401-1000,Acute Care Hospitals,Proprietary,95,17
100212,MARION COMMUNTIY HOSPITAL,1431 SW 1ST AVE,(352) 401-1000,Acute Care Hospitals,Proprietary,81,31
100212,MARION COMMUNTIY HOSPITAL,1431 SW 1ST AVE,(352) 401-1000,Acute Care Hospitals,Proprietary,91,21
100212,MARION COMMUNTIY HOSPITAL,1431 SW 1ST AVE,(352) 401-1000,Acute Care Hospitals,Proprietary,79,33
100212,MARION COMMUNTIY HOSPITAL,1431 SW 1ST AVE,(352) 401-1000,Acute Care Hospitals,Proprietary,88,24
100212,MARION COMMUNTIY HOSPITAL,1431 SW 1ST AVE,(352) 401-1000,Acute Care Hospitals,Proprietary,93,19
100212,MARION COMMUNTIY HOSPITAL,1431 SW 1ST AVE,(352) 401-1000,Acute Care Hospitals,Proprietary,80,32
100212,MARION COMMUNTIY HOSPITAL,1431 SW 1ST AVE,(352) 401-1000,Acute Care Hospitals,Proprietary,70,42
100212,MARION COMMUNTIY HOSPITAL,1431 SW 1ST AVE,(352) 401-1000,Acute Care Hospitals,Proprietary,68,44
100212,MARION COMMUNTIY HOSPITAL,1431 SW 1ST AVE,(352) 401-1000,Acute Care Hospitals,Proprietary,105,7
100212,MARION COMMUNTIY HOSPITAL,1431 SW 1ST AVE,(352) 401-1000,Acute Care Hospitals,Proprietary,67,45
100212,MARION COMMUNTIY HOSPITAL,1431 SW 1ST AVE,(352) 401-1000,Acute Care Hospitals,Proprietary,68,44
100212,MARION COMMUNTIY HOSPITAL,1431 SW 1ST AVE,(352) 401-1000,Acute Care Hospitals,Proprietary,77,35
100212,MARION COMMUNTIY HOSPITAL,1431 SW 1ST AVE,(352) 401-1000,Acute Care Hospitals,Proprietary,84,28
100212,MARION COMMUNTIY HOSPITAL,1431 SW 1ST AVE,(352) 401-1000,Acute Care Hospitals,Proprietary,102,10
100212,MARION COMMUNTIY HOSPITAL,1431 SW 1ST AVE,(352) 401-1000,Acute Care Hospitals,Proprietary,75,37
100212,MARION COMMUNTIY HOSPITAL,1431 SW 1ST AVE,(352) 401-1000,Acute Care Hospitals,Proprietary,91,21
100212,MARION COMMUNTIY HOSPITAL,1431 SW 1ST AVE,(352) 401-1000,Acute Care Hospitals,Proprietary,82,30
100212,MARION COMMUNTIY HOSPITAL,1431 SW 1ST AVE,(352) 401-1000,Acute Care Hospitals,Proprietary,85,27
100212,MARION COMMUNTIY HOSPITAL,1431 SW 1ST AVE,(352) 401-1000,Acute Care Hospitals,Proprietary,74,38
100212,MARION COMMUNTIY HOSPITAL,1431 SW 1ST AVE,(352) 401-1000,Acute Care Hospitals,Proprietary,78,34
100212,MARION COMMUNTIY HOSPITAL,1431 SW 1ST AVE,(352) 401-1000,Acute Care Hospitals,Proprietary,95,17
100212,MARION COMMUNTIY HOSPITAL,1431 SW 1ST AVE,(352) 401-1000,Acute Care Hospitals,Proprietary,79,33
100212,MARION COMMUNTIY HOSPITAL,1431 SW 1ST AVE,(352) 401-1000,Acute Care Hospitals,Proprietary,95,17
100212,MARION COMMUNTIY HOSPITAL,1431 SW 1ST AVE,(352) 401-1000,Acute Care Hospitals,Proprietary,97,15
100212,MARION COMMUNTIY HOSPITAL,1431 SW 1ST AVE,(352) 401-1000,Acute Care Hospitals,Proprietary,95,17
100212,MARION COMMUNTIY HOSPITAL,1431 SW 1ST AVE,(352) 401-1000,Acute Care Hospitals,Proprietary,69,43
100212,MARION COMMUNTIY HOSPITAL,1431 SW 1ST AVE,(352) 401-1000,Acute Care Hospitals,Proprietary,95,17
100212,MARION COMMUNTIY HOSPITAL,1431 SW 1ST AVE,(352) 401-1000,Acute Care Hospitals,Proprietary,71,41
100212,MARION COMMUNTIY HOSPITAL,1431 SW 1ST AVE,(352) 401-1000,Acute Care Hospitals,Proprietary,78,34
100212,MARION COMMUNTIY HOSPITAL,1431 SW 1ST AVE,(352) 401-1000,Acute Care Hospitals,Proprietary,87,25
100212,MARION COMMUNTIY HOSPITAL,1431 SW 1ST AVE,(352) 401-1000,Acute Care Hospitals,Proprietary,103,9
100212,MARION COMMUNTIY HOSPITAL,1431 SW 1ST AVE,(352) 401-1000,Acute Care Hospitals,Proprietary,97,15
100212,MARION COMMUNTIY HOSPITAL,1431 SW 1ST AVE,(352) 401-1000,Acute Care Hospitals,Proprietary,95,17
100212,MARION COMMUNTIY HOSPITAL,1431 SW 1ST AVE,(352) 401-1000,Acute Care Hospitals,Proprietary,85,27
100212,MARION COMMUNTIY HOSPITAL,1431 SW 1ST AVE,(352) 401-1000,Acute Care Hospitals,Proprietary,87,25
100212,MARION COMMUNTIY HOSPITAL,1431 SW 1ST AVE,(352) 401-1000,Acute Care Hospitals,Proprietary,88,24
100212,MARION COMMUNTIY HOSPITAL,1431 SW 1ST AVE,(352) 401-1000,Acute Care Hospitals,Proprietary,99,13
100212,MARION COMMUNTIY HOSPITAL,1431 SW 1ST AVE,(352) 401-1000,Acute Care Hospitals,Proprietary,98,14
100212,MARION COMMUNTIY HOSPITAL,1431 SW 1ST AVE,(352) 401-1000,Acute Care Hospitals,Proprietary,102,10
