Facility ID,Facility Name,Address,Telephone Number,Hospital Type,Hospital Ownership,Active Beds,Inactive Beds
100236,HCA FLORIDA FAWCETT HOSPITAL,21298 OLEAN BLVD,(941) 629-1181,Acute Care Hospitals,Proprietary,99,34
100236,HCA FLORIDA FAWCETT HOSPITAL,21298 OLEAN BLVD,(941) 629-1181,Acute Care Hospitals,Proprietary,104,29
100236,HCA FLORIDA FAWCETT HOSPITAL,21298 OLEAN BLVD,(941) 629-1181,Acute Care Hospitals,Proprietary,108,25
100236,HCA FLORIDA FAWCETT HOSPITAL,21298 OLEAN BLVD,(941) 629-1181,Acute Care Hospitals,Proprietary,84,49
100236,HCA FLORIDA FAWCETT HOSPITAL,21298 OLEAN BLVD,(941) 629-1181,Acute Care Hospitals,Proprietary,93,40
100236,HCA FLORIDA FAWCETT HOSPITAL,21298 OLEAN BLVD,(941) 629-1181,Acute Care Hospitals,Proprietary,110,23
100236,HCA FLORIDA FAWCETT HOSPITAL,21298 OLEAN BLVD,(941) 629-1181,Acute Care Hospitals,Proprietary,93,40
100236,HCA FLORIDA FAWCETT HOSPITAL,21298 OLEAN BLVD,(941) 629-1181,Acute Care Hospitals,Proprietary,111,22
100236,HCA FLORIDA FAWCETT HOSPITAL,21298 OLEAN BLVD,(941) 629-1181,Acute Care Hospitals,Proprietary,111,22
100236,HCA FLORIDA FAWCETT HOSPITAL,21298 OLEAN BLVD,(941) 629-1181,Acute Care Hospitals,Proprietary,109,24
100236,HCA FLORIDA FAWCETT HOSPITAL,21298 OLEAN BLVD,(941) 629-1181,Acute Care Hospitals,Proprietary,90,43
100236,HCA FLORIDA FAWCETT HOSPITAL,21298 OLEAN BLVD,(941) 629-1181,Acute Care Hospitals,Proprietary,106,27
100236,HCA FLORIDA FAWCETT HOSPITAL,21298 OLEAN BLVD,(941) 629-1181,Acute Care Hospitals,Proprietary,120,13
100236,HCA FLORIDA FAWCETT HOSPITAL,21298 OLEAN BLVD,(941) 629-1181,Acute Care Hospitals,Proprietary,114,19
100236,HCA FLORIDA FAWCETT HOSPITAL,21298 OLEAN BLVD,(941) 629-1181,Acute Care Hospitals,Proprietary,117,16
100236,HCA FLORIDA FAWCETT HOSPITAL,21298 OLEAN BLVD,(941) 629-1181,Acute Care Hospitals,Proprietary,86,47
100236,HCA FLORIDA FAWCETT HOSPITAL,21298 OLEAN BLVD,(941) 629-1181,Acute Care Hospitals,Proprietary,81,52
100236,HCA FLORIDA FAWCETT HOSPITAL,21298 OLEAN BLVD,(941) 629-1181,Acute Care Hospitals,Proprietary,100,33
100236,HCA FLORIDA FAWCETT HOSPITAL,21298 OLEAN BLVD,(941) 629-1181,Acute Care Hospitals,Proprietary,99,34
100236,HCA FLORIDA FAWCETT HOSPITAL,21298 OLEAN BLVD,(941) 629-1181,Acute Care Hospitals,Proprietary,99,34
100236,HCA FLORIDA FAWCETT HOSPITAL,21298 OLEAN BLVD,(941) 629-1181,Acute Care Hospitals,Proprietary,85,48
100236,HCA FLORIDA FAWCETT HOSPITAL,21298 OLEAN BLVD,(941) 629-1181,Acute Care Hospitals,Proprietary,125,8
100236,HCA FLORIDA FAWCETT HOSPITAL,21298 OLEAN BLVD,(941) 629-1181,Acute Care Hospitals,Proprietary,86,47
100236,HCA FLORIDA FAWCETT HOSPITAL,21298 OLEAN BLVD,(941) 629-1181,Acute Care Hospitals,Proprietary,116,17
100236,HCA FLORIDA FAWCETT HOSPITAL,21298 OLEAN BLVD,(941) 629-1181,Acute Care Hospitals,Proprietary,112,21
100236,HCA FLORIDA FAWCETT HOSPITAL,21298 OLEAN BLVD,(941) 629-1181,Acute Care Hospitals,Proprietary,85,48
100236,HCA FLORIDA FAWCETT HOSPITAL,21298 OLEAN BLVD,(941) 629-1181,Acute Care Hospitals,Proprietary,123,10
100236,HCA FLORIDA FAWCETT HOSPITAL,21298 OLEAN BLVD,(941) 629-1181,Acute Care Hospitals,Proprietary,83,50
100236,HCA FLORIDA FAWCETT HOSPITAL,21298 OLEAN BLVD,(941) 629-1181,Acute Care Hospitals,Proprietary,118,15
100236,HCA FLORIDA FAWCETT HOSPITAL,21298 OLEAN BLVD,(941) 629-1181,Acute Care Hospitals,Proprietary,113,20
100236,HCA FLORIDA FAWCETT HOSPITAL,21298 OLEAN BLVD,(941) 629-1181,Acute Care Hospitals,Proprietary,83,50
100236,HCA FLORIDA FAWCETT HOSPITAL,21298 OLEAN BLVD,(941) 629-1181,Acute Care Hospitals,Proprietary,88,45
100236,HCA FLORIDA FAWCETT HOSPITAL,21298 OLEAN BLVD,(941) 629-1181,Acute Care Hospitals,Proprietary,84,49
100236,HCA FLORIDA FAWCETT HOSPITAL,21298 OLEAN BLVD,(941) 629-1181,Acute Care Hospitals,Proprietary,109,24
100236,HCA FLORIDA FAWCETT HOSPITAL,21298 OLEAN BLVD,(941) 629-1181,Acute Care Hospitals,Proprietary,94,39
100236,HCA FLORIDA FAWCETT HOSPITAL,21298 OLEAN BLVD,(941) 629-1181,Acute Care Hospitals,Proprietary,117,16
100236,HCA FLORIDA FAWCETT HOSPITAL,21298 OLEAN BLVD,(941) 629-1181,Acute Care Hospitals,Proprietary,100,33
100236,HCA FLORIDA FAWCETT HOSPITAL,21298 OLEAN BLVD,(941) 629-1181,Acute Care Hospitals,Proprietary,104,29
100236,HCA FLORIDA FAWCETT HOSPITAL,21298 OLEAN BLVD,(941) 629-1181,Acute Care Hospitals,Proprietary,100,33
100236,HCA FLORIDA FAWCETT HOSPITAL,21298 OLEAN BLVD,(941) 629-1181,Acute Care Hospitals,Proprietary,89,44
100236,HCA FLORIDA FAWCETT HOSPITAL,21298 OLEAN BLVD,(941) 629-1181,Acute Care Hospitals,Proprietary,98,35
100236,HCA FLORIDA FAWCETT HOSPITAL,21298 OLEAN BLVD,(941) 629-1181,Acute Care Hospitals,Proprietary,82,51
100236,HCA FLORIDA FAWCETT HOSPITAL,21298 OLEAN BLVD,(941) 629-1181,Acute Care Hospitals,Proprietary,106,27
100236,HCA FLORIDA FAWCETT HOSPITAL,21298 OLEAN BLVD,(941) 629-1181,Acute Care Hospitals,Proprietary,88,45
100236,HCA FLORIDA FAWCETT HOSPITAL,21298 OLEAN BLVD,(941) 629-1181,Acute Care Hospitals,Proprietary,107,26
100236,HCA FLORIDA FAWCETT HOSPITAL,21298 OLEAN BLVD,(941) 629-1181,Acute Care Hospitals,Proprietary,125,8
100236,HCA FLORIDA FAWCETT HOSPITAL,21298 OLEAN BLVD,(941) 629-1181,Acute Care Hospitals,Proprietary,111,22
100236,HCA FLORIDA FAWCETT HOSPITAL,21298 OLEAN BLVD,(941) 629-1181,Acute Care Hospitals,Proprietary,83,50
100236,HCA FLORIDA FAWCETT HOSPITAL,21298 OLEAN BLVD,(941) 629-1181,Acute Care Hospitals,Proprietary,94,39
100236,HCA FLORIDA FAWCETT HOSPITAL,21298 OLEAN BLVD,(941) 629-1181,Acute Care Hospitals,Proprietary,121,12
100236,HCA FLORIDA FAWCETT HOSPITAL,21298 OLEAN BLVD,(941) 629-1181,Acute Care Hospitals,Proprietary,110,23
100236,HCA FLORIDA FAWCETT HOSPITAL,21298 OLEAN BLVD,(941) 629-1181,Acute Care Hospitals,Proprietary,106,27
100236,HCA FLORIDA FAWCETT HOSPITAL,21298 OLEAN BLVD,(941) 629-1181,Acute Care Hospitals,Proprietary,98,35
100236,HCA FLORIDA FAWCETT HOSPITAL,21298 OLEAN BLVD,(941) 629-1181,Acute Care Hospitals,Proprietary,120,13
100236,HCA FLORIDA FAWCETT HOSPITAL,21298 OLEAN BLVD,(941) 629-1181,Acute Care Hospitals,Proprietary,109,24
100236,HCA FLORIDA FAWCETT HOSPITAL,21298 OLEAN BLVD,(941) 629-1181,Acute Care Hospitals,Proprietary,118,15
100236,HCA FLORIDA FAWCETT HOSPITAL,21298 OLEAN BLVD,(941) 629-1181,Acute Care Hospitals,Proprietary,85,48
100236,HCA FLORIDA FAWCETT HOSPITAL,21298 OLEAN BLVD,(941) 629-1181,Acute Care Hospitals,Proprietary,115,18
100236,HCA FLORIDA FAWCETT HOSPITAL,21298 OLEAN BLVD,(941) 629-1181,Acute Care Hospitals,Proprietary,100,33
100236,HCA FLORIDA FAWCETT HOSPITAL,21298 OLEAN BLVD,(941) 629-1181,Acute Care Hospitals,Proprietary,82,51
100236,HCA FLORIDA FAWCETT HOSPITAL,21298 OLEAN BLVD,(941) 629-1181,Acute Care Hospitals,Proprietary,97,36
100236,HCA FLORIDA FAWCETT HOSPITAL,21298 OLEAN BLVD,(941) 629-1181,Acute Care Hospitals,Proprietary,124,9
100236,HCA FLORIDA FAWCETT HOSPITAL,21298 OLEAN BLVD,(941) 629-1181,Acute Care Hospitals,Proprietary,116,17
100236,HCA FLORIDA FAWCETT HOSPITAL,21298 OLEAN BLVD,(941) 629-1181,Acute Care Hospitals,Proprietary,107,26
100236,HCA FLORIDA FAWCETT HOSPITAL,21298 OLEAN BLVD,(941) 629-1181,Acute Care Hospitals,Proprietary,84,49
100236,HCA FLORIDA FAWCETT HOSPITAL,21298 OLEAN BLVD,(941) 629-1181,Acute Care Hospitals,Proprietary,97,36
100236,HCA FLORIDA FAWCETT HOSPITAL,21298 OLEAN BLVD,(941) 629-1181,Acute Care Hospitals,Proprietary,120,13
100236,HCA FLORIDA FAWCETT HOSPITAL,21298 OLEAN BLVD,(941) 629-1181,Acute Care Hospitals,Proprietary,115,18
100236,HCA FLORIDA FAWCETT HOSPITAL,21298 OLEAN BLVD,(941) 629-1181,Acute Care Hospitals,Proprietary,109,24
100236,HCA FLORIDA FAWCETT HOSPITAL,21298 OLEAN BLVD,(941) 629-1181,Acute Care Hospitals,Proprietary,115,18
100236,HCA FLORIDA FAWCETT HOSPITAL,21298 OLEAN BLVD,(941) 629-1181,Acute Care Hospitals,Proprietary,101,32
100236,HCA FLORIDA FAWCETT HOSPITAL,21298 OLEAN BLVD,(941) 629-1181,Acute Care Hospitals,Proprietary,115,18
100236,HCA FLORIDA FAWCETT HOSPITAL,21298 OLEAN BLVD,(941) 629-1181,Acute Care Hospitals,Proprietary,98,35
100236,HCA FLORIDA FAWCETT HOSPITAL,21298 OLEAN BLVD,(941) 629-1181,Acute Care Hospitals,Proprietary,97,36
100236,HCA FLORIDA FAWCETT HOSPITAL,21298 OLEAN BLVD,(941) 629-1181,Acute Care Hospitals,Proprietary,103,30
100236,HCA FLORIDA FAWCETT HOSPITAL,21298 OLEAN BLVD,(941) 629-1181,Acute Care Hospitals,Proprietary,122,11
100236,HCA FLORIDA FAWCETT HOSPITAL,21298 OLEAN BLVD,(941) 629-1181,Acute Care Hospitals,Proprietary,102,31
100236,HCA FLORIDA FAWCETT HOSPITAL,21298 OLEAN BLVD,(941) 629-1181,Acute Care Hospitals,Proprietary,83,50
100236,HCA FLORIDA FAWCETT HOSPITAL,21298 OLEAN BLVD,(941) 629-1181,Acute Care Hospitals,Proprietary,91,42
100236,HCA FLORIDA FAWCETT HOSPITAL,21298 OLEAN BLVD,(941) 629-1181,Acute Care Hospitals,Proprietary,112,21
100236,HCA FLORIDA FAWCETT HOSPITAL,21298 OLEAN BLVD,(941) 629-1181,Acute Care Hospitals,Proprietary,116,17
100236,HCA FLORIDA FAWCETT HOSPITAL,21298 OLEAN BLVD,(941) 629-1181,Acute Care Hospitals,Proprietary,96,37
100236,HCA FLORIDA FAWCETT HOSPITAL,21298 OLEAN BLVD,(941) 629-1181,Acute Care Hospitals,Proprietary,108,25
100236,HCA FLORIDA FAWCETT HOSPITAL,21298 OLEAN BLVD,(941) 629-1181,Acute Care Hospitals,Proprietary,118,15
100236,HCA FLORIDA FAWCETT HOSPITAL,21298 OLEAN BLVD,(941) 629-1181,Acute Care Hospitals,Proprietary,87,46
100236,HCA FLORIDA FAWCETT HOSPITAL,21298 OLEAN BLVD,(941) 629-1181,Acute Care Hospitals,Proprietary,116,17
100236,HCA FLORIDA FAWCETT HOSPITAL,21298 OLEAN BLVD,(941) 629-1181,Acute Care Hospitals,Proprietary,93,40
100236,HCA FLORIDA FAWCETT HOSPITAL,21298 OLEAN BLVD,(941) 629-1181,Acute Care Hospitals,Proprietary,124,9
100236,HCA FLORIDA FAWCETT HOSPITAL,21298 OLEAN BLVD,(941) 629-1181,Acute Care Hospitals,Proprietary,108,25
100236,HCA FLORIDA FAWCETT HOSPITAL,21298 OLEAN BLVD,(941) 629-1181,Acute Care Hospitals,Proprietary,97,36
100236,HCA FLORIDA FAWCETT HOSPITAL,21298 OLEAN BLVD,(941) 629-1181,Acute Care Hospitals,Proprietary,104,29
100236,HCA FLORIDA FAWCETT HOSPITAL,21298 OLEAN BLVD,(941) 629-1181,Acute Care Hospitals,Proprietary,120,13
100236,HCA FLORIDA FAWCETT HOSPITAL,21298 OLEAN BLVD,(941) 629-1181,Acute Care Hospitals,Proprietary,85,48
100236,HCA FLORIDA FAWCETT HOSPITAL,21298 OLEAN BLVD,(941) 629-1181,Acute Care Hospitals,Proprietary,106,27
100236,HCA FLORIDA FAWCETT HOSPITAL,21298 OLEAN BLVD,(941) 629-1181,Acute Care Hospitals,Proprietary,84,49
100236,HCA FLORIDA FAWCETT HOSPITAL,21298 OLEAN BLVD,(941) 629-1181,Acute Care Hospitals,Proprietary,83,50
100236,HCA FLORIDA FAWCETT HOSPITAL,21298 OLEAN BLVD,(941) 629-1181,Acute Care Hospitals,Proprietary,90,43
100236,HCA FLORIDA FAWCETT HOSPITAL,21298 OLEAN BLVD,(941) 629-1181,Acute Care Hospitals,Proprietary,102,31
100236,HCA FLORIDA FAWCETT HOSPITAL,21298 OLEAN BLVD,(941) 629-1181,Acute Care Hospitals,Proprietary,125,8
100236,HCA FLORIDA FAWCETT HOSPITAL,21298 OLEAN BLVD,(941) 629-1181,Acute Care Hospitals,Proprietary,91,42
100236,HCA FLORIDA FAWCETT HOSPITAL,21298 OLEAN BLVD,(941) 629-1181,Acute Care Hospitals,Proprietary,117,16
100236,HCA FLORIDA FAWCETT HOSPITAL,21298 OLEAN BLVD,(941) 629-1181,Acute Care Hospitals,Proprietary,123,10
100236,HCA FLORIDA FAWCETT HOSPITAL,21298 OLEAN BLVD,(941) 629-1181,Acute Care Hospitals,Proprietary,105,28
100236,HCA FLORIDA FAWCETT HOSPITAL,21298 OLEAN BLVD,(941) 629-1181,Acute Care Hospitals,Proprietary,107,26
100236,HCA FLORIDA FAWCETT HOSPITAL,21298 OLEAN BLVD,(941) 629-1181,Acute Care Hospitals,Proprietary,118,15
100236,HCA FLORIDA FAWCETT HOSPITAL,21298 OLEAN BLVD,(941) 629-1181,Acute Care Hospitals,Proprietary,102,31
100236,HCA FLORIDA FAWCETT HOSPITAL,21298 OLEAN BLVD,(941) 629-1181,Acute Care Hospitals,Proprietary,123,10
100236,HCA FLORIDA FAWCETT HOSPITAL,21298 OLEAN BLVD,(941) 629-1181,Acute Care Hospitals,Proprietary,84,49
100236,HCA FLORIDA FAWCETT HOSPITAL,21298 OLEAN BLVD,(941) 629-1181,Acute Care Hospitals,Proprietary,123,10
100236,HCA FLORIDA FAWCETT HOSPITAL,21298 OLEAN BLVD,(941) 629-1181,Acute Care Hospitals,Proprietary,121,12
100236,HCA FLORIDA FAWCETT HOSPITAL,21298 OLEAN BLVD,(941) 629-1181,Acute Care Hospitals,Proprietary,123,10
100236,HCA FLORIDA FAWCETT HOSPITAL,21298 OLEAN BLVD,(941) 629-1181,Acute Care Hospitals,Proprietary,90,43
100236,HCA FLORIDA FAWCETT HOSPITAL,21298 OLEAN BLVD,(941) 629-1181,Acute Care Hospitals,Proprietary,102,31
100236,HCA FLORIDA FAWCETT HOSPITAL,21298 OLEAN BLVD,(941) 629-1181,Acute Care Hospitals,Proprietary,86,47
100236,HCA FLORIDA FAWCETT HOSPITAL,21298 OLEAN BLVD,(941) 629-1181,Acute Care Hospitals,Proprietary,97,36
100236,HCA FLORIDA FAWCETT HOSPITAL,21298 OLEAN BLVD,(941) 629-1181,Acute Care Hospitals,Proprietary,110,23
100236,HCA FLORIDA FAWCETT HOSPITAL,21298 OLEAN BLVD,(941) 629-1181,Acute Care Hospitals,Proprietary,97,36
100236,HCA FLORIDA FAWCETT HOSPITAL,21298 OLEAN BLVD,(941) 629-1181,Acute Care Hospitals,Proprietary,81,52
100236,HCA FLORIDA FAWCETT HOSPITAL,21298 OLEAN BLVD,(941) 629-1181,Acute Care Hospitals,Proprietary,101,32
100236,HCA FLORIDA FAWCETT HOSPITAL,21298 OLEAN BLVD,(941) 629-1181,Acute Care Hospitals,Proprietary,108,25
100236,HCA FLORIDA FAWCETT HOSPITAL,21298 OLEAN BLVD,(941) 629-1181,Acute Care Hospitals,Proprietary,100,33
100236,HCA FLORIDA FAWCETT HOSPITAL,21298 OLEAN BLVD,(941) 629-1181,Acute Care Hospitals,Proprietary,90,43
100236,HCA FLORIDA FAWCETT HOSPITAL,21298 OLEAN BLVD,(941) 629-1181,Acute Care Hospitals,Proprietary,110,23
100236,HCA FLORIDA FAWCETT HOSPITAL,21298 OLEAN BLVD,(941) 629-1181,Acute Care Hospitals,Proprietary,110,23
100236,HCA FLORIDA FAWCETT HOSPITAL,21298 OLEAN BLVD,(941) 629-1181,Acute Care Hospitals,Proprietary,123,10
100236,HCA FLORIDA FAWCETT HOSPITAL,21298 OLEAN BLVD,(941) 629-1181,Acute Care Hospitals,Proprietary,121,12
100236,HCA FLORIDA FAWCETT HOSPITAL,21298 OLEAN BLVD,(941) 629-1181,Acute Care Hospitals,Proprietary,95,38
100236,HCA FLORIDA FAWCETT HOSPITAL,21298 OLEAN BLVD,(941) 629-1181,Acute Care Hospitals,Proprietary,112,21
100236,HCA FLORIDA FAWCETT HOSPITAL,21298 OLEAN BLVD,(941) 629-1181,Acute Care Hospitals,Proprietary,82,51
100236,HCA FLORIDA FAWCETT HOSPITAL,21298 OLEAN BLVD,(941) 629-1181,Acute Care Hospitals,Proprietary,97,36
100236,HCA FLORIDA FAWCETT HOSPITAL,21298 OLEAN BLVD,(941) 629-1181,Acute Care Hospitals,Proprietary,85,48
100236,HCA FLORIDA FAWCETT HOSPITAL,21298 OLEAN BLVD,(941) 629-1181,Acute Care Hospitals,Proprietary,108,25
100236,HCA FLORIDA FAWCETT HOSPITAL,21298 OLEAN BLVD,(941) 629-1181,Acute Care Hospitals,Proprietary,115,18
100236,HCA FLORIDA FAWCETT HOSPITAL,21298 OLEAN BLVD,(941) 629-1181,Acute Care Hospitals,Proprietary,83,50
100236,HCA FLORIDA FAWCETT HOSPITAL,21298 OLEAN BLVD,(941) 629-1181,Acute Care Hospitals,Proprietary,103,30
100236,HCA FLORIDA FAWCETT HOSPITAL,21298 OLEAN BLVD,(941) 629-1181,Acute Care Hospitals,Proprietary,124,9
100236,HCA FLORIDA FAWCETT HOSPITAL,21298 OLEAN BLVD,(941) 629-1181,Acute Care Hospitals,Proprietary,86,47
100236,HCA FLORIDA FAWCETT HOSPITAL,21298 OLEAN BLVD,(941) 629-1181,Acute Care Hospitals,Proprietary,98,35
100236,HCA FLORIDA FAWCETT HOSPITAL,21298 OLEAN BLVD,(941) 629-1181,Acute Care Hospitals,Proprietary,80,53
100236,HCA FLORIDA FAWCETT HOSPITAL,21298 OLEAN BLVD,(941) 629-1181,Acute Care Hospitals,Proprietary,121,12
100236,HCA FLORIDA FAWCETT HOSPITAL,21298 OLEAN BLVD,(941) 629-1181,Acute Care Hospitals,Proprietary,114,19
100236,HCA FLORIDA FAWCETT HOSPITAL,21298 OLEAN BLVD,(941) 629-1181,Acute Care Hospitals,Proprietary,101,32
100236,HCA FLORIDA FAWCETT HOSPITAL,21298 OLEAN BLVD,(941) 629-1181,Acute Care Hospitals,Proprietary,119,14
100236,HCA FLORIDA FAWCETT HOSPITAL,21298 OLEAN BLVD,(941) 629-1181,Acute Care Hospitals,Proprietary,92,41
100236,HCA FLORIDA FAWCETT HOSPITAL,21298 OLEAN BLVD,(941) 629-1181,Acute Care Hospitals,Proprietary,87,46
100236,HCA FLORIDA FAWCETT HOSPITAL,21298 OLEAN BLVD,(941) 629-1181,Acute Care Hospitals,Proprietary,99,34
100236,HCA FLORIDA FAWCETT HOSPITAL,21298 OLEAN BLVD,(941) 629-1181,Acute Care Hospitals,Proprietary,91,42
100236,HCA FLORIDA FAWCETT HOSPITAL,21298 OLEAN BLVD,(941) 629-1181,Acute Care Hospitals,Proprietary,83,50
100236,HCA FLORIDA FAWCETT HOSPITAL,21298 OLEAN BLVD,(941) 629-1181,Acute Care Hospitals,Proprietary,87,46
100236,HCA FLORIDA FAWCETT HOSPITAL,21298 OLEAN BLVD,(941) 629-1181,Acute Care Hospitals,Proprietary,82,51
100236,HCA FLORIDA FAWCETT HOSPITAL,21298 OLEAN BLVD,(941) 629-1181,Acute Care Hospitals,Proprietary,100,33
100236,HCA FLORIDA FAWCETT HOSPITAL,21298 OLEAN BLVD,(941) 629-1181,Acute Care Hospitals,Proprietary,100,33
100236,HCA FLORIDA FAWCETT HOSPITAL,21298 OLEAN BLVD,(941) 629-1181,Acute Care Hospitals,Proprietary,101,32
100236,HCA FLORIDA FAWCETT HOSPITAL,21298 OLEAN BLVD,(941) 629-1181,Acute Care Hospitals,Proprietary,125,8
100236,HCA FLORIDA FAWCETT HOSPITAL,21298 OLEAN BLVD,(941) 629-1181,Acute Care Hospitals,Proprietary,96,37
100236,HCA FLORIDA FAWCETT HOSPITAL,21298 OLEAN BLVD,(941) 629-1181,Acute Care Hospitals,Proprietary,101,32
100236,HCA FLORIDA FAWCETT HOSPITAL,21298 OLEAN BLVD,(941) 629-1181,Acute Care Hospitals,Proprietary,95,38
100236,HCA FLORIDA FAWCETT HOSPITAL,21298 OLEAN BLVD,(941) 629-1181,Acute Care Hospitals,Proprietary,123,10
100236,HCA FLORIDA FAWCETT HOSPITAL,21298 OLEAN BLVD,(941) 629-1181,Acute Care Hospitals,Proprietary,101,32
100236,HCA FLORIDA FAWCETT HOSPITAL,21298 OLEAN BLVD,(941) 629-1181,Acute Care Hospitals,Proprietary,118,15
100236,HCA FLORIDA FAWCETT HOSPITAL,21298 OLEAN BLVD,(941) 629-1181,Acute Care Hospitals,Proprietary,83,50
100236,HCA FLORIDA FAWCETT HOSPITAL,21298 OLEAN BLVD,(941) 629-1181,Acute Care Hospitals,Proprietary,107,26
100236,HCA FLORIDA FAWCETT HOSPITAL,21298 OLEAN BLVD,(941) 629-1181,Acute Care Hospitals,Proprietary,95,38
100236,HCA FLORIDA FAWCETT HOSPITAL,21298 OLEAN BLVD,(941) 629-1181,Acute Care Hospitals,Proprietary,105,28
100236,HCA FLORIDA FAWCETT HOSPITAL,21298 OLEAN BLVD,(941) 629-1181,Acute Care Hospitals,Proprietary,107,26
100236,HCA FLORIDA FAWCETT HOSPITAL,21298 OLEAN BLVD,(941) 629-1181,Acute Care Hospitals,Proprietary,102,31
100236,HCA FLORIDA FAWCETT HOSPITAL,21298 OLEAN BLVD,(941) 629-1181,Acute Care Hospitals,Proprietary,106,27
100236,HCA FLORIDA FAWCETT HOSPITAL,21298 OLEAN BLVD,(941) 629-1181,Acute Care Hospitals,Proprietary,108,25
100236,HCA FLORIDA FAWCETT HOSPITAL,21298 OLEAN BLVD,(941) 629-1181,Acute Care Hospitals,Proprietary,117,16
100236,HCA FLORIDA FAWCETT HOSPITAL,21298 OLEAN BLVD,(941) 629-1181,Acute Care Hospitals,Proprietary,125,8
100236,HCA FLORIDA FAWCETT HOSPITAL,21298 OLEAN BLVD,(941) 629-1181,Acute Care Hospitals,Proprietary,106,27
100236,HCA FLORIDA FAWCETT HOSPITAL,21298 OLEAN BLVD,(941) 629-1181,Acute Care Hospitals,Proprietary,102,31
100236,HCA FLORIDA FAWCETT HOSPITAL,21298 OLEAN BLVD,(941) 629-1181,Acute Care Hospitals,Proprietary,108,25
100236,HCA FLORIDA FAWCETT HOSPITAL,21298 OLEAN BLVD,(941) 629-1181,Acute Care Hospitals,Proprietary,102,31
100236,HCA FLORIDA FAWCETT HOSPITAL,21298 OLEAN BLVD,(941) 629-1181,Acute Care Hospitals,Proprietary,109,24
100236,HCA FLORIDA FAWCETT HOSPITAL,21298 OLEAN BLVD,(941) 629-1181,Acute Care Hospitals,Proprietary,108,25
100236,HCA FLORIDA FAWCETT HOSPITAL,21298 OLEAN BLVD,(941) 629-1181,Acute Care Hospitals,Proprietary,121,12
100236,HCA FLORIDA FAWCETT HOSPITAL,21298 OLEAN BLVD,(941) 629-1181,Acute Care Hospitals,Proprietary,101,32
100236,HCA FLORIDA FAWCETT HOSPITAL,21298 OLEAN BLVD,(941) 629-1181,Acute Care Hospitals,Proprietary,96,37
100236,HCA FLORIDA FAWCETT HOSPITAL,21298 OLEAN BLVD,(941) 629-1181,Acute Care Hospitals,Proprietary,84,49
100236,HCA FLORIDA FAWCETT HOSPITAL,21298 OLEAN BLVD,(941) 629-1181,Acute Care Hospitals,Proprietary,118,15
100236,HCA FLORIDA FAWCETT HOSPITAL,21298 OLEAN BLVD,(941) 629-1181,Acute Care Hospitals,Proprietary,84,49
100236,HCA FLORIDA FAWCETT HOSPITAL,21298 OLEAN BLVD,(941) 629-1181,Acute Care Hospitals,Proprietary,96,37
100236,HCA FLORIDA FAWCETT HOSPITAL,21298 OLEAN BLVD,(941) 629-1181,Acute Care Hospitals,Proprietary,107,26
100236,HCA FLORIDA FAWCETT HOSPITAL,21298 OLEAN BLVD,(941) 629-1181,Acute Care Hospitals,Proprietary,86,47
100236,HCA FLORIDA FAWCETT HOSPITAL,21298 OLEAN BLVD,(941) 629-1181,Acute Care Hospitals,Proprietary,90,43
100236,HCA FLORIDA FAWCETT HOSPITAL,21298 OLEAN BLVD,(941) 629-1181,Acute Care Hospitals,Proprietary,98,35
100236,HCA FLORIDA FAWCETT HOSPITAL,21298 OLEAN BLVD,(941) 629-1181,Acute Care Hospitals,Proprietary,116,17
100236,HCA FLORIDA FAWCETT HOSPITAL,21298 OLEAN BLVD,(941) 629-1181,Acute Care Hospitals,Proprietary,113,20
100236,HCA FLORIDA FAWCETT HOSPITAL,21298 OLEAN BLVD,(941) 629-1181,Acute Care Hospitals,Proprietary,84,49
100236,HCA FLORIDA FAWCETT HOSPITAL,21298 OLEAN BLVD,(941) 629-1181,Acute Care Hospitals,Proprietary,82,51
100236,HCA FLORIDA FAWCETT HOSPITAL,21298 OLEAN BLVD,(941) 629-1181,Acute Care Hospitals,Proprietary,81,52
100236,HCA FLORIDA FAWCETT HOSPITAL,21298 OLEAN BLVD,(941) 629-1181,Acute Care Hospitals,Proprietary,83,50
100236,HCA FLORIDA FAWCETT HOSPITAL,21298 OLEAN BLVD,(941) 629-1181,Acute Care Hospitals,Proprietary,90,43
100236,HCA FLORIDA FAWCETT HOSPITAL,21298 OLEAN BLVD,(941) 629-1181,Acute Care Hospitals,Proprietary,115,18
100236,HCA FLORIDA FAWCETT HOSPITAL,21298 OLEAN BLVD,(941) 629-1181,Acute Care Hospitals,Proprietary,103,30
100236,HCA FLORIDA FAWCETT HOSPITAL,21298 OLEAN BLVD,(941) 629-1181,Acute Care Hospitals,Proprietary,87,46
100236,HCA FLORIDA FAWCETT HOSPITAL,21298 OLEAN BLVD,(941) 629-1181,Acute Care Hospitals,Proprietary,115,18
100236,HCA FLORIDA FAWCETT HOSPITAL,21298 OLEAN BLVD,(941) 629-1181,Acute Care Hospitals,Proprietary,80,53
100236,HCA FLORIDA FAWCETT HOSPITAL,21298 OLEAN BLVD,(941) 629-1181,Acute Care Hospitals,Proprietary,109,24
100236,HCA FLORIDA FAWCETT HOSPITAL,21298 OLEAN BLVD,(941) 629-1181,Acute Care Hospitals,Proprietary,104,29
100236,HCA FLORIDA FAWCETT HOSPITAL,21298 OLEAN BLVD,(941) 629-1181,Acute Care Hospitals,Proprietary,125,8
100236,HCA FLORIDA FAWCETT HOSPITAL,21298 OLEAN BLVD,(941) 629-1181,Acute Care Hospitals,Proprietary,123,10
100236,HCA FLORIDA FAWCETT HOSPITAL,21298 OLEAN BLVD,(941) 629-1181,Acute Care Hospitals,Proprietary,120,13
100236,HCA FLORIDA FAWCETT HOSPITAL,21298 OLEAN BLVD,(941) 629-1181,Acute Care Hospitals,Proprietary,94,39
100236,HCA FLORIDA FAWCETT HOSPITAL,21298 OLEAN BLVD,(941) 629-1181,Acute Care Hospitals,Proprietary,122,11
100236,HCA FLORIDA FAWCETT HOSPITAL,21298 OLEAN BLVD,(941) 629-1181,Acute Care Hospitals,Proprietary,110,23
100236,HCA FLORIDA FAWCETT HOSPITAL,21298 OLEAN BLVD,(941) 629-1181,Acute Care Hospitals,Proprietary,108,25
100236,HCA FLORIDA FAWCETT HOSPITAL,21298 OLEAN BLVD,(941) 629-1181,Acute Care Hospitals,Proprietary,112,21
100236,HCA FLORIDA FAWCETT HOSPITAL,21298 OLEAN BLVD,(941) 629-1181,Acute Care Hospitals,Proprietary,110,23
100236,HCA FLORIDA FAWCETT HOSPITAL,21298 OLEAN BLVD,(941) 629-1181,Acute Care Hospitals,Proprietary,113,20
100236,HCA FLORIDA FAWCETT HOSPITAL,21298 OLEAN BLVD,(941) 629-1181,Acute Care Hospitals,Proprietary,120,13
100236,HCA FLORIDA FAWCETT HOSPITAL,21298 OLEAN BLVD,(941) 629-1181,Acute Care Hospitals,Proprietary,91,42
100236,HCA FLORIDA FAWCETT HOSPITAL,21298 OLEAN BLVD,(941) 629-1181,Acute Care Hospitals,Proprietary,97,36
100236,HCA FLORIDA FAWCETT HOSPITAL,21298 OLEAN BLVD,(941) 629-1181,Acute Care Hospitals,Proprietary,107,26
100236,HCA FLORIDA FAWCETT HOSPITAL,21298 OLEAN BLVD,(941) 629-1181,Acute Care Hospitals,Proprietary,111,22
100236,HCA FLORIDA FAWCETT HOSPITAL,21298 OLEAN BLVD,(941) 629-1181,Acute Care Hospitals,Proprietary,81,52
100236,HCA FLORIDA FAWCETT HOSPITAL,21298 OLEAN BLVD,(941) 629-1181,Acute Care Hospitals,Proprietary,107,26
100236,HCA FLORIDA FAWCETT HOSPITAL,21298 OLEAN BLVD,(941) 629-1181,Acute Care Hospitals,Proprietary,95,38
100236,HCA FLORIDA FAWCETT HOSPITAL,21298 OLEAN BLVD,(941) 629-1181,Acute Care Hospitals,Proprietary,113,20
100236,HCA FLORIDA FAWCETT HOSPITAL,21298 OLEAN BLVD,(941) 629-1181,Acute Care Hospitals,Proprietary,93,40
100236,HCA FLORIDA FAWCETT HOSPITAL,21298 OLEAN BLVD,(941) 629-1181,Acute Care Hospitals,Proprietary,125,8
100236,HCA FLORIDA FAWCETT HOSPITAL,21298 OLEAN BLVD,(941) 629-1181,Acute Care Hospitals,Proprietary,113,20
100236,HCA FLORIDA FAWCETT HOSPITAL,21298 OLEAN BLVD,(941) 629-1181,Acute Care Hospitals,Proprietary,117,16
100236,HCA FLORIDA FAWCETT HOSPITAL,21298 OLEAN BLVD,(941) 629-1181,Acute Care Hospitals,Proprietary,115,18
100236,HCA FLORIDA FAWCETT HOSPITAL,21298 OLEAN BLVD,(941) 629-1181,Acute Care Hospitals,Proprietary,118,15
100236,HCA FLORIDA FAWCETT HOSPITAL,21298 OLEAN BLVD,(941) 629-1181,Acute Care Hospitals,Proprietary,105,28
100236,HCA FLORIDA FAWCETT HOSPITAL,21298 OLEAN BLVD,(941) 629-1181,Acute Care Hospitals,Proprietary,107,26
100236,HCA FLORIDA FAWCETT HOSPITAL,21298 OLEAN BLVD,(941) 629-1181,Acute Care Hospitals,Proprietary,110,23
100236,HCA FLORIDA FAWCETT HOSPITAL,21298 OLEAN BLVD,(941) 629-1181,Acute Care Hospitals,Proprietary,80,53
100236,HCA FLORIDA FAWCETT HOSPITAL,21298 OLEAN BLVD,(941) 629-1181,Acute Care Hospitals,Proprietary,110,23
100236,HCA FLORIDA FAWCETT HOSPITAL,21298 OLEAN BLVD,(941) 629-1181,Acute Care Hospitals,Proprietary,120,13
100236,HCA FLORIDA FAWCETT HOSPITAL,21298 OLEAN BLVD,(941) 629-1181,Acute Care Hospitals,Proprietary,90,43
100236,HCA FLORIDA FAWCETT HOSPITAL,21298 OLEAN BLVD,(941) 629-1181,Acute Care Hospitals,Proprietary,122,11
100236,HCA FLORIDA FAWCETT HOSPITAL,21298 OLEAN BLVD,(941) 629-1181,Acute Care Hospitals,Proprietary,100,33
100236,HCA FLORIDA FAWCETT HOSPITAL,21298 OLEAN BLVD,(941) 629-1181,Acute Care Hospitals,Proprietary,98,35
100236,HCA FLORIDA FAWCETT HOSPITAL,21298 OLEAN BLVD,(941) 629-1181,Acute Care Hospitals,Proprietary,97,36
100236,HCA FLORIDA FAWCETT HOSPITAL,21298 OLEAN BLVD,(941) 629-1181,Acute Care Hospitals,Proprietary,121,12
100236,HCA FLORIDA FAWCETT HOSPITAL,21298 OLEAN BLVD,(941) 629-1181,Acute Care Hospitals,Proprietary,117,16
100236,HCA FLORIDA FAWCETT HOSPITAL,21298 OLEAN BLVD,(941) 629-1181,Acute Care Hospitals,Proprietary,113,20
100236,HCA FLORIDA FAWCETT HOSPITAL,21298 OLEAN BLVD,(941) 629-1181,Acute Care Hospitals,Proprietary,109,24
100236,HCA FLORIDA FAWCETT HOSPITAL,21298 OLEAN BLVD,(941) 629-1181,Acute Care Hospitals,Proprietary,97,36
100236,HCA FLORIDA FAWCETT HOSPITAL,21298 OLEAN BLVD,(941) 629-1181,Acute Care Hospitals,Proprietary,109,24
100236,HCA FLORIDA FAWCETT HOSPITAL,21298 OLEAN BLVD,(941) 629-1181,Acute Care Hospitals,Proprietary,115,18
100236,HCA FLORIDA FAWCETT HOSPITAL,21298 OLEAN BLVD,(941) 629-1181,Acute Care Hospitals,Proprietary,81,52
100236,HCA FLORIDA FAWCETT HOSPITAL,21298 OLEAN BLVD,(941) 629-1181,Acute Care Hospitals,Proprietary,85,48
100236,HCA FLORIDA FAWCETT HOSPITAL,21298 OLEAN BLVD,(941) 629-1181,Acute Care Hospitals,Proprietary,104,29
100236,HCA FLORIDA FAWCETT HOSPITAL,21298 OLEAN BLVD,(941) 629-1181,Acute Care Hospitals,Proprietary,117,16
100236,HCA FLORIDA FAWCETT HOSPITAL,21298 OLEAN BLVD,(941) 629-1181,Acute Care Hospitals,Proprietary,123,10
100236,HCA FLORIDA FAWCETT HOSPITAL,21298 OLEAN BLVD,(941) 629-1181,Acute Care Hospitals,Proprietary,104,29
100236,HCA FLORIDA FAWCETT HOSPITAL,21298 OLEAN BLVD,(941) 629-1181,Acute Care Hospitals,Proprietary,103,30
100236,HCA FLORIDA FAWCETT HOSPITAL,21298 OLEAN BLVD,(941) 629-1181,Acute Care Hospitals,Proprietary,91,42
100236,HCA FLORIDA FAWCETT HOSPITAL,21298 OLEAN BLVD,(941) 629-1181,Acute Care Hospitals,Proprietary,100,33
100236,HCA FLORIDA FAWCETT HOSPITAL,21298 OLEAN BLVD,(941) 629-1181,Acute Care Hospitals,Proprietary,113,20
100236,HCA FLORIDA FAWCETT HOSPITAL,21298 OLEAN BLVD,(941) 629-1181,Acute Care Hospitals,Proprietary,95,38
100236,HCA FLORIDA FAWCETT HOSPITAL,21298 OLEAN BLVD,(941) 629-1181,Acute Care Hospitals,Proprietary,118,15
100236,HCA FLORIDA FAWCETT HOSPITAL,21298 OLEAN BLVD,(941) 629-1181,Acute Care Hospitals,Proprietary,81,52
100236,HCA FLORIDA FAWCETT HOSPITAL,21298 OLEAN BLVD,(941) 629-1181,Acute Care Hospitals,Proprietary,91,42
100236,HCA FLORIDA FAWCETT HOSPITAL,21298 OLEAN BLVD,(941) 629-1181,Acute Care Hospitals,Proprietary,115,18
100236,HCA FLORIDA FAWCETT HOSPITAL,21298 OLEAN BLVD,(941) 629-1181,Acute Care Hospitals,Proprietary,97,36
100236,HCA FLORIDA FAWCETT HOSPITAL,21298 OLEAN BLVD,(941) 629-1181,Acute Care Hospitals,Proprietary,81,52
100236,HCA FLORIDA FAWCETT HOSPITAL,21298 OLEAN BLVD,(941) 629-1181,Acute Care Hospitals,Proprietary,81,52
100236,HCA FLORIDA FAWCETT HOSPITAL,21298 OLEAN BLVD,(941) 629-1181,Acute Care Hospitals,Proprietary,118,15
100236,HCA FLORIDA FAWCETT HOSPITAL,21298 OLEAN BLVD,(941) 629-1181,Acute Care Hospitals,Proprietary,97,36
100236,HCA FLORIDA FAWCETT HOSPITAL,21298 OLEAN BLVD,(941) 629-1181,Acute Care Hospitals,Proprietary,106,27
100236,HCA FLORIDA FAWCETT HOSPITAL,21298 OLEAN BLVD,(941) 629-1181,Acute Care Hospitals,Proprietary,104,29
100236,HCA FLORIDA FAWCETT HOSPITAL,21298 OLEAN BLVD,(941) 629-1181,Acute Care Hospitals,Proprietary,92,41
100236,HCA FLORIDA FAWCETT HOSPITAL,21298 OLEAN BLVD,(941) 629-1181,Acute Care Hospitals,Proprietary,94,39
100236,HCA FLORIDA FAWCETT HOSPITAL,21298 OLEAN BLVD,(941) 629-1181,Acute Care Hospitals,Proprietary,106,27
100236,HCA FLORIDA FAWCETT HOSPITAL,21298 OLEAN BLVD,(941) 629-1181,Acute Care Hospitals,Proprietary,79,54
100236,HCA FLORIDA FAWCETT HOSPITAL,21298 OLEAN BLVD,(941) 629-1181,Acute Care Hospitals,Proprietary,118,15
100236,HCA FLORIDA FAWCETT HOSPITAL,21298 OLEAN BLVD,(941) 629-1181,Acute Care Hospitals,Proprietary,97,36
100236,HCA FLORIDA FAWCETT HOSPITAL,21298 OLEAN BLVD,(941) 629-1181,Acute Care Hospitals,Proprietary,85,48
100236,HCA FLORIDA FAWCETT HOSPITAL,21298 OLEAN BLVD,(941) 629-1181,Acute Care Hospitals,Proprietary,93,40
100236,HCA FLORIDA FAWCETT HOSPITAL,21298 OLEAN BLVD,(941) 629-1181,Acute Care Hospitals,Proprietary,80,53
100236,HCA FLORIDA FAWCETT HOSPITAL,21298 OLEAN BLVD,(941) 629-1181,Acute Care Hospitals,Proprietary,91,42
100236,HCA FLORIDA FAWCETT HOSPITAL,21298 OLEAN BLVD,(941) 629-1181,Acute Care Hospitals,Proprietary,116,17
100236,HCA FLORIDA FAWCETT HOSPITAL,21298 OLEAN BLVD,(941) 629-1181,Acute Care Hospitals,Proprietary,103,30
100236,HCA FLORIDA FAWCETT HOSPITAL,21298 OLEAN BLVD,(941) 629-1181,Acute Care Hospitals,Proprietary,95,38
100236,HCA FLORIDA FAWCETT HOSPITAL,21298 OLEAN BLVD,(941) 629-1181,Acute Care Hospitals,Proprietary,98,35
100236,HCA FLORIDA FAWCETT HOSPITAL,21298 OLEAN BLVD,(941) 629-1181,Acute Care Hospitals,Proprietary,124,9
100236,HCA FLORIDA FAWCETT HOSPITAL,21298 OLEAN BLVD,(941) 629-1181,Acute Care Hospitals,Proprietary,81,52
100236,HCA FLORIDA FAWCETT HOSPITAL,21298 OLEAN BLVD,(941) 629-1181,Acute Care Hospitals,Proprietary,122,11
100236,HCA FLORIDA FAWCETT HOSPITAL,21298 OLEAN BLVD,(941) 629-1181,Acute Care Hospitals,Proprietary,100,33
100236,HCA FLORIDA FAWCETT HOSPITAL,21298 OLEAN BLVD,(941) 629-1181,Acute Care Hospitals,Proprietary,104,29
100236,HCA FLORIDA FAWCETT HOSPITAL,21298 OLEAN BLVD,(941) 629-1181,Acute Care Hospitals,Proprietary,107,26
100236,HCA FLORIDA FAWCETT HOSPITAL,21298 OLEAN BLVD,(941) 629-1181,Acute Care Hospitals,Proprietary,88,45
100236,HCA FLORIDA FAWCETT HOSPITAL,21298 OLEAN BLVD,(941) 629-1181,Acute Care Hospitals,Proprietary,120,13
100236,HCA FLORIDA FAWCETT HOSPITAL,21298 OLEAN BLVD,(941) 629-1181,Acute Care Hospitals,Proprietary,108,25
100236,HCA FLORIDA FAWCETT HOSPITAL,21298 OLEAN BLVD,(941) 629-1181,Acute Care Hospitals,Proprietary,107,26
100236,HCA FLORIDA FAWCETT HOSPITAL,21298 OLEAN BLVD,(941) 629-1181,Acute Care Hospitals,Proprietary,92,41
100236,HCA FLORIDA FAWCETT HOSPITAL,21298 OLEAN BLVD,(941) 629-1181,Acute Care Hospitals,Proprietary,82,51
100236,HCA FLORIDA FAWCETT HOSPITAL,21298 OLEAN BLVD,(941) 629-1181,Acute Care Hospitals,Proprietary,122,11
100236,HCA FLORIDA FAWCETT HOSPITAL,21298 OLEAN BLVD,(941) 629-1181,Acute Care Hospitals,Proprietary,105,28
100236,HCA FLORIDA FAWCETT HOSPITAL,21298 OLEAN BLVD,(941) 629-1181,Acute Care Hospitals,Proprietary,123,10
100236,HCA FLORIDA FAWCETT HOSPITAL,21298 OLEAN BLVD,(941) 629-1181,Acute Care Hospitals,Proprietary,86,47
100236,HCA FLORIDA FAWCETT HOSPITAL,21298 OLEAN BLVD,(941) 629-1181,Acute Care Hospitals,Proprietary,102,31
100236,HCA FLORIDA FAWCETT HOSPITAL,21298 OLEAN BLVD,(941) 629-1181,Acute Care Hospitals,Proprietary,86,47
100236,HCA FLORIDA FAWCETT HOSPITAL,21298 OLEAN BLVD,(941) 629-1181,Acute Care Hospitals,Proprietary,107,26
100236,HCA FLORIDA FAWCETT HOSPITAL,21298 OLEAN BLVD,(941) 629-1181,Acute Care Hospitals,Proprietary,113,20
100236,HCA FLORIDA FAWCETT HOSPITAL,21298 OLEAN BLVD,(941) 629-1181,Acute Care Hospitals,Proprietary,119,14
100236,HCA FLORIDA FAWCETT HOSPITAL,21298 OLEAN BLVD,(941) 629-1181,Acute Care Hospitals,Proprietary,95,38
100236,HCA FLORIDA FAWCETT HOSPITAL,21298 OLEAN BLVD,(941) 629-1181,Acute Care Hospitals,Proprietary,90,43
100236,HCA FLORIDA FAWCETT HOSPITAL,21298 OLEAN BLVD,(941) 629-1181,Acute Care Hospitals,Proprietary,115,18
100236,HCA FLORIDA FAWCETT HOSPITAL,21298 OLEAN BLVD,(941) 629-1181,Acute Care Hospitals,Proprietary,102,31
100236,HCA FLORIDA FAWCETT HOSPITAL,21298 OLEAN BLVD,(941) 629-1181,Acute Care Hospitals,Proprietary,83,50
100236,HCA FLORIDA FAWCETT HOSPITAL,21298 OLEAN BLVD,(941) 629-1181,Acute Care Hospitals,Proprietary,98,35
100236,HCA FLORIDA FAWCETT HOSPITAL,21298 OLEAN BLVD,(941) 629-1181,Acute Care Hospitals,Proprietary,113,20
100236,HCA FLORIDA FAWCETT HOSPITAL,21298 OLEAN BLVD,(941) 629-1181,Acute Care Hospitals,Proprietary,97,36
100236,HCA FLORIDA FAWCETT HOSPITAL,21298 OLEAN BLVD,(941) 629-1181,Acute Care Hospitals,Proprietary,86,47
100236,HCA FLORIDA FAWCETT HOSPITAL,21298 OLEAN BLVD,(941) 629-1181,Acute Care Hospitals,Proprietary,80,53
100236,HCA FLORIDA FAWCETT HOSPITAL,21298 OLEAN BLVD,(941) 629-1181,Acute Care Hospitals,Proprietary,122,11
100236,HCA FLORIDA FAWCETT HOSPITAL,21298 OLEAN BLVD,(941) 629-1181,Acute Care Hospitals,Proprietary,81,52
100236,HCA FLORIDA FAWCETT HOSPITAL,21298 OLEAN BLVD,(941) 629-1181,Acute Care Hospitals,Proprietary,95,38
100236,HCA FLORIDA FAWCETT HOSPITAL,21298 OLEAN BLVD,(941) 629-1181,Acute Care Hospitals,Proprietary,94,39
100236,HCA FLORIDA FAWCETT HOSPITAL,21298 OLEAN BLVD,(941) 629-1181,Acute Care Hospitals,Proprietary,92,41
100236,HCA FLORIDA FAWCETT HOSPITAL,21298 OLEAN BLVD,(941) 629-1181,Acute Care Hospitals,Proprietary,112,21
100236,HCA FLORIDA FAWCETT HOSPITAL,21298 OLEAN BLVD,(941) 629-1181,Acute Care Hospitals,Proprietary,110,23
100236,HCA FLORIDA FAWCETT HOSPITAL,21298 OLEAN BLVD,(941) 629-1181,Acute Care Hospitals,Proprietary,95,38
100236,HCA FLORIDA FAWCETT HOSPITAL,21298 OLEAN BLVD,(941) 629-1181,Acute Care Hospitals,Proprietary,94,39
100236,HCA FLORIDA FAWCETT HOSPITAL,21298 OLEAN BLVD,(941) 629-1181,Acute Care Hospitals,Proprietary,118,15
100236,HCA FLORIDA FAWCETT HOSPITAL,21298 OLEAN BLVD,(941) 629-1181,Acute Care Hospitals,Proprietary,121,12
100236,HCA FLORIDA FAWCETT HOSPITAL,21298 OLEAN BLVD,(941) 629-1181,Acute Care Hospitals,Proprietary,115,18
100236,HCA FLORIDA FAWCETT HOSPITAL,21298 OLEAN BLVD,(941) 629-1181,Acute Care Hospitals,Proprietary,112,21
100236,HCA FLORIDA FAWCETT HOSPITAL,21298 OLEAN BLVD,(941) 629-1181,Acute Care Hospitals,Proprietary,122,11
100236,HCA FLORIDA FAWCETT HOSPITAL,21298 OLEAN BLVD,(941) 629-1181,Acute Care Hospitals,Proprietary,109,24
100236,HCA FLORIDA FAWCETT HOSPITAL,21298 OLEAN BLVD,(941) 629-1181,Acute Care Hospitals,Proprietary,104,29
100236,HCA FLORIDA FAWCETT HOSPITAL,21298 OLEAN BLVD,(941) 629-1181,Acute Care Hospitals,Proprietary,86,47
100236,HCA FLORIDA FAWCETT HOSPITAL,21298 OLEAN BLVD,(941) 629-1181,Acute Care Hospitals,Proprietary,102,31
100236,HCA FLORIDA FAWCETT HOSPITAL,21298 OLEAN BLVD,(941) 629-1181,Acute Care Hospitals,Proprietary,118,15
100236,HCA FLORIDA FAWCETT HOSPITAL,21298 OLEAN BLVD,(941) 629-1181,Acute Care Hospitals,Proprietary,84,49
100236,HCA FLORIDA FAWCETT HOSPITAL,21298 OLEAN BLVD,(941) 629-1181,Acute Care Hospitals,Proprietary,115,18
100236,HCA FLORIDA FAWCETT HOSPITAL,21298 OLEAN BLVD,(941) 629-1181,Acute Care Hospitals,Proprietary,125,8
100236,HCA FLORIDA FAWCETT HOSPITAL,21298 OLEAN BLVD,(941) 629-1181,Acute Care Hospitals,Proprietary,97,36
100236,HCA FLORIDA FAWCETT HOSPITAL,21298 OLEAN BLVD,(941) 629-1181,Acute Care Hospitals,Proprietary,85,48
100236,HCA FLORIDA FAWCETT HOSPITAL,21298 OLEAN BLVD,(941) 629-1181,Acute Care Hospitals,Proprietary,98,35
100236,HCA FLORIDA FAWCETT HOSPITAL,21298 OLEAN BLVD,(941) 629-1181,Acute Care Hospitals,Proprietary,94,39
100236,HCA FLORIDA FAWCETT HOSPITAL,21298 OLEAN BLVD,(941) 629-1181,Acute Care Hospitals,Proprietary,87,46
100236,HCA FLORIDA FAWCETT HOSPITAL,21298 OLEAN BLVD,(941) 629-1181,Acute Care Hospitals,Proprietary,115,18
100236,HCA FLORIDA FAWCETT HOSPITAL,21298 OLEAN BLVD,(941) 629-1181,Acute Care Hospitals,Proprietary,86,47
100236,HCA FLORIDA FAWCETT HOSPITAL,21298 OLEAN BLVD,(941) 629-1181,Acute Care Hospitals,Proprietary,119,14
100236,HCA FLORIDA FAWCETT HOSPITAL,21298 OLEAN BLVD,(941) 629-1181,Acute Care Hospitals,Proprietary,90,43
100236,HCA FLORIDA FAWCETT HOSPITAL,21298 OLEAN BLVD,(941) 629-1181,Acute Care Hospitals,Proprietary,99,34
100236,HCA FLORIDA FAWCETT HOSPITAL,21298 OLEAN BLVD,(941) 629-1181,Acute Care Hospitals,Proprietary,121,12
100236,HCA FLORIDA FAWCETT HOSPITAL,21298 OLEAN BLVD,(941) 629-1181,Acute Care Hospitals,Proprietary,125,8
100236,HCA FLORIDA FAWCETT HOSPITAL,21298 OLEAN BLVD,(941) 629-1181,Acute Care Hospitals,Proprietary,103,30
100236,HCA FLORIDA FAWCETT HOSPITAL,21298 OLEAN BLVD,(941) 629-1181,Acute Care Hospitals,Proprietary,84,49
100236,HCA FLORIDA FAWCETT HOSPITAL,21298 OLEAN BLVD,(941) 629-1181,Acute Care Hospitals,Proprietary,101,32
100236,HCA FLORIDA FAWCETT HOSPITAL,21298 OLEAN BLVD,(941) 629-1181,Acute Care Hospitals,Proprietary,122,11
100236,HCA FLORIDA FAWCETT HOSPITAL,21298 OLEAN BLVD,(941) 629-1181,Acute Care Hospitals,Proprietary,107,26
100236,HCA FLORIDA FAWCETT HOSPITAL,21298 OLEAN BLVD,(941) 629-1181,Acute Care Hospitals,Proprietary,95,38
100236,HCA FLORIDA FAWCETT HOSPITAL,21298 OLEAN BLVD,(941) 629-1181,Acute Care Hospitals,Proprietary,107,26
100236,HCA FLORIDA FAWCETT HOSPITAL,21298 OLEAN BLVD,(941) 629-1181,Acute Care Hospitals,Proprietary,86,47
100236,HCA FLORIDA FAWCETT HOSPITAL,21298 OLEAN BLVD,(941) 629-1181,Acute Care Hospitals,Proprietary,118,15
100236,HCA FLORIDA FAWCETT HOSPITAL,21298 OLEAN BLVD,(941) 629-1181,Acute Care Hospitals,Proprietary,102,31
100236,HCA FLORIDA FAWCETT HOSPITAL,21298 OLEAN BLVD,(941) 629-1181,Acute Care Hospitals,Proprietary,92,41
100236,HCA FLORIDA FAWCETT HOSPITAL,21298 OLEAN BLVD,(941) 629-1181,Acute Care Hospitals,Proprietary,123,10
100236,HCA FLORIDA FAWCETT HOSPITAL,21298 OLEAN BLVD,(941) 629-1181,Acute Care Hospitals,Proprietary,83,50
100236,HCA FLORIDA FAWCETT HOSPITAL,21298 OLEAN BLVD,(941) 629-1181,Acute Care Hospitals,Proprietary,92,41
100236,HCA FLORIDA FAWCETT HOSPITAL,21298 OLEAN BLVD,(941) 629-1181,Acute Care Hospitals,Proprietary,119,14
100236,HCA FLORIDA FAWCETT HOSPITAL,21298 OLEAN BLVD,(941) 629-1181,Acute Care Hospitals,Proprietary,81,52
100236,HCA FLORIDA FAWCETT HOSPITAL,21298 OLEAN BLVD,(941) 629-1181,Acute Care Hospitals,Proprietary,109,24
100236,HCA FLORIDA FAWCETT HOSPITAL,21298 OLEAN BLVD,(941) 629-1181,Acute Care Hospitals,Proprietary,83,50
100236,HCA FLORIDA FAWCETT HOSPITAL,21298 OLEAN BLVD,(941) 629-1181,Acute Care Hospitals,Proprietary,109,24
100236,HCA FLORIDA FAWCETT HOSPITAL,21298 OLEAN BLVD,(941) 629-1181,Acute Care Hospitals,Proprietary,85,48
