Facility ID,Facility Name,Address,Telephone Number,Hospital Type,Hospital Ownership,Active Beds,Inactive Beds
100211,ADVENTHEALTH DADE CITY,13100 FT KING RD,(352) 568-1100,Acute Care Hospitals,Proprietary,152,92
100211,ADVENTHEALTH DADE CITY,13100 FT KING RD,(352) 568-1100,Acute Care Hospitals,Proprietary,190,54
100211,ADVENTHEALTH DADE CITY,13100 FT KING RD,(352) 568-1100,Acute Care Hospitals,Proprietary,230,14
100211,ADVENTHEALTH DADE CITY,13100 FT KING RD,(352) 568-1100,Acute Care Hospitals,Proprietary,227,17
100211,ADVENTHEALTH DADE CITY,13100 FT KING RD,(352) 568-1100,Acute Care Hospitals,Proprietary,200,44
100211,ADVENTHEALTH DADE CITY,13100 FT KING RD,(352) 568-1100,Acute Care Hospitals,Proprietary,158,86
100211,ADVENTHEALTH DADE CITY,13100 FT KING RD,(352) 568-1100,Acute Care Hospitals,Proprietary,159,85
100211,ADVENTHEALTH DADE CITY,13100 FT KING RD,(352) 568-1100,Acute Care Hospitals,Proprietary,205,39
100211,ADVENTHEALTH DADE CITY,13100 FT KING RD,(352) 568-1100,Acute Care Hospitals,Proprietary,208,36
100211,ADVENTHEALTH DADE CITY,13100 FT KING RD,(352) 568-1100,Acute Care Hospitals,Proprietary,202,42
100211,ADVENTHEALTH DADE CITY,13100 FT KING RD,(352) 568-1100,Acute Care Hospitals,Proprietary,207,37
100211,ADVENTHEALTH DADE CITY,13100 FT KING RD,(352) 568-1100,Acute Care Hospitals,Proprietary,150,94
100211,ADVENTHEALTH DADE CITY,13100 FT KING RD,(352) 568-1100,Acute Care Hospitals,Proprietary,156,88
100211,ADVENTHEALTH DADE CITY,13100 FT KING RD,(352) 568-1100,Acute Care Hospitals,Proprietary,168,76
100211,ADVENTHEALTH DADE CITY,13100 FT KING RD,(352) 568-1100,Acute Care Hospitals,Proprietary,170,74
100211,ADVENTHEALTH DADE CITY,13100 FT KING RD,(352) 568-1100,Acute Care Hospitals,Proprietary,213,31
100211,ADVENTHEALTH DADE CITY,13100 FT KING RD,(352) 568-1100,Acute Care Hospitals,Proprietary,179,65
100211,ADVENTHEALTH DADE CITY,13100 FT KING RD,(352) 568-1100,Acute Care Hospitals,Proprietary,161,83
100211,ADVENTHEALTH DADE CITY,13100 FT KING RD,(352) 568-1100,Acute Care Hospitals,Proprietary,211,33
100211,ADVENTHEALTH DADE CITY,13100 FT KING RD,(352) 568-1100,Acute Care Hospitals,Proprietary,214,30
100211,ADVENTHEALTH DADE CITY,13100 FT KING RD,(352) 568-1100,Acute Care Hospitals,Proprietary,226,18
100211,ADVENTHEALTH DADE CITY,13100 FT KING RD,(352) 568-1100,Acute Care Hospitals,Proprietary,165,79
100211,ADVENTHEALTH DADE CITY,13100 FT KING RD,(352) 568-1100,Acute Care Hospitals,Proprietary,147,97
100211,ADVENTHEALTH DADE CITY,13100 FT KING RD,(352) 568-1100,Acute Care Hospitals,Proprietary,148,96
100211,ADVENTHEALTH DADE CITY,13100 FT KING RD,(352) 568-1100,Acute Care Hospitals,Proprietary,179,65
100211,ADVENTHEALTH DADE CITY,13100 FT KING RD,(352) 568-1100,Acute Care Hospitals,Proprietary,199,45
100211,ADVENTHEALTH DADE CITY,13100 FT KING RD,(352) 568-1100,Acute Care Hospitals,Proprietary,166,78
100211,ADVENTHEALTH DADE CITY,13100 FT KING RD,(352) 568-1100,Acute Care Hospitals,Proprietary,229,15
100211,ADVENTHEALTH DADE CITY,13100 FT KING RD,(352) 568-1100,Acute Care Hospitals,Proprietary,222,22
100211,ADVENTHEALTH DADE CITY,13100 FT KING RD,(352) 568-1100,Acute Care Hospitals,Proprietary,215,29
100211,ADVENTHEALTH DADE CITY,13100 FT KING RD,(352) 568-1100,Acute Care Hospitals,Proprietary,199,45
100211,ADVENTHEALTH DADE CITY,13100 FT KING RD,(352) 568-1100,Acute Care Hospitals,Proprietary,208,36
100211,ADVENTHEALTH DADE CITY,13100 FT KING RD,(352) 568-1100,Acute Care Hospitals,Proprietary,181,63
100211,ADVENTHEALTH DADE CITY,13100 FT KING RD,(352) 568-1100,Acute Care Hospitals,Proprietary,177,67
100211,ADVENTHEALTH DADE CITY,13100 FT KING RD,(352) 568-1100,Acute Care Hospitals,Proprietary,157,87
100211,ADVENTHEALTH DADE CITY,13100 FT KING RD,(352) 568-1100,Acute Care Hospitals,Proprietary,185,59
100211,ADVENTHEALTH DADE CITY,13100 FT KING RD,(352) 568-1100,Acute Care Hospitals,Proprietary,193,51
100211,ADVENTHEALTH DADE CITY,13100 FT KING RD,(352) 568-1100,Acute Care Hospitals,Proprietary,166,78
100211,ADVENTHEALTH DADE CITY,13100 FT KING RD,(352) 568-1100,Acute Care Hospitals,Proprietary,226,18
100211,ADVENTHEALTH DADE CITY,13100 FT KING RD,(352) 568-1100,Acute Care Hospitals,Proprietary,226,18
100211,ADVENTHEALTH DADE CITY,13100 FT KING RD,(352) 568-1100,Acute Care Hospitals,Proprietary,150,94
100211,ADVENTHEALTH DADE CITY,13100 FT KING RD,(352) 568-1100,Acute Care Hospitals,Proprietary,214,30
100211,ADVENTHEALTH DADE CITY,13100 FT KING RD,(352) 568-1100,Acute Care Hospitals,Proprietary,184,60
100211,ADVENTHEALTH DADE CITY,13100 FT KING RD,(352) 568-1100,Acute Care Hospitals,Proprietary,211,33
100211,ADVENTHEALTH DADE CITY,13100 FT KING RD,(352) 568-1100,Acute Care Hospitals,Proprietary,180,64
100211,ADVENTHEALTH DADE CITY,13100 FT KING RD,(352) 568-1100,Acute Care Hospitals,Proprietary,191,53
100211,ADVENTHEALTH DADE CITY,13100 FT KING RD,(352) 568-1100,Acute Care Hospitals,Proprietary,191,53
100211,ADVENTHEALTH DADE CITY,13100 FT KING RD,(352) 568-1100,Acute Care Hospitals,Proprietary,164,80
100211,ADVENTHEALTH DADE CITY,13100 FT KING RD,(352) 568-1100,Acute Care Hospitals,Proprietary,204,40
100211,ADVENTHEALTH DADE CITY,13100 FT KING RD,(352) 568-1100,Acute Care Hospitals,Proprietary,199,45
100211,ADVENTHEALTH DADE CITY,13100 FT KING RD,(352) 568-1100,Acute Care Hospitals,Proprietary,193,51
100211,ADVENTHEALTH DADE CITY,13100 FT KING RD,(352) 568-1100,Acute Care Hospitals,Proprietary,198,46
100211,ADVENTHEALTH DADE CITY,13100 FT KING RD,(352) 568-1100,Acute Care Hospitals,Proprietary,156,88
100211,ADVENTHEALTH DADE CITY,13100 FT KING RD,(352) 568-1100,Acute Care Hospitals,Proprietary,163,81
100211,ADVENTHEALTH DADE CITY,13100 FT KING RD,(352) 568-1100,Acute Care Hospitals,Proprietary,146,98
100211,ADVENTHEALTH DADE CITY,13100 FT KING RD,(352) 568-1100,Acute Care Hospitals,Proprietary,230,14
100211,ADVENTHEALTH DADE CITY,13100 FT KING RD,(352) 568-1100,Acute Care Hospitals,Proprietary,171,73
100211,ADVENTHEALTH DADE CITY,13100 FT KING RD,(352) 568-1100,Acute Care Hospitals,Proprietary,224,20
100211,ADVENTHEALTH DADE CITY,13100 FT KING RD,(352) 568-1100,Acute Care Hospitals,Proprietary,159,85
100211,ADVENTHEALTH DADE CITY,13100 FT KING RD,(352) 568-1100,Acute Care Hospitals,Proprietary,146,98
100211,ADVENTHEALTH DADE CITY,13100 FT KING RD,(352) 568-1100,Acute Care Hospitals,Proprietary,175,69
100211,ADVENTHEALTH DADE CITY,13100 FT KING RD,(352) 568-1100,Acute Care Hospitals,Proprietary,211,33
100211,ADVENTHEALTH DADE CITY,13100 FT KING RD,(352) 568-1100,Acute Care Hospitals,Proprietary,153,91
100211,ADVENTHEALTH DADE CITY,13100 FT KING RD,(352) 568-1100,Acute Care Hospitals,Proprietary,223,21
100211,ADVENTHEALTH DADE CITY,13100 FT KING RD,(352) 568-1100,Acute Care Hospitals,Proprietary,200,44
100211,ADVENTHEALTH DADE CITY,13100 FT KING RD,(352) 568-1100,Acute Care Hospitals,Proprietary,181,63
100211,ADVENTHEALTH DADE CITY,13100 FT KING RD,(352) 568-1100,Acute Care Hospitals,Proprietary,184,60
100211,ADVENTHEALTH DADE CITY,13100 FT KING RD,(352) 568-1100,Acute Care Hospitals,Proprietary,178,66
100211,ADVENTHEALTH DADE CITY,13100 FT KING RD,(352) 568-1100,Acute Care Hospitals,Proprietary,206,38
100211,ADVENTHEALTH DADE CITY,13100 FT KING RD,(352) 568-1100,Acute Care Hospitals,Proprietary,204,40
100211,ADVENTHEALTH DADE CITY,13100 FT KING RD,(352) 568-1100,Acute Care Hospitals,Proprietary,212,32
100211,ADVENTHEALTH DADE CITY,13100 FT KING RD,(352) 568-1100,Acute Care Hospitals,Proprietary,146,98
100211,ADVENTHEALTH DADE CITY,13100 FT KING RD,(352) 568-1100,Acute Care Hospitals,Proprietary,178,66
100211,ADVENTHEALTH DADE CITY,13100 FT KING RD,(352) 568-1100,Acute Care Hospitals,Proprietary,148,96
100211,ADVENTHEALTH DADE CITY,13100 FT KING RD,(352) 568-1100,Acute Care Hospitals,Proprietary,222,22
100211,ADVENTHEALTH DADE CITY,13100 FT KING RD,(352) 568-1100,Acute Care Hospitals,Proprietary,167,77
100211,ADVENTHEALTH DADE CITY,13100 FT KING RD,(352) 568-1100,Acute Care Hospitals,Proprietary,207,37
100211,ADVENTHEALTH DADE CITY,13100 FT KING RD,(352) 568-1100,Acute Care Hospitals,Proprietary,206,38
100211,ADVENTHEALTH DADE CITY,13100 FT KING RD,(352) 568-1100,Acute Care Hospitals,Proprietary,221,23
100211,ADVENTHEALTH DADE CITY,13100 FT KING RD,(352) 568-1100,Acute Care Hospitals,Proprietary,224,20
100211,ADVENTHEALTH DADE CITY,13100 FT KING RD,(352) 568-1100,Acute Care Hospitals,Proprietary,199,45
100211,ADVENTHEALTH DADE CITY,13100 FT KING RD,(352) 568-1100,Acute Care Hospitals,Proprietary,200,44
100211,ADVENTHEALTH DADE CITY,13100 FT KING RD,(352) 568-1100,Acute Care Hospitals,Proprietary,229,15
100211,ADVENTHEALTH DADE CITY,13100 FT KING RD,(352) 568-1100,Acute Care Hospitals,Proprietary,187,57
100211,ADVENTHEALTH DADE CITY,13100 FT KING RD,(352) 568-1100,Acute Care Hospitals,Proprietary,193,51
100211,ADVENTHEALTH DADE CITY,13100 FT KING RD,(352) 568-1100,Acute Care Hospitals,Proprietary,191,53
100211,ADVENTHEALTH DADE CITY,13100 FT KING RD,(352) 568-1100,Acute Care Hospitals,Proprietary,215,29
100211,ADVENTHEALTH DADE CITY,13100 FT KING RD,(352) 568-1100,Acute Care Hospitals,Proprietary,195,49
100211,ADVENTHEALTH DADE CITY,13100 FT KING RD,(352) 568-1100,Acute Care Hospitals,Proprietary,170,74
100211,ADVENTHEALTH DADE CITY,13100 FT KING RD,(352) 568-1100,Acute Care Hospitals,Proprietary,203,41
100211,ADVENTHEALTH DADE CITY,13100 FT KING RD,(352) 568-1100,Acute Care Hospitals,Proprietary,229,15
100211,ADVENTHEALTH DADE CITY,13100 FT KING RD,(352) 568-1100,Acute Care Hospitals,Proprietary,196,48
100211,ADVENTHEALTH DADE CITY,13100 FT KING RD,(352) 568-1100,Acute Care Hospitals,Proprietary,216,28
100211,ADVENTHEALTH DADE CITY,13100 FT KING RD,(352) 568-1100,Acute Care Hospitals,Proprietary,216,28
100211,ADVENTHEALTH DADE CITY,13100 FT KING RD,(352) 568-1100,Acute Care Hospitals,Proprietary,151,93
100211,ADVENTHEALTH DADE CITY,13100 FT KING RD,(352) 568-1100,Acute Care Hospitals,Proprietary,214,30
100211,ADVENTHEALTH DADE CITY,13100 FT KING RD,(352) 568-1100,Acute Care Hospitals,Proprietary,169,75
100211,ADVENTHEALTH DADE CITY,13100 FT KING RD,(352) 568-1100,Acute Care Hospitals,Proprietary,158,86
100211,ADVENTHEALTH DADE CITY,13100 FT KING RD,(352) 568-1100,Acute Care Hospitals,Proprietary,203,41
100211,ADVENTHEALTH DADE CITY,13100 FT KING RD,(352) 568-1100,Acute Care Hospitals,Proprietary,224,20
100211,ADVENTHEALTH DADE CITY,13100 FT KING RD,(352) 568-1100,Acute Care Hospitals,Proprietary,201,43
100211,ADVENTHEALTH DADE CITY,13100 FT KING RD,(352) 568-1100,Acute Care Hospitals,Proprietary,221,23
100211,ADVENTHEALTH DADE CITY,13100 FT KING RD,(352) 568-1100,Acute Care Hospitals,Proprietary,176,68
100211,ADVENTHEALTH DADE CITY,13100 FT KING RD,(352) 568-1100,Acute Care Hospitals,Proprietary,159,85
100211,ADVENTHEALTH DADE CITY,13100 FT KING RD,(352) 568-1100,Acute Care Hospitals,Proprietary,223,21
100211,ADVENTHEALTH DADE CITY,13100 FT KING RD,(352) 568-1100,Acute Care Hospitals,Proprietary,226,18
100211,ADVENTHEALTH DADE CITY,13100 FT KING RD,(352) 568-1100,Acute Care Hospitals,Proprietary,211,33
100211,ADVENTHEALTH DADE CITY,13100 FT KING RD,(352) 568-1100,Acute Care Hospitals,Proprietary,155,89
100211,ADVENTHEALTH DADE CITY,13100 FT KING RD,(352) 568-1100,Acute Care Hospitals,Proprietary,204,40
100211,ADVENTHEALTH DADE CITY,13100 FT KING RD,(352) 568-1100,Acute Care Hospitals,Proprietary,154,90
100211,ADVENTHEALTH DADE CITY,13100 FT KING RD,(352) 568-1100,Acute Care Hospitals,Proprietary,230,14
100211,ADVENTHEALTH DADE CITY,13100 FT KING RD,(352) 568-1100,Acute Care Hospitals,Proprietary,231,13
100211,ADVENTHEALTH DADE CITY,13100 FT KING RD,(352) 568-1100,Acute Care Hospitals,Proprietary,189,55
100211,ADVENTHEALTH DADE CITY,13100 FT KING RD,(352) 568-1100,Acute Care Hospitals,Proprietary,211,33
100211,ADVENTHEALTH DADE CITY,13100 FT KING RD,(352) 568-1100,Acute Care Hospitals,Proprietary,177,67
100211,ADVENTHEALTH DADE CITY,13100 FT KING RD,(352) 568-1100,Acute Care Hospitals,Proprietary,200,44
100211,ADVENTHEALTH DADE CITY,13100 FT KING RD,(352) 568-1100,Acute Care Hospitals,Proprietary,225,19
100211,ADVENTHEALTH DADE CITY,13100 FT KING RD,(352) 568-1100,Acute Care Hospitals,Proprietary,155,89
100211,ADVENTHEALTH DADE CITY,13100 FT KING RD,(352) 568-1100,Acute Care Hospitals,Proprietary,212,32
100211,ADVENTHEALTH DADE CITY,13100 FT KING RD,(352) 568-1100,Acute Care Hospitals,Proprietary,186,58
100211,ADVENTHEALTH DADE CITY,13100 FT KING RD,(352) 568-1100,Acute Care Hospitals,Proprietary,160,84
100211,ADVENTHEALTH DADE CITY,13100 FT KING RD,(352) 568-1100,Acute Care Hospitals,Proprietary,176,68
100211,ADVENTHEALTH DADE CITY,13100 FT KING RD,(352) 568-1100,Acute Care Hospitals,Proprietary,217,27
100211,ADVENTHEALTH DADE CITY,13100 FT KING RD,(352) 568-1100,Acute Care Hospitals,Proprietary,197,47
100211,ADVENTHEALTH DADE CITY,13100 FT KING RD,(352) 568-1100,Acute Care Hospitals,Proprietary,170,74
100211,ADVENTHEALTH DADE CITY,13100 FT KING RD,(352) 568-1100,Acute Care Hospitals,Proprietary,165,79
100211,ADVENTHEALTH DADE CITY,13100 FT KING RD,(352) 568-1100,Acute Care Hospitals,Proprietary,167,77
100211,ADVENTHEALTH DADE CITY,13100 FT KING RD,(352) 568-1100,Acute Care Hospitals,Proprietary,155,89
100211,ADVENTHEALTH DADE CITY,13100 FT KING RD,(352) 568-1100,Acute Care Hospitals,Proprietary,168,76
100211,ADVENTHEALTH DADE CITY,13100 FT KING RD,(352) 568-1100,Acute Care Hospitals,Proprietary,177,67
100211,ADVENTHEALTH DADE CITY,13100 FT KING RD,(352) 568-1100,Acute Care Hospitals,Proprietary,163,81
100211,ADVENTHEALTH DADE CITY,13100 FT KING RD,(352) 568-1100,Acute Care Hospitals,Proprietary,148,96
100211,ADVENTHEALTH DADE CITY,13100 FT KING RD,(352) 568-1100,Acute Care Hospitals,Proprietary,207,37
100211,ADVENTHEALTH DADE CITY,13100 FT KING RD,(352) 568-1100,Acute Care Hospitals,Proprietary,167,77
100211,ADVENTHEALTH DADE CITY,13100 FT KING RD,(352) 568-1100,Acute Care Hospitals,Proprietary,180,64
100211,ADVENTHEALTH DADE CITY,13100 FT KING RD,(352) 568-1100,Acute Care Hospitals,Proprietary,211,33
100211,ADVENTHEALTH DADE CITY,13100 FT KING RD,(352) 568-1100,Acute Care Hospitals,Proprietary,212,32
100211,ADVENTHEALTH DADE CITY,13100 FT KING RD,(352) 568-1100,Acute Care Hospitals,Proprietary,168,76
100211,ADVENTHEALTH DADE CITY,13100 FT KING RD,(352) 568-1100,Acute Care Hospitals,Proprietary,225,19
100211,ADVENTHEALTH DADE CITY,13100 FT KING RD,(352) 568-1100,Acute Care Hospitals,Proprietary,226,18
100211,ADVENTHEALTH DADE CITY,13100 FT KING RD,(352) 568-1100,Acute Care Hospitals,Proprietary,193,51
100211,ADVENTHEALTH DADE CITY,13100 FT KING RD,(352) 568-1100,Acute Care Hospitals,Proprietary,150,94
100211,ADVENTHEALTH DADE CITY,13100 FT KING RD,(352) 568-1100,Acute Care Hospitals,Proprietary,194,50
100211,ADVENTHEALTH DADE CITY,13100 FT KING RD,(352) 568-1100,Acute Care Hospitals,Proprietary,209,35
100211,ADVENTHEALTH DADE CITY,13100 FT KING RD,(352) 568-1100,Acute Care Hospitals,Proprietary,174,70
100211,ADVENTHEALTH DADE CITY,13100 FT KING RD,(352) 568-1100,Acute Care Hospitals,Proprietary,191,53
100211,ADVENTHEALTH DADE CITY,13100 FT KING RD,(352) 568-1100,Acute Care Hospitals,Proprietary,174,70
100211,ADVENTHEALTH DADE CITY,13100 FT KING RD,(352) 568-1100,Acute Care Hospitals,Proprietary,160,84
100211,ADVENTHEALTH DADE CITY,13100 FT KING RD,(352) 568-1100,Acute Care Hospitals,Proprietary,191,53
100211,ADVENTHEALTH DADE CITY,13100 FT KING RD,(352) 568-1100,Acute Care Hospitals,Proprietary,180,64
100211,ADVENTHEALTH DADE CITY,13100 FT KING RD,(352) 568-1100,Acute Care Hospitals,Proprietary,204,40
100211,ADVENTHEALTH DADE CITY,13100 FT KING RD,(352) 568-1100,Acute Care Hospitals,Proprietary,228,16
100211,ADVENTHEALTH DADE CITY,13100 FT KING RD,(352) 568-1100,Acute Care Hospitals,Proprietary,182,62
100211,ADVENTHEALTH DADE CITY,13100 FT KING RD,(352) 568-1100,Acute Care Hospitals,Proprietary,158,86
100211,ADVENTHEALTH DADE CITY,13100 FT KING RD,(352) 568-1100,Acute Care Hospitals,Proprietary,158,86
100211,ADVENTHEALTH DADE CITY,13100 FT KING RD,(352) 568-1100,Acute Care Hospitals,Proprietary,211,33
100211,ADVENTHEALTH DADE CITY,13100 FT KING RD,(352) 568-1100,Acute Care Hospitals,Proprietary,201,43
100211,ADVENTHEALTH DADE CITY,13100 FT KING RD,(352) 568-1100,Acute Care Hospitals,Proprietary,161,83
100211,ADVENTHEALTH DADE CITY,13100 FT KING RD,(352) 568-1100,Acute Care Hospitals,Proprietary,158,86
100211,ADVENTHEALTH DADE CITY,13100 FT KING RD,(352) 568-1100,Acute Care Hospitals,Proprietary,148,96
100211,ADVENTHEALTH DADE CITY,13100 FT KING RD,(352) 568-1100,Acute Care Hospitals,Proprietary,226,18
100211,ADVENTHEALTH DADE CITY,13100 FT KING RD,(352) 568-1100,Acute Care Hospitals,Proprietary,149,95
100211,ADVENTHEALTH DADE CITY,13100 FT KING RD,(352) 568-1100,Acute Care Hospitals,Proprietary,150,94
100211,ADVENTHEALTH DADE CITY,13100 FT KING RD,(352) 568-1100,Acute Care Hospitals,Proprietary,215,29
100211,ADVENTHEALTH DADE CITY,13100 FT KING RD,(352) 568-1100,Acute Care Hospitals,Proprietary,196,48
100211,ADVENTHEALTH DADE CITY,13100 FT KING RD,(352) 568-1100,Acute Care Hospitals,Proprietary,170,74
100211,ADVENTHEALTH DADE CITY,13100 FT KING RD,(352) 568-1100,Acute Care Hospitals,Proprietary,159,85
100211,ADVENTHEALTH DADE CITY,13100 FT KING RD,(352) 568-1100,Acute Care Hospitals,Proprietary,194,50
100211,ADVENTHEALTH DADE CITY,13100 FT KING RD,(352) 568-1100,Acute Care Hospitals,Proprietary,158,86
100211,ADVENTHEALTH DADE CITY,13100 FT KING RD,(352) 568-1100,Acute Care Hospitals,Proprietary,153,91
100211,ADVENTHEALTH DADE CITY,13100 FT KING RD,(352) 568-1100,Acute Care Hospitals,Proprietary,177,67
100211,ADVENTHEALTH DADE CITY,13100 FT KING RD,(352) 568-1100,Acute Care Hospitals,Proprietary,163,81
100211,ADVENTHEALTH DADE CITY,13100 FT KING RD,(352) 568-1100,Acute Care Hospitals,Proprietary,171,73
100211,ADVENTHEALTH DADE CITY,13100 FT KING RD,(352) 568-1100,Acute Care Hospitals,Proprietary,219,25
100211,ADVENTHEALTH DADE CITY,13100 FT KING RD,(352) 568-1100,Acute Care Hospitals,Proprietary,211,33
100211,ADVENTHEALTH DADE CITY,13100 FT KING RD,(352) 568-1100,Acute Care Hospitals,Proprietary,152,92
100211,ADVENTHEALTH DADE CITY,13100 FT KING RD,(352) 568-1100,Acute Care Hospitals,Proprietary,201,43
100211,ADVENTHEALTH DADE CITY,13100 FT KING RD,(352) 568-1100,Acute Care Hospitals,Proprietary,216,28
100211,ADVENTHEALTH DADE CITY,13100 FT KING RD,(352) 568-1100,Acute Care Hospitals,Proprietary,190,54
100211,ADVENTHEALTH DADE CITY,13100 FT KING RD,(352) 568-1100,Acute Care Hospitals,Proprietary,148,96
100211,ADVENTHEALTH DADE CITY,13100 FT KING RD,(352) 568-1100,Acute Care Hospitals,Proprietary,182,62
100211,ADVENTHEALTH DADE CITY,13100 FT KING RD,(352) 568-1100,Acute Care Hospitals,Proprietary,179,65
100211,ADVENTHEALTH DADE CITY,13100 FT KING RD,(352) 568-1100,Acute Care Hospitals,Proprietary,150,94
100211,ADVENTHEALTH DADE CITY,13100 FT KING RD,(352) 568-1100,Acute Care Hospitals,Proprietary,180,64
100211,ADVENTHEALTH DADE CITY,13100 FT KING RD,(352) 568-1100,Acute Care Hospitals,Proprietary,179,65
100211,ADVENTHEALTH DADE CITY,13100 FT KING RD,(352) 568-1100,Acute Care Hospitals,Proprietary,167,77
100211,ADVENTHEALTH DADE CITY,13100 FT KING RD,(352) 568-1100,Acute Care Hospitals,Proprietary,195,49
100211,ADVENTHEALTH DADE CITY,13100 FT KING RD,(352) 568-1100,Acute Care Hospitals,Proprietary,170,74
100211,ADVENTHEALTH DADE CITY,13100 FT KING RD,(352) 568-1100,Acute Care Hospitals,Proprietary,189,55
100211,ADVENTHEALTH DADE CITY,13100 FT KING RD,(352) 568-1100,Acute Care Hospitals,Proprietary,204,40
100211,ADVENTHEALTH DADE CITY,13100 FT KING RD,(352) 568-1100,Acute Care Hospitals,Proprietary,192,52
100211,ADVENTHEALTH DADE CITY,13100 FT KING RD,(352) 568-1100,Acute Care Hospitals,Proprietary,207,37
100211,ADVENTHEALTH DADE CITY,13100 FT KING RD,(352) 568-1100,Acute Care Hospitals,Proprietary,153,91
100211,ADVENTHEALTH DADE CITY,13100 FT KING RD,(352) 568-1100,Acute Care Hospitals,Proprietary,201,43
100211,ADVENTHEALTH DADE CITY,13100 FT KING RD,(352) 568-1100,Acute Care Hospitals,Proprietary,221,23
100211,ADVENTHEALTH DADE CITY,13100 FT KING RD,(352) 568-1100,Acute Care Hospitals,Proprietary,187,57
100211,ADVENTHEALTH DADE CITY,13100 FT KING RD,(352) 568-1100,Acute Care Hospitals,Proprietary,171,73
100211,ADVENTHEALTH DADE CITY,13100 FT KING RD,(352) 568-1100,Acute Care Hospitals,Proprietary,180,64
100211,ADVENTHEALTH DADE CITY,13100 FT KING RD,(352) 568-1100,Acute Care Hospitals,Proprietary,230,14
100211,ADVENTHEALTH DADE CITY,13100 FT KING RD,(352) 568-1100,Acute Care Hospitals,Proprietary,186,58
100211,ADVENTHEALTH DADE CITY,13100 FT KING RD,(352) 568-1100,Acute Care Hospitals,Proprietary,197,47
100211,ADVENTHEALTH DADE CITY,13100 FT KING RD,(352) 568-1100,Acute Care Hospitals,Proprietary,166,78
100211,ADVENTHEALTH DADE CITY,13100 FT KING RD,(352) 568-1100,Acute Care Hospitals,Proprietary,221,23
100211,ADVENTHEALTH DADE CITY,13100 FT KING RD,(352) 568-1100,Acute Care Hospitals,Proprietary,188,56
100211,ADVENTHEALTH DADE CITY,13100 FT KING RD,(352) 568-1100,Acute Care Hospitals,Proprietary,186,58
100211,ADVENTHEALTH DADE CITY,13100 FT KING RD,(352) 568-1100,Acute Care Hospitals,Proprietary,214,30
100211,ADVENTHEALTH DADE CITY,13100 FT KING RD,(352) 568-1100,Acute Care Hospitals,Proprietary,221,23
100211,ADVENTHEALTH DADE CITY,13100 FT KING RD,(352) 568-1100,Acute Care Hospitals,Proprietary,206,38
100211,ADVENTHEALTH DADE CITY,13100 FT KING RD,(352) 568-1100,Acute Care Hospitals,Proprietary,164,80
100211,ADVENTHEALTH DADE CITY,13100 FT KING RD,(352) 568-1100,Acute Care Hospitals,Proprietary,219,25
100211,ADVENTHEALTH DADE CITY,13100 FT KING RD,(352) 568-1100,Acute Care Hospitals,Proprietary,148,96
100211,ADVENTHEALTH DADE CITY,13100 FT KING RD,(352) 568-1100,Acute Care Hospitals,Proprietary,155,89
100211,ADVENTHEALTH DADE CITY,13100 FT KING RD,(352) 568-1100,Acute Care Hospitals,Proprietary,188,56
100211,ADVENTHEALTH DADE CITY,13100 FT KING RD,(352) 568-1100,Acute Care Hospitals,Proprietary,158,86
100211,ADVENTHEALTH DADE CITY,13100 FT KING RD,(352) 568-1100,Acute Care Hospitals,Proprietary,213,31
100211,ADVENTHEALTH DADE CITY,13100 FT KING RD,(352) 568-1100,Acute Care Hospitals,Proprietary,206,38
100211,ADVENTHEALTH DADE CITY,13100 FT KING RD,(352) 568-1100,Acute Care Hospitals,Proprietary,193,51
100211,ADVENTHEALTH DADE CITY,13100 FT KING RD,(352) 568-1100,Acute Care Hospitals,Proprietary,164,80
100211,ADVENTHEALTH DADE CITY,13100 FT KING RD,(352) 568-1100,Acute Care Hospitals,Proprietary,193,51
100211,ADVENTHEALTH DADE CITY,13100 FT KING RD,(352) 568-1100,Acute Care Hospitals,Proprietary,182,62
100211,ADVENTHEALTH DADE CITY,13100 FT KING RD,(352) 568-1100,Acute Care Hospitals,Proprietary,225,19
100211,ADVENTHEALTH DADE CITY,13100 FT KING RD,(352) 568-1100,Acute Care Hospitals,Proprietary,157,87
100211,ADVENTHEALTH DADE CITY,13100 FT KING RD,(352) 568-1100,Acute Care Hospitals,Proprietary,201,43
100211,ADVENTHEALTH DADE CITY,13100 FT KING RD,(352) 568-1100,Acute Care Hospitals,Proprietary,167,77
100211,ADVENTHEALTH DADE CITY,13100 FT KING RD,(352) 568-1100,Acute Care Hospitals,Proprietary,219,25
100211,ADVENTHEALTH DADE CITY,13100 FT KING RD,(352) 568-1100,Acute Care Hospitals,Proprietary,176,68
100211,ADVENTHEALTH DADE CITY,13100 FT KING RD,(352) 568-1100,Acute Care Hospitals,Proprietary,185,59
100211,ADVENTHEALTH DADE CITY,13100 FT KING RD,(352) 568-1100,Acute Care Hospitals,Proprietary,214,30
100211,ADVENTHEALTH DADE CITY,13100 FT KING RD,(352) 568-1100,Acute Care Hospitals,Proprietary,207,37
100211,ADVENTHEALTH DADE CITY,13100 FT KING RD,(352) 568-1100,Acute Care Hospitals,Proprietary,194,50
100211,ADVENTHEALTH DADE CITY,13100 FT KING RD,(352) 568-1100,Acute Care Hospitals,Proprietary,229,15
100211,ADVENTHEALTH DADE CITY,13100 FT KING RD,(352) 568-1100,Acute Care Hospitals,Proprietary,188,56
100211,ADVENTHEALTH DADE CITY,13100 FT KING RD,(352) 568-1100,Acute Care Hospitals,Proprietary,157,87
100211,ADVENTHEALTH DADE CITY,13100 FT KING RD,(352) 568-1100,Acute Care Hospitals,Proprietary,221,23
100211,ADVENTHEALTH DADE CITY,13100 FT KING RD,(352) 568-1100,Acute Care Hospitals,Proprietary,149,95
100211,ADVENTHEALTH DADE CITY,13100 FT KING RD,(352) 568-1100,Acute Care Hospitals,Proprietary,186,58
100211,ADVENTHEALTH DADE CITY,13100 FT KING RD,(352) 568-1100,Acute Care Hospitals,Proprietary,163,81
100211,ADVENTHEALTH DADE CITY,13100 FT KING RD,(352) 568-1100,Acute Care Hospitals,Proprietary,205,39
100211,ADVENTHEALTH DADE CITY,13100 FT KING RD,(352) 568-1100,Acute Care Hospitals,Proprietary,149,95
100211,ADVENTHEALTH DADE CITY,13100 FT KING RD,(352) 568-1100,Acute Care Hospitals,Proprietary,212,32
100211,ADVENTHEALTH DADE CITY,13100 FT KING RD,(352) 568-1100,Acute Care Hospitals,Proprietary,195,49
100211,ADVENTHEALTH DADE CITY,13100 FT KING RD,(352) 568-1100,Acute Care Hospitals,Proprietary,157,87
100211,ADVENTHEALTH DADE CITY,13100 FT KING RD,(352) 568-1100,Acute Care Hospitals,Proprietary,218,26
100211,ADVENTHEALTH DADE CITY,13100 FT KING RD,(352) 568-1100,Acute Care Hospitals,Proprietary,186,58
100211,ADVENTHEALTH DADE CITY,13100 FT KING RD,(352) 568-1100,Acute Care Hospitals,Proprietary,177,67
100211,ADVENTHEALTH DADE CITY,13100 FT KING RD,(352) 568-1100,Acute Care Hospitals,Proprietary,175,69
100211,ADVENTHEALTH DADE CITY,13100 FT KING RD,(352) 568-1100,Acute Care Hospitals,Proprietary,186,58
100211,ADVENTHEALTH DADE CITY,13100 FT KING RD,(352) 568-1100,Acute Care Hospitals,Proprietary,212,32
100211,ADVENTHEALTH DADE CITY,13100 FT KING RD,(352) 568-1100,Acute Care Hospitals,Proprietary,204,40
100211,ADVENTHEALTH DADE CITY,13100 FT KING RD,(352) 568-1100,Acute Care Hospitals,Proprietary,180,64
100211,ADVENTHEALTH DADE CITY,13100 FT KING RD,(352) 568-1100,Acute Care Hospitals,Proprietary,207,37
100211,ADVENTHEALTH DADE CITY,13100 FT KING RD,(352) 568-1100,Acute Care Hospitals,Proprietary,220,24
100211,ADVENTHEALTH DADE CITY,13100 FT KING RD,(352) 568-1100,Acute Care Hospitals,Proprietary,153,91
100211,ADVENTHEALTH DADE CITY,13100 FT KING RD,(352) 568-1100,Acute Care Hospitals,Proprietary,190,54
100211,ADVENTHEALTH DADE CITY,13100 FT KING RD,(352) 568-1100,Acute Care Hospitals,Proprietary,182,62
100211,ADVENTHEALTH DADE CITY,13100 FT KING RD,(352) 568-1100,Acute Care Hospitals,Proprietary,156,88
100211,ADVENTHEALTH DADE CITY,13100 FT KING RD,(352) 568-1100,Acute Care Hospitals,Proprietary,226,18
100211,ADVENTHEALTH DADE CITY,13100 FT KING RD,(352) 568-1100,Acute Care Hospitals,Proprietary,187,57
100211,ADVENTHEALTH DADE CITY,13100 FT KING RD,(352) 568-1100,Acute Care Hospitals,Proprietary,153,91
100211,ADVENTHEALTH DADE CITY,13100 FT KING RD,(352) 568-1100,Acute Care Hospitals,Proprietary,191,53
100211,ADVENTHEALTH DADE CITY,13100 FT KING RD,(352) 568-1100,Acute Care Hospitals,Proprietary,201,43
100211,ADVENTHEALTH DADE CITY,13100 FT KING RD,(352) 568-1100,Acute Care Hospitals,Proprietary,161,83
100211,ADVENTHEALTH DADE CITY,13100 FT KING RD,(352) 568-1100,Acute Care Hospitals,Proprietary,153,91
100211,ADVENTHEALTH DADE CITY,13100 FT KING RD,(352) 568-1100,Acute Care Hospitals,Proprietary,165,79
100211,ADVENTHEALTH DADE CITY,13100 FT KING RD,(352) 568-1100,Acute Care Hospitals,Proprietary,230,14
100211,ADVENTHEALTH DADE CITY,13100 FT KING RD,(352) 568-1100,Acute Care Hospitals,Proprietary,208,36
100211,ADVENTHEALTH DADE CITY,13100 FT KING RD,(352) 568-1100,Acute Care Hospitals,Proprietary,202,42
100211,ADVENTHEALTH DADE CITY,13100 FT KING RD,(352) 568-1100,Acute Care Hospitals,Proprietary,172,72
100211,ADVENTHEALTH DADE CITY,13100 FT KING RD,(352) 568-1100,Acute Care Hospitals,Proprietary,161,83
100211,ADVENTHEALTH DADE CITY,13100 FT KING RD,(352) 568-1100,Acute Care Hospitals,Proprietary,202,42
100211,ADVENTHEALTH DADE CITY,13100 FT KING RD,(352) 568-1100,Acute Care Hospitals,Proprietary,226,18
100211,ADVENTHEALTH DADE CITY,13100 FT KING RD,(352) 568-1100,Acute Care Hospitals,Proprietary,196,48
100211,ADVENTHEALTH DADE CITY,13100 FT KING RD,(352) 568-1100,Acute Care Hospitals,Proprietary,148,96
100211,ADVENTHEALTH DADE CITY,13100 FT KING RD,(352) 568-1100,Acute Care Hospitals,Proprietary,149,95
100211,ADVENTHEALTH DADE CITY,13100 FT KING RD,(352) 568-1100,Acute Care Hospitals,Proprietary,154,90
100211,ADVENTHEALTH DADE CITY,13100 FT KING RD,(352) 568-1100,Acute Care Hospitals,Proprietary,229,15
100211,ADVENTHEALTH DADE CITY,13100 FT KING RD,(352) 568-1100,Acute Care Hospitals,Proprietary,200,44
100211,ADVENTHEALTH DADE CITY,13100 FT KING RD,(352) 568-1100,Acute Care Hospitals,Proprietary,225,19
100211,ADVENTHEALTH DADE CITY,13100 FT KING RD,(352) 568-1100,Acute Care Hospitals,Proprietary,188,56
100211,ADVENTHEALTH DADE CITY,13100 FT KING RD,(352) 568-1100,Acute Care Hospitals,Proprietary,170,74
100211,ADVENTHEALTH DADE CITY,13100 FT KING RD,(352) 568-1100,Acute Care Hospitals,Proprietary,201,43
100211,ADVENTHEALTH DADE CITY,13100 FT KING RD,(352) 568-1100,Acute Care Hospitals,Proprietary,176,68
100211,ADVENTHEALTH DADE CITY,13100 FT KING RD,(352) 568-1100,Acute Care Hospitals,Proprietary,213,31
100211,ADVENTHEALTH DADE CITY,13100 FT KING RD,(352) 568-1100,Acute Care Hospitals,Proprietary,226,18
100211,ADVENTHEALTH DADE CITY,13100 FT KING RD,(352) 568-1100,Acute Care Hospitals,Proprietary,229,15
100211,ADVENTHEALTH DADE CITY,13100 FT KING RD,(352) 568-1100,Acute Care Hospitals,Proprietary,161,83
100211,ADVENTHEALTH DADE CITY,13100 FT KING RD,(352) 568-1100,Acute Care Hospitals,Proprietary,204,40
100211,ADVENTHEALTH DADE CITY,13100 FT KING RD,(352) 568-1100,Acute Care Hospitals,Proprietary,158,86
100211,ADVENTHEALTH DADE CITY,13100 FT KING RD,(352) 568-1100,Acute Care Hospitals,Proprietary,226,18
100211,ADVENTHEALTH DADE CITY,13100 FT KING RD,(352) 568-1100,Acute Care Hospitals,Proprietary,198,46
100211,ADVENTHEALTH DADE CITY,13100 FT KING RD,(352) 568-1100,Acute Care Hospitals,Proprietary,214,30
100211,ADVENTHEALTH DADE CITY,13100 FT KING RD,(352) 568-1100,Acute Care Hospitals,Proprietary,210,34
100211,ADVENTHEALTH DADE CITY,13100 FT KING RD,(352) 568-1100,Acute Care Hospitals,Proprietary,193,51
100211,ADVENTHEALTH DADE CITY,13100 FT KING RD,(352) 568-1100,Acute Care Hospitals,Proprietary,207,37
100211,ADVENTHEALTH DADE CITY,13100 FT KING RD,(352) 568-1100,Acute Care Hospitals,Proprietary,148,96
100211,ADVENTHEALTH DADE CITY,13100 FT KING RD,(352) 568-1100,Acute Care Hospitals,Proprietary,200,44
100211,ADVENTHEALTH DADE CITY,13100 FT KING RD,(352) 568-1100,Acute Care Hospitals,Proprietary,157,87
100211,ADVENTHEALTH DADE CITY,13100 FT KING RD,(352) 568-1100,Acute Care Hospitals,Proprietary,189,55
100211,ADVENTHEALTH DADE CITY,13100 FT KING RD,(352) 568-1100,Acute Care Hospitals,Proprietary,193,51
100211,ADVENTHEALTH DADE CITY,13100 FT KING RD,(352) 568-1100,Acute Care Hospitals,Proprietary,212,32
100211,ADVENTHEALTH DADE CITY,13100 FT KING RD,(352) 568-1100,Acute Care Hospitals,Proprietary,228,16
100211,ADVENTHEALTH DADE CITY,13100 FT KING RD,(352) 568-1100,Acute Care Hospitals,Proprietary,174,70
100211,ADVENTHEALTH DADE CITY,13100 FT KING RD,(352) 568-1100,Acute Care Hospitals,Proprietary,208,36
100211,ADVENTHEALTH DADE CITY,13100 FT KING RD,(352) 568-1100,Acute Care Hospitals,Proprietary,182,62
100211,ADVENTHEALTH DADE CITY,13100 FT KING RD,(352) 568-1100,Acute Care Hospitals,Proprietary,205,39
100211,ADVENTHEALTH DADE CITY,13100 FT KING RD,(352) 568-1100,Acute Care Hospitals,Proprietary,221,23
100211,ADVENTHEALTH DADE CITY,13100 FT KING RD,(352) 568-1100,Acute Care Hospitals,Proprietary,170,74
100211,ADVENTHEALTH DADE CITY,13100 FT KING RD,(352) 568-1100,Acute Care Hospitals,Proprietary,195,49
100211,ADVENTHEALTH DADE CITY,13100 FT KING RD,(352) 568-1100,Acute Care Hospitals,Proprietary,163,81
100211,ADVENTHEALTH DADE CITY,13100 FT KING RD,(352) 568-1100,Acute Care Hospitals,Proprietary,184,60
100211,ADVENTHEALTH DADE CITY,13100 FT KING RD,(352) 568-1100,Acute Care Hospitals,Proprietary,172,72
100211,ADVENTHEALTH DADE CITY,13100 FT KING RD,(352) 568-1100,Acute Care Hospitals,Proprietary,180,64
100211,ADVENTHEALTH DADE CITY,13100 FT KING RD,(352) 568-1100,Acute Care Hospitals,Proprietary,229,15
100211,ADVENTHEALTH DADE CITY,13100 FT KING RD,(352) 568-1100,Acute Care Hospitals,Proprietary,183,61
100211,ADVENTHEALTH DADE CITY,13100 FT KING RD,(352) 568-1100,Acute Care Hospitals,Proprietary,204,40
100211,ADVENTHEALTH DADE CITY,13100 FT KING RD,(352) 568-1100,Acute Care Hospitals,Proprietary,195,49
100211,ADVENTHEALTH DADE CITY,13100 FT KING RD,(352) 568-1100,Acute Care Hospitals,Proprietary,229,15
100211,ADVENTHEALTH DADE CITY,13100 FT KING RD,(352) 568-1100,Acute Care Hospitals,Proprietary,222,22
100211,ADVENTHEALTH DADE CITY,13100 FT KING RD,(352) 568-1100,Acute Care Hospitals,Proprietary,153,91
100211,ADVENTHEALTH DADE CITY,13100 FT KING RD,(352) 568-1100,Acute Care Hospitals,Proprietary,223,21
100211,ADVENTHEALTH DADE CITY,13100 FT KING RD,(352) 568-1100,Acute Care Hospitals,Proprietary,172,72
100211,ADVENTHEALTH DADE CITY,13100 FT KING RD,(352) 568-1100,Acute Care Hospitals,Proprietary,227,17
100211,ADVENTHEALTH DADE CITY,13100 FT KING RD,(352) 568-1100,Acute Care Hospitals,Proprietary,209,35
100211,ADVENTHEALTH DADE CITY,13100 FT KING RD,(352) 568-1100,Acute Care Hospitals,Proprietary,182,62
100211,ADVENTHEALTH DADE CITY,13100 FT KING RD,(352) 568-1100,Acute Care Hospitals,Proprietary,174,70
100211,ADVENTHEALTH DADE CITY,13100 FT KING RD,(352) 568-1100,Acute Care Hospitals,Proprietary,149,95
100211,ADVENTHEALTH DADE CITY,13100 FT KING RD,(352) 568-1100,Acute Care Hospitals,Proprietary,183,61
100211,ADVENTHEALTH DADE CITY,13100 FT KING RD,(352) 568-1100,Acute Care Hospitals,Proprietary,201,43
100211,ADVENTHEALTH DADE CITY,13100 FT KING RD,(352) 568-1100,Acute Care Hospitals,Proprietary,212,32
100211,ADVENTHEALTH DADE CITY,13100 FT KING RD,(352) 568-1100,Acute Care Hospitals,Proprietary,190,54
100211,ADVENTHEALTH DADE CITY,13100 FT KING RD,(352) 568-1100,Acute Care Hospitals,Proprietary,226,18
100211,ADVENTHEALTH DADE CITY,13100 FT KING RD,(352) 568-1100,Acute Care Hospitals,Proprietary,190,54
100211,ADVENTHEALTH DADE CITY,13100 FT KING RD,(352) 568-1100,Acute Care Hospitals,Proprietary,154,90
100211,ADVENTHEALTH DADE CITY,13100 FT KING RD,(352) 568-1100,Acute Care Hospitals,Proprietary,200,44
100211,ADVENTHEALTH DADE CITY,13100 FT KING RD,(352) 568-1100,Acute Care Hospitals,Proprietary,199,45
100211,ADVENTHEALTH DADE CITY,13100 FT KING RD,(352) 568-1100,Acute Care Hospitals,Proprietary,189,55
100211,ADVENTHEALTH DADE CITY,13100 FT KING RD,(352) 568-1100,Acute Care Hospitals,Proprietary,215,29
100211,ADVENTHEALTH DADE CITY,13100 FT KING RD,(352) 568-1100,Acute Care Hospitals,Proprietary,192,52
100211,ADVENTHEALTH DADE CITY,13100 FT KING RD,(352) 568-1100,Acute Care Hospitals,Proprietary,228,16
100211,ADVENTHEALTH DADE CITY,13100 FT KING RD,(352) 568-1100,Acute Care Hospitals,Proprietary,162,82
100211,ADVENTHEALTH DADE CITY,13100 FT KING RD,(352) 568-1100,Acute Care Hospitals,Proprietary,165,79
100211,ADVENTHEALTH DADE CITY,13100 FT KING RD,(352) 568-1100,Acute Care Hospitals,Proprietary,163,81
100211,ADVENTHEALTH DADE CITY,13100 FT KING RD,(352) 568-1100,Acute Care Hospitals,Proprietary,220,24
100211,ADVENTHEALTH DADE CITY,13100 FT KING RD,(352) 568-1100,Acute Care Hospitals,Proprietary,168,76
100211,ADVENTHEALTH DADE CITY,13100 FT KING RD,(352) 568-1100,Acute Care Hospitals,Proprietary,188,56
100211,ADVENTHEALTH DADE CITY,13100 FT KING RD,(352) 568-1100,Acute Care Hospitals,Proprietary,203,41
100211,ADVENTHEALTH DADE CITY,13100 FT KING RD,(352) 568-1100,Acute Care Hospitals,Proprietary,228,16
100211,ADVENTHEALTH DADE CITY,13100 FT KING RD,(352) 568-1100,Acute Care Hospitals,Proprietary,185,59
100211,ADVENTHEALTH DADE CITY,13100 FT KING RD,(352) 568-1100,Acute Care Hospitals,Proprietary,192,52
100211,ADVENTHEALTH DADE CITY,13100 FT KING RD,(352) 568-1100,Acute Care Hospitals,Proprietary,198,46
100211,ADVENTHEALTH DADE CITY,13100 FT KING RD,(352) 568-1100,Acute Care Hospitals,Proprietary,225,19
100211,ADVENTHEALTH DADE CITY,13100 FT KING RD,(352) 568-1100,Acute Care Hospitals,Proprietary,215,29
100211,ADVENTHEALTH DADE CITY,13100 FT KING RD,(352) 568-1100,Acute Care Hospitals,Proprietary,203,41
100211,ADVENTHEALTH DADE CITY,13100 FT KING RD,(352) 568-1100,Acute Care Hospitals,Proprietary,167,77
100211,ADVENTHEALTH DADE CITY,13100 FT KING RD,(352) 568-1100,Acute Care Hospitals,Proprietary,196,48
100211,ADVENTHEALTH DADE CITY,13100 FT KING RD,(352) 568-1100,Acute Care Hospitals,Proprietary,186,58
100211,ADVENTHEALTH DADE CITY,13100 FT KING RD,(352) 568-1100,Acute Care Hospitals,Proprietary,197,47
100211,ADVENTHEALTH DADE CITY,13100 FT KING RD,(352) 568-1100,Acute Care Hospitals,Proprietary,170,74
100211,ADVENTHEALTH DADE CITY,13100 FT KING RD,(352) 568-1100,Acute Care Hospitals,Proprietary,189,55
100211,ADVENTHEALTH DADE CITY,13100 FT KING RD,(352) 568-1100,Acute Care Hospitals,Proprietary,221,23
100211,ADVENTHEALTH DADE CITY,13100 FT KING RD,(352) 568-1100,Acute Care Hospitals,Proprietary,203,41
100211,ADVENTHEALTH DADE CITY,13100 FT KING RD,(352) 568-1100,Acute Care Hospitals,Proprietary,167,77
100211,ADVENTHEALTH DADE CITY,13100 FT KING RD,(352) 568-1100,Acute Care Hospitals,Proprietary,168,76
100211,ADVENTHEALTH DADE CITY,13100 FT KING RD,(352) 568-1100,Acute Care Hospitals,Proprietary,196,48
100211,ADVENTHEALTH DADE CITY,13100 FT KING RD,(352) 568-1100,Acute Care Hospitals,Proprietary,175,69
