Facility ID,Facility Name,Address,Telephone Number,Hospital Type,Hospital Ownership,Active Beds,Inactive Beds
100243,HCA FLORIDA BRANDON HOSPITAL,119 OAKFIELD DR,(813) 916-0600,Acute Care Hospitals,Proprietary,385,83
100243,HCA FLORIDA BRANDON HOSPITAL,119 OAKFIELD DR,(813) 916-0600,Acute Care Hospitals,Proprietary,407,61
100243,HCA FLORIDA BRANDON HOSPITAL,119 OAKFIELD DR,(813) 916-0600,Acute Care Hospitals,Proprietary,392,76
100243,HCA FLORIDA BRANDON HOSPITAL,119 OAKFIELD DR,(813) 916-0600,Acute Care Hospitals,Proprietary,300,168
100243,HCA FLORIDA BRANDON HOSPITAL,119 OAKFIELD DR,(813) 916-0600,Acute Care Hospitals,Proprietary,406,62
100243,HCA FLORIDA BRANDON HOSPITAL,119 OAKFIELD DR,(813) 916-0600,Acute Care Hospitals,Proprietary,286,182
100243,HCA FLORIDA BRANDON HOSPITAL,119 OAKFIELD DR,(813) 916-0600,Acute Care Hospitals,Proprietary,381,87
100243,HCA FLORIDA BRANDON HOSPITAL,119 OAKFIELD DR,(813) 916-0600,Acute Care Hospitals,Proprietary,417,51
100243,HCA FLORIDA BRANDON HOSPITAL,119 OAKFIELD DR,(813) 916-0600,Acute Care Hospitals,Proprietary,428,40
100243,HCA FLORIDA BRANDON HOSPITAL,119 OAKFIELD DR,(813) 916-0600,Acute Care Hospitals,Proprietary,420,48
100243,HCA FLORIDA BRANDON HOSPITAL,119 OAKFIELD DR,(813) 916-0600,Acute Care Hospitals,Proprietary,425,43
100243,HCA FLORIDA BRANDON HOSPITAL,119 OAKFIELD DR,(813) 916-0600,Acute Care Hospitals,Proprietary,422,46
100243,HCA FLORIDA BRANDON HOSPITAL,119 OAKFIELD DR,(813) 916-0600,Acute Care Hospitals,Proprietary,393,75
100243,HCA FLORIDA BRANDON HOSPITAL,119 OAKFIELD DR,(813) 916-0600,Acute Care Hospitals,Proprietary,364,104
100243,HCA FLORIDA BRANDON HOSPITAL,119 OAKFIELD DR,(813) 916-0600,Acute Care Hospitals,Proprietary,422,46
100243,HCA FLORIDA BRANDON HOSPITAL,119 OAKFIELD DR,(813) 916-0600,Acute Care Hospitals,Proprietary,281,187
100243,HCA FLORIDA BRANDON HOSPITAL,119 OAKFIELD DR,(813) 916-0600,Acute Care Hospitals,Proprietary,329,139
100243,HCA FLORIDA BRANDON HOSPITAL,119 OAKFIELD DR,(813) 916-0600,Acute Care Hospitals,Proprietary,395,73
100243,HCA FLORIDA BRANDON HOSPITAL,119 OAKFIELD DR,(813) 916-0600,Acute Care Hospitals,Proprietary,296,172
100243,HCA FLORIDA BRANDON HOSPITAL,119 OAKFIELD DR,(813) 916-0600,Acute Care Hospitals,Proprietary,371,97
100243,HCA FLORIDA BRANDON HOSPITAL,119 OAKFIELD DR,(813) 916-0600,Acute Care Hospitals,Proprietary,300,168
100243,HCA FLORIDA BRANDON HOSPITAL,119 OAKFIELD DR,(813) 916-0600,Acute Care Hospitals,Proprietary,403,65
100243,HCA FLORIDA BRANDON HOSPITAL,119 OAKFIELD DR,(813) 916-0600,Acute Care Hospitals,Proprietary,353,115
100243,HCA FLORIDA BRANDON HOSPITAL,119 OAKFIELD DR,(813) 916-0600,Acute Care Hospitals,Proprietary,397,71
100243,HCA FLORIDA BRANDON HOSPITAL,119 OAKFIELD DR,(813) 916-0600,Acute Care Hospitals,Proprietary,312,156
100243,HCA FLORIDA BRANDON HOSPITAL,119 OAKFIELD DR,(813) 916-0600,Acute Care Hospitals,Proprietary,289,179
100243,HCA FLORIDA BRANDON HOSPITAL,119 OAKFIELD DR,(813) 916-0600,Acute Care Hospitals,Proprietary,326,142
100243,HCA FLORIDA BRANDON HOSPITAL,119 OAKFIELD DR,(813) 916-0600,Acute Care Hospitals,Proprietary,327,141
100243,HCA FLORIDA BRANDON HOSPITAL,119 OAKFIELD DR,(813) 916-0600,Acute Care Hospitals,Proprietary,394,74
100243,HCA FLORIDA BRANDON HOSPITAL,119 OAKFIELD DR,(813) 916-0600,Acute Care Hospitals,Proprietary,331,137
100243,HCA FLORIDA BRANDON HOSPITAL,119 OAKFIELD DR,(813) 916-0600,Acute Care Hospitals,Proprietary,389,79
100243,HCA FLORIDA BRANDON HOSPITAL,119 OAKFIELD DR,(813) 916-0600,Acute Care Hospitals,Proprietary,290,178
100243,HCA FLORIDA BRANDON HOSPITAL,119 OAKFIELD DR,(813) 916-0600,Acute Care Hospitals,Proprietary,352,116
100243,HCA FLORIDA BRANDON HOSPITAL,119 OAKFIELD DR,(813) 916-0600,Acute Care Hospitals,Proprietary,371,97
100243,HCA FLORIDA BRANDON HOSPITAL,119 OAKFIELD DR,(813) 916-0600,Acute Care Hospitals,Proprietary,333,135
100243,HCA FLORIDA BRANDON HOSPITAL,119 OAKFIELD DR,(813) 916-0600,Acute Care Hospitals,Proprietary,314,154
100243,HCA FLORIDA BRANDON HOSPITAL,119 OAKFIELD DR,(813) 916-0600,Acute Care Hospitals,Proprietary,395,73
100243,HCA FLORIDA BRANDON HOSPITAL,119 OAKFIELD DR,(813) 916-0600,Acute Care Hospitals,Proprietary,383,85
100243,HCA FLORIDA BRANDON HOSPITAL,119 OAKFIELD DR,(813) 916-0600,Acute Care Hospitals,Proprietary,440,28
100243,HCA FLORIDA BRANDON HOSPITAL,119 OAKFIELD DR,(813) 916-0600,Acute Care Hospitals,Proprietary,356,112
100243,HCA FLORIDA BRANDON HOSPITAL,119 OAKFIELD DR,(813) 916-0600,Acute Care Hospitals,Proprietary,444,24
100243,HCA FLORIDA BRANDON HOSPITAL,119 OAKFIELD DR,(813) 916-0600,Acute Care Hospitals,Proprietary,358,110
100243,HCA FLORIDA BRANDON HOSPITAL,119 OAKFIELD DR,(813) 916-0600,Acute Care Hospitals,Proprietary,367,101
100243,HCA FLORIDA BRANDON HOSPITAL,119 OAKFIELD DR,(813) 916-0600,Acute Care Hospitals,Proprietary,281,187
100243,HCA FLORIDA BRANDON HOSPITAL,119 OAKFIELD DR,(813) 916-0600,Acute Care Hospitals,Proprietary,379,89
100243,HCA FLORIDA BRANDON HOSPITAL,119 OAKFIELD DR,(813) 916-0600,Acute Care Hospitals,Proprietary,336,132
100243,HCA FLORIDA BRANDON HOSPITAL,119 OAKFIELD DR,(813) 916-0600,Acute Care Hospitals,Proprietary,345,123
100243,HCA FLORIDA BRANDON HOSPITAL,119 OAKFIELD DR,(813) 916-0600,Acute Care Hospitals,Proprietary,293,175
100243,HCA FLORIDA BRANDON HOSPITAL,119 OAKFIELD DR,(813) 916-0600,Acute Care Hospitals,Proprietary,284,184
100243,HCA FLORIDA BRANDON HOSPITAL,119 OAKFIELD DR,(813) 916-0600,Acute Care Hospitals,Proprietary,364,104
100243,HCA FLORIDA BRANDON HOSPITAL,119 OAKFIELD DR,(813) 916-0600,Acute Care Hospitals,Proprietary,325,143
100243,HCA FLORIDA BRANDON HOSPITAL,119 OAKFIELD DR,(813) 916-0600,Acute Care Hospitals,Proprietary,389,79
100243,HCA FLORIDA BRANDON HOSPITAL,119 OAKFIELD DR,(813) 916-0600,Acute Care Hospitals,Proprietary,386,82
100243,HCA FLORIDA BRANDON HOSPITAL,119 OAKFIELD DR,(813) 916-0600,Acute Care Hospitals,Proprietary,405,63
100243,HCA FLORIDA BRANDON HOSPITAL,119 OAKFIELD DR,(813) 916-0600,Acute Care Hospitals,Proprietary,406,62
100243,HCA FLORIDA BRANDON HOSPITAL,119 OAKFIELD DR,(813) 916-0600,Acute Care Hospitals,Proprietary,311,157
100243,HCA FLORIDA BRANDON HOSPITAL,119 OAKFIELD DR,(813) 916-0600,Acute Care Hospitals,Proprietary,428,40
100243,HCA FLORIDA BRANDON HOSPITAL,119 OAKFIELD DR,(813) 916-0600,Acute Care Hospitals,Proprietary,296,172
100243,HCA FLORIDA BRANDON HOSPITAL,119 OAKFIELD DR,(813) 916-0600,Acute Care Hospitals,Proprietary,286,182
100243,HCA FLORIDA BRANDON HOSPITAL,119 OAKFIELD DR,(813) 916-0600,Acute Care Hospitals,Proprietary,400,68
100243,HCA FLORIDA BRANDON HOSPITAL,119 OAKFIELD DR,(813) 916-0600,Acute Care Hospitals,Proprietary,405,63
100243,HCA FLORIDA BRANDON HOSPITAL,119 OAKFIELD DR,(813) 916-0600,Acute Care Hospitals,Proprietary,365,103
100243,HCA FLORIDA BRANDON HOSPITAL,119 OAKFIELD DR,(813) 916-0600,Acute Care Hospitals,Proprietary,283,185
100243,HCA FLORIDA BRANDON HOSPITAL,119 OAKFIELD DR,(813) 916-0600,Acute Care Hospitals,Proprietary,356,112
100243,HCA FLORIDA BRANDON HOSPITAL,119 OAKFIELD DR,(813) 916-0600,Acute Care Hospitals,Proprietary,315,153
100243,HCA FLORIDA BRANDON HOSPITAL,119 OAKFIELD DR,(813) 916-0600,Acute Care Hospitals,Proprietary,284,184
100243,HCA FLORIDA BRANDON HOSPITAL,119 OAKFIELD DR,(813) 916-0600,Acute Care Hospitals,Proprietary,422,46
100243,HCA FLORIDA BRANDON HOSPITAL,119 OAKFIELD DR,(813) 916-0600,Acute Care Hospitals,Proprietary,422,46
100243,HCA FLORIDA BRANDON HOSPITAL,119 OAKFIELD DR,(813) 916-0600,Acute Care Hospitals,Proprietary,335,133
100243,HCA FLORIDA BRANDON HOSPITAL,119 OAKFIELD DR,(813) 916-0600,Acute Care Hospitals,Proprietary,340,128
100243,HCA FLORIDA BRANDON HOSPITAL,119 OAKFIELD DR,(813) 916-0600,Acute Care Hospitals,Proprietary,319,149
100243,HCA FLORIDA BRANDON HOSPITAL,119 OAKFIELD DR,(813) 916-0600,Acute Care Hospitals,Proprietary,344,124
100243,HCA FLORIDA BRANDON HOSPITAL,119 OAKFIELD DR,(813) 916-0600,Acute Care Hospitals,Proprietary,434,34
100243,HCA FLORIDA BRANDON HOSPITAL,119 OAKFIELD DR,(813) 916-0600,Acute Care Hospitals,Proprietary,341,127
100243,HCA FLORIDA BRANDON HOSPITAL,119 OAKFIELD DR,(813) 916-0600,Acute Care Hospitals,Proprietary,422,46
100243,HCA FLORIDA BRANDON HOSPITAL,119 OAKFIELD DR,(813) 916-0600,Acute Care Hospitals,Proprietary,434,34
100243,HCA FLORIDA BRANDON HOSPITAL,119 OAKFIELD DR,(813) 916-0600,Acute Care Hospitals,Proprietary,307,161
100243,HCA FLORIDA BRANDON HOSPITAL,119 OAKFIELD DR,(813) 916-0600,Acute Care Hospitals,Proprietary,290,178
100243,HCA FLORIDA BRANDON HOSPITAL,119 OAKFIELD DR,(813) 916-0600,Acute Care Hospitals,Proprietary,281,187
100243,HCA FLORIDA BRANDON HOSPITAL,119 OAKFIELD DR,(813) 916-0600,Acute Care Hospitals,Proprietary,436,32
100243,HCA FLORIDA BRANDON HOSPITAL,119 OAKFIELD DR,(813) 916-0600,Acute Care Hospitals,Proprietary,362,106
100243,HCA FLORIDA BRANDON HOSPITAL,119 OAKFIELD DR,(813) 916-0600,Acute Care Hospitals,Proprietary,340,128
100243,HCA FLORIDA BRANDON HOSPITAL,119 OAKFIELD DR,(813) 916-0600,Acute Care Hospitals,Proprietary,428,40
100243,HCA FLORIDA BRANDON HOSPITAL,119 OAKFIELD DR,(813) 916-0600,Acute Care Hospitals,Proprietary,286,182
100243,HCA FLORIDA BRANDON HOSPITAL,119 OAKFIELD DR,(813) 916-0600,Acute Care Hospitals,Proprietary,344,124
100243,HCA FLORIDA BRANDON HOSPITAL,119 OAKFIELD DR,(813) 916-0600,Acute Care Hospitals,Proprietary,296,172
100243,HCA FLORIDA BRANDON HOSPITAL,119 OAKFIELD DR,(813) 916-0600,Acute Care Hospitals,Proprietary,327,141
100243,HCA FLORIDA BRANDON HOSPITAL,119 OAKFIELD DR,(813) 916-0600,Acute Care Hospitals,Proprietary,405,63
100243,HCA FLORIDA BRANDON HOSPITAL,119 OAKFIELD DR,(813) 916-0600,Acute Care Hospitals,Proprietary,443,25
100243,HCA FLORIDA BRANDON HOSPITAL,119 OAKFIELD DR,(813) 916-0600,Acute Care Hospitals,Proprietary,298,170
100243,HCA FLORIDA BRANDON HOSPITAL,119 OAKFIELD DR,(813) 916-0600,Acute Care Hospitals,Proprietary,420,48
100243,HCA FLORIDA BRANDON HOSPITAL,119 OAKFIELD DR,(813) 916-0600,Acute Care Hospitals,Proprietary,437,31
100243,HCA FLORIDA BRANDON HOSPITAL,119 OAKFIELD DR,(813) 916-0600,Acute Care Hospitals,Proprietary,356,112
100243,HCA FLORIDA BRANDON HOSPITAL,119 OAKFIELD DR,(813) 916-0600,Acute Care Hospitals,Proprietary,313,155
100243,HCA FLORIDA BRANDON HOSPITAL,119 OAKFIELD DR,(813) 916-0600,Acute Care Hospitals,Proprietary,338,130
100243,HCA FLORIDA BRANDON HOSPITAL,119 OAKFIELD DR,(813) 916-0600,Acute Care Hospitals,Proprietary,304,164
100243,HCA FLORIDA BRANDON HOSPITAL,119 OAKFIELD DR,(813) 916-0600,Acute Care Hospitals,Proprietary,336,132
100243,HCA FLORIDA BRANDON HOSPITAL,119 OAKFIELD DR,(813) 916-0600,Acute Care Hospitals,Proprietary,426,42
100243,HCA FLORIDA BRANDON HOSPITAL,119 OAKFIELD DR,(813) 916-0600,Acute Care Hospitals,Proprietary,424,44
100243,HCA FLORIDA BRANDON HOSPITAL,119 OAKFIELD DR,(813) 916-0600,Acute Care Hospitals,Proprietary,344,124
100243,HCA FLORIDA BRANDON HOSPITAL,119 OAKFIELD DR,(813) 916-0600,Acute Care Hospitals,Proprietary,339,129
100243,HCA FLORIDA BRANDON HOSPITAL,119 OAKFIELD DR,(813) 916-0600,Acute Care Hospitals,Proprietary,431,37
100243,HCA FLORIDA BRANDON HOSPITAL,119 OAKFIELD DR,(813) 916-0600,Acute Care Hospitals,Proprietary,370,98
100243,HCA FLORIDA BRANDON HOSPITAL,119 OAKFIELD DR,(813) 916-0600,Acute Care Hospitals,Proprietary,339,129
100243,HCA FLORIDA BRANDON HOSPITAL,119 OAKFIELD DR,(813) 916-0600,Acute Care Hospitals,Proprietary,296,172
100243,HCA FLORIDA BRANDON HOSPITAL,119 OAKFIELD DR,(813) 916-0600,Acute Care Hospitals,Proprietary,339,129
100243,HCA FLORIDA BRANDON HOSPITAL,119 OAKFIELD DR,(813) 916-0600,Acute Care Hospitals,Proprietary,369,99
100243,HCA FLORIDA BRANDON HOSPITAL,119 OAKFIELD DR,(813) 916-0600,Acute Care Hospitals,Proprietary,383,85
100243,HCA FLORIDA BRANDON HOSPITAL,119 OAKFIELD DR,(813) 916-0600,Acute Care Hospitals,Proprietary,304,164
100243,HCA FLORIDA BRANDON HOSPITAL,119 OAKFIELD DR,(813) 916-0600,Acute Care Hospitals,Proprietary,352,116
100243,HCA FLORIDA BRANDON HOSPITAL,119 OAKFIELD DR,(813) 916-0600,Acute Care Hospitals,Proprietary,378,90
100243,HCA FLORIDA BRANDON HOSPITAL,119 OAKFIELD DR,(813) 916-0600,Acute Care Hospitals,Proprietary,370,98
100243,HCA FLORIDA BRANDON HOSPITAL,119 OAKFIELD DR,(813) 916-0600,Acute Care Hospitals,Proprietary,310,158
100243,HCA FLORIDA BRANDON HOSPITAL,119 OAKFIELD DR,(813) 916-0600,Acute Care Hospitals,Proprietary,342,126
100243,HCA FLORIDA BRANDON HOSPITAL,119 OAKFIELD DR,(813) 916-0600,Acute Care Hospitals,Proprietary,331,137
100243,HCA FLORIDA BRANDON HOSPITAL,119 OAKFIELD DR,(813) 916-0600,Acute Care Hospitals,Proprietary,431,37
100243,HCA FLORIDA BRANDON HOSPITAL,119 OAKFIELD DR,(813) 916-0600,Acute Care Hospitals,Proprietary,348,120
100243,HCA FLORIDA BRANDON HOSPITAL,119 OAKFIELD DR,(813) 916-0600,Acute Care Hospitals,Proprietary,432,36
100243,HCA FLORIDA BRANDON HOSPITAL,119 OAKFIELD DR,(813) 916-0600,Acute Care Hospitals,Proprietary,344,124
100243,HCA FLORIDA BRANDON HOSPITAL,119 OAKFIELD DR,(813) 916-0600,Acute Care Hospitals,Proprietary,355,113
100243,HCA FLORIDA BRANDON HOSPITAL,119 OAKFIELD DR,(813) 916-0600,Acute Care Hospitals,Proprietary,362,106
100243,HCA FLORIDA BRANDON HOSPITAL,119 OAKFIELD DR,(813) 916-0600,Acute Care Hospitals,Proprietary,406,62
100243,HCA FLORIDA BRANDON HOSPITAL,119 OAKFIELD DR,(813) 916-0600,Acute Care Hospitals,Proprietary,319,149
100243,HCA FLORIDA BRANDON HOSPITAL,119 OAKFIELD DR,(813) 916-0600,Acute Care Hospitals,Proprietary,325,143
100243,HCA FLORIDA BRANDON HOSPITAL,119 OAKFIELD DR,(813) 916-0600,Acute Care Hospitals,Proprietary,298,170
100243,HCA FLORIDA BRANDON HOSPITAL,119 OAKFIELD DR,(813) 916-0600,Acute Care Hospitals,Proprietary,381,87
100243,HCA FLORIDA BRANDON HOSPITAL,119 OAKFIELD DR,(813) 916-0600,Acute Care Hospitals,Proprietary,293,175
100243,HCA FLORIDA BRANDON HOSPITAL,119 OAKFIELD DR,(813) 916-0600,Acute Care Hospitals,Proprietary,409,59
100243,HCA FLORIDA BRANDON HOSPITAL,119 OAKFIELD DR,(813) 916-0600,Acute Care Hospitals,Proprietary,310,158
100243,HCA FLORIDA BRANDON HOSPITAL,119 OAKFIELD DR,(813) 916-0600,Acute Care Hospitals,Proprietary,307,161
100243,HCA FLORIDA BRANDON HOSPITAL,119 OAKFIELD DR,(813) 916-0600,Acute Care Hospitals,Proprietary,349,119
100243,HCA FLORIDA BRANDON HOSPITAL,119 OAKFIELD DR,(813) 916-0600,Acute Care Hospitals,Proprietary,324,144
100243,HCA FLORIDA BRANDON HOSPITAL,119 OAKFIELD DR,(813) 916-0600,Acute Care Hospitals,Proprietary,388,80
100243,HCA FLORIDA BRANDON HOSPITAL,119 OAKFIELD DR,(813) 916-0600,Acute Care Hospitals,Proprietary,392,76
100243,HCA FLORIDA BRANDON HOSPITAL,119 OAKFIELD DR,(813) 916-0600,Acute Care Hospitals,Proprietary,353,115
100243,HCA FLORIDA BRANDON HOSPITAL,119 OAKFIELD DR,(813) 916-0600,Acute Care Hospitals,Proprietary,340,128
100243,HCA FLORIDA BRANDON HOSPITAL,119 OAKFIELD DR,(813) 916-0600,Acute Care Hospitals,Proprietary,303,165
100243,HCA FLORIDA BRANDON HOSPITAL,119 OAKFIELD DR,(813) 916-0600,Acute Care Hospitals,Proprietary,334,134
100243,HCA FLORIDA BRANDON HOSPITAL,119 OAKFIELD DR,(813) 916-0600,Acute Care Hospitals,Proprietary,415,53
100243,HCA FLORIDA BRANDON HOSPITAL,119 OAKFIELD DR,(813) 916-0600,Acute Care Hospitals,Proprietary,395,73
100243,HCA FLORIDA BRANDON HOSPITAL,119 OAKFIELD DR,(813) 916-0600,Acute Care Hospitals,Proprietary,348,120
100243,HCA FLORIDA BRANDON HOSPITAL,119 OAKFIELD DR,(813) 916-0600,Acute Care Hospitals,Proprietary,393,75
100243,HCA FLORIDA BRANDON HOSPITAL,119 OAKFIELD DR,(813) 916-0600,Acute Care Hospitals,Proprietary,417,51
100243,HCA FLORIDA BRANDON HOSPITAL,119 OAKFIELD DR,(813) 916-0600,Acute Care Hospitals,Proprietary,289,179
100243,HCA FLORIDA BRANDON HOSPITAL,119 OAKFIELD DR,(813) 916-0600,Acute Care Hospitals,Proprietary,333,135
100243,HCA FLORIDA BRANDON HOSPITAL,119 OAKFIELD DR,(813) 916-0600,Acute Care Hospitals,Proprietary,317,151
100243,HCA FLORIDA BRANDON HOSPITAL,119 OAKFIELD DR,(813) 916-0600,Acute Care Hospitals,Proprietary,291,177
100243,HCA FLORIDA BRANDON HOSPITAL,119 OAKFIELD DR,(813) 916-0600,Acute Care Hospitals,Proprietary,443,25
100243,HCA FLORIDA BRANDON HOSPITAL,119 OAKFIELD DR,(813) 916-0600,Acute Care Hospitals,Proprietary,368,100
100243,HCA FLORIDA BRANDON HOSPITAL,119 OAKFIELD DR,(813) 916-0600,Acute Care Hospitals,Proprietary,312,156
100243,HCA FLORIDA BRANDON HOSPITAL,119 OAKFIELD DR,(813) 916-0600,Acute Care Hospitals,Proprietary,294,174
100243,HCA FLORIDA BRANDON HOSPITAL,119 OAKFIELD DR,(813) 916-0600,Acute Care Hospitals,Proprietary,411,57
100243,HCA FLORIDA BRANDON HOSPITAL,119 OAKFIELD DR,(813) 916-0600,Acute Care Hospitals,Proprietary,424,44
100243,HCA FLORIDA BRANDON HOSPITAL,119 OAKFIELD DR,(813) 916-0600,Acute Care Hospitals,Proprietary,307,161
100243,HCA FLORIDA BRANDON HOSPITAL,119 OAKFIELD DR,(813) 916-0600,Acute Care Hospitals,Proprietary,302,166
100243,HCA FLORIDA BRANDON HOSPITAL,119 OAKFIELD DR,(813) 916-0600,Acute Care Hospitals,Proprietary,401,67
100243,HCA FLORIDA BRANDON HOSPITAL,119 OAKFIELD DR,(813) 916-0600,Acute Care Hospitals,Proprietary,413,55
100243,HCA FLORIDA BRANDON HOSPITAL,119 OAKFIELD DR,(813) 916-0600,Acute Care Hospitals,Proprietary,326,142
100243,HCA FLORIDA BRANDON HOSPITAL,119 OAKFIELD DR,(813) 916-0600,Acute Care Hospitals,Proprietary,408,60
100243,HCA FLORIDA BRANDON HOSPITAL,119 OAKFIELD DR,(813) 916-0600,Acute Care Hospitals,Proprietary,377,91
100243,HCA FLORIDA BRANDON HOSPITAL,119 OAKFIELD DR,(813) 916-0600,Acute Care Hospitals,Proprietary,305,163
100243,HCA FLORIDA BRANDON HOSPITAL,119 OAKFIELD DR,(813) 916-0600,Acute Care Hospitals,Proprietary,318,150
100243,HCA FLORIDA BRANDON HOSPITAL,119 OAKFIELD DR,(813) 916-0600,Acute Care Hospitals,Proprietary,290,178
100243,HCA FLORIDA BRANDON HOSPITAL,119 OAKFIELD DR,(813) 916-0600,Acute Care Hospitals,Proprietary,334,134
100243,HCA FLORIDA BRANDON HOSPITAL,119 OAKFIELD DR,(813) 916-0600,Acute Care Hospitals,Proprietary,381,87
100243,HCA FLORIDA BRANDON HOSPITAL,119 OAKFIELD DR,(813) 916-0600,Acute Care Hospitals,Proprietary,443,25
100243,HCA FLORIDA BRANDON HOSPITAL,119 OAKFIELD DR,(813) 916-0600,Acute Care Hospitals,Proprietary,304,164
100243,HCA FLORIDA BRANDON HOSPITAL,119 OAKFIELD DR,(813) 916-0600,Acute Care Hospitals,Proprietary,415,53
100243,HCA FLORIDA BRANDON HOSPITAL,119 OAKFIELD DR,(813) 916-0600,Acute Care Hospitals,Proprietary,414,54
100243,HCA FLORIDA BRANDON HOSPITAL,119 OAKFIELD DR,(813) 916-0600,Acute Care Hospitals,Proprietary,413,55
100243,HCA FLORIDA BRANDON HOSPITAL,119 OAKFIELD DR,(813) 916-0600,Acute Care Hospitals,Proprietary,417,51
100243,HCA FLORIDA BRANDON HOSPITAL,119 OAKFIELD DR,(813) 916-0600,Acute Care Hospitals,Proprietary,396,72
100243,HCA FLORIDA BRANDON HOSPITAL,119 OAKFIELD DR,(813) 916-0600,Acute Care Hospitals,Proprietary,293,175
100243,HCA FLORIDA BRANDON HOSPITAL,119 OAKFIELD DR,(813) 916-0600,Acute Care Hospitals,Proprietary,436,32
100243,HCA FLORIDA BRANDON HOSPITAL,119 OAKFIELD DR,(813) 916-0600,Acute Care Hospitals,Proprietary,402,66
100243,HCA FLORIDA BRANDON HOSPITAL,119 OAKFIELD DR,(813) 916-0600,Acute Care Hospitals,Proprietary,343,125
100243,HCA FLORIDA BRANDON HOSPITAL,119 OAKFIELD DR,(813) 916-0600,Acute Care Hospitals,Proprietary,312,156
100243,HCA FLORIDA BRANDON HOSPITAL,119 OAKFIELD DR,(813) 916-0600,Acute Care Hospitals,Proprietary,287,181
100243,HCA FLORIDA BRANDON HOSPITAL,119 OAKFIELD DR,(813) 916-0600,Acute Care Hospitals,Proprietary,378,90
100243,HCA FLORIDA BRANDON HOSPITAL,119 OAKFIELD DR,(813) 916-0600,Acute Care Hospitals,Proprietary,325,143
100243,HCA FLORIDA BRANDON HOSPITAL,119 OAKFIELD DR,(813) 916-0600,Acute Care Hospitals,Proprietary,412,56
100243,HCA FLORIDA BRANDON HOSPITAL,119 OAKFIELD DR,(813) 916-0600,Acute Care Hospitals,Proprietary,385,83
100243,HCA FLORIDA BRANDON HOSPITAL,119 OAKFIELD DR,(813) 916-0600,Acute Care Hospitals,Proprietary,332,136
100243,HCA FLORIDA BRANDON HOSPITAL,119 OAKFIELD DR,(813) 916-0600,Acute Care Hospitals,Proprietary,423,45
100243,HCA FLORIDA BRANDON HOSPITAL,119 OAKFIELD DR,(813) 916-0600,Acute Care Hospitals,Proprietary,414,54
100243,HCA FLORIDA BRANDON HOSPITAL,119 OAKFIELD DR,(813) 916-0600,Acute Care Hospitals,Proprietary,306,162
100243,HCA FLORIDA BRANDON HOSPITAL,119 OAKFIELD DR,(813) 916-0600,Acute Care Hospitals,Proprietary,429,39
100243,HCA FLORIDA BRANDON HOSPITAL,119 OAKFIELD DR,(813) 916-0600,Acute Care Hospitals,Proprietary,347,121
100243,HCA FLORIDA BRANDON HOSPITAL,119 OAKFIELD DR,(813) 916-0600,Acute Care Hospitals,Proprietary,329,139
100243,HCA FLORIDA BRANDON HOSPITAL,119 OAKFIELD DR,(813) 916-0600,Acute Care Hospitals,Proprietary,296,172
100243,HCA FLORIDA BRANDON HOSPITAL,119 OAKFIELD DR,(813) 916-0600,Acute Care Hospitals,Proprietary,303,165
100243,HCA FLORIDA BRANDON HOSPITAL,119 OAKFIELD DR,(813) 916-0600,Acute Care Hospitals,Proprietary,437,31
100243,HCA FLORIDA BRANDON HOSPITAL,119 OAKFIELD DR,(813) 916-0600,Acute Care Hospitals,Proprietary,324,144
100243,HCA FLORIDA BRANDON HOSPITAL,119 OAKFIELD DR,(813) 916-0600,Acute Care Hospitals,Proprietary,309,159
100243,HCA FLORIDA BRANDON HOSPITAL,119 OAKFIELD DR,(813) 916-0600,Acute Care Hospitals,Proprietary,426,42
100243,HCA FLORIDA BRANDON HOSPITAL,119 OAKFIELD DR,(813) 916-0600,Acute Care Hospitals,Proprietary,356,112
100243,HCA FLORIDA BRANDON HOSPITAL,119 OAKFIELD DR,(813) 916-0600,Acute Care Hospitals,Proprietary,360,108
100243,HCA FLORIDA BRANDON HOSPITAL,119 OAKFIELD DR,(813) 916-0600,Acute Care Hospitals,Proprietary,355,113
100243,HCA FLORIDA BRANDON HOSPITAL,119 OAKFIELD DR,(813) 916-0600,Acute Care Hospitals,Proprietary,286,182
100243,HCA FLORIDA BRANDON HOSPITAL,119 OAKFIELD DR,(813) 916-0600,Acute Care Hospitals,Proprietary,304,164
100243,HCA FLORIDA BRANDON HOSPITAL,119 OAKFIELD DR,(813) 916-0600,Acute Care Hospitals,Proprietary,361,107
100243,HCA FLORIDA BRANDON HOSPITAL,119 OAKFIELD DR,(813) 916-0600,Acute Care Hospitals,Proprietary,310,158
100243,HCA FLORIDA BRANDON HOSPITAL,119 OAKFIELD DR,(813) 916-0600,Acute Care Hospitals,Proprietary,442,26
100243,HCA FLORIDA BRANDON HOSPITAL,119 OAKFIELD DR,(813) 916-0600,Acute Care Hospitals,Proprietary,296,172
100243,HCA FLORIDA BRANDON HOSPITAL,119 OAKFIELD DR,(813) 916-0600,Acute Care Hospitals,Proprietary,422,46
100243,HCA FLORIDA BRANDON HOSPITAL,119 OAKFIELD DR,(813) 916-0600,Acute Care Hospitals,Proprietary,302,166
100243,HCA FLORIDA BRANDON HOSPITAL,119 OAKFIELD DR,(813) 916-0600,Acute Care Hospitals,Proprietary,438,30
100243,HCA FLORIDA BRANDON HOSPITAL,119 OAKFIELD DR,(813) 916-0600,Acute Care Hospitals,Proprietary,443,25
100243,HCA FLORIDA BRANDON HOSPITAL,119 OAKFIELD DR,(813) 916-0600,Acute Care Hospitals,Proprietary,426,42
100243,HCA FLORIDA BRANDON HOSPITAL,119 OAKFIELD DR,(813) 916-0600,Acute Care Hospitals,Proprietary,292,176
100243,HCA FLORIDA BRANDON HOSPITAL,119 OAKFIELD DR,(813) 916-0600,Acute Care Hospitals,Proprietary,315,153
100243,HCA FLORIDA BRANDON HOSPITAL,119 OAKFIELD DR,(813) 916-0600,Acute Care Hospitals,Proprietary,357,111
100243,HCA FLORIDA BRANDON HOSPITAL,119 OAKFIELD DR,(813) 916-0600,Acute Care Hospitals,Proprietary,428,40
100243,HCA FLORIDA BRANDON HOSPITAL,119 OAKFIELD DR,(813) 916-0600,Acute Care Hospitals,Proprietary,365,103
100243,HCA FLORIDA BRANDON HOSPITAL,119 OAKFIELD DR,(813) 916-0600,Acute Care Hospitals,Proprietary,405,63
100243,HCA FLORIDA BRANDON HOSPITAL,119 OAKFIELD DR,(813) 916-0600,Acute Care Hospitals,Proprietary,306,162
100243,HCA FLORIDA BRANDON HOSPITAL,119 OAKFIELD DR,(813) 916-0600,Acute Care Hospitals,Proprietary,424,44
100243,HCA FLORIDA BRANDON HOSPITAL,119 OAKFIELD DR,(813) 916-0600,Acute Care Hospitals,Proprietary,439,29
100243,HCA FLORIDA BRANDON HOSPITAL,119 OAKFIELD DR,(813) 916-0600,Acute Care Hospitals,Proprietary,417,51
100243,HCA FLORIDA BRANDON HOSPITAL,119 OAKFIELD DR,(813) 916-0600,Acute Care Hospitals,Proprietary,406,62
100243,HCA FLORIDA BRANDON HOSPITAL,119 OAKFIELD DR,(813) 916-0600,Acute Care Hospitals,Proprietary,326,142
100243,HCA FLORIDA BRANDON HOSPITAL,119 OAKFIELD DR,(813) 916-0600,Acute Care Hospitals,Proprietary,318,150
100243,HCA FLORIDA BRANDON HOSPITAL,119 OAKFIELD DR,(813) 916-0600,Acute Care Hospitals,Proprietary,369,99
100243,HCA FLORIDA BRANDON HOSPITAL,119 OAKFIELD DR,(813) 916-0600,Acute Care Hospitals,Proprietary,396,72
100243,HCA FLORIDA BRANDON HOSPITAL,119 OAKFIELD DR,(813) 916-0600,Acute Care Hospitals,Proprietary,350,118
100243,HCA FLORIDA BRANDON HOSPITAL,119 OAKFIELD DR,(813) 916-0600,Acute Care Hospitals,Proprietary,283,185
100243,HCA FLORIDA BRANDON HOSPITAL,119 OAKFIELD DR,(813) 916-0600,Acute Care Hospitals,Proprietary,338,130
100243,HCA FLORIDA BRANDON HOSPITAL,119 OAKFIELD DR,(813) 916-0600,Acute Care Hospitals,Proprietary,355,113
100243,HCA FLORIDA BRANDON HOSPITAL,119 OAKFIELD DR,(813) 916-0600,Acute Care Hospitals,Proprietary,306,162
100243,HCA FLORIDA BRANDON HOSPITAL,119 OAKFIELD DR,(813) 916-0600,Acute Care Hospitals,Proprietary,339,129
100243,HCA FLORIDA BRANDON HOSPITAL,119 OAKFIELD DR,(813) 916-0600,Acute Care Hospitals,Proprietary,290,178
100243,HCA FLORIDA BRANDON HOSPITAL,119 OAKFIELD DR,(813) 916-0600,Acute Care Hospitals,Proprietary,365,103
100243,HCA FLORIDA BRANDON HOSPITAL,119 OAKFIELD DR,(813) 916-0600,Acute Care Hospitals,Proprietary,353,115
100243,HCA FLORIDA BRANDON HOSPITAL,119 OAKFIELD DR,(813) 916-0600,Acute Care Hospitals,Proprietary,282,186
100243,HCA FLORIDA BRANDON HOSPITAL,119 OAKFIELD DR,(813) 916-0600,Acute Care Hospitals,Proprietary,417,51
100243,HCA FLORIDA BRANDON HOSPITAL,119 OAKFIELD DR,(813) 916-0600,Acute Care Hospitals,Proprietary,295,173
100243,HCA FLORIDA BRANDON HOSPITAL,119 OAKFIELD DR,(813) 916-0600,Acute Care Hospitals,Proprietary,370,98
100243,HCA FLORIDA BRANDON HOSPITAL,119 OAKFIELD DR,(813) 916-0600,Acute Care Hospitals,Proprietary,330,138
100243,HCA FLORIDA BRANDON HOSPITAL,119 OAKFIELD DR,(813) 916-0600,Acute Care Hospitals,Proprietary,371,97
100243,HCA FLORIDA BRANDON HOSPITAL,119 OAKFIELD DR,(813) 916-0600,Acute Care Hospitals,Proprietary,442,26
100243,HCA FLORIDA BRANDON HOSPITAL,119 OAKFIELD DR,(813) 916-0600,Acute Care Hospitals,Proprietary,302,166
100243,HCA FLORIDA BRANDON HOSPITAL,119 OAKFIELD DR,(813) 916-0600,Acute Care Hospitals,Proprietary,399,69
100243,HCA FLORIDA BRANDON HOSPITAL,119 OAKFIELD DR,(813) 916-0600,Acute Care Hospitals,Proprietary,303,165
100243,HCA FLORIDA BRANDON HOSPITAL,119 OAKFIELD DR,(813) 916-0600,Acute Care Hospitals,Proprietary,317,151
100243,HCA FLORIDA BRANDON HOSPITAL,119 OAKFIELD DR,(813) 916-0600,Acute Care Hospitals,Proprietary,302,166
100243,HCA FLORIDA BRANDON HOSPITAL,119 OAKFIELD DR,(813) 916-0600,Acute Care Hospitals,Proprietary,382,86
100243,HCA FLORIDA BRANDON HOSPITAL,119 OAKFIELD DR,(813) 916-0600,Acute Care Hospitals,Proprietary,298,170
100243,HCA FLORIDA BRANDON HOSPITAL,119 OAKFIELD DR,(813) 916-0600,Acute Care Hospitals,Proprietary,353,115
100243,HCA FLORIDA BRANDON HOSPITAL,119 OAKFIELD DR,(813) 916-0600,Acute Care Hospitals,Proprietary,364,104
100243,HCA FLORIDA BRANDON HOSPITAL,119 OAKFIELD DR,(813) 916-0600,Acute Care Hospitals,Proprietary,302,166
100243,HCA FLORIDA BRANDON HOSPITAL,119 OAKFIELD DR,(813) 916-0600,Acute Care Hospitals,Proprietary,336,132
100243,HCA FLORIDA BRANDON HOSPITAL,119 OAKFIELD DR,(813) 916-0600,Acute Care Hospitals,Proprietary,366,102
100243,HCA FLORIDA BRANDON HOSPITAL,119 OAKFIELD DR,(813) 916-0600,Acute Care Hospitals,Proprietary,357,111
100243,HCA FLORIDA BRANDON HOSPITAL,119 OAKFIELD DR,(813) 916-0600,Acute Care Hospitals,Proprietary,328,140
100243,HCA FLORIDA BRANDON HOSPITAL,119 OAKFIELD DR,(813) 916-0600,Acute Care Hospitals,Proprietary,289,179
100243,HCA FLORIDA BRANDON HOSPITAL,119 OAKFIELD DR,(813) 916-0600,Acute Care Hospitals,Proprietary,303,165
100243,HCA FLORIDA BRANDON HOSPITAL,119 OAKFIELD DR,(813) 916-0600,Acute Care Hospitals,Proprietary,425,43
100243,HCA FLORIDA BRANDON HOSPITAL,119 OAKFIELD DR,(813) 916-0600,Acute Care Hospitals,Proprietary,364,104
100243,HCA FLORIDA BRANDON HOSPITAL,119 OAKFIELD DR,(813) 916-0600,Acute Care Hospitals,Proprietary,340,128
100243,HCA FLORIDA BRANDON HOSPITAL,119 OAKFIELD DR,(813) 916-0600,Acute Care Hospitals,Proprietary,392,76
100243,HCA FLORIDA BRANDON HOSPITAL,119 OAKFIELD DR,(813) 916-0600,Acute Care Hospitals,Proprietary,349,119
100243,HCA FLORIDA BRANDON HOSPITAL,119 OAKFIELD DR,(813) 916-0600,Acute Care Hospitals,Proprietary,413,55
100243,HCA FLORIDA BRANDON HOSPITAL,119 OAKFIELD DR,(813) 916-0600,Acute Care Hospitals,Proprietary,307,161
100243,HCA FLORIDA BRANDON HOSPITAL,119 OAKFIELD DR,(813) 916-0600,Acute Care Hospitals,Proprietary,318,150
100243,HCA FLORIDA BRANDON HOSPITAL,119 OAKFIELD DR,(813) 916-0600,Acute Care Hospitals,Proprietary,336,132
100243,HCA FLORIDA BRANDON HOSPITAL,119 OAKFIELD DR,(813) 916-0600,Acute Care Hospitals,Proprietary,408,60
100243,HCA FLORIDA BRANDON HOSPITAL,119 OAKFIELD DR,(813) 916-0600,Acute Care Hospitals,Proprietary,430,38
100243,HCA FLORIDA BRANDON HOSPITAL,119 OAKFIELD DR,(813) 916-0600,Acute Care Hospitals,Proprietary,378,90
100243,HCA FLORIDA BRANDON HOSPITAL,119 OAKFIELD DR,(813) 916-0600,Acute Care Hospitals,Proprietary,347,121
100243,HCA FLORIDA BRANDON HOSPITAL,119 OAKFIELD DR,(813) 916-0600,Acute Care Hospitals,Proprietary,396,72
100243,HCA FLORIDA BRANDON HOSPITAL,119 OAKFIELD DR,(813) 916-0600,Acute Care Hospitals,Proprietary,362,106
100243,HCA FLORIDA BRANDON HOSPITAL,119 OAKFIELD DR,(813) 916-0600,Acute Care Hospitals,Proprietary,398,70
100243,HCA FLORIDA BRANDON HOSPITAL,119 OAKFIELD DR,(813) 916-0600,Acute Care Hospitals,Proprietary,396,72
100243,HCA FLORIDA BRANDON HOSPITAL,119 OAKFIELD DR,(813) 916-0600,Acute Care Hospitals,Proprietary,309,159
100243,HCA FLORIDA BRANDON HOSPITAL,119 OAKFIELD DR,(813) 916-0600,Acute Care Hospitals,Proprietary,361,107
100243,HCA FLORIDA BRANDON HOSPITAL,119 OAKFIELD DR,(813) 916-0600,Acute Care Hospitals,Proprietary,308,160
100243,HCA FLORIDA BRANDON HOSPITAL,119 OAKFIELD DR,(813) 916-0600,Acute Care Hospitals,Proprietary,337,131
100243,HCA FLORIDA BRANDON HOSPITAL,119 OAKFIELD DR,(813) 916-0600,Acute Care Hospitals,Proprietary,370,98
100243,HCA FLORIDA BRANDON HOSPITAL,119 OAKFIELD DR,(813) 916-0600,Acute Care Hospitals,Proprietary,426,42
100243,HCA FLORIDA BRANDON HOSPITAL,119 OAKFIELD DR,(813) 916-0600,Acute Care Hospitals,Proprietary,282,186
100243,HCA FLORIDA BRANDON HOSPITAL,119 OAKFIELD DR,(813) 916-0600,Acute Care Hospitals,Proprietary,409,59
100243,HCA FLORIDA BRANDON HOSPITAL,119 OAKFIELD DR,(813) 916-0600,Acute Care Hospitals,Proprietary,438,30
100243,HCA FLORIDA BRANDON HOSPITAL,119 OAKFIELD DR,(813) 916-0600,Acute Care Hospitals,Proprietary,316,152
100243,HCA FLORIDA BRANDON HOSPITAL,119 OAKFIELD DR,(813) 916-0600,Acute Care Hospitals,Proprietary,309,159
100243,HCA FLORIDA BRANDON HOSPITAL,119 OAKFIELD DR,(813) 916-0600,Acute Care Hospitals,Proprietary,359,109
100243,HCA FLORIDA BRANDON HOSPITAL,119 OAKFIELD DR,(813) 916-0600,Acute Care Hospitals,Proprietary,336,132
100243,HCA FLORIDA BRANDON HOSPITAL,119 OAKFIELD DR,(813) 916-0600,Acute Care Hospitals,Proprietary,291,177
100243,HCA FLORIDA BRANDON HOSPITAL,119 OAKFIELD DR,(813) 916-0600,Acute Care Hospitals,Proprietary,384,84
100243,HCA FLORIDA BRANDON HOSPITAL,119 OAKFIELD DR,(813) 916-0600,Acute Care Hospitals,Proprietary,436,32
100243,HCA FLORIDA BRANDON HOSPITAL,119 OAKFIELD DR,(813) 916-0600,Acute Care Hospitals,Proprietary,364,104
100243,HCA FLORIDA BRANDON HOSPITAL,119 OAKFIELD DR,(813) 916-0600,Acute Care Hospitals,Proprietary,309,159
100243,HCA FLORIDA BRANDON HOSPITAL,119 OAKFIELD DR,(813) 916-0600,Acute Care Hospitals,Proprietary,381,87
100243,HCA FLORIDA BRANDON HOSPITAL,119 OAKFIELD DR,(813) 916-0600,Acute Care Hospitals,Proprietary,390,78
100243,HCA FLORIDA BRANDON HOSPITAL,119 OAKFIELD DR,(813) 916-0600,Acute Care Hospitals,Proprietary,285,183
100243,HCA FLORIDA BRANDON HOSPITAL,119 OAKFIELD DR,(813) 916-0600,Acute Care Hospitals,Proprietary,289,179
100243,HCA FLORIDA BRANDON HOSPITAL,119 OAKFIELD DR,(813) 916-0600,Acute Care Hospitals,Proprietary,369,99
100243,HCA FLORIDA BRANDON HOSPITAL,119 OAKFIELD DR,(813) 916-0600,Acute Care Hospitals,Proprietary,419,49
100243,HCA FLORIDA BRANDON HOSPITAL,119 OAKFIELD DR,(813) 916-0600,Acute Care Hospitals,Proprietary,387,81
100243,HCA FLORIDA BRANDON HOSPITAL,119 OAKFIELD DR,(813) 916-0600,Acute Care Hospitals,Proprietary,359,109
100243,HCA FLORIDA BRANDON HOSPITAL,119 OAKFIELD DR,(813) 916-0600,Acute Care Hospitals,Proprietary,355,113
100243,HCA FLORIDA BRANDON HOSPITAL,119 OAKFIELD DR,(813) 916-0600,Acute Care Hospitals,Proprietary,295,173
100243,HCA FLORIDA BRANDON HOSPITAL,119 OAKFIELD DR,(813) 916-0600,Acute Care Hospitals,Proprietary,371,97
100243,HCA FLORIDA BRANDON HOSPITAL,119 OAKFIELD DR,(813) 916-0600,Acute Care Hospitals,Proprietary,395,73
100243,HCA FLORIDA BRANDON HOSPITAL,119 OAKFIELD DR,(813) 916-0600,Acute Care Hospitals,Proprietary,415,53
100243,HCA FLORIDA BRANDON HOSPITAL,119 OAKFIELD DR,(813) 916-0600,Acute Care Hospitals,Proprietary,406,62
100243,HCA FLORIDA BRANDON HOSPITAL,119 OAKFIELD DR,(813) 916-0600,Acute Care Hospitals,Proprietary,438,30
100243,HCA FLORIDA BRANDON HOSPITAL,119 OAKFIELD DR,(813) 916-0600,Acute Care Hospitals,Proprietary,369,99
100243,HCA FLORIDA BRANDON HOSPITAL,119 OAKFIELD DR,(813) 916-0600,Acute Care Hospitals,Proprietary,336,132
100243,HCA FLORIDA BRANDON HOSPITAL,119 OAKFIELD DR,(813) 916-0600,Acute Care Hospitals,Proprietary,413,55
100243,HCA FLORIDA BRANDON HOSPITAL,119 OAKFIELD DR,(813) 916-0600,Acute Care Hospitals,Proprietary,358,110
100243,HCA FLORIDA BRANDON HOSPITAL,119 OAKFIELD DR,(813) 916-0600,Acute Care Hospitals,Proprietary,361,107
100243,HCA FLORIDA BRANDON HOSPITAL,119 OAKFIELD DR,(813) 916-0600,Acute Care Hospitals,Proprietary,344,124
100243,HCA FLORIDA BRANDON HOSPITAL,119 OAKFIELD DR,(813) 916-0600,Acute Care Hospitals,Proprietary,400,68
100243,HCA FLORIDA BRANDON HOSPITAL,119 OAKFIELD DR,(813) 916-0600,Acute Care Hospitals,Proprietary,334,134
100243,HCA FLORIDA BRANDON HOSPITAL,119 OAKFIELD DR,(813) 916-0600,Acute Care Hospitals,Proprietary,356,112
100243,HCA FLORIDA BRANDON HOSPITAL,119 OAKFIELD DR,(813) 916-0600,Acute Care Hospitals,Proprietary,388,80
100243,HCA FLORIDA BRANDON HOSPITAL,119 OAKFIELD DR,(813) 916-0600,Acute Care Hospitals,Proprietary,388,80
100243,HCA FLORIDA BRANDON HOSPITAL,119 OAKFIELD DR,(813) 916-0600,Acute Care Hospitals,Proprietary,409,59
100243,HCA FLORIDA BRANDON HOSPITAL,119 OAKFIELD DR,(813) 916-0600,Acute Care Hospitals,Proprietary,375,93
100243,HCA FLORIDA BRANDON HOSPITAL,119 OAKFIELD DR,(813) 916-0600,Acute Care Hospitals,Proprietary,403,65
100243,HCA FLORIDA BRANDON HOSPITAL,119 OAKFIELD DR,(813) 916-0600,Acute Care Hospitals,Proprietary,301,167
100243,HCA FLORIDA BRANDON HOSPITAL,119 OAKFIELD DR,(813) 916-0600,Acute Care Hospitals,Proprietary,331,137
100243,HCA FLORIDA BRANDON HOSPITAL,119 OAKFIELD DR,(813) 916-0600,Acute Care Hospitals,Proprietary,326,142
100243,HCA FLORIDA BRANDON HOSPITAL,119 OAKFIELD DR,(813) 916-0600,Acute Care Hospitals,Proprietary,314,154
100243,HCA FLORIDA BRANDON HOSPITAL,119 OAKFIELD DR,(813) 916-0600,Acute Care Hospitals,Proprietary,430,38
100243,HCA FLORIDA BRANDON HOSPITAL,119 OAKFIELD DR,(813) 916-0600,Acute Care Hospitals,Proprietary,367,101
100243,HCA FLORIDA BRANDON HOSPITAL,119 OAKFIELD DR,(813) 916-0600,Acute Care Hospitals,Proprietary,298,170
100243,HCA FLORIDA BRANDON HOSPITAL,119 OAKFIELD DR,(813) 916-0600,Acute Care Hospitals,Proprietary,307,161
100243,HCA FLORIDA BRANDON HOSPITAL,119 OAKFIELD DR,(813) 916-0600,Acute Care Hospitals,Proprietary,409,59
100243,HCA FLORIDA BRANDON HOSPITAL,119 OAKFIELD DR,(813) 916-0600,Acute Care Hospitals,Proprietary,296,172
100243,HCA FLORIDA BRANDON HOSPITAL,119 OAKFIELD DR,(813) 916-0600,Acute Care Hospitals,Proprietary,330,138
100243,HCA FLORIDA BRANDON HOSPITAL,119 OAKFIELD DR,(813) 916-0600,Acute Care Hospitals,Proprietary,368,100
100243,HCA FLORIDA BRANDON HOSPITAL,119 OAKFIELD DR,(813) 916-0600,Acute Care Hospitals,Proprietary,402,66
100243,HCA FLORIDA BRANDON HOSPITAL,119 OAKFIELD DR,(813) 916-0600,Acute Care Hospitals,Proprietary,332,136
100243,HCA FLORIDA BRANDON HOSPITAL,119 OAKFIELD DR,(813) 916-0600,Acute Care Hospitals,Proprietary,321,147
100243,HCA FLORIDA BRANDON HOSPITAL,119 OAKFIELD DR,(813) 916-0600,Acute Care Hospitals,Proprietary,420,48
100243,HCA FLORIDA BRANDON HOSPITAL,119 OAKFIELD DR,(813) 916-0600,Acute Care Hospitals,Proprietary,380,88
100243,HCA FLORIDA BRANDON HOSPITAL,119 OAKFIELD DR,(813) 916-0600,Acute Care Hospitals,Proprietary,350,118
100243,HCA FLORIDA BRANDON HOSPITAL,119 OAKFIELD DR,(813) 916-0600,Acute Care Hospitals,Proprietary,409,59
100243,HCA FLORIDA BRANDON HOSPITAL,119 OAKFIELD DR,(813) 916-0600,Acute Care Hospitals,Proprietary,286,182
100243,HCA FLORIDA BRANDON HOSPITAL,119 OAKFIELD DR,(813) 916-0600,Acute Care Hospitals,Proprietary,404,64
100243,HCA FLORIDA BRANDON HOSPITAL,119 OAKFIELD DR,(813) 916-0600,Acute Care Hospitals,Proprietary,434,34
100243,HCA FLORIDA BRANDON HOSPITAL,119 OAKFIELD DR,(813) 916-0600,Acute Care Hospitals,Proprietary,407,61
100243,HCA FLORIDA BRANDON HOSPITAL,119 OAKFIELD DR,(813) 916-0600,Acute Care Hospitals,Proprietary,424,44
100243,HCA FLORIDA BRANDON HOSPITAL,119 OAKFIELD DR,(813) 916-0600,Acute Care Hospitals,Proprietary,299,169
100243,HCA FLORIDA BRANDON HOSPITAL,119 OAKFIELD DR,(813) 916-0600,Acute Care Hospitals,Proprietary,288,180
100243,HCA FLORIDA BRANDON HOSPITAL,119 OAKFIELD DR,(813) 916-0600,Acute Care Hospitals,Proprietary,357,111
100243,HCA FLORIDA BRANDON HOSPITAL,119 OAKFIELD DR,(813) 916-0600,Acute Care Hospitals,Proprietary,356,112
100243,HCA FLORIDA BRANDON HOSPITAL,119 OAKFIELD DR,(813) 916-0600,Acute Care Hospitals,Proprietary,316,152
100243,HCA FLORIDA BRANDON HOSPITAL,119 OAKFIELD DR,(813) 916-0600,Acute Care Hospitals,Proprietary,290,178
100243,HCA FLORIDA BRANDON HOSPITAL,119 OAKFIELD DR,(813) 916-0600,Acute Care Hospitals,Proprietary,328,140
100243,HCA FLORIDA BRANDON HOSPITAL,119 OAKFIELD DR,(813) 916-0600,Acute Care Hospitals,Proprietary,441,27
100243,HCA FLORIDA BRANDON HOSPITAL,119 OAKFIELD DR,(813) 916-0600,Acute Care Hospitals,Proprietary,321,147
100243,HCA FLORIDA BRANDON HOSPITAL,119 OAKFIELD DR,(813) 916-0600,Acute Care Hospitals,Proprietary,392,76
100243,HCA FLORIDA BRANDON HOSPITAL,119 OAKFIELD DR,(813) 916-0600,Acute Care Hospitals,Proprietary,361,107
100243,HCA FLORIDA BRANDON HOSPITAL,119 OAKFIELD DR,(813) 916-0600,Acute Care Hospitals,Proprietary,306,162
100243,HCA FLORIDA BRANDON HOSPITAL,119 OAKFIELD DR,(813) 916-0600,Acute Care Hospitals,Proprietary,349,119
100243,HCA FLORIDA BRANDON HOSPITAL,119 OAKFIELD DR,(813) 916-0600,Acute Care Hospitals,Proprietary,317,151
100243,HCA FLORIDA BRANDON HOSPITAL,119 OAKFIELD DR,(813) 916-0600,Acute Care Hospitals,Proprietary,347,121
100243,HCA FLORIDA BRANDON HOSPITAL,119 OAKFIELD DR,(813) 916-0600,Acute Care Hospitals,Proprietary,394,74
100243,HCA FLORIDA BRANDON HOSPITAL,119 OAKFIELD DR,(813) 916-0600,Acute Care Hospitals,Proprietary,373,95
100243,HCA FLORIDA BRANDON HOSPITAL,119 OAKFIELD DR,(813) 916-0600,Acute Care Hospitals,Proprietary,310,158
100243,HCA FLORIDA BRANDON HOSPITAL,119 OAKFIELD DR,(813) 916-0600,Acute Care Hospitals,Proprietary,361,107
100243,HCA FLORIDA BRANDON HOSPITAL,119 OAKFIELD DR,(813) 916-0600,Acute Care Hospitals,Proprietary,383,85
100243,HCA FLORIDA BRANDON HOSPITAL,119 OAKFIELD DR,(813) 916-0600,Acute Care Hospitals,Proprietary,414,54
