Facility ID,Facility Name,Address,Telephone Number,Hospital Type,Hospital Ownership,Active Beds,Inactive Beds
100319,ADVENTHEALTH WESLEY CHAPEL,2600 BRUCE B DOWNS BLVD,(813) 929-5490,Acute Care Hospitals,Voluntary non-profit - Private,113,61
100319,ADVENTHEALTH WESLEY CHAPEL,2600 BRUCE B DOWNS BLVD,(813) 929-5490,Acute Care Hospitals,Voluntary non-profit - Private,154,20
100319,ADVENTHEALTH WESLEY CHAPEL,2600 BRUCE B DOWNS BLVD,(813) 929-5490,Acute Care Hospitals,Voluntary non-profit - Private,109,65
100319,ADVENTHEALTH WESLEY CHAPEL,2600 BRUCE B DOWNS BLVD,(813) 929-5490,Acute Care Hospitals,Voluntary non-profit - Private,144,30
100319,ADVENTHEALTH WESLEY CHAPEL,2600 BRUCE B DOWNS BLVD,(813) 929-5490,Acute Care Hospitals,Voluntary non-profit - Private,162,12
100319,ADVENTHEALTH WESLEY CHAPEL,2600 BRUCE B DOWNS BLVD,(813) 929-5490,Acute Care Hospitals,Voluntary non-profit - Private,110,64
100319,ADVENTHEALTH WESLEY CHAPEL,2600 BRUCE B DOWNS BLVD,(813) 929-5490,Acute Care Hospitals,Voluntary non-profit - Private,155,19
100319,ADVENTHEALTH WESLEY CHAPEL,2600 BRUCE B DOWNS BLVD,(813) 929-5490,Acute Care Hospitals,Voluntary non-profit - Private,104,70
100319,ADVENTHEALTH WESLEY CHAPEL,2600 BRUCE B DOWNS BLVD,(813) 929-5490,Acute Care Hospitals,Voluntary non-profit - Private,162,12
100319,ADVENTHEALTH WESLEY CHAPEL,2600 BRUCE B DOWNS BLVD,(813) 929-5490,Acute Care Hospitals,Voluntary non-profit - Private,121,53
100319,ADVENTHEALTH WESLEY CHAPEL,2600 BRUCE B DOWNS BLVD,(813) 929-5490,Acute Care Hospitals,Voluntary non-profit - Private,104,70
100319,ADVENTHEALTH WESLEY CHAPEL,2600 BRUCE B DOWNS BLVD,(813) 929-5490,Acute Care Hospitals,Voluntary non-profit - Private,127,47
100319,ADVENTHEALTH WESLEY CHAPEL,2600 BRUCE B DOWNS BLVD,(813) 929-5490,Acute Care Hospitals,Voluntary non-profit - Private,135,39
100319,ADVENTHEALTH WESLEY CHAPEL,2600 BRUCE B DOWNS BLVD,(813) 929-5490,Acute Care Hospitals,Voluntary non-profit - Private,132,42
100319,ADVENTHEALTH WESLEY CHAPEL,2600 BRUCE B DOWNS BLVD,(813) 929-5490,Acute Care Hospitals,Voluntary non-profit - Private,137,37
100319,ADVENTHEALTH WESLEY CHAPEL,2600 BRUCE B DOWNS BLVD,(813) 929-5490,Acute Care Hospitals,Voluntary non-profit - Private,124,50
100319,ADVENTHEALTH WESLEY CHAPEL,2600 BRUCE B DOWNS BLVD,(813) 929-5490,Acute Care Hospitals,Voluntary non-profit - Private,126,48
100319,ADVENTHEALTH WESLEY CHAPEL,2600 BRUCE B DOWNS BLVD,(813) 929-5490,Acute Care Hospitals,Voluntary non-profit - Private,127,47
100319,ADVENTHEALTH WESLEY CHAPEL,2600 BRUCE B DOWNS BLVD,(813) 929-5490,Acute Care Hospitals,Voluntary non-profit - Private,104,70
100319,ADVENTHEALTH WESLEY CHAPEL,2600 BRUCE B DOWNS BLVD,(813) 929-5490,Acute Care Hospitals,Voluntary non-profit - Private,159,15
100319,ADVENTHEALTH WESLEY CHAPEL,2600 BRUCE B DOWNS BLVD,(813) 929-5490,Acute Care Hospitals,Voluntary non-profit - Private,153,21
100319,ADVENTHEALTH WESLEY CHAPEL,2600 BRUCE B DOWNS BLVD,(813) 929-5490,Acute Care Hospitals,Voluntary non-profit - Private,141,33
100319,ADVENTHEALTH WESLEY CHAPEL,2600 BRUCE B DOWNS BLVD,(813) 929-5490,Acute Care Hospitals,Voluntary non-profit - Private,143,31
100319,ADVENTHEALTH WESLEY CHAPEL,2600 BRUCE B DOWNS BLVD,(813) 929-5490,Acute Care Hospitals,Voluntary non-profit - Private,152,22
100319,ADVENTHEALTH WESLEY CHAPEL,2600 BRUCE B DOWNS BLVD,(813) 929-5490,Acute Care Hospitals,Voluntary non-profit - Private,113,61
100319,ADVENTHEALTH WESLEY CHAPEL,2600 BRUCE B DOWNS BLVD,(813) 929-5490,Acute Care Hospitals,Voluntary non-profit - Private,157,17
100319,ADVENTHEALTH WESLEY CHAPEL,2600 BRUCE B DOWNS BLVD,(813) 929-5490,Acute Care Hospitals,Voluntary non-profit - Private,120,54
100319,ADVENTHEALTH WESLEY CHAPEL,2600 BRUCE B DOWNS BLVD,(813) 929-5490,Acute Care Hospitals,Voluntary non-profit - Private,158,16
100319,ADVENTHEALTH WESLEY CHAPEL,2600 BRUCE B DOWNS BLVD,(813) 929-5490,Acute Care Hospitals,Voluntary non-profit - Private,113,61
100319,ADVENTHEALTH WESLEY CHAPEL,2600 BRUCE B DOWNS BLVD,(813) 929-5490,Acute Care Hospitals,Voluntary non-profit - Private,123,51
100319,ADVENTHEALTH WESLEY CHAPEL,2600 BRUCE B DOWNS BLVD,(813) 929-5490,Acute Care Hospitals,Voluntary non-profit - Private,157,17
100319,ADVENTHEALTH WESLEY CHAPEL,2600 BRUCE B DOWNS BLVD,(813) 929-5490,Acute Care Hospitals,Voluntary non-profit - Private,109,65
100319,ADVENTHEALTH WESLEY CHAPEL,2600 BRUCE B DOWNS BLVD,(813) 929-5490,Acute Care Hospitals,Voluntary non-profit - Private,157,17
100319,ADVENTHEALTH WESLEY CHAPEL,2600 BRUCE B DOWNS BLVD,(813) 929-5490,Acute Care Hospitals,Voluntary non-profit - Private,134,40
100319,ADVENTHEALTH WESLEY CHAPEL,2600 BRUCE B DOWNS BLVD,(813) 929-5490,Acute Care Hospitals,Voluntary non-profit - Private,161,13
100319,ADVENTHEALTH WESLEY CHAPEL,2600 BRUCE B DOWNS BLVD,(813) 929-5490,Acute Care Hospitals,Voluntary non-profit - Private,116,58
100319,ADVENTHEALTH WESLEY CHAPEL,2600 BRUCE B DOWNS BLVD,(813) 929-5490,Acute Care Hospitals,Voluntary non-profit - Private,160,14
100319,ADVENTHEALTH WESLEY CHAPEL,2600 BRUCE B DOWNS BLVD,(813) 929-5490,Acute Care Hospitals,Voluntary non-profit - Private,164,10
100319,ADVENTHEALTH WESLEY CHAPEL,2600 BRUCE B DOWNS BLVD,(813) 929-5490,Acute Care Hospitals,Voluntary non-profit - Private,109,65
100319,ADVENTHEALTH WESLEY CHAPEL,2600 BRUCE B DOWNS BLVD,(813) 929-5490,Acute Care Hospitals,Voluntary non-profit - Private,149,25
100319,ADVENTHEALTH WESLEY CHAPEL,2600 BRUCE B DOWNS BLVD,(813) 929-5490,Acute Care Hospitals,Voluntary non-profit - Private,106,68
100319,ADVENTHEALTH WESLEY CHAPEL,2600 BRUCE B DOWNS BLVD,(813) 929-5490,Acute Care Hospitals,Voluntary non-profit - Private,137,37
100319,ADVENTHEALTH WESLEY CHAPEL,2600 BRUCE B DOWNS BLVD,(813) 929-5490,Acute Care Hospitals,Voluntary non-profit - Private,139,35
100319,ADVENTHEALTH WESLEY CHAPEL,2600 BRUCE B DOWNS BLVD,(813) 929-5490,Acute Care Hospitals,Voluntary non-profit - Private,112,62
100319,ADVENTHEALTH WESLEY CHAPEL,2600 BRUCE B DOWNS BLVD,(813) 929-5490,Acute Care Hospitals,Voluntary non-profit - Private,147,27
100319,ADVENTHEALTH WESLEY CHAPEL,2600 BRUCE B DOWNS BLVD,(813) 929-5490,Acute Care Hospitals,Voluntary non-profit - Private,152,22
100319,ADVENTHEALTH WESLEY CHAPEL,2600 BRUCE B DOWNS BLVD,(813) 929-5490,Acute Care Hospitals,Voluntary non-profit - Private,111,63
100319,ADVENTHEALTH WESLEY CHAPEL,2600 BRUCE B DOWNS BLVD,(813) 929-5490,Acute Care Hospitals,Voluntary non-profit - Private,125,49
100319,ADVENTHEALTH WESLEY CHAPEL,2600 BRUCE B DOWNS BLVD,(813) 929-5490,Acute Care Hospitals,Voluntary non-profit - Private,135,39
100319,ADVENTHEALTH WESLEY CHAPEL,2600 BRUCE B DOWNS BLVD,(813) 929-5490,Acute Care Hospitals,Voluntary non-profit - Private,149,25
100319,ADVENTHEALTH WESLEY CHAPEL,2600 BRUCE B DOWNS BLVD,(813) 929-5490,Acute Care Hospitals,Voluntary non-profit - Private,105,69
100319,ADVENTHEALTH WESLEY CHAPEL,2600 BRUCE B DOWNS BLVD,(813) 929-5490,Acute Care Hospitals,Voluntary non-profit - Private,163,11
100319,ADVENTHEALTH WESLEY CHAPEL,2600 BRUCE B DOWNS BLVD,(813) 929-5490,Acute Care Hospitals,Voluntary non-profit - Private,108,66
100319,ADVENTHEALTH WESLEY CHAPEL,2600 BRUCE B DOWNS BLVD,(813) 929-5490,Acute Care Hospitals,Voluntary non-profit - Private,117,57
100319,ADVENTHEALTH WESLEY CHAPEL,2600 BRUCE B DOWNS BLVD,(813) 929-5490,Acute Care Hospitals,Voluntary non-profit - Private,141,33
100319,ADVENTHEALTH WESLEY CHAPEL,2600 BRUCE B DOWNS BLVD,(813) 929-5490,Acute Care Hospitals,Voluntary non-profit - Private,151,23
100319,ADVENTHEALTH WESLEY CHAPEL,2600 BRUCE B DOWNS BLVD,(813) 929-5490,Acute Care Hospitals,Voluntary non-profit - Private,165,9
100319,ADVENTHEALTH WESLEY CHAPEL,2600 BRUCE B DOWNS BLVD,(813) 929-5490,Acute Care Hospitals,Voluntary non-profit - Private,160,14
100319,ADVENTHEALTH WESLEY CHAPEL,2600 BRUCE B DOWNS BLVD,(813) 929-5490,Acute Care Hospitals,Voluntary non-profit - Private,121,53
100319,ADVENTHEALTH WESLEY CHAPEL,2600 BRUCE B DOWNS BLVD,(813) 929-5490,Acute Care Hospitals,Voluntary non-profit - Private,125,49
100319,ADVENTHEALTH WESLEY CHAPEL,2600 BRUCE B DOWNS BLVD,(813) 929-5490,Acute Care Hospitals,Voluntary non-profit - Private,111,63
100319,ADVENTHEALTH WESLEY CHAPEL,2600 BRUCE B DOWNS BLVD,(813) 929-5490,Acute Care Hospitals,Voluntary non-profit - Private,108,66
100319,ADVENTHEALTH WESLEY CHAPEL,2600 BRUCE B DOWNS BLVD,(813) 929-5490,Acute Care Hospitals,Voluntary non-profit - Private,122,52
100319,ADVENTHEALTH WESLEY CHAPEL,2600 BRUCE B DOWNS BLVD,(813) 929-5490,Acute Care Hospitals,Voluntary non-profit - Private,153,21
100319,ADVENTHEALTH WESLEY CHAPEL,2600 BRUCE B DOWNS BLVD,(813) 929-5490,Acute Care Hospitals,Voluntary non-profit - Private,122,52
100319,ADVENTHEALTH WESLEY CHAPEL,2600 BRUCE B DOWNS BLVD,(813) 929-5490,Acute Care Hospitals,Voluntary non-profit - Private,147,27
100319,ADVENTHEALTH WESLEY CHAPEL,2600 BRUCE B DOWNS BLVD,(813) 929-5490,Acute Care Hospitals,Voluntary non-profit - Private,154,20
100319,ADVENTHEALTH WESLEY CHAPEL,2600 BRUCE B DOWNS BLVD,(813) 929-5490,Acute Care Hospitals,Voluntary non-profit - Private,104,70
100319,ADVENTHEALTH WESLEY CHAPEL,2600 BRUCE B DOWNS BLVD,(813) 929-5490,Acute Care Hospitals,Voluntary non-profit - Private,139,35
100319,ADVENTHEALTH WESLEY CHAPEL,2600 BRUCE B DOWNS BLVD,(813) 929-5490,Acute Care Hospitals,Voluntary non-profit - Private,125,49
100319,ADVENTHEALTH WESLEY CHAPEL,2600 BRUCE B DOWNS BLVD,(813) 929-5490,Acute Care Hospitals,Voluntary non-profit - Private,135,39
100319,ADVENTHEALTH WESLEY CHAPEL,2600 BRUCE B DOWNS BLVD,(813) 929-5490,Acute Care Hospitals,Voluntary non-profit - Private,123,51
100319,ADVENTHEALTH WESLEY CHAPEL,2600 BRUCE B DOWNS BLVD,(813) 929-5490,Acute Care Hospitals,Voluntary non-profit - Private,135,39
100319,ADVENTHEALTH WESLEY CHAPEL,2600 BRUCE B DOWNS BLVD,(813) 929-5490,Acute Care Hospitals,Voluntary non-profit - Private,160,14
100319,ADVENTHEALTH WESLEY CHAPEL,2600 BRUCE B DOWNS BLVD,(813) 929-5490,Acute Care Hospitals,Voluntary non-profit - Private,128,46
100319,ADVENTHEALTH WESLEY CHAPEL,2600 BRUCE B DOWNS BLVD,(813) 929-5490,Acute Care Hospitals,Voluntary non-profit - Private,122,52
100319,ADVENTHEALTH WESLEY CHAPEL,2600 BRUCE B DOWNS BLVD,(813) 929-5490,Acute Care Hospitals,Voluntary non-profit - Private,162,12
100319,ADVENTHEALTH WESLEY CHAPEL,2600 BRUCE B DOWNS BLVD,(813) 929-5490,Acute Care Hospitals,Voluntary non-profit - Private,105,69
100319,ADVENTHEALTH WESLEY CHAPEL,2600 BRUCE B DOWNS BLVD,(813) 929-5490,Acute Care Hospitals,Voluntary non-profit - Private,159,15
100319,ADVENTHEALTH WESLEY CHAPEL,2600 BRUCE B DOWNS BLVD,(813) 929-5490,Acute Care Hospitals,Voluntary non-profit - Private,129,45
100319,ADVENTHEALTH WESLEY CHAPEL,2600 BRUCE B DOWNS BLVD,(813) 929-5490,Acute Care Hospitals,Voluntary non-profit - Private,113,61
100319,ADVENTHEALTH WESLEY CHAPEL,2600 BRUCE B DOWNS BLVD,(813) 929-5490,Acute Care Hospitals,Voluntary non-profit - Private,142,32
100319,ADVENTHEALTH WESLEY CHAPEL,2600 BRUCE B DOWNS BLVD,(813) 929-5490,Acute Care Hospitals,Voluntary non-profit - Private,124,50
100319,ADVENTHEALTH WESLEY CHAPEL,2600 BRUCE B DOWNS BLVD,(813) 929-5490,Acute Care Hospitals,Voluntary non-profit - Private,157,17
100319,ADVENTHEALTH WESLEY CHAPEL,2600 BRUCE B DOWNS BLVD,(813) 929-5490,Acute Care Hospitals,Voluntary non-profit - Private,151,23
100319,ADVENTHEALTH WESLEY CHAPEL,2600 BRUCE B DOWNS BLVD,(813) 929-5490,Acute Care Hospitals,Voluntary non-profit - Private,158,16
100319,ADVENTHEALTH WESLEY CHAPEL,2600 BRUCE B DOWNS BLVD,(813) 929-5490,Acute Care Hospitals,Voluntary non-profit - Private,136,38
100319,ADVENTHEALTH WESLEY CHAPEL,2600 BRUCE B DOWNS BLVD,(813) 929-5490,Acute Care Hospitals,Voluntary non-profit - Private,112,62
100319,ADVENTHEALTH WESLEY CHAPEL,2600 BRUCE B DOWNS BLVD,(813) 929-5490,Acute Care Hospitals,Voluntary non-profit - Private,162,12
100319,ADVENTHEALTH WESLEY CHAPEL,2600 BRUCE B DOWNS BLVD,(813) 929-5490,Acute Care Hospitals,Voluntary non-profit - Private,118,56
100319,ADVENTHEALTH WESLEY CHAPEL,2600 BRUCE B DOWNS BLVD,(813) 929-5490,Acute Care Hospitals,Voluntary non-profit - Private,110,64
100319,ADVENTHEALTH WESLEY CHAPEL,2600 BRUCE B DOWNS BLVD,(813) 929-5490,Acute Care Hospitals,Voluntary non-profit - Private,160,14
100319,ADVENTHEALTH WESLEY CHAPEL,2600 BRUCE B DOWNS BLVD,(813) 929-5490,Acute Care Hospitals,Voluntary non-profit - Private,125,49
100319,ADVENTHEALTH WESLEY CHAPEL,2600 BRUCE B DOWNS BLVD,(813) 929-5490,Acute Care Hospitals,Voluntary non-profit - Private,114,60
100319,ADVENTHEALTH WESLEY CHAPEL,2600 BRUCE B DOWNS BLVD,(813) 929-5490,Acute Care Hospitals,Voluntary non-profit - Private,110,64
100319,ADVENTHEALTH WESLEY CHAPEL,2600 BRUCE B DOWNS BLVD,(813) 929-5490,Acute Care Hospitals,Voluntary non-profit - Private,143,31
100319,ADVENTHEALTH WESLEY CHAPEL,2600 BRUCE B DOWNS BLVD,(813) 929-5490,Acute Care Hospitals,Voluntary non-profit - Private,140,34
100319,ADVENTHEALTH WESLEY CHAPEL,2600 BRUCE B DOWNS BLVD,(813) 929-5490,Acute Care Hospitals,Voluntary non-profit - Private,119,55
100319,ADVENTHEALTH WESLEY CHAPEL,2600 BRUCE B DOWNS BLVD,(813) 929-5490,Acute Care Hospitals,Voluntary non-profit - Private,131,43
100319,ADVENTHEALTH WESLEY CHAPEL,2600 BRUCE B DOWNS BLVD,(813) 929-5490,Acute Care Hospitals,Voluntary non-profit - Private,136,38
100319,ADVENTHEALTH WESLEY CHAPEL,2600 BRUCE B DOWNS BLVD,(813) 929-5490,Acute Care Hospitals,Voluntary non-profit - Private,123,51
100319,ADVENTHEALTH WESLEY CHAPEL,2600 BRUCE B DOWNS BLVD,(813) 929-5490,Acute Care Hospitals,Voluntary non-profit - Private,165,9
100319,ADVENTHEALTH WESLEY CHAPEL,2600 BRUCE B DOWNS BLVD,(813) 929-5490,Acute Care Hospitals,Voluntary non-profit - Private,104,70
100319,ADVENTHEALTH WESLEY CHAPEL,2600 BRUCE B DOWNS BLVD,(813) 929-5490,Acute Care Hospitals,Voluntary non-profit - Private,115,59
100319,ADVENTHEALTH WESLEY CHAPEL,2600 BRUCE B DOWNS BLVD,(813) 929-5490,Acute Care Hospitals,Voluntary non-profit - Private,150,24
100319,ADVENTHEALTH WESLEY CHAPEL,2600 BRUCE B DOWNS BLVD,(813) 929-5490,Acute Care Hospitals,Voluntary non-profit - Private,108,66
100319,ADVENTHEALTH WESLEY CHAPEL,2600 BRUCE B DOWNS BLVD,(813) 929-5490,Acute Care Hospitals,Voluntary non-profit - Private,151,23
100319,ADVENTHEALTH WESLEY CHAPEL,2600 BRUCE B DOWNS BLVD,(813) 929-5490,Acute Care Hospitals,Voluntary non-profit - Private,132,42
100319,ADVENTHEALTH WESLEY CHAPEL,2600 BRUCE B DOWNS BLVD,(813) 929-5490,Acute Care Hospitals,Voluntary non-profit - Private,120,54
100319,ADVENTHEALTH WESLEY CHAPEL,2600 BRUCE B DOWNS BLVD,(813) 929-5490,Acute Care Hospitals,Voluntary non-profit - Private,154,20
100319,ADVENTHEALTH WESLEY CHAPEL,2600 BRUCE B DOWNS BLVD,(813) 929-5490,Acute Care Hospitals,Voluntary non-profit - Private,116,58
100319,ADVENTHEALTH WESLEY CHAPEL,2600 BRUCE B DOWNS BLVD,(813) 929-5490,Acute Care Hospitals,Voluntary non-profit - Private,136,38
100319,ADVENTHEALTH WESLEY CHAPEL,2600 BRUCE B DOWNS BLVD,(813) 929-5490,Acute Care Hospitals,Voluntary non-profit - Private,119,55
100319,ADVENTHEALTH WESLEY CHAPEL,2600 BRUCE B DOWNS BLVD,(813) 929-5490,Acute Care Hospitals,Voluntary non-profit - Private,160,14
100319,ADVENTHEALTH WESLEY CHAPEL,2600 BRUCE B DOWNS BLVD,(813) 929-5490,Acute Care Hospitals,Voluntary non-profit - Private,163,11
100319,ADVENTHEALTH WESLEY CHAPEL,2600 BRUCE B DOWNS BLVD,(813) 929-5490,Acute Care Hospitals,Voluntary non-profit - Private,156,18
100319,ADVENTHEALTH WESLEY CHAPEL,2600 BRUCE B DOWNS BLVD,(813) 929-5490,Acute Care Hospitals,Voluntary non-profit - Private,165,9
100319,ADVENTHEALTH WESLEY CHAPEL,2600 BRUCE B DOWNS BLVD,(813) 929-5490,Acute Care Hospitals,Voluntary non-profit - Private,143,31
100319,ADVENTHEALTH WESLEY CHAPEL,2600 BRUCE B DOWNS BLVD,(813) 929-5490,Acute Care Hospitals,Voluntary non-profit - Private,152,22
100319,ADVENTHEALTH WESLEY CHAPEL,2600 BRUCE B DOWNS BLVD,(813) 929-5490,Acute Care Hospitals,Voluntary non-profit - Private,155,19
100319,ADVENTHEALTH WESLEY CHAPEL,2600 BRUCE B DOWNS BLVD,(813) 929-5490,Acute Care Hospitals,Voluntary non-profit - Private,118,56
100319,ADVENTHEALTH WESLEY CHAPEL,2600 BRUCE B DOWNS BLVD,(813) 929-5490,Acute Care Hospitals,Voluntary non-profit - Private,147,27
100319,ADVENTHEALTH WESLEY CHAPEL,2600 BRUCE B DOWNS BLVD,(813) 929-5490,Acute Care Hospitals,Voluntary non-profit - Private,134,40
100319,ADVENTHEALTH WESLEY CHAPEL,2600 BRUCE B DOWNS BLVD,(813) 929-5490,Acute Care Hospitals,Voluntary non-profit - Private,149,25
100319,ADVENTHEALTH WESLEY CHAPEL,2600 BRUCE B DOWNS BLVD,(813) 929-5490,Acute Care Hospitals,Voluntary non-profit - Private,135,39
100319,ADVENTHEALTH WESLEY CHAPEL,2600 BRUCE B DOWNS BLVD,(813) 929-5490,Acute Care Hospitals,Voluntary non-profit - Private,157,17
100319,ADVENTHEALTH WESLEY CHAPEL,2600 BRUCE B DOWNS BLVD,(813) 929-5490,Acute Care Hospitals,Voluntary non-profit - Private,115,59
100319,ADVENTHEALTH WESLEY CHAPEL,2600 BRUCE B DOWNS BLVD,(813) 929-5490,Acute Care Hospitals,Voluntary non-profit - Private,109,65
100319,ADVENTHEALTH WESLEY CHAPEL,2600 BRUCE B DOWNS BLVD,(813) 929-5490,Acute Care Hospitals,Voluntary non-profit - Private,155,19
100319,ADVENTHEALTH WESLEY CHAPEL,2600 BRUCE B DOWNS BLVD,(813) 929-5490,Acute Care Hospitals,Voluntary non-profit - Private,154,20
100319,ADVENTHEALTH WESLEY CHAPEL,2600 BRUCE B DOWNS BLVD,(813) 929-5490,Acute Care Hospitals,Voluntary non-profit - Private,129,45
100319,ADVENTHEALTH WESLEY CHAPEL,2600 BRUCE B DOWNS BLVD,(813) 929-5490,Acute Care Hospitals,Voluntary non-profit - Private,123,51
100319,ADVENTHEALTH WESLEY CHAPEL,2600 BRUCE B DOWNS BLVD,(813) 929-5490,Acute Care Hospitals,Voluntary non-profit - Private,160,14
100319,ADVENTHEALTH WESLEY CHAPEL,2600 BRUCE B DOWNS BLVD,(813) 929-5490,Acute Care Hospitals,Voluntary non-profit - Private,165,9
100319,ADVENTHEALTH WESLEY CHAPEL,2600 BRUCE B DOWNS BLVD,(813) 929-5490,Acute Care Hospitals,Voluntary non-profit - Private,127,47
100319,ADVENTHEALTH WESLEY CHAPEL,2600 BRUCE B DOWNS BLVD,(813) 929-5490,Acute Care Hospitals,Voluntary non-profit - Private,123,51
100319,ADVENTHEALTH WESLEY CHAPEL,2600 BRUCE B DOWNS BLVD,(813) 929-5490,Acute Care Hospitals,Voluntary non-profit - Private,155,19
100319,ADVENTHEALTH WESLEY CHAPEL,2600 BRUCE B DOWNS BLVD,(813) 929-5490,Acute Care Hospitals,Voluntary non-profit - Private,126,48
100319,ADVENTHEALTH WESLEY CHAPEL,2600 BRUCE B DOWNS BLVD,(813) 929-5490,Acute Care Hospitals,Voluntary non-profit - Private,114,60
100319,ADVENTHEALTH WESLEY CHAPEL,2600 BRUCE B DOWNS BLVD,(813) 929-5490,Acute Care Hospitals,Voluntary non-profit - Private,109,65
100319,ADVENTHEALTH WESLEY CHAPEL,2600 BRUCE B DOWNS BLVD,(813) 929-5490,Acute Care Hospitals,Voluntary non-profit - Private,107,67
100319,ADVENTHEALTH WESLEY CHAPEL,2600 BRUCE B DOWNS BLVD,(813) 929-5490,Acute Care Hospitals,Voluntary non-profit - Private,150,24
100319,ADVENTHEALTH WESLEY CHAPEL,2600 BRUCE B DOWNS BLVD,(813) 929-5490,Acute Care Hospitals,Voluntary non-profit - Private,127,47
100319,ADVENTHEALTH WESLEY CHAPEL,2600 BRUCE B DOWNS BLVD,(813) 929-5490,Acute Care Hospitals,Voluntary non-profit - Private,152,22
100319,ADVENTHEALTH WESLEY CHAPEL,2600 BRUCE B DOWNS BLVD,(813) 929-5490,Acute Care Hospitals,Voluntary non-profit - Private,152,22
100319,ADVENTHEALTH WESLEY CHAPEL,2600 BRUCE B DOWNS BLVD,(813) 929-5490,Acute Care Hospitals,Voluntary non-profit - Private,160,14
100319,ADVENTHEALTH WESLEY CHAPEL,2600 BRUCE B DOWNS BLVD,(813) 929-5490,Acute Care Hospitals,Voluntary non-profit - Private,135,39
100319,ADVENTHEALTH WESLEY CHAPEL,2600 BRUCE B DOWNS BLVD,(813) 929-5490,Acute Care Hospitals,Voluntary non-profit - Private,106,68
100319,ADVENTHEALTH WESLEY CHAPEL,2600 BRUCE B DOWNS BLVD,(813) 929-5490,Acute Care Hospitals,Voluntary non-profit - Private,139,35
100319,ADVENTHEALTH WESLEY CHAPEL,2600 BRUCE B DOWNS BLVD,(813) 929-5490,Acute Care Hospitals,Voluntary non-profit - Private,137,37
100319,ADVENTHEALTH WESLEY CHAPEL,2600 BRUCE B DOWNS BLVD,(813) 929-5490,Acute Care Hospitals,Voluntary non-profit - Private,143,31
100319,ADVENTHEALTH WESLEY CHAPEL,2600 BRUCE B DOWNS BLVD,(813) 929-5490,Acute Care Hospitals,Voluntary non-profit - Private,148,26
100319,ADVENTHEALTH WESLEY CHAPEL,2600 BRUCE B DOWNS BLVD,(813) 929-5490,Acute Care Hospitals,Voluntary non-profit - Private,126,48
100319,ADVENTHEALTH WESLEY CHAPEL,2600 BRUCE B DOWNS BLVD,(813) 929-5490,Acute Care Hospitals,Voluntary non-profit - Private,141,33
100319,ADVENTHEALTH WESLEY CHAPEL,2600 BRUCE B DOWNS BLVD,(813) 929-5490,Acute Care Hospitals,Voluntary non-profit - Private,121,53
100319,ADVENTHEALTH WESLEY CHAPEL,2600 BRUCE B DOWNS BLVD,(813) 929-5490,Acute Care Hospitals,Voluntary non-profit - Private,126,48
100319,ADVENTHEALTH WESLEY CHAPEL,2600 BRUCE B DOWNS BLVD,(813) 929-5490,Acute Care Hospitals,Voluntary non-profit - Private,144,30
100319,ADVENTHEALTH WESLEY CHAPEL,2600 BRUCE B DOWNS BLVD,(813) 929-5490,Acute Care Hospitals,Voluntary non-profit - Private,113,61
100319,ADVENTHEALTH WESLEY CHAPEL,2600 BRUCE B DOWNS BLVD,(813) 929-5490,Acute Care Hospitals,Voluntary non-profit - Private,109,65
100319,ADVENTHEALTH WESLEY CHAPEL,2600 BRUCE B DOWNS BLVD,(813) 929-5490,Acute Care Hospitals,Voluntary non-profit - Private,125,49
100319,ADVENTHEALTH WESLEY CHAPEL,2600 BRUCE B DOWNS BLVD,(813) 929-5490,Acute Care Hospitals,Voluntary non-profit - Private,125,49
100319,ADVENTHEALTH WESLEY CHAPEL,2600 BRUCE B DOWNS BLVD,(813) 929-5490,Acute Care Hospitals,Voluntary non-profit - Private,155,19
100319,ADVENTHEALTH WESLEY CHAPEL,2600 BRUCE B DOWNS BLVD,(813) 929-5490,Acute Care Hospitals,Voluntary non-profit - Private,116,58
100319,ADVENTHEALTH WESLEY CHAPEL,2600 BRUCE B DOWNS BLVD,(813) 929-5490,Acute Care Hospitals,Voluntary non-profit - Private,119,55
100319,ADVENTHEALTH WESLEY CHAPEL,2600 BRUCE B DOWNS BLVD,(813) 929-5490,Acute Care Hospitals,Voluntary non-profit - Private,143,31
100319,ADVENTHEALTH WESLEY CHAPEL,2600 BRUCE B DOWNS BLVD,(813) 929-5490,Acute Care Hospitals,Voluntary non-profit - Private,110,64
100319,ADVENTHEALTH WESLEY CHAPEL,2600 BRUCE B DOWNS BLVD,(813) 929-5490,Acute Care Hospitals,Voluntary non-profit - Private,123,51
100319,ADVENTHEALTH WESLEY CHAPEL,2600 BRUCE B DOWNS BLVD,(813) 929-5490,Acute Care Hospitals,Voluntary non-profit - Private,145,29
100319,ADVENTHEALTH WESLEY CHAPEL,2600 BRUCE B DOWNS BLVD,(813) 929-5490,Acute Care Hospitals,Voluntary non-profit - Private,137,37
100319,ADVENTHEALTH WESLEY CHAPEL,2600 BRUCE B DOWNS BLVD,(813) 929-5490,Acute Care Hospitals,Voluntary non-profit - Private,153,21
100319,ADVENTHEALTH WESLEY CHAPEL,2600 BRUCE B DOWNS BLVD,(813) 929-5490,Acute Care Hospitals,Voluntary non-profit - Private,125,49
100319,ADVENTHEALTH WESLEY CHAPEL,2600 BRUCE B DOWNS BLVD,(813) 929-5490,Acute Care Hospitals,Voluntary non-profit - Private,119,55
100319,ADVENTHEALTH WESLEY CHAPEL,2600 BRUCE B DOWNS BLVD,(813) 929-5490,Acute Care Hospitals,Voluntary non-profit - Private,140,34
100319,ADVENTHEALTH WESLEY CHAPEL,2600 BRUCE B DOWNS BLVD,(813) 929-5490,Acute Care Hospitals,Voluntary non-profit - Private,119,55
100319,ADVENTHEALTH WESLEY CHAPEL,2600 BRUCE B DOWNS BLVD,(813) 929-5490,Acute Care Hospitals,Voluntary non-profit - Private,147,27
100319,ADVENTHEALTH WESLEY CHAPEL,2600 BRUCE B DOWNS BLVD,(813) 929-5490,Acute Care Hospitals,Voluntary non-profit - Private,130,44
100319,ADVENTHEALTH WESLEY CHAPEL,2600 BRUCE B DOWNS BLVD,(813) 929-5490,Acute Care Hospitals,Voluntary non-profit - Private,147,27
100319,ADVENTHEALTH WESLEY CHAPEL,2600 BRUCE B DOWNS BLVD,(813) 929-5490,Acute Care Hospitals,Voluntary non-profit - Private,127,47
100319,ADVENTHEALTH WESLEY CHAPEL,2600 BRUCE B DOWNS BLVD,(813) 929-5490,Acute Care Hospitals,Voluntary non-profit - Private,153,21
100319,ADVENTHEALTH WESLEY CHAPEL,2600 BRUCE B DOWNS BLVD,(813) 929-5490,Acute Care Hospitals,Voluntary non-profit - Private,113,61
100319,ADVENTHEALTH WESLEY CHAPEL,2600 BRUCE B DOWNS BLVD,(813) 929-5490,Acute Care Hospitals,Voluntary non-profit - Private,116,58
100319,ADVENTHEALTH WESLEY CHAPEL,2600 BRUCE B DOWNS BLVD,(813) 929-5490,Acute Care Hospitals,Voluntary non-profit - Private,145,29
100319,ADVENTHEALTH WESLEY CHAPEL,2600 BRUCE B DOWNS BLVD,(813) 929-5490,Acute Care Hospitals,Voluntary non-profit - Private,164,10
100319,ADVENTHEALTH WESLEY CHAPEL,2600 BRUCE B DOWNS BLVD,(813) 929-5490,Acute Care Hospitals,Voluntary non-profit - Private,134,40
100319,ADVENTHEALTH WESLEY CHAPEL,2600 BRUCE B DOWNS BLVD,(813) 929-5490,Acute Care Hospitals,Voluntary non-profit - Private,125,49
100319,ADVENTHEALTH WESLEY CHAPEL,2600 BRUCE B DOWNS BLVD,(813) 929-5490,Acute Care Hospitals,Voluntary non-profit - Private,156,18
100319,ADVENTHEALTH WESLEY CHAPEL,2600 BRUCE B DOWNS BLVD,(813) 929-5490,Acute Care Hospitals,Voluntary non-profit - Private,148,26
100319,ADVENTHEALTH WESLEY CHAPEL,2600 BRUCE B DOWNS BLVD,(813) 929-5490,Acute Care Hospitals,Voluntary non-profit - Private,104,70
100319,ADVENTHEALTH WESLEY CHAPEL,2600 BRUCE B DOWNS BLVD,(813) 929-5490,Acute Care Hospitals,Voluntary non-profit - Private,125,49
100319,ADVENTHEALTH WESLEY CHAPEL,2600 BRUCE B DOWNS BLVD,(813) 929-5490,Acute Care Hospitals,Voluntary non-profit - Private,110,64
100319,ADVENTHEALTH WESLEY CHAPEL,2600 BRUCE B DOWNS BLVD,(813) 929-5490,Acute Care Hospitals,Voluntary non-profit - Private,104,70
100319,ADVENTHEALTH WESLEY CHAPEL,2600 BRUCE B DOWNS BLVD,(813) 929-5490,Acute Care Hospitals,Voluntary non-profit - Private,139,35
100319,ADVENTHEALTH WESLEY CHAPEL,2600 BRUCE B DOWNS BLVD,(813) 929-5490,Acute Care Hospitals,Voluntary non-profit - Private,143,31
100319,ADVENTHEALTH WESLEY CHAPEL,2600 BRUCE B DOWNS BLVD,(813) 929-5490,Acute Care Hospitals,Voluntary non-profit - Private,145,29
100319,ADVENTHEALTH WESLEY CHAPEL,2600 BRUCE B DOWNS BLVD,(813) 929-5490,Acute Care Hospitals,Voluntary non-profit - Private,107,67
100319,ADVENTHEALTH WESLEY CHAPEL,2600 BRUCE B DOWNS BLVD,(813) 929-5490,Acute Care Hospitals,Voluntary non-profit - Private,155,19
100319,ADVENTHEALTH WESLEY CHAPEL,2600 BRUCE B DOWNS BLVD,(813) 929-5490,Acute Care Hospitals,Voluntary non-profit - Private,118,56
100319,ADVENTHEALTH WESLEY CHAPEL,2600 BRUCE B DOWNS BLVD,(813) 929-5490,Acute Care Hospitals,Voluntary non-profit - Private,133,41
100319,ADVENTHEALTH WESLEY CHAPEL,2600 BRUCE B DOWNS BLVD,(813) 929-5490,Acute Care Hospitals,Voluntary non-profit - Private,124,50
100319,ADVENTHEALTH WESLEY CHAPEL,2600 BRUCE B DOWNS BLVD,(813) 929-5490,Acute Care Hospitals,Voluntary non-profit - Private,152,22
100319,ADVENTHEALTH WESLEY CHAPEL,2600 BRUCE B DOWNS BLVD,(813) 929-5490,Acute Care Hospitals,Voluntary non-profit - Private,109,65
100319,ADVENTHEALTH WESLEY CHAPEL,2600 BRUCE B DOWNS BLVD,(813) 929-5490,Acute Care Hospitals,Voluntary non-profit - Private,127,47
100319,ADVENTHEALTH WESLEY CHAPEL,2600 BRUCE B DOWNS BLVD,(813) 929-5490,Acute Care Hospitals,Voluntary non-profit - Private,162,12
100319,ADVENTHEALTH WESLEY CHAPEL,2600 BRUCE B DOWNS BLVD,(813) 929-5490,Acute Care Hospitals,Voluntary non-profit - Private,129,45
100319,ADVENTHEALTH WESLEY CHAPEL,2600 BRUCE B DOWNS BLVD,(813) 929-5490,Acute Care Hospitals,Voluntary non-profit - Private,114,60
100319,ADVENTHEALTH WESLEY CHAPEL,2600 BRUCE B DOWNS BLVD,(813) 929-5490,Acute Care Hospitals,Voluntary non-profit - Private,106,68
100319,ADVENTHEALTH WESLEY CHAPEL,2600 BRUCE B DOWNS BLVD,(813) 929-5490,Acute Care Hospitals,Voluntary non-profit - Private,162,12
100319,ADVENTHEALTH WESLEY CHAPEL,2600 BRUCE B DOWNS BLVD,(813) 929-5490,Acute Care Hospitals,Voluntary non-profit - Private,144,30
100319,ADVENTHEALTH WESLEY CHAPEL,2600 BRUCE B DOWNS BLVD,(813) 929-5490,Acute Care Hospitals,Voluntary non-profit - Private,119,55
100319,ADVENTHEALTH WESLEY CHAPEL,2600 BRUCE B DOWNS BLVD,(813) 929-5490,Acute Care Hospitals,Voluntary non-profit - Private,134,40
100319,ADVENTHEALTH WESLEY CHAPEL,2600 BRUCE B DOWNS BLVD,(813) 929-5490,Acute Care Hospitals,Voluntary non-profit - Private,135,39
100319,ADVENTHEALTH WESLEY CHAPEL,2600 BRUCE B DOWNS BLVD,(813) 929-5490,Acute Care Hospitals,Voluntary non-profit - Private,141,33
100319,ADVENTHEALTH WESLEY CHAPEL,2600 BRUCE B DOWNS BLVD,(813) 929-5490,Acute Care Hospitals,Voluntary non-profit - Private,133,41
100319,ADVENTHEALTH WESLEY CHAPEL,2600 BRUCE B DOWNS BLVD,(813) 929-5490,Acute Care Hospitals,Voluntary non-profit - Private,148,26
100319,ADVENTHEALTH WESLEY CHAPEL,2600 BRUCE B DOWNS BLVD,(813) 929-5490,Acute Care Hospitals,Voluntary non-profit - Private,112,62
100319,ADVENTHEALTH WESLEY CHAPEL,2600 BRUCE B DOWNS BLVD,(813) 929-5490,Acute Care Hospitals,Voluntary non-profit - Private,109,65
100319,ADVENTHEALTH WESLEY CHAPEL,2600 BRUCE B DOWNS BLVD,(813) 929-5490,Acute Care Hospitals,Voluntary non-profit - Private,109,65
100319,ADVENTHEALTH WESLEY CHAPEL,2600 BRUCE B DOWNS BLVD,(813) 929-5490,Acute Care Hospitals,Voluntary non-profit - Private,138,36
100319,ADVENTHEALTH WESLEY CHAPEL,2600 BRUCE B DOWNS BLVD,(813) 929-5490,Acute Care Hospitals,Voluntary non-profit - Private,142,32
100319,ADVENTHEALTH WESLEY CHAPEL,2600 BRUCE B DOWNS BLVD,(813) 929-5490,Acute Care Hospitals,Voluntary non-profit - Private,129,45
100319,ADVENTHEALTH WESLEY CHAPEL,2600 BRUCE B DOWNS BLVD,(813) 929-5490,Acute Care Hospitals,Voluntary non-profit - Private,108,66
100319,ADVENTHEALTH WESLEY CHAPEL,2600 BRUCE B DOWNS BLVD,(813) 929-5490,Acute Care Hospitals,Voluntary non-profit - Private,133,41
100319,ADVENTHEALTH WESLEY CHAPEL,2600 BRUCE B DOWNS BLVD,(813) 929-5490,Acute Care Hospitals,Voluntary non-profit - Private,109,65
100319,ADVENTHEALTH WESLEY CHAPEL,2600 BRUCE B DOWNS BLVD,(813) 929-5490,Acute Care Hospitals,Voluntary non-profit - Private,162,12
100319,ADVENTHEALTH WESLEY CHAPEL,2600 BRUCE B DOWNS BLVD,(813) 929-5490,Acute Care Hospitals,Voluntary non-profit - Private,124,50
100319,ADVENTHEALTH WESLEY CHAPEL,2600 BRUCE B DOWNS BLVD,(813) 929-5490,Acute Care Hospitals,Voluntary non-profit - Private,154,20
100319,ADVENTHEALTH WESLEY CHAPEL,2600 BRUCE B DOWNS BLVD,(813) 929-5490,Acute Care Hospitals,Voluntary non-profit - Private,162,12
100319,ADVENTHEALTH WESLEY CHAPEL,2600 BRUCE B DOWNS BLVD,(813) 929-5490,Acute Care Hospitals,Voluntary non-profit - Private,155,19
100319,ADVENTHEALTH WESLEY CHAPEL,2600 BRUCE B DOWNS BLVD,(813) 929-5490,Acute Care Hospitals,Voluntary non-profit - Private,104,70
100319,ADVENTHEALTH WESLEY CHAPEL,2600 BRUCE B DOWNS BLVD,(813) 929-5490,Acute Care Hospitals,Voluntary non-profit - Private,128,46
100319,ADVENTHEALTH WESLEY CHAPEL,2600 BRUCE B DOWNS BLVD,(813) 929-5490,Acute Care Hospitals,Voluntary non-profit - Private,107,67
100319,ADVENTHEALTH WESLEY CHAPEL,2600 BRUCE B DOWNS BLVD,(813) 929-5490,Acute Care Hospitals,Voluntary non-profit - Private,155,19
100319,ADVENTHEALTH WESLEY CHAPEL,2600 BRUCE B DOWNS BLVD,(813) 929-5490,Acute Care Hospitals,Voluntary non-profit - Private,160,14
100319,ADVENTHEALTH WESLEY CHAPEL,2600 BRUCE B DOWNS BLVD,(813) 929-5490,Acute Care Hospitals,Voluntary non-profit - Private,137,37
100319,ADVENTHEALTH WESLEY CHAPEL,2600 BRUCE B DOWNS BLVD,(813) 929-5490,Acute Care Hospitals,Voluntary non-profit - Private,111,63
100319,ADVENTHEALTH WESLEY CHAPEL,2600 BRUCE B DOWNS BLVD,(813) 929-5490,Acute Care Hospitals,Voluntary non-profit - Private,162,12
100319,ADVENTHEALTH WESLEY CHAPEL,2600 BRUCE B DOWNS BLVD,(813) 929-5490,Acute Care Hospitals,Voluntary non-profit - Private,132,42
100319,ADVENTHEALTH WESLEY CHAPEL,2600 BRUCE B DOWNS BLVD,(813) 929-5490,Acute Care Hospitals,Voluntary non-profit - Private,136,38
100319,ADVENTHEALTH WESLEY CHAPEL,2600 BRUCE B DOWNS BLVD,(813) 929-5490,Acute Care Hospitals,Voluntary non-profit - Private,125,49
100319,ADVENTHEALTH WESLEY CHAPEL,2600 BRUCE B DOWNS BLVD,(813) 929-5490,Acute Care Hospitals,Voluntary non-profit - Private,147,27
100319,ADVENTHEALTH WESLEY CHAPEL,2600 BRUCE B DOWNS BLVD,(813) 929-5490,Acute Care Hospitals,Voluntary non-profit - Private,125,49
100319,ADVENTHEALTH WESLEY CHAPEL,2600 BRUCE B DOWNS BLVD,(813) 929-5490,Acute Care Hospitals,Voluntary non-profit - Private,114,60
100319,ADVENTHEALTH WESLEY CHAPEL,2600 BRUCE B DOWNS BLVD,(813) 929-5490,Acute Care Hospitals,Voluntary non-profit - Private,152,22
100319,ADVENTHEALTH WESLEY CHAPEL,2600 BRUCE B DOWNS BLVD,(813) 929-5490,Acute Care Hospitals,Voluntary non-profit - Private,115,59
100319,ADVENTHEALTH WESLEY CHAPEL,2600 BRUCE B DOWNS BLVD,(813) 929-5490,Acute Care Hospitals,Voluntary non-profit - Private,107,67
100319,ADVENTHEALTH WESLEY CHAPEL,2600 BRUCE B DOWNS BLVD,(813) 929-5490,Acute Care Hospitals,Voluntary non-profit - Private,149,25
100319,ADVENTHEALTH WESLEY CHAPEL,2600 BRUCE B DOWNS BLVD,(813) 929-5490,Acute Care Hospitals,Voluntary non-profit - Private,122,52
100319,ADVENTHEALTH WESLEY CHAPEL,2600 BRUCE B DOWNS BLVD,(813) 929-5490,Acute Care Hospitals,Voluntary non-profit - Private,121,53
100319,ADVENTHEALTH WESLEY CHAPEL,2600 BRUCE B DOWNS BLVD,(813) 929-5490,Acute Care Hospitals,Voluntary non-profit - Private,104,70
100319,ADVENTHEALTH WESLEY CHAPEL,2600 BRUCE B DOWNS BLVD,(813) 929-5490,Acute Care Hospitals,Voluntary non-profit - Private,113,61
100319,ADVENTHEALTH WESLEY CHAPEL,2600 BRUCE B DOWNS BLVD,(813) 929-5490,Acute Care Hospitals,Voluntary non-profit - Private,147,27
100319,ADVENTHEALTH WESLEY CHAPEL,2600 BRUCE B DOWNS BLVD,(813) 929-5490,Acute Care Hospitals,Voluntary non-profit - Private,118,56
100319,ADVENTHEALTH WESLEY CHAPEL,2600 BRUCE B DOWNS BLVD,(813) 929-5490,Acute Care Hospitals,Voluntary non-profit - Private,159,15
100319,ADVENTHEALTH WESLEY CHAPEL,2600 BRUCE B DOWNS BLVD,(813) 929-5490,Acute Care Hospitals,Voluntary non-profit - Private,139,35
100319,ADVENTHEALTH WESLEY CHAPEL,2600 BRUCE B DOWNS BLVD,(813) 929-5490,Acute Care Hospitals,Voluntary non-profit - Private,159,15
100319,ADVENTHEALTH WESLEY CHAPEL,2600 BRUCE B DOWNS BLVD,(813) 929-5490,Acute Care Hospitals,Voluntary non-profit - Private,155,19
100319,ADVENTHEALTH WESLEY CHAPEL,2600 BRUCE B DOWNS BLVD,(813) 929-5490,Acute Care Hospitals,Voluntary non-profit - Private,161,13
100319,ADVENTHEALTH WESLEY CHAPEL,2600 BRUCE B DOWNS BLVD,(813) 929-5490,Acute Care Hospitals,Voluntary non-profit - Private,125,49
100319,ADVENTHEALTH WESLEY CHAPEL,2600 BRUCE B DOWNS BLVD,(813) 929-5490,Acute Care Hospitals,Voluntary non-profit - Private,140,34
100319,ADVENTHEALTH WESLEY CHAPEL,2600 BRUCE B DOWNS BLVD,(813) 929-5490,Acute Care Hospitals,Voluntary non-profit - Private,130,44
100319,ADVENTHEALTH WESLEY CHAPEL,2600 BRUCE B DOWNS BLVD,(813) 929-5490,Acute Care Hospitals,Voluntary non-profit - Private,132,42
100319,ADVENTHEALTH WESLEY CHAPEL,2600 BRUCE B DOWNS BLVD,(813) 929-5490,Acute Care Hospitals,Voluntary non-profit - Private,115,59
100319,ADVENTHEALTH WESLEY CHAPEL,2600 BRUCE B DOWNS BLVD,(813) 929-5490,Acute Care Hospitals,Voluntary non-profit - Private,131,43
100319,ADVENTHEALTH WESLEY CHAPEL,2600 BRUCE B DOWNS BLVD,(813) 929-5490,Acute Care Hospitals,Voluntary non-profit - Private,122,52
100319,ADVENTHEALTH WESLEY CHAPEL,2600 BRUCE B DOWNS BLVD,(813) 929-5490,Acute Care Hospitals,Voluntary non-profit - Private,162,12
100319,ADVENTHEALTH WESLEY CHAPEL,2600 BRUCE B DOWNS BLVD,(813) 929-5490,Acute Care Hospitals,Voluntary non-profit - Private,123,51
100319,ADVENTHEALTH WESLEY CHAPEL,2600 BRUCE B DOWNS BLVD,(813) 929-5490,Acute Care Hospitals,Voluntary non-profit - Private,163,11
100319,ADVENTHEALTH WESLEY CHAPEL,2600 BRUCE B DOWNS BLVD,(813) 929-5490,Acute Care Hospitals,Voluntary non-profit - Private,130,44
100319,ADVENTHEALTH WESLEY CHAPEL,2600 BRUCE B DOWNS BLVD,(813) 929-5490,Acute Care Hospitals,Voluntary non-profit - Private,154,20
100319,ADVENTHEALTH WESLEY CHAPEL,2600 BRUCE B DOWNS BLVD,(813) 929-5490,Acute Care Hospitals,Voluntary non-profit - Private,124,50
100319,ADVENTHEALTH WESLEY CHAPEL,2600 BRUCE B DOWNS BLVD,(813) 929-5490,Acute Care Hospitals,Voluntary non-profit - Private,135,39
100319,ADVENTHEALTH WESLEY CHAPEL,2600 BRUCE B DOWNS BLVD,(813) 929-5490,Acute Care Hospitals,Voluntary non-profit - Private,136,38
100319,ADVENTHEALTH WESLEY CHAPEL,2600 BRUCE B DOWNS BLVD,(813) 929-5490,Acute Care Hospitals,Voluntary non-profit - Private,112,62
100319,ADVENTHEALTH WESLEY CHAPEL,2600 BRUCE B DOWNS BLVD,(813) 929-5490,Acute Care Hospitals,Voluntary non-profit - Private,111,63
100319,ADVENTHEALTH WESLEY CHAPEL,2600 BRUCE B DOWNS BLVD,(813) 929-5490,Acute Care Hospitals,Voluntary non-profit - Private,117,57
100319,ADVENTHEALTH WESLEY CHAPEL,2600 BRUCE B DOWNS BLVD,(813) 929-5490,Acute Care Hospitals,Voluntary non-profit - Private,119,55
100319,ADVENTHEALTH WESLEY CHAPEL,2600 BRUCE B DOWNS BLVD,(813) 929-5490,Acute Care Hospitals,Voluntary non-profit - Private,136,38
100319,ADVENTHEALTH WESLEY CHAPEL,2600 BRUCE B DOWNS BLVD,(813) 929-5490,Acute Care Hospitals,Voluntary non-profit - Private,117,57
100319,ADVENTHEALTH WESLEY CHAPEL,2600 BRUCE B DOWNS BLVD,(813) 929-5490,Acute Care Hospitals,Voluntary non-profit - Private,146,28
100319,ADVENTHEALTH WESLEY CHAPEL,2600 BRUCE B DOWNS BLVD,(813) 929-5490,Acute Care Hospitals,Voluntary non-profit - Private,120,54
100319,ADVENTHEALTH WESLEY CHAPEL,2600 BRUCE B DOWNS BLVD,(813) 929-5490,Acute Care Hospitals,Voluntary non-profit - Private,136,38
100319,ADVENTHEALTH WESLEY CHAPEL,2600 BRUCE B DOWNS BLVD,(813) 929-5490,Acute Care Hospitals,Voluntary non-profit - Private,109,65
100319,ADVENTHEALTH WESLEY CHAPEL,2600 BRUCE B DOWNS BLVD,(813) 929-5490,Acute Care Hospitals,Voluntary non-profit - Private,164,10
100319,ADVENTHEALTH WESLEY CHAPEL,2600 BRUCE B DOWNS BLVD,(813) 929-5490,Acute Care Hospitals,Voluntary non-profit - Private,116,58
100319,ADVENTHEALTH WESLEY CHAPEL,2600 BRUCE B DOWNS BLVD,(813) 929-5490,Acute Care Hospitals,Voluntary non-profit - Private,163,11
100319,ADVENTHEALTH WESLEY CHAPEL,2600 BRUCE B DOWNS BLVD,(813) 929-5490,Acute Care Hospitals,Voluntary non-profit - Private,141,33
100319,ADVENTHEALTH WESLEY CHAPEL,2600 BRUCE B DOWNS BLVD,(813) 929-5490,Acute Care Hospitals,Voluntary non-profit - Private,133,41
100319,ADVENTHEALTH WESLEY CHAPEL,2600 BRUCE B DOWNS BLVD,(813) 929-5490,Acute Care Hospitals,Voluntary non-profit - Private,156,18
100319,ADVENTHEALTH WESLEY CHAPEL,2600 BRUCE B DOWNS BLVD,(813) 929-5490,Acute Care Hospitals,Voluntary non-profit - Private,159,15
100319,ADVENTHEALTH WESLEY CHAPEL,2600 BRUCE B DOWNS BLVD,(813) 929-5490,Acute Care Hospitals,Voluntary non-profit - Private,111,63
100319,ADVENTHEALTH WESLEY CHAPEL,2600 BRUCE B DOWNS BLVD,(813) 929-5490,Acute Care Hospitals,Voluntary non-profit - Private,148,26
100319,ADVENTHEALTH WESLEY CHAPEL,2600 BRUCE B DOWNS BLVD,(813) 929-5490,Acute Care Hospitals,Voluntary non-profit - Private,126,48
100319,ADVENTHEALTH WESLEY CHAPEL,2600 BRUCE B DOWNS BLVD,(813) 929-5490,Acute Care Hospitals,Voluntary non-profit - Private,157,17
100319,ADVENTHEALTH WESLEY CHAPEL,2600 BRUCE B DOWNS BLVD,(813) 929-5490,Acute Care Hospitals,Voluntary non-profit - Private,145,29
100319,ADVENTHEALTH WESLEY CHAPEL,2600 BRUCE B DOWNS BLVD,(813) 929-5490,Acute Care Hospitals,Voluntary non-profit - Private,108,66
100319,ADVENTHEALTH WESLEY CHAPEL,2600 BRUCE B DOWNS BLVD,(813) 929-5490,Acute Care Hospitals,Voluntary non-profit - Private,115,59
100319,ADVENTHEALTH WESLEY CHAPEL,2600 BRUCE B DOWNS BLVD,(813) 929-5490,Acute Care Hospitals,Voluntary non-profit - Private,152,22
100319,ADVENTHEALTH WESLEY CHAPEL,2600 BRUCE B DOWNS BLVD,(813) 929-5490,Acute Care Hospitals,Voluntary non-profit - Private,125,49
100319,ADVENTHEALTH WESLEY CHAPEL,2600 BRUCE B DOWNS BLVD,(813) 929-5490,Acute Care Hospitals,Voluntary non-profit - Private,163,11
100319,ADVENTHEALTH WESLEY CHAPEL,2600 BRUCE B DOWNS BLVD,(813) 929-5490,Acute Care Hospitals,Voluntary non-profit - Private,137,37
100319,ADVENTHEALTH WESLEY CHAPEL,2600 BRUCE B DOWNS BLVD,(813) 929-5490,Acute Care Hospitals,Voluntary non-profit - Private,126,48
100319,ADVENTHEALTH WESLEY CHAPEL,2600 BRUCE B DOWNS BLVD,(813) 929-5490,Acute Care Hospitals,Voluntary non-profit - Private,117,57
100319,ADVENTHEALTH WESLEY CHAPEL,2600 BRUCE B DOWNS BLVD,(813) 929-5490,Acute Care Hospitals,Voluntary non-profit - Private,148,26
100319,ADVENTHEALTH WESLEY CHAPEL,2600 BRUCE B DOWNS BLVD,(813) 929-5490,Acute Care Hospitals,Voluntary non-profit - Private,131,43
100319,ADVENTHEALTH WESLEY CHAPEL,2600 BRUCE B DOWNS BLVD,(813) 929-5490,Acute Care Hospitals,Voluntary non-profit - Private,148,26
100319,ADVENTHEALTH WESLEY CHAPEL,2600 BRUCE B DOWNS BLVD,(813) 929-5490,Acute Care Hospitals,Voluntary non-profit - Private,132,42
100319,ADVENTHEALTH WESLEY CHAPEL,2600 BRUCE B DOWNS BLVD,(813) 929-5490,Acute Care Hospitals,Voluntary non-profit - Private,110,64
100319,ADVENTHEALTH WESLEY CHAPEL,2600 BRUCE B DOWNS BLVD,(813) 929-5490,Acute Care Hospitals,Voluntary non-profit - Private,125,49
100319,ADVENTHEALTH WESLEY CHAPEL,2600 BRUCE B DOWNS BLVD,(813) 929-5490,Acute Care Hospitals,Voluntary non-profit - Private,150,24
100319,ADVENTHEALTH WESLEY CHAPEL,2600 BRUCE B DOWNS BLVD,(813) 929-5490,Acute Care Hospitals,Voluntary non-profit - Private,155,19
100319,ADVENTHEALTH WESLEY CHAPEL,2600 BRUCE B DOWNS BLVD,(813) 929-5490,Acute Care Hospitals,Voluntary non-profit - Private,128,46
100319,ADVENTHEALTH WESLEY CHAPEL,2600 BRUCE B DOWNS BLVD,(813) 929-5490,Acute Care Hospitals,Voluntary non-profit - Private,150,24
100319,ADVENTHEALTH WESLEY CHAPEL,2600 BRUCE B DOWNS BLVD,(813) 929-5490,Acute Care Hospitals,Voluntary non-profit - Private,108,66
100319,ADVENTHEALTH WESLEY CHAPEL,2600 BRUCE B DOWNS BLVD,(813) 929-5490,Acute Care Hospitals,Voluntary non-profit - Private,127,47
100319,ADVENTHEALTH WESLEY CHAPEL,2600 BRUCE B DOWNS BLVD,(813) 929-5490,Acute Care Hospitals,Voluntary non-profit - Private,141,33
100319,ADVENTHEALTH WESLEY CHAPEL,2600 BRUCE B DOWNS BLVD,(813) 929-5490,Acute Care Hospitals,Voluntary non-profit - Private,110,64
100319,ADVENTHEALTH WESLEY CHAPEL,2600 BRUCE B DOWNS BLVD,(813) 929-5490,Acute Care Hospitals,Voluntary non-profit - Private,151,23
100319,ADVENTHEALTH WESLEY CHAPEL,2600 BRUCE B DOWNS BLVD,(813) 929-5490,Acute Care Hospitals,Voluntary non-profit - Private,132,42
100319,ADVENTHEALTH WESLEY CHAPEL,2600 BRUCE B DOWNS BLVD,(813) 929-5490,Acute Care Hospitals,Voluntary non-profit - Private,116,58
100319,ADVENTHEALTH WESLEY CHAPEL,2600 BRUCE B DOWNS BLVD,(813) 929-5490,Acute Care Hospitals,Voluntary non-profit - Private,160,14
100319,ADVENTHEALTH WESLEY CHAPEL,2600 BRUCE B DOWNS BLVD,(813) 929-5490,Acute Care Hospitals,Voluntary non-profit - Private,134,40
100319,ADVENTHEALTH WESLEY CHAPEL,2600 BRUCE B DOWNS BLVD,(813) 929-5490,Acute Care Hospitals,Voluntary non-profit - Private,146,28
100319,ADVENTHEALTH WESLEY CHAPEL,2600 BRUCE B DOWNS BLVD,(813) 929-5490,Acute Care Hospitals,Voluntary non-profit - Private,105,69
100319,ADVENTHEALTH WESLEY CHAPEL,2600 BRUCE B DOWNS BLVD,(813) 929-5490,Acute Care Hospitals,Voluntary non-profit - Private,136,38
100319,ADVENTHEALTH WESLEY CHAPEL,2600 BRUCE B DOWNS BLVD,(813) 929-5490,Acute Care Hospitals,Voluntary non-profit - Private,119,55
100319,ADVENTHEALTH WESLEY CHAPEL,2600 BRUCE B DOWNS BLVD,(813) 929-5490,Acute Care Hospitals,Voluntary non-profit - Private,155,19
100319,ADVENTHEALTH WESLEY CHAPEL,2600 BRUCE B DOWNS BLVD,(813) 929-5490,Acute Care Hospitals,Voluntary non-profit - Private,121,53
100319,ADVENTHEALTH WESLEY CHAPEL,2600 BRUCE B DOWNS BLVD,(813) 929-5490,Acute Care Hospitals,Voluntary non-profit - Private,119,55
100319,ADVENTHEALTH WESLEY CHAPEL,2600 BRUCE B DOWNS BLVD,(813) 929-5490,Acute Care Hospitals,Voluntary non-profit - Private,145,29
100319,ADVENTHEALTH WESLEY CHAPEL,2600 BRUCE B DOWNS BLVD,(813) 929-5490,Acute Care Hospitals,Voluntary non-profit - Private,160,14
100319,ADVENTHEALTH WESLEY CHAPEL,2600 BRUCE B DOWNS BLVD,(813) 929-5490,Acute Care Hospitals,Voluntary non-profit - Private,113,61
100319,ADVENTHEALTH WESLEY CHAPEL,2600 BRUCE B DOWNS BLVD,(813) 929-5490,Acute Care Hospitals,Voluntary non-profit - Private,150,24
100319,ADVENTHEALTH WESLEY CHAPEL,2600 BRUCE B DOWNS BLVD,(813) 929-5490,Acute Care Hospitals,Voluntary non-profit - Private,139,35
100319,ADVENTHEALTH WESLEY CHAPEL,2600 BRUCE B DOWNS BLVD,(813) 929-5490,Acute Care Hospitals,Voluntary non-profit - Private,153,21
100319,ADVENTHEALTH WESLEY CHAPEL,2600 BRUCE B DOWNS BLVD,(813) 929-5490,Acute Care Hospitals,Voluntary non-profit - Private,125,49
100319,ADVENTHEALTH WESLEY CHAPEL,2600 BRUCE B DOWNS BLVD,(813) 929-5490,Acute Care Hospitals,Voluntary non-profit - Private,147,27
100319,ADVENTHEALTH WESLEY CHAPEL,2600 BRUCE B DOWNS BLVD,(813) 929-5490,Acute Care Hospitals,Voluntary non-profit - Private,128,46
100319,ADVENTHEALTH WESLEY CHAPEL,2600 BRUCE B DOWNS BLVD,(813) 929-5490,Acute Care Hospitals,Voluntary non-profit - Private,126,48
100319,ADVENTHEALTH WESLEY CHAPEL,2600 BRUCE B DOWNS BLVD,(813) 929-5490,Acute Care Hospitals,Voluntary non-profit - Private,109,65
100319,ADVENTHEALTH WESLEY CHAPEL,2600 BRUCE B DOWNS BLVD,(813) 929-5490,Acute Care Hospitals,Voluntary non-profit - Private,144,30
100319,ADVENTHEALTH WESLEY CHAPEL,2600 BRUCE B DOWNS BLVD,(813) 929-5490,Acute Care Hospitals,Voluntary non-profit - Private,155,19
100319,ADVENTHEALTH WESLEY CHAPEL,2600 BRUCE B DOWNS BLVD,(813) 929-5490,Acute Care Hospitals,Voluntary non-profit - Private,147,27
100319,ADVENTHEALTH WESLEY CHAPEL,2600 BRUCE B DOWNS BLVD,(813) 929-5490,Acute Care Hospitals,Voluntary non-profit - Private,108,66
100319,ADVENTHEALTH WESLEY CHAPEL,2600 BRUCE B DOWNS BLVD,(813) 929-5490,Acute Care Hospitals,Voluntary non-profit - Private,105,69
100319,ADVENTHEALTH WESLEY CHAPEL,2600 BRUCE B DOWNS BLVD,(813) 929-5490,Acute Care Hospitals,Voluntary non-profit - Private,107,67
100319,ADVENTHEALTH WESLEY CHAPEL,2600 BRUCE B DOWNS BLVD,(813) 929-5490,Acute Care Hospitals,Voluntary non-profit - Private,147,27
100319,ADVENTHEALTH WESLEY CHAPEL,2600 BRUCE B DOWNS BLVD,(813) 929-5490,Acute Care Hospitals,Voluntary non-profit - Private,140,34
100319,ADVENTHEALTH WESLEY CHAPEL,2600 BRUCE B DOWNS BLVD,(813) 929-5490,Acute Care Hospitals,Voluntary non-profit - Private,140,34
100319,ADVENTHEALTH WESLEY CHAPEL,2600 BRUCE B DOWNS BLVD,(813) 929-5490,Acute Care Hospitals,Voluntary non-profit - Private,143,31
100319,ADVENTHEALTH WESLEY CHAPEL,2600 BRUCE B DOWNS BLVD,(813) 929-5490,Acute Care Hospitals,Voluntary non-profit - Private,160,14
100319,ADVENTHEALTH WESLEY CHAPEL,2600 BRUCE B DOWNS BLVD,(813) 929-5490,Acute Care Hospitals,Voluntary non-profit - Private,113,61
100319,ADVENTHEALTH WESLEY CHAPEL,2600 BRUCE B DOWNS BLVD,(813) 929-5490,Acute Care Hospitals,Voluntary non-profit - Private,149,25
100319,ADVENTHEALTH WESLEY CHAPEL,2600 BRUCE B DOWNS BLVD,(813) 929-5490,Acute Care Hospitals,Voluntary non-profit - Private,164,10
100319,ADVENTHEALTH WESLEY CHAPEL,2600 BRUCE B DOWNS BLVD,(813) 929-5490,Acute Care Hospitals,Voluntary non-profit - Private,129,45
100319,ADVENTHEALTH WESLEY CHAPEL,2600 BRUCE B DOWNS BLVD,(813) 929-5490,Acute Care Hospitals,Voluntary non-profit - Private,164,10
100319,ADVENTHEALTH WESLEY CHAPEL,2600 BRUCE B DOWNS BLVD,(813) 929-5490,Acute Care Hospitals,Voluntary non-profit - Private,139,35
100319,ADVENTHEALTH WESLEY CHAPEL,2600 BRUCE B DOWNS BLVD,(813) 929-5490,Acute Care Hospitals,Voluntary non-profit - Private,128,46
100319,ADVENTHEALTH WESLEY CHAPEL,2600 BRUCE B DOWNS BLVD,(813) 929-5490,Acute Care Hospitals,Voluntary non-profit - Private,159,15
100319,ADVENTHEALTH WESLEY CHAPEL,2600 BRUCE B DOWNS BLVD,(813) 929-5490,Acute Care Hospitals,Voluntary non-profit - Private,144,30
100319,ADVENTHEALTH WESLEY CHAPEL,2600 BRUCE B DOWNS BLVD,(813) 929-5490,Acute Care Hospitals,Voluntary non-profit - Private,112,62
100319,ADVENTHEALTH WESLEY CHAPEL,2600 BRUCE B DOWNS BLVD,(813) 929-5490,Acute Care Hospitals,Voluntary non-profit - Private,132,42
100319,ADVENTHEALTH WESLEY CHAPEL,2600 BRUCE B DOWNS BLVD,(813) 929-5490,Acute Care Hospitals,Voluntary non-profit - Private,140,34
100319,ADVENTHEALTH WESLEY CHAPEL,2600 BRUCE B DOWNS BLVD,(813) 929-5490,Acute Care Hospitals,Voluntary non-profit - Private,163,11
100319,ADVENTHEALTH WESLEY CHAPEL,2600 BRUCE B DOWNS BLVD,(813) 929-5490,Acute Care Hospitals,Voluntary non-profit - Private,145,29
100319,ADVENTHEALTH WESLEY CHAPEL,2600 BRUCE B DOWNS BLVD,(813) 929-5490,Acute Care Hospitals,Voluntary non-profit - Private,162,12
