Facility ID,Facility Name,Address,Telephone Number,Hospital Type,Hospital Ownership,Active Beds,Inactive Beds
100329,OVIEDO MEDICAL CENTER,8300 RED BUG LAKE RD,(407) 890-2100,Acute Care Hospitals,Proprietary,220,13
100329,OVIEDO MEDICAL CENTER,8300 RED BUG LAKE RD,(407) 890-2100,Acute Care Hospitals,Proprietary,219,14
100329,OVIEDO MEDICAL CENTER,8300 RED BUG LAKE RD,(407) 890-2100,Acute Care Hospitals,Proprietary,212,21
100329,OVIEDO MEDICAL CENTER,8300 RED BUG LAKE RD,(407) 890-2100,Acute Care Hospitals,Proprietary,156,77
100329,OVIEDO MEDICAL CENTER,8300 RED BUG LAKE RD,(407) 890-2100,Acute Care Hospitals,Proprietary,155,78
100329,OVIEDO MEDICAL CENTER,8300 RED BUG LAKE RD,(407) 890-2100,Acute Care Hospitals,Proprietary,169,64
100329,OVIEDO MEDICAL CENTER,8300 RED BUG LAKE RD,(407) 890-2100,Acute Care Hospitals,Proprietary,173,60
100329,OVIEDO MEDICAL CENTER,8300 RED BUG LAKE RD,(407) 890-2100,Acute Care Hospitals,Proprietary,162,71
100329,OVIEDO MEDICAL CENTER,8300 RED BUG LAKE RD,(407) 890-2100,Acute Care Hospitals,Proprietary,208,25
100329,OVIEDO MEDICAL CENTER,8300 RED BUG LAKE RD,(407) 890-2100,Acute Care Hospitals,Proprietary,173,60
100329,OVIEDO MEDICAL CENTER,8300 RED BUG LAKE RD,(407) 890-2100,Acute Care Hospitals,Proprietary,200,33
100329,OVIEDO MEDICAL CENTER,8300 RED BUG LAKE RD,(407) 890-2100,Acute Care Hospitals,Proprietary,154,79
100329,OVIEDO MEDICAL CENTER,8300 RED BUG LAKE RD,(407) 890-2100,Acute Care Hospitals,Proprietary,206,27
100329,OVIEDO MEDICAL CENTER,8300 RED BUG LAKE RD,(407) 890-2100,Acute Care Hospitals,Proprietary,202,31
100329,OVIEDO MEDICAL CENTER,8300 RED BUG LAKE RD,(407) 890-2100,Acute Care Hospitals,Proprietary,160,73
100329,OVIEDO MEDICAL CENTER,8300 RED BUG LAKE RD,(407) 890-2100,Acute Care Hospitals,Proprietary,146,87
100329,OVIEDO MEDICAL CENTER,8300 RED BUG LAKE RD,(407) 890-2100,Acute Care Hospitals,Proprietary,216,17
100329,OVIEDO MEDICAL CENTER,8300 RED BUG LAKE RD,(407) 890-2100,Acute Care Hospitals,Proprietary,197,36
100329,OVIEDO MEDICAL CENTER,8300 RED BUG LAKE RD,(407) 890-2100,Acute Care Hospitals,Proprietary,171,62
100329,OVIEDO MEDICAL CENTER,8300 RED BUG LAKE RD,(407) 890-2100,Acute Care Hospitals,Proprietary,169,64
100329,OVIEDO MEDICAL CENTER,8300 RED BUG LAKE RD,(407) 890-2100,Acute Care Hospitals,Proprietary,185,48
100329,OVIEDO MEDICAL CENTER,8300 RED BUG LAKE RD,(407) 890-2100,Acute Care Hospitals,Proprietary,191,42
100329,OVIEDO MEDICAL CENTER,8300 RED BUG LAKE RD,(407) 890-2100,Acute Care Hospitals,Proprietary,215,18
100329,OVIEDO MEDICAL CENTER,8300 RED BUG LAKE RD,(407) 890-2100,Acute Care Hospitals,Proprietary,216,17
100329,OVIEDO MEDICAL CENTER,8300 RED BUG LAKE RD,(407) 890-2100,Acute Care Hospitals,Proprietary,143,90
100329,OVIEDO MEDICAL CENTER,8300 RED BUG LAKE RD,(407) 890-2100,Acute Care Hospitals,Proprietary,152,81
100329,OVIEDO MEDICAL CENTER,8300 RED BUG LAKE RD,(407) 890-2100,Acute Care Hospitals,Proprietary,209,24
100329,OVIEDO MEDICAL CENTER,8300 RED BUG LAKE RD,(407) 890-2100,Acute Care Hospitals,Proprietary,165,68
100329,OVIEDO MEDICAL CENTER,8300 RED BUG LAKE RD,(407) 890-2100,Acute Care Hospitals,Proprietary,166,67
100329,OVIEDO MEDICAL CENTER,8300 RED BUG LAKE RD,(407) 890-2100,Acute Care Hospitals,Proprietary,193,40
100329,OVIEDO MEDICAL CENTER,8300 RED BUG LAKE RD,(407) 890-2100,Acute Care Hospitals,Proprietary,155,78
100329,OVIEDO MEDICAL CENTER,8300 RED BUG LAKE RD,(407) 890-2100,Acute Care Hospitals,Proprietary,189,44
100329,OVIEDO MEDICAL CENTER,8300 RED BUG LAKE RD,(407) 890-2100,Acute Care Hospitals,Proprietary,143,90
100329,OVIEDO MEDICAL CENTER,8300 RED BUG LAKE RD,(407) 890-2100,Acute Care Hospitals,Proprietary,161,72
100329,OVIEDO MEDICAL CENTER,8300 RED BUG LAKE RD,(407) 890-2100,Acute Care Hospitals,Proprietary,205,28
100329,OVIEDO MEDICAL CENTER,8300 RED BUG LAKE RD,(407) 890-2100,Acute Care Hospitals,Proprietary,144,89
100329,OVIEDO MEDICAL CENTER,8300 RED BUG LAKE RD,(407) 890-2100,Acute Care Hospitals,Proprietary,195,38
100329,OVIEDO MEDICAL CENTER,8300 RED BUG LAKE RD,(407) 890-2100,Acute Care Hospitals,Proprietary,205,28
100329,OVIEDO MEDICAL CENTER,8300 RED BUG LAKE RD,(407) 890-2100,Acute Care Hospitals,Proprietary,154,79
100329,OVIEDO MEDICAL CENTER,8300 RED BUG LAKE RD,(407) 890-2100,Acute Care Hospitals,Proprietary,157,76
100329,OVIEDO MEDICAL CENTER,8300 RED BUG LAKE RD,(407) 890-2100,Acute Care Hospitals,Proprietary,183,50
100329,OVIEDO MEDICAL CENTER,8300 RED BUG LAKE RD,(407) 890-2100,Acute Care Hospitals,Proprietary,178,55
100329,OVIEDO MEDICAL CENTER,8300 RED BUG LAKE RD,(407) 890-2100,Acute Care Hospitals,Proprietary,177,56
100329,OVIEDO MEDICAL CENTER,8300 RED BUG LAKE RD,(407) 890-2100,Acute Care Hospitals,Proprietary,169,64
100329,OVIEDO MEDICAL CENTER,8300 RED BUG LAKE RD,(407) 890-2100,Acute Care Hospitals,Proprietary,147,86
100329,OVIEDO MEDICAL CENTER,8300 RED BUG LAKE RD,(407) 890-2100,Acute Care Hospitals,Proprietary,192,41
100329,OVIEDO MEDICAL CENTER,8300 RED BUG LAKE RD,(407) 890-2100,Acute Care Hospitals,Proprietary,211,22
100329,OVIEDO MEDICAL CENTER,8300 RED BUG LAKE RD,(407) 890-2100,Acute Care Hospitals,Proprietary,163,70
100329,OVIEDO MEDICAL CENTER,8300 RED BUG LAKE RD,(407) 890-2100,Acute Care Hospitals,Proprietary,190,43
100329,OVIEDO MEDICAL CENTER,8300 RED BUG LAKE RD,(407) 890-2100,Acute Care Hospitals,Proprietary,187,46
100329,OVIEDO MEDICAL CENTER,8300 RED BUG LAKE RD,(407) 890-2100,Acute Care Hospitals,Proprietary,210,23
100329,OVIEDO MEDICAL CENTER,8300 RED BUG LAKE RD,(407) 890-2100,Acute Care Hospitals,Proprietary,210,23
100329,OVIEDO MEDICAL CENTER,8300 RED BUG LAKE RD,(407) 890-2100,Acute Care Hospitals,Proprietary,212,21
100329,OVIEDO MEDICAL CENTER,8300 RED BUG LAKE RD,(407) 890-2100,Acute Care Hospitals,Proprietary,216,17
100329,OVIEDO MEDICAL CENTER,8300 RED BUG LAKE RD,(407) 890-2100,Acute Care Hospitals,Proprietary,170,63
100329,OVIEDO MEDICAL CENTER,8300 RED BUG LAKE RD,(407) 890-2100,Acute Care Hospitals,Proprietary,173,60
100329,OVIEDO MEDICAL CENTER,8300 RED BUG LAKE RD,(407) 890-2100,Acute Care Hospitals,Proprietary,187,46
100329,OVIEDO MEDICAL CENTER,8300 RED BUG LAKE RD,(407) 890-2100,Acute Care Hospitals,Proprietary,200,33
100329,OVIEDO MEDICAL CENTER,8300 RED BUG LAKE RD,(407) 890-2100,Acute Care Hospitals,Proprietary,194,39
100329,OVIEDO MEDICAL CENTER,8300 RED BUG LAKE RD,(407) 890-2100,Acute Care Hospitals,Proprietary,193,40
100329,OVIEDO MEDICAL CENTER,8300 RED BUG LAKE RD,(407) 890-2100,Acute Care Hospitals,Proprietary,214,19
100329,OVIEDO MEDICAL CENTER,8300 RED BUG LAKE RD,(407) 890-2100,Acute Care Hospitals,Proprietary,159,74
100329,OVIEDO MEDICAL CENTER,8300 RED BUG LAKE RD,(407) 890-2100,Acute Care Hospitals,Proprietary,193,40
100329,OVIEDO MEDICAL CENTER,8300 RED BUG LAKE RD,(407) 890-2100,Acute Care Hospitals,Proprietary,178,55
100329,OVIEDO MEDICAL CENTER,8300 RED BUG LAKE RD,(407) 890-2100,Acute Care Hospitals,Proprietary,190,43
100329,OVIEDO MEDICAL CENTER,8300 RED BUG LAKE RD,(407) 890-2100,Acute Care Hospitals,Proprietary,150,83
100329,OVIEDO MEDICAL CENTER,8300 RED BUG LAKE RD,(407) 890-2100,Acute Care Hospitals,Proprietary,173,60
100329,OVIEDO MEDICAL CENTER,8300 RED BUG LAKE RD,(407) 890-2100,Acute Care Hospitals,Proprietary,187,46
100329,OVIEDO MEDICAL CENTER,8300 RED BUG LAKE RD,(407) 890-2100,Acute Care Hospitals,Proprietary,159,74
100329,OVIEDO MEDICAL CENTER,8300 RED BUG LAKE RD,(407) 890-2100,Acute Care Hospitals,Proprietary,152,81
100329,OVIEDO MEDICAL CENTER,8300 RED BUG LAKE RD,(407) 890-2100,Acute Care Hospitals,Proprietary,141,92
100329,OVIEDO MEDICAL CENTER,8300 RED BUG LAKE RD,(407) 890-2100,Acute Care Hospitals,Proprietary,140,93
100329,OVIEDO MEDICAL CENTER,8300 RED BUG LAKE RD,(407) 890-2100,Acute Care Hospitals,Proprietary,192,41
100329,OVIEDO MEDICAL CENTER,8300 RED BUG LAKE RD,(407) 890-2100,Acute Care Hospitals,Proprietary,152,81
100329,OVIEDO MEDICAL CENTER,8300 RED BUG LAKE RD,(407) 890-2100,Acute Care Hospitals,Proprietary,183,50
100329,OVIEDO MEDICAL CENTER,8300 RED BUG LAKE RD,(407) 890-2100,Acute Care Hospitals,Proprietary,176,57
100329,OVIEDO MEDICAL CENTER,8300 RED BUG LAKE RD,(407) 890-2100,Acute Care Hospitals,Proprietary,151,82
100329,OVIEDO MEDICAL CENTER,8300 RED BUG LAKE RD,(407) 890-2100,Acute Care Hospitals,Proprietary,162,71
100329,OVIEDO MEDICAL CENTER,8300 RED BUG LAKE RD,(407) 890-2100,Acute Care Hospitals,Proprietary,180,53
100329,OVIEDO MEDICAL CENTER,8300 RED BUG LAKE RD,(407) 890-2100,Acute Care Hospitals,Proprietary,215,18
100329,OVIEDO MEDICAL CENTER,8300 RED BUG LAKE RD,(407) 890-2100,Acute Care Hospitals,Proprietary,198,35
100329,OVIEDO MEDICAL CENTER,8300 RED BUG LAKE RD,(407) 890-2100,Acute Care Hospitals,Proprietary,140,93
100329,OVIEDO MEDICAL CENTER,8300 RED BUG LAKE RD,(407) 890-2100,Acute Care Hospitals,Proprietary,157,76
100329,OVIEDO MEDICAL CENTER,8300 RED BUG LAKE RD,(407) 890-2100,Acute Care Hospitals,Proprietary,149,84
100329,OVIEDO MEDICAL CENTER,8300 RED BUG LAKE RD,(407) 890-2100,Acute Care Hospitals,Proprietary,208,25
100329,OVIEDO MEDICAL CENTER,8300 RED BUG LAKE RD,(407) 890-2100,Acute Care Hospitals,Proprietary,144,89
100329,OVIEDO MEDICAL CENTER,8300 RED BUG LAKE RD,(407) 890-2100,Acute Care Hospitals,Proprietary,197,36
100329,OVIEDO MEDICAL CENTER,8300 RED BUG LAKE RD,(407) 890-2100,Acute Care Hospitals,Proprietary,192,41
100329,OVIEDO MEDICAL CENTER,8300 RED BUG LAKE RD,(407) 890-2100,Acute Care Hospitals,Proprietary,154,79
100329,OVIEDO MEDICAL CENTER,8300 RED BUG LAKE RD,(407) 890-2100,Acute Care Hospitals,Proprietary,188,45
100329,OVIEDO MEDICAL CENTER,8300 RED BUG LAKE RD,(407) 890-2100,Acute Care Hospitals,Proprietary,207,26
100329,OVIEDO MEDICAL CENTER,8300 RED BUG LAKE RD,(407) 890-2100,Acute Care Hospitals,Proprietary,186,47
100329,OVIEDO MEDICAL CENTER,8300 RED BUG LAKE RD,(407) 890-2100,Acute Care Hospitals,Proprietary,201,32
100329,OVIEDO MEDICAL CENTER,8300 RED BUG LAKE RD,(407) 890-2100,Acute Care Hospitals,Proprietary,216,17
100329,OVIEDO MEDICAL CENTER,8300 RED BUG LAKE RD,(407) 890-2100,Acute Care Hospitals,Proprietary,213,20
100329,OVIEDO MEDICAL CENTER,8300 RED BUG LAKE RD,(407) 890-2100,Acute Care Hospitals,Proprietary,195,38
100329,OVIEDO MEDICAL CENTER,8300 RED BUG LAKE RD,(407) 890-2100,Acute Care Hospitals,Proprietary,162,71
100329,OVIEDO MEDICAL CENTER,8300 RED BUG LAKE RD,(407) 890-2100,Acute Care Hospitals,Proprietary,210,23
100329,OVIEDO MEDICAL CENTER,8300 RED BUG LAKE RD,(407) 890-2100,Acute Care Hospitals,Proprietary,154,79
100329,OVIEDO MEDICAL CENTER,8300 RED BUG LAKE RD,(407) 890-2100,Acute Care Hospitals,Proprietary,152,81
100329,OVIEDO MEDICAL CENTER,8300 RED BUG LAKE RD,(407) 890-2100,Acute Care Hospitals,Proprietary,215,18
100329,OVIEDO MEDICAL CENTER,8300 RED BUG LAKE RD,(407) 890-2100,Acute Care Hospitals,Proprietary,210,23
100329,OVIEDO MEDICAL CENTER,8300 RED BUG LAKE RD,(407) 890-2100,Acute Care Hospitals,Proprietary,187,46
100329,OVIEDO MEDICAL CENTER,8300 RED BUG LAKE RD,(407) 890-2100,Acute Care Hospitals,Proprietary,199,34
100329,OVIEDO MEDICAL CENTER,8300 RED BUG LAKE RD,(407) 890-2100,Acute Care Hospitals,Proprietary,190,43
100329,OVIEDO MEDICAL CENTER,8300 RED BUG LAKE RD,(407) 890-2100,Acute Care Hospitals,Proprietary,177,56
100329,OVIEDO MEDICAL CENTER,8300 RED BUG LAKE RD,(407) 890-2100,Acute Care Hospitals,Proprietary,204,29
100329,OVIEDO MEDICAL CENTER,8300 RED BUG LAKE RD,(407) 890-2100,Acute Care Hospitals,Proprietary,141,92
100329,OVIEDO MEDICAL CENTER,8300 RED BUG LAKE RD,(407) 890-2100,Acute Care Hospitals,Proprietary,175,58
100329,OVIEDO MEDICAL CENTER,8300 RED BUG LAKE RD,(407) 890-2100,Acute Care Hospitals,Proprietary,189,44
100329,OVIEDO MEDICAL CENTER,8300 RED BUG LAKE RD,(407) 890-2100,Acute Care Hospitals,Proprietary,211,22
100329,OVIEDO MEDICAL CENTER,8300 RED BUG LAKE RD,(407) 890-2100,Acute Care Hospitals,Proprietary,151,82
100329,OVIEDO MEDICAL CENTER,8300 RED BUG LAKE RD,(407) 890-2100,Acute Care Hospitals,Proprietary,208,25
100329,OVIEDO MEDICAL CENTER,8300 RED BUG LAKE RD,(407) 890-2100,Acute Care Hospitals,Proprietary,190,43
100329,OVIEDO MEDICAL CENTER,8300 RED BUG LAKE RD,(407) 890-2100,Acute Care Hospitals,Proprietary,164,69
100329,OVIEDO MEDICAL CENTER,8300 RED BUG LAKE RD,(407) 890-2100,Acute Care Hospitals,Proprietary,151,82
100329,OVIEDO MEDICAL CENTER,8300 RED BUG LAKE RD,(407) 890-2100,Acute Care Hospitals,Proprietary,180,53
100329,OVIEDO MEDICAL CENTER,8300 RED BUG LAKE RD,(407) 890-2100,Acute Care Hospitals,Proprietary,191,42
100329,OVIEDO MEDICAL CENTER,8300 RED BUG LAKE RD,(407) 890-2100,Acute Care Hospitals,Proprietary,205,28
100329,OVIEDO MEDICAL CENTER,8300 RED BUG LAKE RD,(407) 890-2100,Acute Care Hospitals,Proprietary,172,61
100329,OVIEDO MEDICAL CENTER,8300 RED BUG LAKE RD,(407) 890-2100,Acute Care Hospitals,Proprietary,211,22
100329,OVIEDO MEDICAL CENTER,8300 RED BUG LAKE RD,(407) 890-2100,Acute Care Hospitals,Proprietary,140,93
100329,OVIEDO MEDICAL CENTER,8300 RED BUG LAKE RD,(407) 890-2100,Acute Care Hospitals,Proprietary,186,47
100329,OVIEDO MEDICAL CENTER,8300 RED BUG LAKE RD,(407) 890-2100,Acute Care Hospitals,Proprietary,164,69
100329,OVIEDO MEDICAL CENTER,8300 RED BUG LAKE RD,(407) 890-2100,Acute Care Hospitals,Proprietary,168,65
100329,OVIEDO MEDICAL CENTER,8300 RED BUG LAKE RD,(407) 890-2100,Acute Care Hospitals,Proprietary,140,93
100329,OVIEDO MEDICAL CENTER,8300 RED BUG LAKE RD,(407) 890-2100,Acute Care Hospitals,Proprietary,163,70
100329,OVIEDO MEDICAL CENTER,8300 RED BUG LAKE RD,(407) 890-2100,Acute Care Hospitals,Proprietary,213,20
100329,OVIEDO MEDICAL CENTER,8300 RED BUG LAKE RD,(407) 890-2100,Acute Care Hospitals,Proprietary,183,50
100329,OVIEDO MEDICAL CENTER,8300 RED BUG LAKE RD,(407) 890-2100,Acute Care Hospitals,Proprietary,171,62
100329,OVIEDO MEDICAL CENTER,8300 RED BUG LAKE RD,(407) 890-2100,Acute Care Hospitals,Proprietary,172,61
100329,OVIEDO MEDICAL CENTER,8300 RED BUG LAKE RD,(407) 890-2100,Acute Care Hospitals,Proprietary,182,51
100329,OVIEDO MEDICAL CENTER,8300 RED BUG LAKE RD,(407) 890-2100,Acute Care Hospitals,Proprietary,190,43
100329,OVIEDO MEDICAL CENTER,8300 RED BUG LAKE RD,(407) 890-2100,Acute Care Hospitals,Proprietary,146,87
100329,OVIEDO MEDICAL CENTER,8300 RED BUG LAKE RD,(407) 890-2100,Acute Care Hospitals,Proprietary,163,70
100329,OVIEDO MEDICAL CENTER,8300 RED BUG LAKE RD,(407) 890-2100,Acute Care Hospitals,Proprietary,189,44
100329,OVIEDO MEDICAL CENTER,8300 RED BUG LAKE RD,(407) 890-2100,Acute Care Hospitals,Proprietary,141,92
100329,OVIEDO MEDICAL CENTER,8300 RED BUG LAKE RD,(407) 890-2100,Acute Care Hospitals,Proprietary,205,28
100329,OVIEDO MEDICAL CENTER,8300 RED BUG LAKE RD,(407) 890-2100,Acute Care Hospitals,Proprietary,219,14
100329,OVIEDO MEDICAL CENTER,8300 RED BUG LAKE RD,(407) 890-2100,Acute Care Hospitals,Proprietary,218,15
100329,OVIEDO MEDICAL CENTER,8300 RED BUG LAKE RD,(407) 890-2100,Acute Care Hospitals,Proprietary,156,77
100329,OVIEDO MEDICAL CENTER,8300 RED BUG LAKE RD,(407) 890-2100,Acute Care Hospitals,Proprietary,171,62
100329,OVIEDO MEDICAL CENTER,8300 RED BUG LAKE RD,(407) 890-2100,Acute Care Hospitals,Proprietary,172,61
100329,OVIEDO MEDICAL CENTER,8300 RED BUG LAKE RD,(407) 890-2100,Acute Care Hospitals,Proprietary,159,74
100329,OVIEDO MEDICAL CENTER,8300 RED BUG LAKE RD,(407) 890-2100,Acute Care Hospitals,Proprietary,186,47
100329,OVIEDO MEDICAL CENTER,8300 RED BUG LAKE RD,(407) 890-2100,Acute Care Hospitals,Proprietary,213,20
100329,OVIEDO MEDICAL CENTER,8300 RED BUG LAKE RD,(407) 890-2100,Acute Care Hospitals,Proprietary,211,22
100329,OVIEDO MEDICAL CENTER,8300 RED BUG LAKE RD,(407) 890-2100,Acute Care Hospitals,Proprietary,220,13
100329,OVIEDO MEDICAL CENTER,8300 RED BUG LAKE RD,(407) 890-2100,Acute Care Hospitals,Proprietary,214,19
100329,OVIEDO MEDICAL CENTER,8300 RED BUG LAKE RD,(407) 890-2100,Acute Care Hospitals,Proprietary,158,75
100329,OVIEDO MEDICAL CENTER,8300 RED BUG LAKE RD,(407) 890-2100,Acute Care Hospitals,Proprietary,150,83
100329,OVIEDO MEDICAL CENTER,8300 RED BUG LAKE RD,(407) 890-2100,Acute Care Hospitals,Proprietary,160,73
100329,OVIEDO MEDICAL CENTER,8300 RED BUG LAKE RD,(407) 890-2100,Acute Care Hospitals,Proprietary,160,73
100329,OVIEDO MEDICAL CENTER,8300 RED BUG LAKE RD,(407) 890-2100,Acute Care Hospitals,Proprietary,179,54
100329,OVIEDO MEDICAL CENTER,8300 RED BUG LAKE RD,(407) 890-2100,Acute Care Hospitals,Proprietary,163,70
100329,OVIEDO MEDICAL CENTER,8300 RED BUG LAKE RD,(407) 890-2100,Acute Care Hospitals,Proprietary,167,66
100329,OVIEDO MEDICAL CENTER,8300 RED BUG LAKE RD,(407) 890-2100,Acute Care Hospitals,Proprietary,195,38
100329,OVIEDO MEDICAL CENTER,8300 RED BUG LAKE RD,(407) 890-2100,Acute Care Hospitals,Proprietary,200,33
100329,OVIEDO MEDICAL CENTER,8300 RED BUG LAKE RD,(407) 890-2100,Acute Care Hospitals,Proprietary,166,67
100329,OVIEDO MEDICAL CENTER,8300 RED BUG LAKE RD,(407) 890-2100,Acute Care Hospitals,Proprietary,186,47
100329,OVIEDO MEDICAL CENTER,8300 RED BUG LAKE RD,(407) 890-2100,Acute Care Hospitals,Proprietary,171,62
100329,OVIEDO MEDICAL CENTER,8300 RED BUG LAKE RD,(407) 890-2100,Acute Care Hospitals,Proprietary,180,53
100329,OVIEDO MEDICAL CENTER,8300 RED BUG LAKE RD,(407) 890-2100,Acute Care Hospitals,Proprietary,185,48
100329,OVIEDO MEDICAL CENTER,8300 RED BUG LAKE RD,(407) 890-2100,Acute Care Hospitals,Proprietary,167,66
100329,OVIEDO MEDICAL CENTER,8300 RED BUG LAKE RD,(407) 890-2100,Acute Care Hospitals,Proprietary,219,14
100329,OVIEDO MEDICAL CENTER,8300 RED BUG LAKE RD,(407) 890-2100,Acute Care Hospitals,Proprietary,141,92
100329,OVIEDO MEDICAL CENTER,8300 RED BUG LAKE RD,(407) 890-2100,Acute Care Hospitals,Proprietary,190,43
100329,OVIEDO MEDICAL CENTER,8300 RED BUG LAKE RD,(407) 890-2100,Acute Care Hospitals,Proprietary,157,76
100329,OVIEDO MEDICAL CENTER,8300 RED BUG LAKE RD,(407) 890-2100,Acute Care Hospitals,Proprietary,186,47
100329,OVIEDO MEDICAL CENTER,8300 RED BUG LAKE RD,(407) 890-2100,Acute Care Hospitals,Proprietary,146,87
100329,OVIEDO MEDICAL CENTER,8300 RED BUG LAKE RD,(407) 890-2100,Acute Care Hospitals,Proprietary,209,24
100329,OVIEDO MEDICAL CENTER,8300 RED BUG LAKE RD,(407) 890-2100,Acute Care Hospitals,Proprietary,218,15
100329,OVIEDO MEDICAL CENTER,8300 RED BUG LAKE RD,(407) 890-2100,Acute Care Hospitals,Proprietary,154,79
100329,OVIEDO MEDICAL CENTER,8300 RED BUG LAKE RD,(407) 890-2100,Acute Care Hospitals,Proprietary,203,30
100329,OVIEDO MEDICAL CENTER,8300 RED BUG LAKE RD,(407) 890-2100,Acute Care Hospitals,Proprietary,173,60
100329,OVIEDO MEDICAL CENTER,8300 RED BUG LAKE RD,(407) 890-2100,Acute Care Hospitals,Proprietary,209,24
100329,OVIEDO MEDICAL CENTER,8300 RED BUG LAKE RD,(407) 890-2100,Acute Care Hospitals,Proprietary,217,16
100329,OVIEDO MEDICAL CENTER,8300 RED BUG LAKE RD,(407) 890-2100,Acute Care Hospitals,Proprietary,142,91
100329,OVIEDO MEDICAL CENTER,8300 RED BUG LAKE RD,(407) 890-2100,Acute Care Hospitals,Proprietary,141,92
100329,OVIEDO MEDICAL CENTER,8300 RED BUG LAKE RD,(407) 890-2100,Acute Care Hospitals,Proprietary,216,17
100329,OVIEDO MEDICAL CENTER,8300 RED BUG LAKE RD,(407) 890-2100,Acute Care Hospitals,Proprietary,161,72
100329,OVIEDO MEDICAL CENTER,8300 RED BUG LAKE RD,(407) 890-2100,Acute Care Hospitals,Proprietary,216,17
100329,OVIEDO MEDICAL CENTER,8300 RED BUG LAKE RD,(407) 890-2100,Acute Care Hospitals,Proprietary,213,20
100329,OVIEDO MEDICAL CENTER,8300 RED BUG LAKE RD,(407) 890-2100,Acute Care Hospitals,Proprietary,202,31
100329,OVIEDO MEDICAL CENTER,8300 RED BUG LAKE RD,(407) 890-2100,Acute Care Hospitals,Proprietary,173,60
100329,OVIEDO MEDICAL CENTER,8300 RED BUG LAKE RD,(407) 890-2100,Acute Care Hospitals,Proprietary,149,84
100329,OVIEDO MEDICAL CENTER,8300 RED BUG LAKE RD,(407) 890-2100,Acute Care Hospitals,Proprietary,201,32
100329,OVIEDO MEDICAL CENTER,8300 RED BUG LAKE RD,(407) 890-2100,Acute Care Hospitals,Proprietary,145,88
100329,OVIEDO MEDICAL CENTER,8300 RED BUG LAKE RD,(407) 890-2100,Acute Care Hospitals,Proprietary,151,82
100329,OVIEDO MEDICAL CENTER,8300 RED BUG LAKE RD,(407) 890-2100,Acute Care Hospitals,Proprietary,165,68
100329,OVIEDO MEDICAL CENTER,8300 RED BUG LAKE RD,(407) 890-2100,Acute Care Hospitals,Proprietary,153,80
100329,OVIEDO MEDICAL CENTER,8300 RED BUG LAKE RD,(407) 890-2100,Acute Care Hospitals,Proprietary,205,28
100329,OVIEDO MEDICAL CENTER,8300 RED BUG LAKE RD,(407) 890-2100,Acute Care Hospitals,Proprietary,181,52
100329,OVIEDO MEDICAL CENTER,8300 RED BUG LAKE RD,(407) 890-2100,Acute Care Hospitals,Proprietary,141,92
100329,OVIEDO MEDICAL CENTER,8300 RED BUG LAKE RD,(407) 890-2100,Acute Care Hospitals,Proprietary,151,82
100329,OVIEDO MEDICAL CENTER,8300 RED BUG LAKE RD,(407) 890-2100,Acute Care Hospitals,Proprietary,202,31
100329,OVIEDO MEDICAL CENTER,8300 RED BUG LAKE RD,(407) 890-2100,Acute Care Hospitals,Proprietary,170,63
100329,OVIEDO MEDICAL CENTER,8300 RED BUG LAKE RD,(407) 890-2100,Acute Care Hospitals,Proprietary,162,71
100329,OVIEDO MEDICAL CENTER,8300 RED BUG LAKE RD,(407) 890-2100,Acute Care Hospitals,Proprietary,171,62
100329,OVIEDO MEDICAL CENTER,8300 RED BUG LAKE RD,(407) 890-2100,Acute Care Hospitals,Proprietary,196,37
100329,OVIEDO MEDICAL CENTER,8300 RED BUG LAKE RD,(407) 890-2100,Acute Care Hospitals,Proprietary,189,44
100329,OVIEDO MEDICAL CENTER,8300 RED BUG LAKE RD,(407) 890-2100,Acute Care Hospitals,Proprietary,208,25
100329,OVIEDO MEDICAL CENTER,8300 RED BUG LAKE RD,(407) 890-2100,Acute Care Hospitals,Proprietary,141,92
100329,OVIEDO MEDICAL CENTER,8300 RED BUG LAKE RD,(407) 890-2100,Acute Care Hospitals,Proprietary,162,71
100329,OVIEDO MEDICAL CENTER,8300 RED BUG LAKE RD,(407) 890-2100,Acute Care Hospitals,Proprietary,193,40
100329,OVIEDO MEDICAL CENTER,8300 RED BUG LAKE RD,(407) 890-2100,Acute Care Hospitals,Proprietary,195,38
100329,OVIEDO MEDICAL CENTER,8300 RED BUG LAKE RD,(407) 890-2100,Acute Care Hospitals,Proprietary,151,82
100329,OVIEDO MEDICAL CENTER,8300 RED BUG LAKE RD,(407) 890-2100,Acute Care Hospitals,Proprietary,184,49
100329,OVIEDO MEDICAL CENTER,8300 RED BUG LAKE RD,(407) 890-2100,Acute Care Hospitals,Proprietary,166,67
100329,OVIEDO MEDICAL CENTER,8300 RED BUG LAKE RD,(407) 890-2100,Acute Care Hospitals,Proprietary,142,91
100329,OVIEDO MEDICAL CENTER,8300 RED BUG LAKE RD,(407) 890-2100,Acute Care Hospitals,Proprietary,186,47
100329,OVIEDO MEDICAL CENTER,8300 RED BUG LAKE RD,(407) 890-2100,Acute Care Hospitals,Proprietary,184,49
100329,OVIEDO MEDICAL CENTER,8300 RED BUG LAKE RD,(407) 890-2100,Acute Care Hospitals,Proprietary,212,21
100329,OVIEDO MEDICAL CENTER,8300 RED BUG LAKE RD,(407) 890-2100,Acute Care Hospitals,Proprietary,173,60
100329,OVIEDO MEDICAL CENTER,8300 RED BUG LAKE RD,(407) 890-2100,Acute Care Hospitals,Proprietary,179,54
100329,OVIEDO MEDICAL CENTER,8300 RED BUG LAKE RD,(407) 890-2100,Acute Care Hospitals,Proprietary,176,57
100329,OVIEDO MEDICAL CENTER,8300 RED BUG LAKE RD,(407) 890-2100,Acute Care Hospitals,Proprietary,164,69
100329,OVIEDO MEDICAL CENTER,8300 RED BUG LAKE RD,(407) 890-2100,Acute Care Hospitals,Proprietary,146,87
100329,OVIEDO MEDICAL CENTER,8300 RED BUG LAKE RD,(407) 890-2100,Acute Care Hospitals,Proprietary,174,59
100329,OVIEDO MEDICAL CENTER,8300 RED BUG LAKE RD,(407) 890-2100,Acute Care Hospitals,Proprietary,161,72
100329,OVIEDO MEDICAL CENTER,8300 RED BUG LAKE RD,(407) 890-2100,Acute Care Hospitals,Proprietary,201,32
100329,OVIEDO MEDICAL CENTER,8300 RED BUG LAKE RD,(407) 890-2100,Acute Care Hospitals,Proprietary,187,46
100329,OVIEDO MEDICAL CENTER,8300 RED BUG LAKE RD,(407) 890-2100,Acute Care Hospitals,Proprietary,216,17
100329,OVIEDO MEDICAL CENTER,8300 RED BUG LAKE RD,(407) 890-2100,Acute Care Hospitals,Proprietary,149,84
100329,OVIEDO MEDICAL CENTER,8300 RED BUG LAKE RD,(407) 890-2100,Acute Care Hospitals,Proprietary,152,81
100329,OVIEDO MEDICAL CENTER,8300 RED BUG LAKE RD,(407) 890-2100,Acute Care Hospitals,Proprietary,198,35
100329,OVIEDO MEDICAL CENTER,8300 RED BUG LAKE RD,(407) 890-2100,Acute Care Hospitals,Proprietary,142,91
100329,OVIEDO MEDICAL CENTER,8300 RED BUG LAKE RD,(407) 890-2100,Acute Care Hospitals,Proprietary,191,42
100329,OVIEDO MEDICAL CENTER,8300 RED BUG LAKE RD,(407) 890-2100,Acute Care Hospitals,Proprietary,151,82
100329,OVIEDO MEDICAL CENTER,8300 RED BUG LAKE RD,(407) 890-2100,Acute Care Hospitals,Proprietary,153,80
100329,OVIEDO MEDICAL CENTER,8300 RED BUG LAKE RD,(407) 890-2100,Acute Care Hospitals,Proprietary,140,93
100329,OVIEDO MEDICAL CENTER,8300 RED BUG LAKE RD,(407) 890-2100,Acute Care Hospitals,Proprietary,212,21
100329,OVIEDO MEDICAL CENTER,8300 RED BUG LAKE RD,(407) 890-2100,Acute Care Hospitals,Proprietary,168,65
100329,OVIEDO MEDICAL CENTER,8300 RED BUG LAKE RD,(407) 890-2100,Acute Care Hospitals,Proprietary,189,44
100329,OVIEDO MEDICAL CENTER,8300 RED BUG LAKE RD,(407) 890-2100,Acute Care Hospitals,Proprietary,213,20
100329,OVIEDO MEDICAL CENTER,8300 RED BUG LAKE RD,(407) 890-2100,Acute Care Hospitals,Proprietary,218,15
100329,OVIEDO MEDICAL CENTER,8300 RED BUG LAKE RD,(407) 890-2100,Acute Care Hospitals,Proprietary,151,82
100329,OVIEDO MEDICAL CENTER,8300 RED BUG LAKE RD,(407) 890-2100,Acute Care Hospitals,Proprietary,150,83
100329,OVIEDO MEDICAL CENTER,8300 RED BUG LAKE RD,(407) 890-2100,Acute Care Hospitals,Proprietary,168,65
100329,OVIEDO MEDICAL CENTER,8300 RED BUG LAKE RD,(407) 890-2100,Acute Care Hospitals,Proprietary,205,28
100329,OVIEDO MEDICAL CENTER,8300 RED BUG LAKE RD,(407) 890-2100,Acute Care Hospitals,Proprietary,210,23
100329,OVIEDO MEDICAL CENTER,8300 RED BUG LAKE RD,(407) 890-2100,Acute Care Hospitals,Proprietary,200,33
100329,OVIEDO MEDICAL CENTER,8300 RED BUG LAKE RD,(407) 890-2100,Acute Care Hospitals,Proprietary,157,76
100329,OVIEDO MEDICAL CENTER,8300 RED BUG LAKE RD,(407) 890-2100,Acute Care Hospitals,Proprietary,151,82
100329,OVIEDO MEDICAL CENTER,8300 RED BUG LAKE RD,(407) 890-2100,Acute Care Hospitals,Proprietary,175,58
100329,OVIEDO MEDICAL CENTER,8300 RED BUG LAKE RD,(407) 890-2100,Acute Care Hospitals,Proprietary,169,64
100329,OVIEDO MEDICAL CENTER,8300 RED BUG LAKE RD,(407) 890-2100,Acute Care Hospitals,Proprietary,178,55
100329,OVIEDO MEDICAL CENTER,8300 RED BUG LAKE RD,(407) 890-2100,Acute Care Hospitals,Proprietary,140,93
100329,OVIEDO MEDICAL CENTER,8300 RED BUG LAKE RD,(407) 890-2100,Acute Care Hospitals,Proprietary,196,37
100329,OVIEDO MEDICAL CENTER,8300 RED BUG LAKE RD,(407) 890-2100,Acute Care Hospitals,Proprietary,195,38
100329,OVIEDO MEDICAL CENTER,8300 RED BUG LAKE RD,(407) 890-2100,Acute Care Hospitals,Proprietary,195,38
100329,OVIEDO MEDICAL CENTER,8300 RED BUG LAKE RD,(407) 890-2100,Acute Care Hospitals,Proprietary,152,81
100329,OVIEDO MEDICAL CENTER,8300 RED BUG LAKE RD,(407) 890-2100,Acute Care Hospitals,Proprietary,200,33
100329,OVIEDO MEDICAL CENTER,8300 RED BUG LAKE RD,(407) 890-2100,Acute Care Hospitals,Proprietary,171,62
100329,OVIEDO MEDICAL CENTER,8300 RED BUG LAKE RD,(407) 890-2100,Acute Care Hospitals,Proprietary,153,80
100329,OVIEDO MEDICAL CENTER,8300 RED BUG LAKE RD,(407) 890-2100,Acute Care Hospitals,Proprietary,220,13
100329,OVIEDO MEDICAL CENTER,8300 RED BUG LAKE RD,(407) 890-2100,Acute Care Hospitals,Proprietary,187,46
100329,OVIEDO MEDICAL CENTER,8300 RED BUG LAKE RD,(407) 890-2100,Acute Care Hospitals,Proprietary,214,19
100329,OVIEDO MEDICAL CENTER,8300 RED BUG LAKE RD,(407) 890-2100,Acute Care Hospitals,Proprietary,144,89
100329,OVIEDO MEDICAL CENTER,8300 RED BUG LAKE RD,(407) 890-2100,Acute Care Hospitals,Proprietary,181,52
100329,OVIEDO MEDICAL CENTER,8300 RED BUG LAKE RD,(407) 890-2100,Acute Care Hospitals,Proprietary,142,91
100329,OVIEDO MEDICAL CENTER,8300 RED BUG LAKE RD,(407) 890-2100,Acute Care Hospitals,Proprietary,198,35
100329,OVIEDO MEDICAL CENTER,8300 RED BUG LAKE RD,(407) 890-2100,Acute Care Hospitals,Proprietary,155,78
100329,OVIEDO MEDICAL CENTER,8300 RED BUG LAKE RD,(407) 890-2100,Acute Care Hospitals,Proprietary,220,13
100329,OVIEDO MEDICAL CENTER,8300 RED BUG LAKE RD,(407) 890-2100,Acute Care Hospitals,Proprietary,178,55
100329,OVIEDO MEDICAL CENTER,8300 RED BUG LAKE RD,(407) 890-2100,Acute Care Hospitals,Proprietary,164,69
100329,OVIEDO MEDICAL CENTER,8300 RED BUG LAKE RD,(407) 890-2100,Acute Care Hospitals,Proprietary,171,62
100329,OVIEDO MEDICAL CENTER,8300 RED BUG LAKE RD,(407) 890-2100,Acute Care Hospitals,Proprietary,174,59
100329,OVIEDO MEDICAL CENTER,8300 RED BUG LAKE RD,(407) 890-2100,Acute Care Hospitals,Proprietary,209,24
100329,OVIEDO MEDICAL CENTER,8300 RED BUG LAKE RD,(407) 890-2100,Acute Care Hospitals,Proprietary,161,72
100329,OVIEDO MEDICAL CENTER,8300 RED BUG LAKE RD,(407) 890-2100,Acute Care Hospitals,Proprietary,202,31
100329,OVIEDO MEDICAL CENTER,8300 RED BUG LAKE RD,(407) 890-2100,Acute Care Hospitals,Proprietary,197,36
100329,OVIEDO MEDICAL CENTER,8300 RED BUG LAKE RD,(407) 890-2100,Acute Care Hospitals,Proprietary,185,48
100329,OVIEDO MEDICAL CENTER,8300 RED BUG LAKE RD,(407) 890-2100,Acute Care Hospitals,Proprietary,161,72
100329,OVIEDO MEDICAL CENTER,8300 RED BUG LAKE RD,(407) 890-2100,Acute Care Hospitals,Proprietary,208,25
100329,OVIEDO MEDICAL CENTER,8300 RED BUG LAKE RD,(407) 890-2100,Acute Care Hospitals,Proprietary,202,31
100329,OVIEDO MEDICAL CENTER,8300 RED BUG LAKE RD,(407) 890-2100,Acute Care Hospitals,Proprietary,164,69
100329,OVIEDO MEDICAL CENTER,8300 RED BUG LAKE RD,(407) 890-2100,Acute Care Hospitals,Proprietary,168,65
100329,OVIEDO MEDICAL CENTER,8300 RED BUG LAKE RD,(407) 890-2100,Acute Care Hospitals,Proprietary,189,44
100329,OVIEDO MEDICAL CENTER,8300 RED BUG LAKE RD,(407) 890-2100,Acute Care Hospitals,Proprietary,209,24
100329,OVIEDO MEDICAL CENTER,8300 RED BUG LAKE RD,(407) 890-2100,Acute Care Hospitals,Proprietary,205,28
100329,OVIEDO MEDICAL CENTER,8300 RED BUG LAKE RD,(407) 890-2100,Acute Care Hospitals,Proprietary,194,39
100329,OVIEDO MEDICAL CENTER,8300 RED BUG LAKE RD,(407) 890-2100,Acute Care Hospitals,Proprietary,175,58
100329,OVIEDO MEDICAL CENTER,8300 RED BUG LAKE RD,(407) 890-2100,Acute Care Hospitals,Proprietary,145,88
100329,OVIEDO MEDICAL CENTER,8300 RED BUG LAKE RD,(407) 890-2100,Acute Care Hospitals,Proprietary,175,58
100329,OVIEDO MEDICAL CENTER,8300 RED BUG LAKE RD,(407) 890-2100,Acute Care Hospitals,Proprietary,214,19
100329,OVIEDO MEDICAL CENTER,8300 RED BUG LAKE RD,(407) 890-2100,Acute Care Hospitals,Proprietary,212,21
100329,OVIEDO MEDICAL CENTER,8300 RED BUG LAKE RD,(407) 890-2100,Acute Care Hospitals,Proprietary,184,49
100329,OVIEDO MEDICAL CENTER,8300 RED BUG LAKE RD,(407) 890-2100,Acute Care Hospitals,Proprietary,182,51
100329,OVIEDO MEDICAL CENTER,8300 RED BUG LAKE RD,(407) 890-2100,Acute Care Hospitals,Proprietary,190,43
100329,OVIEDO MEDICAL CENTER,8300 RED BUG LAKE RD,(407) 890-2100,Acute Care Hospitals,Proprietary,187,46
100329,OVIEDO MEDICAL CENTER,8300 RED BUG LAKE RD,(407) 890-2100,Acute Care Hospitals,Proprietary,205,28
100329,OVIEDO MEDICAL CENTER,8300 RED BUG LAKE RD,(407) 890-2100,Acute Care Hospitals,Proprietary,194,39
100329,OVIEDO MEDICAL CENTER,8300 RED BUG LAKE RD,(407) 890-2100,Acute Care Hospitals,Proprietary,202,31
100329,OVIEDO MEDICAL CENTER,8300 RED BUG LAKE RD,(407) 890-2100,Acute Care Hospitals,Proprietary,139,94
100329,OVIEDO MEDICAL CENTER,8300 RED BUG LAKE RD,(407) 890-2100,Acute Care Hospitals,Proprietary,216,17
100329,OVIEDO MEDICAL CENTER,8300 RED BUG LAKE RD,(407) 890-2100,Acute Care Hospitals,Proprietary,163,70
100329,OVIEDO MEDICAL CENTER,8300 RED BUG LAKE RD,(407) 890-2100,Acute Care Hospitals,Proprietary,169,64
100329,OVIEDO MEDICAL CENTER,8300 RED BUG LAKE RD,(407) 890-2100,Acute Care Hospitals,Proprietary,202,31
100329,OVIEDO MEDICAL CENTER,8300 RED BUG LAKE RD,(407) 890-2100,Acute Care Hospitals,Proprietary,218,15
100329,OVIEDO MEDICAL CENTER,8300 RED BUG LAKE RD,(407) 890-2100,Acute Care Hospitals,Proprietary,200,33
100329,OVIEDO MEDICAL CENTER,8300 RED BUG LAKE RD,(407) 890-2100,Acute Care Hospitals,Proprietary,148,85
100329,OVIEDO MEDICAL CENTER,8300 RED BUG LAKE RD,(407) 890-2100,Acute Care Hospitals,Proprietary,186,47
100329,OVIEDO MEDICAL CENTER,8300 RED BUG LAKE RD,(407) 890-2100,Acute Care Hospitals,Proprietary,189,44
100329,OVIEDO MEDICAL CENTER,8300 RED BUG LAKE RD,(407) 890-2100,Acute Care Hospitals,Proprietary,143,90
100329,OVIEDO MEDICAL CENTER,8300 RED BUG LAKE RD,(407) 890-2100,Acute Care Hospitals,Proprietary,155,78
100329,OVIEDO MEDICAL CENTER,8300 RED BUG LAKE RD,(407) 890-2100,Acute Care Hospitals,Proprietary,220,13
100329,OVIEDO MEDICAL CENTER,8300 RED BUG LAKE RD,(407) 890-2100,Acute Care Hospitals,Proprietary,140,93
100329,OVIEDO MEDICAL CENTER,8300 RED BUG LAKE RD,(407) 890-2100,Acute Care Hospitals,Proprietary,188,45
100329,OVIEDO MEDICAL CENTER,8300 RED BUG LAKE RD,(407) 890-2100,Acute Care Hospitals,Proprietary,178,55
100329,OVIEDO MEDICAL CENTER,8300 RED BUG LAKE RD,(407) 890-2100,Acute Care Hospitals,Proprietary,155,78
100329,OVIEDO MEDICAL CENTER,8300 RED BUG LAKE RD,(407) 890-2100,Acute Care Hospitals,Proprietary,158,75
100329,OVIEDO MEDICAL CENTER,8300 RED BUG LAKE RD,(407) 890-2100,Acute Care Hospitals,Proprietary,175,58
100329,OVIEDO MEDICAL CENTER,8300 RED BUG LAKE RD,(407) 890-2100,Acute Care Hospitals,Proprietary,161,72
100329,OVIEDO MEDICAL CENTER,8300 RED BUG LAKE RD,(407) 890-2100,Acute Care Hospitals,Proprietary,217,16
100329,OVIEDO MEDICAL CENTER,8300 RED BUG LAKE RD,(407) 890-2100,Acute Care Hospitals,Proprietary,186,47
100329,OVIEDO MEDICAL CENTER,8300 RED BUG LAKE RD,(407) 890-2100,Acute Care Hospitals,Proprietary,212,21
100329,OVIEDO MEDICAL CENTER,8300 RED BUG LAKE RD,(407) 890-2100,Acute Care Hospitals,Proprietary,147,86
100329,OVIEDO MEDICAL CENTER,8300 RED BUG LAKE RD,(407) 890-2100,Acute Care Hospitals,Proprietary,168,65
100329,OVIEDO MEDICAL CENTER,8300 RED BUG LAKE RD,(407) 890-2100,Acute Care Hospitals,Proprietary,159,74
100329,OVIEDO MEDICAL CENTER,8300 RED BUG LAKE RD,(407) 890-2100,Acute Care Hospitals,Proprietary,167,66
100329,OVIEDO MEDICAL CENTER,8300 RED BUG LAKE RD,(407) 890-2100,Acute Care Hospitals,Proprietary,210,23
100329,OVIEDO MEDICAL CENTER,8300 RED BUG LAKE RD,(407) 890-2100,Acute Care Hospitals,Proprietary,172,61
100329,OVIEDO MEDICAL CENTER,8300 RED BUG LAKE RD,(407) 890-2100,Acute Care Hospitals,Proprietary,150,83
100329,OVIEDO MEDICAL CENTER,8300 RED BUG LAKE RD,(407) 890-2100,Acute Care Hospitals,Proprietary,161,72
100329,OVIEDO MEDICAL CENTER,8300 RED BUG LAKE RD,(407) 890-2100,Acute Care Hospitals,Proprietary,188,45
100329,OVIEDO MEDICAL CENTER,8300 RED BUG LAKE RD,(407) 890-2100,Acute Care Hospitals,Proprietary,144,89
100329,OVIEDO MEDICAL CENTER,8300 RED BUG LAKE RD,(407) 890-2100,Acute Care Hospitals,Proprietary,171,62
100329,OVIEDO MEDICAL CENTER,8300 RED BUG LAKE RD,(407) 890-2100,Acute Care Hospitals,Proprietary,219,14
100329,OVIEDO MEDICAL CENTER,8300 RED BUG LAKE RD,(407) 890-2100,Acute Care Hospitals,Proprietary,201,32
100329,OVIEDO MEDICAL CENTER,8300 RED BUG LAKE RD,(407) 890-2100,Acute Care Hospitals,Proprietary,208,25
100329,OVIEDO MEDICAL CENTER,8300 RED BUG LAKE RD,(407) 890-2100,Acute Care Hospitals,Proprietary,172,61
100329,OVIEDO MEDICAL CENTER,8300 RED BUG LAKE RD,(407) 890-2100,Acute Care Hospitals,Proprietary,143,90
100329,OVIEDO MEDICAL CENTER,8300 RED BUG LAKE RD,(407) 890-2100,Acute Care Hospitals,Proprietary,207,26
100329,OVIEDO MEDICAL CENTER,8300 RED BUG LAKE RD,(407) 890-2100,Acute Care Hospitals,Proprietary,173,60
100329,OVIEDO MEDICAL CENTER,8300 RED BUG LAKE RD,(407) 890-2100,Acute Care Hospitals,Proprietary,142,91
100329,OVIEDO MEDICAL CENTER,8300 RED BUG LAKE RD,(407) 890-2100,Acute Care Hospitals,Proprietary,146,87
100329,OVIEDO MEDICAL CENTER,8300 RED BUG LAKE RD,(407) 890-2100,Acute Care Hospitals,Proprietary,176,57
100329,OVIEDO MEDICAL CENTER,8300 RED BUG LAKE RD,(407) 890-2100,Acute Care Hospitals,Proprietary,143,90
100329,OVIEDO MEDICAL CENTER,8300 RED BUG LAKE RD,(407) 890-2100,Acute Care Hospitals,Proprietary,183,50
100329,OVIEDO MEDICAL CENTER,8300 RED BUG LAKE RD,(407) 890-2100,Acute Care Hospitals,Proprietary,142,91
100329,OVIEDO MEDICAL CENTER,8300 RED BUG LAKE RD,(407) 890-2100,Acute Care Hospitals,Proprietary,194,39
100329,OVIEDO MEDICAL CENTER,8300 RED BUG LAKE RD,(407) 890-2100,Acute Care Hospitals,Proprietary,218,15
100329,OVIEDO MEDICAL CENTER,8300 RED BUG LAKE RD,(407) 890-2100,Acute Care Hospitals,Proprietary,196,37
100329,OVIEDO MEDICAL CENTER,8300 RED BUG LAKE RD,(407) 890-2100,Acute Care Hospitals,Proprietary,159,74
100329,OVIEDO MEDICAL CENTER,8300 RED BUG LAKE RD,(407) 890-2100,Acute Care Hospitals,Proprietary,140,93
100329,OVIEDO MEDICAL CENTER,8300 RED BUG LAKE RD,(407) 890-2100,Acute Care Hospitals,Proprietary,168,65
100329,OVIEDO MEDICAL CENTER,8300 RED BUG LAKE RD,(407) 890-2100,Acute Care Hospitals,Proprietary,145,88
100329,OVIEDO MEDICAL CENTER,8300 RED BUG LAKE RD,(407) 890-2100,Acute Care Hospitals,Proprietary,143,90
100329,OVIEDO MEDICAL CENTER,8300 RED BUG LAKE RD,(407) 890-2100,Acute Care Hospitals,Proprietary,190,43
100329,OVIEDO MEDICAL CENTER,8300 RED BUG LAKE RD,(407) 890-2100,Acute Care Hospitals,Proprietary,155,78
100329,OVIEDO MEDICAL CENTER,8300 RED BUG LAKE RD,(407) 890-2100,Acute Care Hospitals,Proprietary,205,28
100329,OVIEDO MEDICAL CENTER,8300 RED BUG LAKE RD,(407) 890-2100,Acute Care Hospitals,Proprietary,160,73
100329,OVIEDO MEDICAL CENTER,8300 RED BUG LAKE RD,(407) 890-2100,Acute Care Hospitals,Proprietary,186,47
100329,OVIEDO MEDICAL CENTER,8300 RED BUG LAKE RD,(407) 890-2100,Acute Care Hospitals,Proprietary,143,90
100329,OVIEDO MEDICAL CENTER,8300 RED BUG LAKE RD,(407) 890-2100,Acute Care Hospitals,Proprietary,218,15
100329,OVIEDO MEDICAL CENTER,8300 RED BUG LAKE RD,(407) 890-2100,Acute Care Hospitals,Proprietary,201,32
100329,OVIEDO MEDICAL CENTER,8300 RED BUG LAKE RD,(407) 890-2100,Acute Care Hospitals,Proprietary,149,84
100329,OVIEDO MEDICAL CENTER,8300 RED BUG LAKE RD,(407) 890-2100,Acute Care Hospitals,Proprietary,178,55
100329,OVIEDO MEDICAL CENTER,8300 RED BUG LAKE RD,(407) 890-2100,Acute Care Hospitals,Proprietary,177,56
100329,OVIEDO MEDICAL CENTER,8300 RED BUG LAKE RD,(407) 890-2100,Acute Care Hospitals,Proprietary,160,73
100329,OVIEDO MEDICAL CENTER,8300 RED BUG LAKE RD,(407) 890-2100,Acute Care Hospitals,Proprietary,170,63
100329,OVIEDO MEDICAL CENTER,8300 RED BUG LAKE RD,(407) 890-2100,Acute Care Hospitals,Proprietary,167,66
100329,OVIEDO MEDICAL CENTER,8300 RED BUG LAKE RD,(407) 890-2100,Acute Care Hospitals,Proprietary,186,47
100329,OVIEDO MEDICAL CENTER,8300 RED BUG LAKE RD,(407) 890-2100,Acute Care Hospitals,Proprietary,176,57
