Facility ID,Facility Name,Address,Telephone Number,Hospital Type,Hospital Ownership,Active Beds,Inactive Beds
10052,LAKE MARTIN COMMUNITY HOSPITAL,201 MARIARDEN ROAD,(256) 825-7821,Acute Care Hospitals,Proprietary,250,163
10052,LAKE MARTIN COMMUNITY HOSPITAL,201 MARIARDEN ROAD,(256) 825-7821,Acute Care Hospitals,Proprietary,281,132
10052,LAKE MARTIN COMMUNITY HOSPITAL,201 MARIARDEN ROAD,(256) 825-7821,Acute Care Hospitals,Proprietary,288,125
10052,LAKE MARTIN COMMUNITY HOSPITAL,201 MARIARDEN ROAD,(256) 825-7821,Acute Care Hospitals,Proprietary,263,150
10052,LAKE MARTIN COMMUNITY HOSPITAL,201 MARIARDEN ROAD,(256) 825-7821,Acute Care Hospitals,Proprietary,339,74
10052,LAKE MARTIN COMMUNITY HOSPITAL,201 MARIARDEN ROAD,(256) 825-7821,Acute Care Hospitals,Proprietary,282,131
10052,LAKE MARTIN COMMUNITY HOSPITAL,201 MARIARDEN ROAD,(256) 825-7821,Acute Care Hospitals,Proprietary,287,126
10052,LAKE MARTIN COMMUNITY HOSPITAL,201 MARIARDEN ROAD,(256) 825-7821,Acute Care Hospitals,Proprietary,377,36
10052,LAKE MARTIN COMMUNITY HOSPITAL,201 MARIARDEN ROAD,(256) 825-7821,Acute Care Hospitals,Proprietary,315,98
10052,LAKE MARTIN COMMUNITY HOSPITAL,201 MARIARDEN ROAD,(256) 825-7821,Acute Care Hospitals,Proprietary,304,109
10052,LAKE MARTIN COMMUNITY HOSPITAL,201 MARIARDEN ROAD,(256) 825-7821,Acute Care Hospitals,Proprietary,352,61
10052,LAKE MARTIN COMMUNITY HOSPITAL,201 MARIARDEN ROAD,(256) 825-7821,Acute Care Hospitals,Proprietary,379,34
10052,LAKE MARTIN COMMUNITY HOSPITAL,201 MARIARDEN ROAD,(256) 825-7821,Acute Care Hospitals,Proprietary,251,162
10052,LAKE MARTIN COMMUNITY HOSPITAL,201 MARIARDEN ROAD,(256) 825-7821,Acute Care Hospitals,Proprietary,312,101
10052,LAKE MARTIN COMMUNITY HOSPITAL,201 MARIARDEN ROAD,(256) 825-7821,Acute Care Hospitals,Proprietary,336,77
10052,LAKE MARTIN COMMUNITY HOSPITAL,201 MARIARDEN ROAD,(256) 825-7821,Acute Care Hospitals,Proprietary,293,120
10052,LAKE MARTIN COMMUNITY HOSPITAL,201 MARIARDEN ROAD,(256) 825-7821,Acute Care Hospitals,Proprietary,359,54
10052,LAKE MARTIN COMMUNITY HOSPITAL,201 MARIARDEN ROAD,(256) 825-7821,Acute Care Hospitals,Proprietary,388,25
10052,LAKE MARTIN COMMUNITY HOSPITAL,201 MARIARDEN ROAD,(256) 825-7821,Acute Care Hospitals,Proprietary,384,29
10052,LAKE MARTIN COMMUNITY HOSPITAL,201 MARIARDEN ROAD,(256) 825-7821,Acute Care Hospitals,Proprietary,286,127
10052,LAKE MARTIN COMMUNITY HOSPITAL,201 MARIARDEN ROAD,(256) 825-7821,Acute Care Hospitals,Proprietary,280,133
10052,LAKE MARTIN COMMUNITY HOSPITAL,201 MARIARDEN ROAD,(256) 825-7821,Acute Care Hospitals,Proprietary,386,27
10052,LAKE MARTIN COMMUNITY HOSPITAL,201 MARIARDEN ROAD,(256) 825-7821,Acute Care Hospitals,Proprietary,314,99
10052,LAKE MARTIN COMMUNITY HOSPITAL,201 MARIARDEN ROAD,(256) 825-7821,Acute Care Hospitals,Proprietary,277,136
10052,LAKE MARTIN COMMUNITY HOSPITAL,201 MARIARDEN ROAD,(256) 825-7821,Acute Care Hospitals,Proprietary,349,64
10052,LAKE MARTIN COMMUNITY HOSPITAL,201 MARIARDEN ROAD,(256) 825-7821,Acute Care Hospitals,Proprietary,288,125
10052,LAKE MARTIN COMMUNITY HOSPITAL,201 MARIARDEN ROAD,(256) 825-7821,Acute Care Hospitals,Proprietary,286,127
10052,LAKE MARTIN COMMUNITY HOSPITAL,201 MARIARDEN ROAD,(256) 825-7821,Acute Care Hospitals,Proprietary,374,39
10052,LAKE MARTIN COMMUNITY HOSPITAL,201 MARIARDEN ROAD,(256) 825-7821,Acute Care Hospitals,Proprietary,271,142
10052,LAKE MARTIN COMMUNITY HOSPITAL,201 MARIARDEN ROAD,(256) 825-7821,Acute Care Hospitals,Proprietary,257,156
10052,LAKE MARTIN COMMUNITY HOSPITAL,201 MARIARDEN ROAD,(256) 825-7821,Acute Care Hospitals,Proprietary,286,127
10052,LAKE MARTIN COMMUNITY HOSPITAL,201 MARIARDEN ROAD,(256) 825-7821,Acute Care Hospitals,Proprietary,335,78
10052,LAKE MARTIN COMMUNITY HOSPITAL,201 MARIARDEN ROAD,(256) 825-7821,Acute Care Hospitals,Proprietary,265,148
10052,LAKE MARTIN COMMUNITY HOSPITAL,201 MARIARDEN ROAD,(256) 825-7821,Acute Care Hospitals,Proprietary,315,98
10052,LAKE MARTIN COMMUNITY HOSPITAL,201 MARIARDEN ROAD,(256) 825-7821,Acute Care Hospitals,Proprietary,338,75
10052,LAKE MARTIN COMMUNITY HOSPITAL,201 MARIARDEN ROAD,(256) 825-7821,Acute Care Hospitals,Proprietary,370,43
10052,LAKE MARTIN COMMUNITY HOSPITAL,201 MARIARDEN ROAD,(256) 825-7821,Acute Care Hospitals,Proprietary,281,132
10052,LAKE MARTIN COMMUNITY HOSPITAL,201 MARIARDEN ROAD,(256) 825-7821,Acute Care Hospitals,Proprietary,365,48
10052,LAKE MARTIN COMMUNITY HOSPITAL,201 MARIARDEN ROAD,(256) 825-7821,Acute Care Hospitals,Proprietary,281,132
10052,LAKE MARTIN COMMUNITY HOSPITAL,201 MARIARDEN ROAD,(256) 825-7821,Acute Care Hospitals,Proprietary,345,68
10052,LAKE MARTIN COMMUNITY HOSPITAL,201 MARIARDEN ROAD,(256) 825-7821,Acute Care Hospitals,Proprietary,310,103
10052,LAKE MARTIN COMMUNITY HOSPITAL,201 MARIARDEN ROAD,(256) 825-7821,Acute Care Hospitals,Proprietary,264,149
10052,LAKE MARTIN COMMUNITY HOSPITAL,201 MARIARDEN ROAD,(256) 825-7821,Acute Care Hospitals,Proprietary,351,62
10052,LAKE MARTIN COMMUNITY HOSPITAL,201 MARIARDEN ROAD,(256) 825-7821,Acute Care Hospitals,Proprietary,279,134
10052,LAKE MARTIN COMMUNITY HOSPITAL,201 MARIARDEN ROAD,(256) 825-7821,Acute Care Hospitals,Proprietary,273,140
10052,LAKE MARTIN COMMUNITY HOSPITAL,201 MARIARDEN ROAD,(256) 825-7821,Acute Care Hospitals,Proprietary,299,114
10052,LAKE MARTIN COMMUNITY HOSPITAL,201 MARIARDEN ROAD,(256) 825-7821,Acute Care Hospitals,Proprietary,342,71
10052,LAKE MARTIN COMMUNITY HOSPITAL,201 MARIARDEN ROAD,(256) 825-7821,Acute Care Hospitals,Proprietary,281,132
10052,LAKE MARTIN COMMUNITY HOSPITAL,201 MARIARDEN ROAD,(256) 825-7821,Acute Care Hospitals,Proprietary,274,139
10052,LAKE MARTIN COMMUNITY HOSPITAL,201 MARIARDEN ROAD,(256) 825-7821,Acute Care Hospitals,Proprietary,249,164
10052,LAKE MARTIN COMMUNITY HOSPITAL,201 MARIARDEN ROAD,(256) 825-7821,Acute Care Hospitals,Proprietary,315,98
10052,LAKE MARTIN COMMUNITY HOSPITAL,201 MARIARDEN ROAD,(256) 825-7821,Acute Care Hospitals,Proprietary,309,104
10052,LAKE MARTIN COMMUNITY HOSPITAL,201 MARIARDEN ROAD,(256) 825-7821,Acute Care Hospitals,Proprietary,281,132
10052,LAKE MARTIN COMMUNITY HOSPITAL,201 MARIARDEN ROAD,(256) 825-7821,Acute Care Hospitals,Proprietary,255,158
10052,LAKE MARTIN COMMUNITY HOSPITAL,201 MARIARDEN ROAD,(256) 825-7821,Acute Care Hospitals,Proprietary,309,104
10052,LAKE MARTIN COMMUNITY HOSPITAL,201 MARIARDEN ROAD,(256) 825-7821,Acute Care Hospitals,Proprietary,361,52
10052,LAKE MARTIN COMMUNITY HOSPITAL,201 MARIARDEN ROAD,(256) 825-7821,Acute Care Hospitals,Proprietary,351,62
10052,LAKE MARTIN COMMUNITY HOSPITAL,201 MARIARDEN ROAD,(256) 825-7821,Acute Care Hospitals,Proprietary,372,41
10052,LAKE MARTIN COMMUNITY HOSPITAL,201 MARIARDEN ROAD,(256) 825-7821,Acute Care Hospitals,Proprietary,249,164
10052,LAKE MARTIN COMMUNITY HOSPITAL,201 MARIARDEN ROAD,(256) 825-7821,Acute Care Hospitals,Proprietary,387,26
10052,LAKE MARTIN COMMUNITY HOSPITAL,201 MARIARDEN ROAD,(256) 825-7821,Acute Care Hospitals,Proprietary,297,116
10052,LAKE MARTIN COMMUNITY HOSPITAL,201 MARIARDEN ROAD,(256) 825-7821,Acute Care Hospitals,Proprietary,390,23
10052,LAKE MARTIN COMMUNITY HOSPITAL,201 MARIARDEN ROAD,(256) 825-7821,Acute Care Hospitals,Proprietary,284,129
10052,LAKE MARTIN COMMUNITY HOSPITAL,201 MARIARDEN ROAD,(256) 825-7821,Acute Care Hospitals,Proprietary,315,98
10052,LAKE MARTIN COMMUNITY HOSPITAL,201 MARIARDEN ROAD,(256) 825-7821,Acute Care Hospitals,Proprietary,298,115
10052,LAKE MARTIN COMMUNITY HOSPITAL,201 MARIARDEN ROAD,(256) 825-7821,Acute Care Hospitals,Proprietary,299,114
10052,LAKE MARTIN COMMUNITY HOSPITAL,201 MARIARDEN ROAD,(256) 825-7821,Acute Care Hospitals,Proprietary,369,44
10052,LAKE MARTIN COMMUNITY HOSPITAL,201 MARIARDEN ROAD,(256) 825-7821,Acute Care Hospitals,Proprietary,355,58
10052,LAKE MARTIN COMMUNITY HOSPITAL,201 MARIARDEN ROAD,(256) 825-7821,Acute Care Hospitals,Proprietary,391,22
10052,LAKE MARTIN COMMUNITY HOSPITAL,201 MARIARDEN ROAD,(256) 825-7821,Acute Care Hospitals,Proprietary,336,77
10052,LAKE MARTIN COMMUNITY HOSPITAL,201 MARIARDEN ROAD,(256) 825-7821,Acute Care Hospitals,Proprietary,314,99
10052,LAKE MARTIN COMMUNITY HOSPITAL,201 MARIARDEN ROAD,(256) 825-7821,Acute Care Hospitals,Proprietary,260,153
10052,LAKE MARTIN COMMUNITY HOSPITAL,201 MARIARDEN ROAD,(256) 825-7821,Acute Care Hospitals,Proprietary,391,22
10052,LAKE MARTIN COMMUNITY HOSPITAL,201 MARIARDEN ROAD,(256) 825-7821,Acute Care Hospitals,Proprietary,327,86
10052,LAKE MARTIN COMMUNITY HOSPITAL,201 MARIARDEN ROAD,(256) 825-7821,Acute Care Hospitals,Proprietary,349,64
10052,LAKE MARTIN COMMUNITY HOSPITAL,201 MARIARDEN ROAD,(256) 825-7821,Acute Care Hospitals,Proprietary,306,107
10052,LAKE MARTIN COMMUNITY HOSPITAL,201 MARIARDEN ROAD,(256) 825-7821,Acute Care Hospitals,Proprietary,326,87
10052,LAKE MARTIN COMMUNITY HOSPITAL,201 MARIARDEN ROAD,(256) 825-7821,Acute Care Hospitals,Proprietary,384,29
10052,LAKE MARTIN COMMUNITY HOSPITAL,201 MARIARDEN ROAD,(256) 825-7821,Acute Care Hospitals,Proprietary,271,142
10052,LAKE MARTIN COMMUNITY HOSPITAL,201 MARIARDEN ROAD,(256) 825-7821,Acute Care Hospitals,Proprietary,290,123
10052,LAKE MARTIN COMMUNITY HOSPITAL,201 MARIARDEN ROAD,(256) 825-7821,Acute Care Hospitals,Proprietary,269,144
10052,LAKE MARTIN COMMUNITY HOSPITAL,201 MARIARDEN ROAD,(256) 825-7821,Acute Care Hospitals,Proprietary,362,51
10052,LAKE MARTIN COMMUNITY HOSPITAL,201 MARIARDEN ROAD,(256) 825-7821,Acute Care Hospitals,Proprietary,256,157
10052,LAKE MARTIN COMMUNITY HOSPITAL,201 MARIARDEN ROAD,(256) 825-7821,Acute Care Hospitals,Proprietary,259,154
10052,LAKE MARTIN COMMUNITY HOSPITAL,201 MARIARDEN ROAD,(256) 825-7821,Acute Care Hospitals,Proprietary,290,123
10052,LAKE MARTIN COMMUNITY HOSPITAL,201 MARIARDEN ROAD,(256) 825-7821,Acute Care Hospitals,Proprietary,322,91
10052,LAKE MARTIN COMMUNITY HOSPITAL,201 MARIARDEN ROAD,(256) 825-7821,Acute Care Hospitals,Proprietary,306,107
10052,LAKE MARTIN COMMUNITY HOSPITAL,201 MARIARDEN ROAD,(256) 825-7821,Acute Care Hospitals,Proprietary,254,159
10052,LAKE MARTIN COMMUNITY HOSPITAL,201 MARIARDEN ROAD,(256) 825-7821,Acute Care Hospitals,Proprietary,386,27
10052,LAKE MARTIN COMMUNITY HOSPITAL,201 MARIARDEN ROAD,(256) 825-7821,Acute Care Hospitals,Proprietary,385,28
10052,LAKE MARTIN COMMUNITY HOSPITAL,201 MARIARDEN ROAD,(256) 825-7821,Acute Care Hospitals,Proprietary,288,125
10052,LAKE MARTIN COMMUNITY HOSPITAL,201 MARIARDEN ROAD,(256) 825-7821,Acute Care Hospitals,Proprietary,353,60
10052,LAKE MARTIN COMMUNITY HOSPITAL,201 MARIARDEN ROAD,(256) 825-7821,Acute Care Hospitals,Proprietary,331,82
10052,LAKE MARTIN COMMUNITY HOSPITAL,201 MARIARDEN ROAD,(256) 825-7821,Acute Care Hospitals,Proprietary,282,131
10052,LAKE MARTIN COMMUNITY HOSPITAL,201 MARIARDEN ROAD,(256) 825-7821,Acute Care Hospitals,Proprietary,285,128
10052,LAKE MARTIN COMMUNITY HOSPITAL,201 MARIARDEN ROAD,(256) 825-7821,Acute Care Hospitals,Proprietary,318,95
10052,LAKE MARTIN COMMUNITY HOSPITAL,201 MARIARDEN ROAD,(256) 825-7821,Acute Care Hospitals,Proprietary,308,105
10052,LAKE MARTIN COMMUNITY HOSPITAL,201 MARIARDEN ROAD,(256) 825-7821,Acute Care Hospitals,Proprietary,289,124
10052,LAKE MARTIN COMMUNITY HOSPITAL,201 MARIARDEN ROAD,(256) 825-7821,Acute Care Hospitals,Proprietary,364,49
10052,LAKE MARTIN COMMUNITY HOSPITAL,201 MARIARDEN ROAD,(256) 825-7821,Acute Care Hospitals,Proprietary,317,96
10052,LAKE MARTIN COMMUNITY HOSPITAL,201 MARIARDEN ROAD,(256) 825-7821,Acute Care Hospitals,Proprietary,342,71
10052,LAKE MARTIN COMMUNITY HOSPITAL,201 MARIARDEN ROAD,(256) 825-7821,Acute Care Hospitals,Proprietary,275,138
10052,LAKE MARTIN COMMUNITY HOSPITAL,201 MARIARDEN ROAD,(256) 825-7821,Acute Care Hospitals,Proprietary,324,89
10052,LAKE MARTIN COMMUNITY HOSPITAL,201 MARIARDEN ROAD,(256) 825-7821,Acute Care Hospitals,Proprietary,293,120
10052,LAKE MARTIN COMMUNITY HOSPITAL,201 MARIARDEN ROAD,(256) 825-7821,Acute Care Hospitals,Proprietary,323,90
10052,LAKE MARTIN COMMUNITY HOSPITAL,201 MARIARDEN ROAD,(256) 825-7821,Acute Care Hospitals,Proprietary,360,53
10052,LAKE MARTIN COMMUNITY HOSPITAL,201 MARIARDEN ROAD,(256) 825-7821,Acute Care Hospitals,Proprietary,358,55
10052,LAKE MARTIN COMMUNITY HOSPITAL,201 MARIARDEN ROAD,(256) 825-7821,Acute Care Hospitals,Proprietary,299,114
10052,LAKE MARTIN COMMUNITY HOSPITAL,201 MARIARDEN ROAD,(256) 825-7821,Acute Care Hospitals,Proprietary,348,65
10052,LAKE MARTIN COMMUNITY HOSPITAL,201 MARIARDEN ROAD,(256) 825-7821,Acute Care Hospitals,Proprietary,383,30
10052,LAKE MARTIN COMMUNITY HOSPITAL,201 MARIARDEN ROAD,(256) 825-7821,Acute Care Hospitals,Proprietary,338,75
10052,LAKE MARTIN COMMUNITY HOSPITAL,201 MARIARDEN ROAD,(256) 825-7821,Acute Care Hospitals,Proprietary,269,144
10052,LAKE MARTIN COMMUNITY HOSPITAL,201 MARIARDEN ROAD,(256) 825-7821,Acute Care Hospitals,Proprietary,346,67
10052,LAKE MARTIN COMMUNITY HOSPITAL,201 MARIARDEN ROAD,(256) 825-7821,Acute Care Hospitals,Proprietary,262,151
10052,LAKE MARTIN COMMUNITY HOSPITAL,201 MARIARDEN ROAD,(256) 825-7821,Acute Care Hospitals,Proprietary,373,40
10052,LAKE MARTIN COMMUNITY HOSPITAL,201 MARIARDEN ROAD,(256) 825-7821,Acute Care Hospitals,Proprietary,322,91
10052,LAKE MARTIN COMMUNITY HOSPITAL,201 MARIARDEN ROAD,(256) 825-7821,Acute Care Hospitals,Proprietary,303,110
10052,LAKE MARTIN COMMUNITY HOSPITAL,201 MARIARDEN ROAD,(256) 825-7821,Acute Care Hospitals,Proprietary,256,157
10052,LAKE MARTIN COMMUNITY HOSPITAL,201 MARIARDEN ROAD,(256) 825-7821,Acute Care Hospitals,Proprietary,302,111
10052,LAKE MARTIN COMMUNITY HOSPITAL,201 MARIARDEN ROAD,(256) 825-7821,Acute Care Hospitals,Proprietary,378,35
10052,LAKE MARTIN COMMUNITY HOSPITAL,201 MARIARDEN ROAD,(256) 825-7821,Acute Care Hospitals,Proprietary,250,163
10052,LAKE MARTIN COMMUNITY HOSPITAL,201 MARIARDEN ROAD,(256) 825-7821,Acute Care Hospitals,Proprietary,316,97
10052,LAKE MARTIN COMMUNITY HOSPITAL,201 MARIARDEN ROAD,(256) 825-7821,Acute Care Hospitals,Proprietary,382,31
10052,LAKE MARTIN COMMUNITY HOSPITAL,201 MARIARDEN ROAD,(256) 825-7821,Acute Care Hospitals,Proprietary,304,109
10052,LAKE MARTIN COMMUNITY HOSPITAL,201 MARIARDEN ROAD,(256) 825-7821,Acute Care Hospitals,Proprietary,309,104
10052,LAKE MARTIN COMMUNITY HOSPITAL,201 MARIARDEN ROAD,(256) 825-7821,Acute Care Hospitals,Proprietary,331,82
10052,LAKE MARTIN COMMUNITY HOSPITAL,201 MARIARDEN ROAD,(256) 825-7821,Acute Care Hospitals,Proprietary,314,99
10052,LAKE MARTIN COMMUNITY HOSPITAL,201 MARIARDEN ROAD,(256) 825-7821,Acute Care Hospitals,Proprietary,272,141
10052,LAKE MARTIN COMMUNITY HOSPITAL,201 MARIARDEN ROAD,(256) 825-7821,Acute Care Hospitals,Proprietary,250,163
10052,LAKE MARTIN COMMUNITY HOSPITAL,201 MARIARDEN ROAD,(256) 825-7821,Acute Care Hospitals,Proprietary,335,78
10052,LAKE MARTIN COMMUNITY HOSPITAL,201 MARIARDEN ROAD,(256) 825-7821,Acute Care Hospitals,Proprietary,380,33
10052,LAKE MARTIN COMMUNITY HOSPITAL,201 MARIARDEN ROAD,(256) 825-7821,Acute Care Hospitals,Proprietary,263,150
10052,LAKE MARTIN COMMUNITY HOSPITAL,201 MARIARDEN ROAD,(256) 825-7821,Acute Care Hospitals,Proprietary,278,135
10052,LAKE MARTIN COMMUNITY HOSPITAL,201 MARIARDEN ROAD,(256) 825-7821,Acute Care Hospitals,Proprietary,301,112
10052,LAKE MARTIN COMMUNITY HOSPITAL,201 MARIARDEN ROAD,(256) 825-7821,Acute Care Hospitals,Proprietary,364,49
10052,LAKE MARTIN COMMUNITY HOSPITAL,201 MARIARDEN ROAD,(256) 825-7821,Acute Care Hospitals,Proprietary,286,127
10052,LAKE MARTIN COMMUNITY HOSPITAL,201 MARIARDEN ROAD,(256) 825-7821,Acute Care Hospitals,Proprietary,375,38
10052,LAKE MARTIN COMMUNITY HOSPITAL,201 MARIARDEN ROAD,(256) 825-7821,Acute Care Hospitals,Proprietary,255,158
10052,LAKE MARTIN COMMUNITY HOSPITAL,201 MARIARDEN ROAD,(256) 825-7821,Acute Care Hospitals,Proprietary,383,30
10052,LAKE MARTIN COMMUNITY HOSPITAL,201 MARIARDEN ROAD,(256) 825-7821,Acute Care Hospitals,Proprietary,328,85
10052,LAKE MARTIN COMMUNITY HOSPITAL,201 MARIARDEN ROAD,(256) 825-7821,Acute Care Hospitals,Proprietary,343,70
10052,LAKE MARTIN COMMUNITY HOSPITAL,201 MARIARDEN ROAD,(256) 825-7821,Acute Care Hospitals,Proprietary,300,113
10052,LAKE MARTIN COMMUNITY HOSPITAL,201 MARIARDEN ROAD,(256) 825-7821,Acute Care Hospitals,Proprietary,360,53
10052,LAKE MARTIN COMMUNITY HOSPITAL,201 MARIARDEN ROAD,(256) 825-7821,Acute Care Hospitals,Proprietary,271,142
10052,LAKE MARTIN COMMUNITY HOSPITAL,201 MARIARDEN ROAD,(256) 825-7821,Acute Care Hospitals,Proprietary,254,159
10052,LAKE MARTIN COMMUNITY HOSPITAL,201 MARIARDEN ROAD,(256) 825-7821,Acute Care Hospitals,Proprietary,304,109
10052,LAKE MARTIN COMMUNITY HOSPITAL,201 MARIARDEN ROAD,(256) 825-7821,Acute Care Hospitals,Proprietary,371,42
10052,LAKE MARTIN COMMUNITY HOSPITAL,201 MARIARDEN ROAD,(256) 825-7821,Acute Care Hospitals,Proprietary,356,57
10052,LAKE MARTIN COMMUNITY HOSPITAL,201 MARIARDEN ROAD,(256) 825-7821,Acute Care Hospitals,Proprietary,322,91
10052,LAKE MARTIN COMMUNITY HOSPITAL,201 MARIARDEN ROAD,(256) 825-7821,Acute Care Hospitals,Proprietary,330,83
10052,LAKE MARTIN COMMUNITY HOSPITAL,201 MARIARDEN ROAD,(256) 825-7821,Acute Care Hospitals,Proprietary,266,147
10052,LAKE MARTIN COMMUNITY HOSPITAL,201 MARIARDEN ROAD,(256) 825-7821,Acute Care Hospitals,Proprietary,369,44
10052,LAKE MARTIN COMMUNITY HOSPITAL,201 MARIARDEN ROAD,(256) 825-7821,Acute Care Hospitals,Proprietary,361,52
10052,LAKE MARTIN COMMUNITY HOSPITAL,201 MARIARDEN ROAD,(256) 825-7821,Acute Care Hospitals,Proprietary,342,71
10052,LAKE MARTIN COMMUNITY HOSPITAL,201 MARIARDEN ROAD,(256) 825-7821,Acute Care Hospitals,Proprietary,315,98
10052,LAKE MARTIN COMMUNITY HOSPITAL,201 MARIARDEN ROAD,(256) 825-7821,Acute Care Hospitals,Proprietary,387,26
10052,LAKE MARTIN COMMUNITY HOSPITAL,201 MARIARDEN ROAD,(256) 825-7821,Acute Care Hospitals,Proprietary,374,39
10052,LAKE MARTIN COMMUNITY HOSPITAL,201 MARIARDEN ROAD,(256) 825-7821,Acute Care Hospitals,Proprietary,340,73
10052,LAKE MARTIN COMMUNITY HOSPITAL,201 MARIARDEN ROAD,(256) 825-7821,Acute Care Hospitals,Proprietary,301,112
10052,LAKE MARTIN COMMUNITY HOSPITAL,201 MARIARDEN ROAD,(256) 825-7821,Acute Care Hospitals,Proprietary,337,76
10052,LAKE MARTIN COMMUNITY HOSPITAL,201 MARIARDEN ROAD,(256) 825-7821,Acute Care Hospitals,Proprietary,330,83
10052,LAKE MARTIN COMMUNITY HOSPITAL,201 MARIARDEN ROAD,(256) 825-7821,Acute Care Hospitals,Proprietary,304,109
10052,LAKE MARTIN COMMUNITY HOSPITAL,201 MARIARDEN ROAD,(256) 825-7821,Acute Care Hospitals,Proprietary,292,121
10052,LAKE MARTIN COMMUNITY HOSPITAL,201 MARIARDEN ROAD,(256) 825-7821,Acute Care Hospitals,Proprietary,306,107
10052,LAKE MARTIN COMMUNITY HOSPITAL,201 MARIARDEN ROAD,(256) 825-7821,Acute Care Hospitals,Proprietary,330,83
10052,LAKE MARTIN COMMUNITY HOSPITAL,201 MARIARDEN ROAD,(256) 825-7821,Acute Care Hospitals,Proprietary,309,104
10052,LAKE MARTIN COMMUNITY HOSPITAL,201 MARIARDEN ROAD,(256) 825-7821,Acute Care Hospitals,Proprietary,285,128
10052,LAKE MARTIN COMMUNITY HOSPITAL,201 MARIARDEN ROAD,(256) 825-7821,Acute Care Hospitals,Proprietary,357,56
10052,LAKE MARTIN COMMUNITY HOSPITAL,201 MARIARDEN ROAD,(256) 825-7821,Acute Care Hospitals,Proprietary,324,89
10052,LAKE MARTIN COMMUNITY HOSPITAL,201 MARIARDEN ROAD,(256) 825-7821,Acute Care Hospitals,Proprietary,257,156
10052,LAKE MARTIN COMMUNITY HOSPITAL,201 MARIARDEN ROAD,(256) 825-7821,Acute Care Hospitals,Proprietary,301,112
10052,LAKE MARTIN COMMUNITY HOSPITAL,201 MARIARDEN ROAD,(256) 825-7821,Acute Care Hospitals,Proprietary,375,38
10052,LAKE MARTIN COMMUNITY HOSPITAL,201 MARIARDEN ROAD,(256) 825-7821,Acute Care Hospitals,Proprietary,356,57
10052,LAKE MARTIN COMMUNITY HOSPITAL,201 MARIARDEN ROAD,(256) 825-7821,Acute Care Hospitals,Proprietary,294,119
10052,LAKE MARTIN COMMUNITY HOSPITAL,201 MARIARDEN ROAD,(256) 825-7821,Acute Care Hospitals,Proprietary,383,30
10052,LAKE MARTIN COMMUNITY HOSPITAL,201 MARIARDEN ROAD,(256) 825-7821,Acute Care Hospitals,Proprietary,258,155
10052,LAKE MARTIN COMMUNITY HOSPITAL,201 MARIARDEN ROAD,(256) 825-7821,Acute Care Hospitals,Proprietary,386,27
10052,LAKE MARTIN COMMUNITY HOSPITAL,201 MARIARDEN ROAD,(256) 825-7821,Acute Care Hospitals,Proprietary,283,130
10052,LAKE MARTIN COMMUNITY HOSPITAL,201 MARIARDEN ROAD,(256) 825-7821,Acute Care Hospitals,Proprietary,249,164
10052,LAKE MARTIN COMMUNITY HOSPITAL,201 MARIARDEN ROAD,(256) 825-7821,Acute Care Hospitals,Proprietary,310,103
10052,LAKE MARTIN COMMUNITY HOSPITAL,201 MARIARDEN ROAD,(256) 825-7821,Acute Care Hospitals,Proprietary,299,114
10052,LAKE MARTIN COMMUNITY HOSPITAL,201 MARIARDEN ROAD,(256) 825-7821,Acute Care Hospitals,Proprietary,325,88
10052,LAKE MARTIN COMMUNITY HOSPITAL,201 MARIARDEN ROAD,(256) 825-7821,Acute Care Hospitals,Proprietary,362,51
10052,LAKE MARTIN COMMUNITY HOSPITAL,201 MARIARDEN ROAD,(256) 825-7821,Acute Care Hospitals,Proprietary,369,44
10052,LAKE MARTIN COMMUNITY HOSPITAL,201 MARIARDEN ROAD,(256) 825-7821,Acute Care Hospitals,Proprietary,305,108
10052,LAKE MARTIN COMMUNITY HOSPITAL,201 MARIARDEN ROAD,(256) 825-7821,Acute Care Hospitals,Proprietary,309,104
10052,LAKE MARTIN COMMUNITY HOSPITAL,201 MARIARDEN ROAD,(256) 825-7821,Acute Care Hospitals,Proprietary,269,144
10052,LAKE MARTIN COMMUNITY HOSPITAL,201 MARIARDEN ROAD,(256) 825-7821,Acute Care Hospitals,Proprietary,254,159
10052,LAKE MARTIN COMMUNITY HOSPITAL,201 MARIARDEN ROAD,(256) 825-7821,Acute Care Hospitals,Proprietary,340,73
10052,LAKE MARTIN COMMUNITY HOSPITAL,201 MARIARDEN ROAD,(256) 825-7821,Acute Care Hospitals,Proprietary,257,156
10052,LAKE MARTIN COMMUNITY HOSPITAL,201 MARIARDEN ROAD,(256) 825-7821,Acute Care Hospitals,Proprietary,353,60
10052,LAKE MARTIN COMMUNITY HOSPITAL,201 MARIARDEN ROAD,(256) 825-7821,Acute Care Hospitals,Proprietary,325,88
10052,LAKE MARTIN COMMUNITY HOSPITAL,201 MARIARDEN ROAD,(256) 825-7821,Acute Care Hospitals,Proprietary,276,137
10052,LAKE MARTIN COMMUNITY HOSPITAL,201 MARIARDEN ROAD,(256) 825-7821,Acute Care Hospitals,Proprietary,325,88
10052,LAKE MARTIN COMMUNITY HOSPITAL,201 MARIARDEN ROAD,(256) 825-7821,Acute Care Hospitals,Proprietary,274,139
10052,LAKE MARTIN COMMUNITY HOSPITAL,201 MARIARDEN ROAD,(256) 825-7821,Acute Care Hospitals,Proprietary,311,102
10052,LAKE MARTIN COMMUNITY HOSPITAL,201 MARIARDEN ROAD,(256) 825-7821,Acute Care Hospitals,Proprietary,363,50
10052,LAKE MARTIN COMMUNITY HOSPITAL,201 MARIARDEN ROAD,(256) 825-7821,Acute Care Hospitals,Proprietary,314,99
10052,LAKE MARTIN COMMUNITY HOSPITAL,201 MARIARDEN ROAD,(256) 825-7821,Acute Care Hospitals,Proprietary,269,144
10052,LAKE MARTIN COMMUNITY HOSPITAL,201 MARIARDEN ROAD,(256) 825-7821,Acute Care Hospitals,Proprietary,352,61
10052,LAKE MARTIN COMMUNITY HOSPITAL,201 MARIARDEN ROAD,(256) 825-7821,Acute Care Hospitals,Proprietary,274,139
10052,LAKE MARTIN COMMUNITY HOSPITAL,201 MARIARDEN ROAD,(256) 825-7821,Acute Care Hospitals,Proprietary,354,59
10052,LAKE MARTIN COMMUNITY HOSPITAL,201 MARIARDEN ROAD,(256) 825-7821,Acute Care Hospitals,Proprietary,317,96
10052,LAKE MARTIN COMMUNITY HOSPITAL,201 MARIARDEN ROAD,(256) 825-7821,Acute Care Hospitals,Proprietary,313,100
10052,LAKE MARTIN COMMUNITY HOSPITAL,201 MARIARDEN ROAD,(256) 825-7821,Acute Care Hospitals,Proprietary,370,43
10052,LAKE MARTIN COMMUNITY HOSPITAL,201 MARIARDEN ROAD,(256) 825-7821,Acute Care Hospitals,Proprietary,350,63
10052,LAKE MARTIN COMMUNITY HOSPITAL,201 MARIARDEN ROAD,(256) 825-7821,Acute Care Hospitals,Proprietary,252,161
10052,LAKE MARTIN COMMUNITY HOSPITAL,201 MARIARDEN ROAD,(256) 825-7821,Acute Care Hospitals,Proprietary,290,123
10052,LAKE MARTIN COMMUNITY HOSPITAL,201 MARIARDEN ROAD,(256) 825-7821,Acute Care Hospitals,Proprietary,373,40
10052,LAKE MARTIN COMMUNITY HOSPITAL,201 MARIARDEN ROAD,(256) 825-7821,Acute Care Hospitals,Proprietary,250,163
10052,LAKE MARTIN COMMUNITY HOSPITAL,201 MARIARDEN ROAD,(256) 825-7821,Acute Care Hospitals,Proprietary,326,87
10052,LAKE MARTIN COMMUNITY HOSPITAL,201 MARIARDEN ROAD,(256) 825-7821,Acute Care Hospitals,Proprietary,353,60
10052,LAKE MARTIN COMMUNITY HOSPITAL,201 MARIARDEN ROAD,(256) 825-7821,Acute Care Hospitals,Proprietary,337,76
10052,LAKE MARTIN COMMUNITY HOSPITAL,201 MARIARDEN ROAD,(256) 825-7821,Acute Care Hospitals,Proprietary,357,56
10052,LAKE MARTIN COMMUNITY HOSPITAL,201 MARIARDEN ROAD,(256) 825-7821,Acute Care Hospitals,Proprietary,352,61
10052,LAKE MARTIN COMMUNITY HOSPITAL,201 MARIARDEN ROAD,(256) 825-7821,Acute Care Hospitals,Proprietary,347,66
10052,LAKE MARTIN COMMUNITY HOSPITAL,201 MARIARDEN ROAD,(256) 825-7821,Acute Care Hospitals,Proprietary,366,47
10052,LAKE MARTIN COMMUNITY HOSPITAL,201 MARIARDEN ROAD,(256) 825-7821,Acute Care Hospitals,Proprietary,341,72
10052,LAKE MARTIN COMMUNITY HOSPITAL,201 MARIARDEN ROAD,(256) 825-7821,Acute Care Hospitals,Proprietary,305,108
10052,LAKE MARTIN COMMUNITY HOSPITAL,201 MARIARDEN ROAD,(256) 825-7821,Acute Care Hospitals,Proprietary,316,97
10052,LAKE MARTIN COMMUNITY HOSPITAL,201 MARIARDEN ROAD,(256) 825-7821,Acute Care Hospitals,Proprietary,351,62
10052,LAKE MARTIN COMMUNITY HOSPITAL,201 MARIARDEN ROAD,(256) 825-7821,Acute Care Hospitals,Proprietary,374,39
10052,LAKE MARTIN COMMUNITY HOSPITAL,201 MARIARDEN ROAD,(256) 825-7821,Acute Care Hospitals,Proprietary,287,126
10052,LAKE MARTIN COMMUNITY HOSPITAL,201 MARIARDEN ROAD,(256) 825-7821,Acute Care Hospitals,Proprietary,297,116
10052,LAKE MARTIN COMMUNITY HOSPITAL,201 MARIARDEN ROAD,(256) 825-7821,Acute Care Hospitals,Proprietary,382,31
10052,LAKE MARTIN COMMUNITY HOSPITAL,201 MARIARDEN ROAD,(256) 825-7821,Acute Care Hospitals,Proprietary,331,82
10052,LAKE MARTIN COMMUNITY HOSPITAL,201 MARIARDEN ROAD,(256) 825-7821,Acute Care Hospitals,Proprietary,273,140
10052,LAKE MARTIN COMMUNITY HOSPITAL,201 MARIARDEN ROAD,(256) 825-7821,Acute Care Hospitals,Proprietary,343,70
10052,LAKE MARTIN COMMUNITY HOSPITAL,201 MARIARDEN ROAD,(256) 825-7821,Acute Care Hospitals,Proprietary,391,22
10052,LAKE MARTIN COMMUNITY HOSPITAL,201 MARIARDEN ROAD,(256) 825-7821,Acute Care Hospitals,Proprietary,366,47
10052,LAKE MARTIN COMMUNITY HOSPITAL,201 MARIARDEN ROAD,(256) 825-7821,Acute Care Hospitals,Proprietary,355,58
10052,LAKE MARTIN COMMUNITY HOSPITAL,201 MARIARDEN ROAD,(256) 825-7821,Acute Care Hospitals,Proprietary,277,136
10052,LAKE MARTIN COMMUNITY HOSPITAL,201 MARIARDEN ROAD,(256) 825-7821,Acute Care Hospitals,Proprietary,374,39
10052,LAKE MARTIN COMMUNITY HOSPITAL,201 MARIARDEN ROAD,(256) 825-7821,Acute Care Hospitals,Proprietary,323,90
10052,LAKE MARTIN COMMUNITY HOSPITAL,201 MARIARDEN ROAD,(256) 825-7821,Acute Care Hospitals,Proprietary,376,37
10052,LAKE MARTIN COMMUNITY HOSPITAL,201 MARIARDEN ROAD,(256) 825-7821,Acute Care Hospitals,Proprietary,295,118
10052,LAKE MARTIN COMMUNITY HOSPITAL,201 MARIARDEN ROAD,(256) 825-7821,Acute Care Hospitals,Proprietary,256,157
10052,LAKE MARTIN COMMUNITY HOSPITAL,201 MARIARDEN ROAD,(256) 825-7821,Acute Care Hospitals,Proprietary,316,97
10052,LAKE MARTIN COMMUNITY HOSPITAL,201 MARIARDEN ROAD,(256) 825-7821,Acute Care Hospitals,Proprietary,286,127
10052,LAKE MARTIN COMMUNITY HOSPITAL,201 MARIARDEN ROAD,(256) 825-7821,Acute Care Hospitals,Proprietary,351,62
10052,LAKE MARTIN COMMUNITY HOSPITAL,201 MARIARDEN ROAD,(256) 825-7821,Acute Care Hospitals,Proprietary,386,27
10052,LAKE MARTIN COMMUNITY HOSPITAL,201 MARIARDEN ROAD,(256) 825-7821,Acute Care Hospitals,Proprietary,347,66
10052,LAKE MARTIN COMMUNITY HOSPITAL,201 MARIARDEN ROAD,(256) 825-7821,Acute Care Hospitals,Proprietary,376,37
10052,LAKE MARTIN COMMUNITY HOSPITAL,201 MARIARDEN ROAD,(256) 825-7821,Acute Care Hospitals,Proprietary,313,100
10052,LAKE MARTIN COMMUNITY HOSPITAL,201 MARIARDEN ROAD,(256) 825-7821,Acute Care Hospitals,Proprietary,359,54
10052,LAKE MARTIN COMMUNITY HOSPITAL,201 MARIARDEN ROAD,(256) 825-7821,Acute Care Hospitals,Proprietary,369,44
10052,LAKE MARTIN COMMUNITY HOSPITAL,201 MARIARDEN ROAD,(256) 825-7821,Acute Care Hospitals,Proprietary,350,63
10052,LAKE MARTIN COMMUNITY HOSPITAL,201 MARIARDEN ROAD,(256) 825-7821,Acute Care Hospitals,Proprietary,321,92
10052,LAKE MARTIN COMMUNITY HOSPITAL,201 MARIARDEN ROAD,(256) 825-7821,Acute Care Hospitals,Proprietary,338,75
10052,LAKE MARTIN COMMUNITY HOSPITAL,201 MARIARDEN ROAD,(256) 825-7821,Acute Care Hospitals,Proprietary,349,64
10052,LAKE MARTIN COMMUNITY HOSPITAL,201 MARIARDEN ROAD,(256) 825-7821,Acute Care Hospitals,Proprietary,284,129
10052,LAKE MARTIN COMMUNITY HOSPITAL,201 MARIARDEN ROAD,(256) 825-7821,Acute Care Hospitals,Proprietary,364,49
10052,LAKE MARTIN COMMUNITY HOSPITAL,201 MARIARDEN ROAD,(256) 825-7821,Acute Care Hospitals,Proprietary,385,28
10052,LAKE MARTIN COMMUNITY HOSPITAL,201 MARIARDEN ROAD,(256) 825-7821,Acute Care Hospitals,Proprietary,315,98
10052,LAKE MARTIN COMMUNITY HOSPITAL,201 MARIARDEN ROAD,(256) 825-7821,Acute Care Hospitals,Proprietary,349,64
10052,LAKE MARTIN COMMUNITY HOSPITAL,201 MARIARDEN ROAD,(256) 825-7821,Acute Care Hospitals,Proprietary,354,59
10052,LAKE MARTIN COMMUNITY HOSPITAL,201 MARIARDEN ROAD,(256) 825-7821,Acute Care Hospitals,Proprietary,343,70
10052,LAKE MARTIN COMMUNITY HOSPITAL,201 MARIARDEN ROAD,(256) 825-7821,Acute Care Hospitals,Proprietary,326,87
10052,LAKE MARTIN COMMUNITY HOSPITAL,201 MARIARDEN ROAD,(256) 825-7821,Acute Care Hospitals,Proprietary,375,38
10052,LAKE MARTIN COMMUNITY HOSPITAL,201 MARIARDEN ROAD,(256) 825-7821,Acute Care Hospitals,Proprietary,312,101
10052,LAKE MARTIN COMMUNITY HOSPITAL,201 MARIARDEN ROAD,(256) 825-7821,Acute Care Hospitals,Proprietary,256,157
10052,LAKE MARTIN COMMUNITY HOSPITAL,201 MARIARDEN ROAD,(256) 825-7821,Acute Care Hospitals,Proprietary,369,44
10052,LAKE MARTIN COMMUNITY HOSPITAL,201 MARIARDEN ROAD,(256) 825-7821,Acute Care Hospitals,Proprietary,345,68
10052,LAKE MARTIN COMMUNITY HOSPITAL,201 MARIARDEN ROAD,(256) 825-7821,Acute Care Hospitals,Proprietary,370,43
10052,LAKE MARTIN COMMUNITY HOSPITAL,201 MARIARDEN ROAD,(256) 825-7821,Acute Care Hospitals,Proprietary,267,146
10052,LAKE MARTIN COMMUNITY HOSPITAL,201 MARIARDEN ROAD,(256) 825-7821,Acute Care Hospitals,Proprietary,252,161
10052,LAKE MARTIN COMMUNITY HOSPITAL,201 MARIARDEN ROAD,(256) 825-7821,Acute Care Hospitals,Proprietary,382,31
10052,LAKE MARTIN COMMUNITY HOSPITAL,201 MARIARDEN ROAD,(256) 825-7821,Acute Care Hospitals,Proprietary,269,144
10052,LAKE MARTIN COMMUNITY HOSPITAL,201 MARIARDEN ROAD,(256) 825-7821,Acute Care Hospitals,Proprietary,364,49
10052,LAKE MARTIN COMMUNITY HOSPITAL,201 MARIARDEN ROAD,(256) 825-7821,Acute Care Hospitals,Proprietary,366,47
10052,LAKE MARTIN COMMUNITY HOSPITAL,201 MARIARDEN ROAD,(256) 825-7821,Acute Care Hospitals,Proprietary,350,63
10052,LAKE MARTIN COMMUNITY HOSPITAL,201 MARIARDEN ROAD,(256) 825-7821,Acute Care Hospitals,Proprietary,266,147
10052,LAKE MARTIN COMMUNITY HOSPITAL,201 MARIARDEN ROAD,(256) 825-7821,Acute Care Hospitals,Proprietary,344,69
10052,LAKE MARTIN COMMUNITY HOSPITAL,201 MARIARDEN ROAD,(256) 825-7821,Acute Care Hospitals,Proprietary,376,37
10052,LAKE MARTIN COMMUNITY HOSPITAL,201 MARIARDEN ROAD,(256) 825-7821,Acute Care Hospitals,Proprietary,309,104
10052,LAKE MARTIN COMMUNITY HOSPITAL,201 MARIARDEN ROAD,(256) 825-7821,Acute Care Hospitals,Proprietary,307,106
10052,LAKE MARTIN COMMUNITY HOSPITAL,201 MARIARDEN ROAD,(256) 825-7821,Acute Care Hospitals,Proprietary,311,102
10052,LAKE MARTIN COMMUNITY HOSPITAL,201 MARIARDEN ROAD,(256) 825-7821,Acute Care Hospitals,Proprietary,259,154
10052,LAKE MARTIN COMMUNITY HOSPITAL,201 MARIARDEN ROAD,(256) 825-7821,Acute Care Hospitals,Proprietary,376,37
10052,LAKE MARTIN COMMUNITY HOSPITAL,201 MARIARDEN ROAD,(256) 825-7821,Acute Care Hospitals,Proprietary,373,40
10052,LAKE MARTIN COMMUNITY HOSPITAL,201 MARIARDEN ROAD,(256) 825-7821,Acute Care Hospitals,Proprietary,392,21
10052,LAKE MARTIN COMMUNITY HOSPITAL,201 MARIARDEN ROAD,(256) 825-7821,Acute Care Hospitals,Proprietary,332,81
10052,LAKE MARTIN COMMUNITY HOSPITAL,201 MARIARDEN ROAD,(256) 825-7821,Acute Care Hospitals,Proprietary,356,57
10052,LAKE MARTIN COMMUNITY HOSPITAL,201 MARIARDEN ROAD,(256) 825-7821,Acute Care Hospitals,Proprietary,277,136
10052,LAKE MARTIN COMMUNITY HOSPITAL,201 MARIARDEN ROAD,(256) 825-7821,Acute Care Hospitals,Proprietary,344,69
10052,LAKE MARTIN COMMUNITY HOSPITAL,201 MARIARDEN ROAD,(256) 825-7821,Acute Care Hospitals,Proprietary,341,72
10052,LAKE MARTIN COMMUNITY HOSPITAL,201 MARIARDEN ROAD,(256) 825-7821,Acute Care Hospitals,Proprietary,378,35
10052,LAKE MARTIN COMMUNITY HOSPITAL,201 MARIARDEN ROAD,(256) 825-7821,Acute Care Hospitals,Proprietary,367,46
10052,LAKE MARTIN COMMUNITY HOSPITAL,201 MARIARDEN ROAD,(256) 825-7821,Acute Care Hospitals,Proprietary,383,30
10052,LAKE MARTIN COMMUNITY HOSPITAL,201 MARIARDEN ROAD,(256) 825-7821,Acute Care Hospitals,Proprietary,373,40
10052,LAKE MARTIN COMMUNITY HOSPITAL,201 MARIARDEN ROAD,(256) 825-7821,Acute Care Hospitals,Proprietary,373,40
10052,LAKE MARTIN COMMUNITY HOSPITAL,201 MARIARDEN ROAD,(256) 825-7821,Acute Care Hospitals,Proprietary,257,156
10052,LAKE MARTIN COMMUNITY HOSPITAL,201 MARIARDEN ROAD,(256) 825-7821,Acute Care Hospitals,Proprietary,370,43
10052,LAKE MARTIN COMMUNITY HOSPITAL,201 MARIARDEN ROAD,(256) 825-7821,Acute Care Hospitals,Proprietary,335,78
10052,LAKE MARTIN COMMUNITY HOSPITAL,201 MARIARDEN ROAD,(256) 825-7821,Acute Care Hospitals,Proprietary,302,111
10052,LAKE MARTIN COMMUNITY HOSPITAL,201 MARIARDEN ROAD,(256) 825-7821,Acute Care Hospitals,Proprietary,255,158
10052,LAKE MARTIN COMMUNITY HOSPITAL,201 MARIARDEN ROAD,(256) 825-7821,Acute Care Hospitals,Proprietary,345,68
10052,LAKE MARTIN COMMUNITY HOSPITAL,201 MARIARDEN ROAD,(256) 825-7821,Acute Care Hospitals,Proprietary,295,118
10052,LAKE MARTIN COMMUNITY HOSPITAL,201 MARIARDEN ROAD,(256) 825-7821,Acute Care Hospitals,Proprietary,315,98
10052,LAKE MARTIN COMMUNITY HOSPITAL,201 MARIARDEN ROAD,(256) 825-7821,Acute Care Hospitals,Proprietary,346,67
10052,LAKE MARTIN COMMUNITY HOSPITAL,201 MARIARDEN ROAD,(256) 825-7821,Acute Care Hospitals,Proprietary,379,34
10052,LAKE MARTIN COMMUNITY HOSPITAL,201 MARIARDEN ROAD,(256) 825-7821,Acute Care Hospitals,Proprietary,367,46
10052,LAKE MARTIN COMMUNITY HOSPITAL,201 MARIARDEN ROAD,(256) 825-7821,Acute Care Hospitals,Proprietary,312,101
10052,LAKE MARTIN COMMUNITY HOSPITAL,201 MARIARDEN ROAD,(256) 825-7821,Acute Care Hospitals,Proprietary,303,110
10052,LAKE MARTIN COMMUNITY HOSPITAL,201 MARIARDEN ROAD,(256) 825-7821,Acute Care Hospitals,Proprietary,282,131
10052,LAKE MARTIN COMMUNITY HOSPITAL,201 MARIARDEN ROAD,(256) 825-7821,Acute Care Hospitals,Proprietary,301,112
10052,LAKE MARTIN COMMUNITY HOSPITAL,201 MARIARDEN ROAD,(256) 825-7821,Acute Care Hospitals,Proprietary,263,150
10052,LAKE MARTIN COMMUNITY HOSPITAL,201 MARIARDEN ROAD,(256) 825-7821,Acute Care Hospitals,Proprietary,388,25
10052,LAKE MARTIN COMMUNITY HOSPITAL,201 MARIARDEN ROAD,(256) 825-7821,Acute Care Hospitals,Proprietary,330,83
10052,LAKE MARTIN COMMUNITY HOSPITAL,201 MARIARDEN ROAD,(256) 825-7821,Acute Care Hospitals,Proprietary,266,147
10052,LAKE MARTIN COMMUNITY HOSPITAL,201 MARIARDEN ROAD,(256) 825-7821,Acute Care Hospitals,Proprietary,298,115
10052,LAKE MARTIN COMMUNITY HOSPITAL,201 MARIARDEN ROAD,(256) 825-7821,Acute Care Hospitals,Proprietary,326,87
10052,LAKE MARTIN COMMUNITY HOSPITAL,201 MARIARDEN ROAD,(256) 825-7821,Acute Care Hospitals,Proprietary,324,89
10052,LAKE MARTIN COMMUNITY HOSPITAL,201 MARIARDEN ROAD,(256) 825-7821,Acute Care Hospitals,Proprietary,252,161
10052,LAKE MARTIN COMMUNITY HOSPITAL,201 MARIARDEN ROAD,(256) 825-7821,Acute Care Hospitals,Proprietary,385,28
10052,LAKE MARTIN COMMUNITY HOSPITAL,201 MARIARDEN ROAD,(256) 825-7821,Acute Care Hospitals,Proprietary,287,126
10052,LAKE MARTIN COMMUNITY HOSPITAL,201 MARIARDEN ROAD,(256) 825-7821,Acute Care Hospitals,Proprietary,250,163
10052,LAKE MARTIN COMMUNITY HOSPITAL,201 MARIARDEN ROAD,(256) 825-7821,Acute Care Hospitals,Proprietary,258,155
10052,LAKE MARTIN COMMUNITY HOSPITAL,201 MARIARDEN ROAD,(256) 825-7821,Acute Care Hospitals,Proprietary,331,82
10052,LAKE MARTIN COMMUNITY HOSPITAL,201 MARIARDEN ROAD,(256) 825-7821,Acute Care Hospitals,Proprietary,267,146
10052,LAKE MARTIN COMMUNITY HOSPITAL,201 MARIARDEN ROAD,(256) 825-7821,Acute Care Hospitals,Proprietary,253,160
10052,LAKE MARTIN COMMUNITY HOSPITAL,201 MARIARDEN ROAD,(256) 825-7821,Acute Care Hospitals,Proprietary,302,111
10052,LAKE MARTIN COMMUNITY HOSPITAL,201 MARIARDEN ROAD,(256) 825-7821,Acute Care Hospitals,Proprietary,337,76
10052,LAKE MARTIN COMMUNITY HOSPITAL,201 MARIARDEN ROAD,(256) 825-7821,Acute Care Hospitals,Proprietary,263,150
10052,LAKE MARTIN COMMUNITY HOSPITAL,201 MARIARDEN ROAD,(256) 825-7821,Acute Care Hospitals,Proprietary,293,120
10052,LAKE MARTIN COMMUNITY HOSPITAL,201 MARIARDEN ROAD,(256) 825-7821,Acute Care Hospitals,Proprietary,308,105
10052,LAKE MARTIN COMMUNITY HOSPITAL,201 MARIARDEN ROAD,(256) 825-7821,Acute Care Hospitals,Proprietary,270,143
10052,LAKE MARTIN COMMUNITY HOSPITAL,201 MARIARDEN ROAD,(256) 825-7821,Acute Care Hospitals,Proprietary,320,93
10052,LAKE MARTIN COMMUNITY HOSPITAL,201 MARIARDEN ROAD,(256) 825-7821,Acute Care Hospitals,Proprietary,260,153
10052,LAKE MARTIN COMMUNITY HOSPITAL,201 MARIARDEN ROAD,(256) 825-7821,Acute Care Hospitals,Proprietary,254,159
10052,LAKE MARTIN COMMUNITY HOSPITAL,201 MARIARDEN ROAD,(256) 825-7821,Acute Care Hospitals,Proprietary,322,91
10052,LAKE MARTIN COMMUNITY HOSPITAL,201 MARIARDEN ROAD,(256) 825-7821,Acute Care Hospitals,Proprietary,283,130
10052,LAKE MARTIN COMMUNITY HOSPITAL,201 MARIARDEN ROAD,(256) 825-7821,Acute Care Hospitals,Proprietary,261,152
10052,LAKE MARTIN COMMUNITY HOSPITAL,201 MARIARDEN ROAD,(256) 825-7821,Acute Care Hospitals,Proprietary,309,104
10052,LAKE MARTIN COMMUNITY HOSPITAL,201 MARIARDEN ROAD,(256) 825-7821,Acute Care Hospitals,Proprietary,380,33
10052,LAKE MARTIN COMMUNITY HOSPITAL,201 MARIARDEN ROAD,(256) 825-7821,Acute Care Hospitals,Proprietary,352,61
10052,LAKE MARTIN COMMUNITY HOSPITAL,201 MARIARDEN ROAD,(256) 825-7821,Acute Care Hospitals,Proprietary,365,48
10052,LAKE MARTIN COMMUNITY HOSPITAL,201 MARIARDEN ROAD,(256) 825-7821,Acute Care Hospitals,Proprietary,373,40
10052,LAKE MARTIN COMMUNITY HOSPITAL,201 MARIARDEN ROAD,(256) 825-7821,Acute Care Hospitals,Proprietary,388,25
10052,LAKE MARTIN COMMUNITY HOSPITAL,201 MARIARDEN ROAD,(256) 825-7821,Acute Care Hospitals,Proprietary,358,55
10052,LAKE MARTIN COMMUNITY HOSPITAL,201 MARIARDEN ROAD,(256) 825-7821,Acute Care Hospitals,Proprietary,335,78
10052,LAKE MARTIN COMMUNITY HOSPITAL,201 MARIARDEN ROAD,(256) 825-7821,Acute Care Hospitals,Proprietary,300,113
10052,LAKE MARTIN COMMUNITY HOSPITAL,201 MARIARDEN ROAD,(256) 825-7821,Acute Care Hospitals,Proprietary,274,139
10052,LAKE MARTIN COMMUNITY HOSPITAL,201 MARIARDEN ROAD,(256) 825-7821,Acute Care Hospitals,Proprietary,347,66
10052,LAKE MARTIN COMMUNITY HOSPITAL,201 MARIARDEN ROAD,(256) 825-7821,Acute Care Hospitals,Proprietary,391,22
10052,LAKE MARTIN COMMUNITY HOSPITAL,201 MARIARDEN ROAD,(256) 825-7821,Acute Care Hospitals,Proprietary,315,98
10052,LAKE MARTIN COMMUNITY HOSPITAL,201 MARIARDEN ROAD,(256) 825-7821,Acute Care Hospitals,Proprietary,352,61
10052,LAKE MARTIN COMMUNITY HOSPITAL,201 MARIARDEN ROAD,(256) 825-7821,Acute Care Hospitals,Proprietary,319,94
10052,LAKE MARTIN COMMUNITY HOSPITAL,201 MARIARDEN ROAD,(256) 825-7821,Acute Care Hospitals,Proprietary,310,103
10052,LAKE MARTIN COMMUNITY HOSPITAL,201 MARIARDEN ROAD,(256) 825-7821,Acute Care Hospitals,Proprietary,307,106
10052,LAKE MARTIN COMMUNITY HOSPITAL,201 MARIARDEN ROAD,(256) 825-7821,Acute Care Hospitals,Proprietary,320,93
10052,LAKE MARTIN COMMUNITY HOSPITAL,201 MARIARDEN ROAD,(256) 825-7821,Acute Care Hospitals,Proprietary,300,113
10052,LAKE MARTIN COMMUNITY HOSPITAL,201 MARIARDEN ROAD,(256) 825-7821,Acute Care Hospitals,Proprietary,356,57
10052,LAKE MARTIN COMMUNITY HOSPITAL,201 MARIARDEN ROAD,(256) 825-7821,Acute Care Hospitals,Proprietary,374,39
10052,LAKE MARTIN COMMUNITY HOSPITAL,201 MARIARDEN ROAD,(256) 825-7821,Acute Care Hospitals,Proprietary,375,38
10052,LAKE MARTIN COMMUNITY HOSPITAL,201 MARIARDEN ROAD,(256) 825-7821,Acute Care Hospitals,Proprietary,280,133
10052,LAKE MARTIN COMMUNITY HOSPITAL,201 MARIARDEN ROAD,(256) 825-7821,Acute Care Hospitals,Proprietary,377,36
10052,LAKE MARTIN COMMUNITY HOSPITAL,201 MARIARDEN ROAD,(256) 825-7821,Acute Care Hospitals,Proprietary,297,116
10052,LAKE MARTIN COMMUNITY HOSPITAL,201 MARIARDEN ROAD,(256) 825-7821,Acute Care Hospitals,Proprietary,292,121
10052,LAKE MARTIN COMMUNITY HOSPITAL,201 MARIARDEN ROAD,(256) 825-7821,Acute Care Hospitals,Proprietary,352,61
10052,LAKE MARTIN COMMUNITY HOSPITAL,201 MARIARDEN ROAD,(256) 825-7821,Acute Care Hospitals,Proprietary,291,122
10052,LAKE MARTIN COMMUNITY HOSPITAL,201 MARIARDEN ROAD,(256) 825-7821,Acute Care Hospitals,Proprietary,255,158
10052,LAKE MARTIN COMMUNITY HOSPITAL,201 MARIARDEN ROAD,(256) 825-7821,Acute Care Hospitals,Proprietary,301,112
10052,LAKE MARTIN COMMUNITY HOSPITAL,201 MARIARDEN ROAD,(256) 825-7821,Acute Care Hospitals,Proprietary,352,61
10052,LAKE MARTIN COMMUNITY HOSPITAL,201 MARIARDEN ROAD,(256) 825-7821,Acute Care Hospitals,Proprietary,295,118
