Facility ID,Facility Name,Address,Telephone Number,Hospital Type,Hospital Ownership,Active Beds,Inactive Beds
10064F,MIAMI VA MEDICAL CENTER,1201 N W 16TH STREET,(305) 324-4455,Acute Care - Veterans Administration,Veterans Health Administration,213,59
10064F,MIAMI VA MEDICAL CENTER,1201 N W 16TH STREET,(305) 324-4455,Acute Care - Veterans Administration,Veterans Health Administration,217,55
10064F,MIAMI VA MEDICAL CENTER,1201 N W 16TH STREET,(305) 324-4455,Acute Care - Veterans Administration,Veterans Health Administration,240,32
10064F,MIAMI VA MEDICAL CENTER,1201 N W 16TH STREET,(305) 324-4455,Acute Care - Veterans Administration,Veterans Health Administration,216,56
10064F,MIAMI VA MEDICAL CENTER,1201 N W 16TH STREET,(305) 324-4455,Acute Care - Veterans Administration,Veterans Health Administration,197,75
10064F,MIAMI VA MEDICAL CENTER,1201 N W 16TH STREET,(305) 324-4455,Acute Care - Veterans Administration,Veterans Health Administration,245,27
10064F,MIAMI VA MEDICAL CENTER,1201 N W 16TH STREET,(305) 324-4455,Acute Care - Veterans Administration,Veterans Health Administration,210,62
10064F,MIAMI VA MEDICAL CENTER,1201 N W 16TH STREET,(305) 324-4455,Acute Care - Veterans Administration,Veterans Health Administration,229,43
10064F,MIAMI VA MEDICAL CENTER,1201 N W 16TH STREET,(305) 324-4455,Acute Care - Veterans Administration,Veterans Health Administration,238,34
10064F,MIAMI VA MEDICAL CENTER,1201 N W 16TH STREET,(305) 324-4455,Acute Care - Veterans Administration,Veterans Health Administration,194,78
10064F,MIAMI VA MEDICAL CENTER,1201 N W 16TH STREET,(305) 324-4455,Acute Care - Veterans Administration,Veterans Health Administration,233,39
10064F,MIAMI VA MEDICAL CENTER,1201 N W 16TH STREET,(305) 324-4455,Acute Care - Veterans Administration,Veterans Health Administration,196,76
10064F,MIAMI VA MEDICAL CENTER,1201 N W 16TH STREET,(305) 324-4455,Acute Care - Veterans Administration,Veterans Health Administration,199,73
10064F,MIAMI VA MEDICAL CENTER,1201 N W 16TH STREET,(305) 324-4455,Acute Care - Veterans Administration,Veterans Health Administration,187,85
10064F,MIAMI VA MEDICAL CENTER,1201 N W 16TH STREET,(305) 324-4455,Acute Care - Veterans Administration,Veterans Health Administration,171,101
10064F,MIAMI VA MEDICAL CENTER,1201 N W 16TH STREET,(305) 324-4455,Acute Care - Veterans Administration,Veterans Health Administration,178,94
10064F,MIAMI VA MEDICAL CENTER,1201 N W 16TH STREET,(305) 324-4455,Acute Care - Veterans Administration,Veterans Health Administration,217,55
10064F,MIAMI VA MEDICAL CENTER,1201 N W 16TH STREET,(305) 324-4455,Acute Care - Veterans Administration,Veterans Health Administration,179,93
10064F,MIAMI VA MEDICAL CENTER,1201 N W 16TH STREET,(305) 324-4455,Acute Care - Veterans Administration,Veterans Health Administration,216,56
10064F,MIAMI VA MEDICAL CENTER,1201 N W 16TH STREET,(305) 324-4455,Acute Care - Veterans Administration,Veterans Health Administration,191,81
10064F,MIAMI VA MEDICAL CENTER,1201 N W 16TH STREET,(305) 324-4455,Acute Care - Veterans Administration,Veterans Health Administration,223,49
10064F,MIAMI VA MEDICAL CENTER,1201 N W 16TH STREET,(305) 324-4455,Acute Care - Veterans Administration,Veterans Health Administration,251,21
10064F,MIAMI VA MEDICAL CENTER,1201 N W 16TH STREET,(305) 324-4455,Acute Care - Veterans Administration,Veterans Health Administration,180,92
10064F,MIAMI VA MEDICAL CENTER,1201 N W 16TH STREET,(305) 324-4455,Acute Care - Veterans Administration,Veterans Health Administration,170,102
10064F,MIAMI VA MEDICAL CENTER,1201 N W 16TH STREET,(305) 324-4455,Acute Care - Veterans Administration,Veterans Health Administration,168,104
10064F,MIAMI VA MEDICAL CENTER,1201 N W 16TH STREET,(305) 324-4455,Acute Care - Veterans Administration,Veterans Health Administration,253,19
10064F,MIAMI VA MEDICAL CENTER,1201 N W 16TH STREET,(305) 324-4455,Acute Care - Veterans Administration,Veterans Health Administration,179,93
10064F,MIAMI VA MEDICAL CENTER,1201 N W 16TH STREET,(305) 324-4455,Acute Care - Veterans Administration,Veterans Health Administration,207,65
10064F,MIAMI VA MEDICAL CENTER,1201 N W 16TH STREET,(305) 324-4455,Acute Care - Veterans Administration,Veterans Health Administration,182,90
10064F,MIAMI VA MEDICAL CENTER,1201 N W 16TH STREET,(305) 324-4455,Acute Care - Veterans Administration,Veterans Health Administration,192,80
10064F,MIAMI VA MEDICAL CENTER,1201 N W 16TH STREET,(305) 324-4455,Acute Care - Veterans Administration,Veterans Health Administration,177,95
10064F,MIAMI VA MEDICAL CENTER,1201 N W 16TH STREET,(305) 324-4455,Acute Care - Veterans Administration,Veterans Health Administration,220,52
10064F,MIAMI VA MEDICAL CENTER,1201 N W 16TH STREET,(305) 324-4455,Acute Care - Veterans Administration,Veterans Health Administration,239,33
10064F,MIAMI VA MEDICAL CENTER,1201 N W 16TH STREET,(305) 324-4455,Acute Care - Veterans Administration,Veterans Health Administration,202,70
10064F,MIAMI VA MEDICAL CENTER,1201 N W 16TH STREET,(305) 324-4455,Acute Care - Veterans Administration,Veterans Health Administration,232,40
10064F,MIAMI VA MEDICAL CENTER,1201 N W 16TH STREET,(305) 324-4455,Acute Care - Veterans Administration,Veterans Health Administration,242,30
10064F,MIAMI VA MEDICAL CENTER,1201 N W 16TH STREET,(305) 324-4455,Acute Care - Veterans Administration,Veterans Health Administration,241,31
10064F,MIAMI VA MEDICAL CENTER,1201 N W 16TH STREET,(305) 324-4455,Acute Care - Veterans Administration,Veterans Health Administration,219,53
10064F,MIAMI VA MEDICAL CENTER,1201 N W 16TH STREET,(305) 324-4455,Acute Care - Veterans Administration,Veterans Health Administration,188,84
10064F,MIAMI VA MEDICAL CENTER,1201 N W 16TH STREET,(305) 324-4455,Acute Care - Veterans Administration,Veterans Health Administration,178,94
10064F,MIAMI VA MEDICAL CENTER,1201 N W 16TH STREET,(305) 324-4455,Acute Care - Veterans Administration,Veterans Health Administration,233,39
10064F,MIAMI VA MEDICAL CENTER,1201 N W 16TH STREET,(305) 324-4455,Acute Care - Veterans Administration,Veterans Health Administration,215,57
10064F,MIAMI VA MEDICAL CENTER,1201 N W 16TH STREET,(305) 324-4455,Acute Care - Veterans Administration,Veterans Health Administration,169,103
10064F,MIAMI VA MEDICAL CENTER,1201 N W 16TH STREET,(305) 324-4455,Acute Care - Veterans Administration,Veterans Health Administration,175,97
10064F,MIAMI VA MEDICAL CENTER,1201 N W 16TH STREET,(305) 324-4455,Acute Care - Veterans Administration,Veterans Health Administration,247,25
10064F,MIAMI VA MEDICAL CENTER,1201 N W 16TH STREET,(305) 324-4455,Acute Care - Veterans Administration,Veterans Health Administration,183,89
10064F,MIAMI VA MEDICAL CENTER,1201 N W 16TH STREET,(305) 324-4455,Acute Care - Veterans Administration,Veterans Health Administration,176,96
10064F,MIAMI VA MEDICAL CENTER,1201 N W 16TH STREET,(305) 324-4455,Acute Care - Veterans Administration,Veterans Health Administration,203,69
10064F,MIAMI VA MEDICAL CENTER,1201 N W 16TH STREET,(305) 324-4455,Acute Care - Veterans Administration,Veterans Health Administration,166,106
10064F,MIAMI VA MEDICAL CENTER,1201 N W 16TH STREET,(305) 324-4455,Acute Care - Veterans Administration,Veterans Health Administration,168,104
10064F,MIAMI VA MEDICAL CENTER,1201 N W 16TH STREET,(305) 324-4455,Acute Care - Veterans Administration,Veterans Health Administration,235,37
10064F,MIAMI VA MEDICAL CENTER,1201 N W 16TH STREET,(305) 324-4455,Acute Care - Veterans Administration,Veterans Health Administration,180,92
10064F,MIAMI VA MEDICAL CENTER,1201 N W 16TH STREET,(305) 324-4455,Acute Care - Veterans Administration,Veterans Health Administration,247,25
10064F,MIAMI VA MEDICAL CENTER,1201 N W 16TH STREET,(305) 324-4455,Acute Care - Veterans Administration,Veterans Health Administration,219,53
10064F,MIAMI VA MEDICAL CENTER,1201 N W 16TH STREET,(305) 324-4455,Acute Care - Veterans Administration,Veterans Health Administration,247,25
10064F,MIAMI VA MEDICAL CENTER,1201 N W 16TH STREET,(305) 324-4455,Acute Care - Veterans Administration,Veterans Health Administration,223,49
10064F,MIAMI VA MEDICAL CENTER,1201 N W 16TH STREET,(305) 324-4455,Acute Care - Veterans Administration,Veterans Health Administration,257,15
10064F,MIAMI VA MEDICAL CENTER,1201 N W 16TH STREET,(305) 324-4455,Acute Care - Veterans Administration,Veterans Health Administration,216,56
10064F,MIAMI VA MEDICAL CENTER,1201 N W 16TH STREET,(305) 324-4455,Acute Care - Veterans Administration,Veterans Health Administration,237,35
10064F,MIAMI VA MEDICAL CENTER,1201 N W 16TH STREET,(305) 324-4455,Acute Care - Veterans Administration,Veterans Health Administration,238,34
10064F,MIAMI VA MEDICAL CENTER,1201 N W 16TH STREET,(305) 324-4455,Acute Care - Veterans Administration,Veterans Health Administration,239,33
10064F,MIAMI VA MEDICAL CENTER,1201 N W 16TH STREET,(305) 324-4455,Acute Care - Veterans Administration,Veterans Health Administration,207,65
10064F,MIAMI VA MEDICAL CENTER,1201 N W 16TH STREET,(305) 324-4455,Acute Care - Veterans Administration,Veterans Health Administration,170,102
10064F,MIAMI VA MEDICAL CENTER,1201 N W 16TH STREET,(305) 324-4455,Acute Care - Veterans Administration,Veterans Health Administration,182,90
10064F,MIAMI VA MEDICAL CENTER,1201 N W 16TH STREET,(305) 324-4455,Acute Care - Veterans Administration,Veterans Health Administration,239,33
10064F,MIAMI VA MEDICAL CENTER,1201 N W 16TH STREET,(305) 324-4455,Acute Care - Veterans Administration,Veterans Health Administration,194,78
10064F,MIAMI VA MEDICAL CENTER,1201 N W 16TH STREET,(305) 324-4455,Acute Care - Veterans Administration,Veterans Health Administration,216,56
10064F,MIAMI VA MEDICAL CENTER,1201 N W 16TH STREET,(305) 324-4455,Acute Care - Veterans Administration,Veterans Health Administration,237,35
10064F,MIAMI VA MEDICAL CENTER,1201 N W 16TH STREET,(305) 324-4455,Acute Care - Veterans Administration,Veterans Health Administration,210,62
10064F,MIAMI VA MEDICAL CENTER,1201 N W 16TH STREET,(305) 324-4455,Acute Care - Veterans Administration,Veterans Health Administration,224,48
10064F,MIAMI VA MEDICAL CENTER,1201 N W 16TH STREET,(305) 324-4455,Acute Care - Veterans Administration,Veterans Health Administration,249,23
10064F,MIAMI VA MEDICAL CENTER,1201 N W 16TH STREET,(305) 324-4455,Acute Care - Veterans Administration,Veterans Health Administration,211,61
10064F,MIAMI VA MEDICAL CENTER,1201 N W 16TH STREET,(305) 324-4455,Acute Care - Veterans Administration,Veterans Health Administration,187,85
10064F,MIAMI VA MEDICAL CENTER,1201 N W 16TH STREET,(305) 324-4455,Acute Care - Veterans Administration,Veterans Health Administration,219,53
10064F,MIAMI VA MEDICAL CENTER,1201 N W 16TH STREET,(305) 324-4455,Acute Care - Veterans Administration,Veterans Health Administration,175,97
10064F,MIAMI VA MEDICAL CENTER,1201 N W 16TH STREET,(305) 324-4455,Acute Care - Veterans Administration,Veterans Health Administration,218,54
10064F,MIAMI VA MEDICAL CENTER,1201 N W 16TH STREET,(305) 324-4455,Acute Care - Veterans Administration,Veterans Health Administration,191,81
10064F,MIAMI VA MEDICAL CENTER,1201 N W 16TH STREET,(305) 324-4455,Acute Care - Veterans Administration,Veterans Health Administration,171,101
10064F,MIAMI VA MEDICAL CENTER,1201 N W 16TH STREET,(305) 324-4455,Acute Care - Veterans Administration,Veterans Health Administration,248,24
10064F,MIAMI VA MEDICAL CENTER,1201 N W 16TH STREET,(305) 324-4455,Acute Care - Veterans Administration,Veterans Health Administration,239,33
10064F,MIAMI VA MEDICAL CENTER,1201 N W 16TH STREET,(305) 324-4455,Acute Care - Veterans Administration,Veterans Health Administration,225,47
10064F,MIAMI VA MEDICAL CENTER,1201 N W 16TH STREET,(305) 324-4455,Acute Care - Veterans Administration,Veterans Health Administration,230,42
10064F,MIAMI VA MEDICAL CENTER,1201 N W 16TH STREET,(305) 324-4455,Acute Care - Veterans Administration,Veterans Health Administration,209,63
10064F,MIAMI VA MEDICAL CENTER,1201 N W 16TH STREET,(305) 324-4455,Acute Care - Veterans Administration,Veterans Health Administration,251,21
10064F,MIAMI VA MEDICAL CENTER,1201 N W 16TH STREET,(305) 324-4455,Acute Care - Veterans Administration,Veterans Health Administration,179,93
10064F,MIAMI VA MEDICAL CENTER,1201 N W 16TH STREET,(305) 324-4455,Acute Care - Veterans Administration,Veterans Health Administration,176,96
10064F,MIAMI VA MEDICAL CENTER,1201 N W 16TH STREET,(305) 324-4455,Acute Care - Veterans Administration,Veterans Health Administration,252,20
10064F,MIAMI VA MEDICAL CENTER,1201 N W 16TH STREET,(305) 324-4455,Acute Care - Veterans Administration,Veterans Health Administration,255,17
10064F,MIAMI VA MEDICAL CENTER,1201 N W 16TH STREET,(305) 324-4455,Acute Care - Veterans Administration,Veterans Health Administration,245,27
10064F,MIAMI VA MEDICAL CENTER,1201 N W 16TH STREET,(305) 324-4455,Acute Care - Veterans Administration,Veterans Health Administration,175,97
10064F,MIAMI VA MEDICAL CENTER,1201 N W 16TH STREET,(305) 324-4455,Acute Care - Veterans Administration,Veterans Health Administration,177,95
10064F,MIAMI VA MEDICAL CENTER,1201 N W 16TH STREET,(305) 324-4455,Acute Care - Veterans Administration,Veterans Health Administration,209,63
10064F,MIAMI VA MEDICAL CENTER,1201 N W 16TH STREET,(305) 324-4455,Acute Care - Veterans Administration,Veterans Health Administration,168,104
10064F,MIAMI VA MEDICAL CENTER,1201 N W 16TH STREET,(305) 324-4455,Acute Care - Veterans Administration,Veterans Health Administration,165,107
10064F,MIAMI VA MEDICAL CENTER,1201 N W 16TH STREET,(305) 324-4455,Acute Care - Veterans Administration,Veterans Health Administration,214,58
10064F,MIAMI VA MEDICAL CENTER,1201 N W 16TH STREET,(305) 324-4455,Acute Care - Veterans Administration,Veterans Health Administration,237,35
10064F,MIAMI VA MEDICAL CENTER,1201 N W 16TH STREET,(305) 324-4455,Acute Care - Veterans Administration,Veterans Health Administration,204,68
10064F,MIAMI VA MEDICAL CENTER,1201 N W 16TH STREET,(305) 324-4455,Acute Care - Veterans Administration,Veterans Health Administration,213,59
10064F,MIAMI VA MEDICAL CENTER,1201 N W 16TH STREET,(305) 324-4455,Acute Care - Veterans Administration,Veterans Health Administration,244,28
10064F,MIAMI VA MEDICAL CENTER,1201 N W 16TH STREET,(305) 324-4455,Acute Care - Veterans Administration,Veterans Health Administration,247,25
10064F,MIAMI VA MEDICAL CENTER,1201 N W 16TH STREET,(305) 324-4455,Acute Care - Veterans Administration,Veterans Health Administration,243,29
10064F,MIAMI VA MEDICAL CENTER,1201 N W 16TH STREET,(305) 324-4455,Acute Care - Veterans Administration,Veterans Health Administration,167,105
10064F,MIAMI VA MEDICAL CENTER,1201 N W 16TH STREET,(305) 324-4455,Acute Care - Veterans Administration,Veterans Health Administration,165,107
10064F,MIAMI VA MEDICAL CENTER,1201 N W 16TH STREET,(305) 324-4455,Acute Care - Veterans Administration,Veterans Health Administration,163,109
10064F,MIAMI VA MEDICAL CENTER,1201 N W 16TH STREET,(305) 324-4455,Acute Care - Veterans Administration,Veterans Health Administration,168,104
10064F,MIAMI VA MEDICAL CENTER,1201 N W 16TH STREET,(305) 324-4455,Acute Care - Veterans Administration,Veterans Health Administration,210,62
10064F,MIAMI VA MEDICAL CENTER,1201 N W 16TH STREET,(305) 324-4455,Acute Care - Veterans Administration,Veterans Health Administration,202,70
10064F,MIAMI VA MEDICAL CENTER,1201 N W 16TH STREET,(305) 324-4455,Acute Care - Veterans Administration,Veterans Health Administration,242,30
10064F,MIAMI VA MEDICAL CENTER,1201 N W 16TH STREET,(305) 324-4455,Acute Care - Veterans Administration,Veterans Health Administration,179,93
10064F,MIAMI VA MEDICAL CENTER,1201 N W 16TH STREET,(305) 324-4455,Acute Care - Veterans Administration,Veterans Health Administration,255,17
10064F,MIAMI VA MEDICAL CENTER,1201 N W 16TH STREET,(305) 324-4455,Acute Care - Veterans Administration,Veterans Health Administration,164,108
10064F,MIAMI VA MEDICAL CENTER,1201 N W 16TH STREET,(305) 324-4455,Acute Care - Veterans Administration,Veterans Health Administration,209,63
10064F,MIAMI VA MEDICAL CENTER,1201 N W 16TH STREET,(305) 324-4455,Acute Care - Veterans Administration,Veterans Health Administration,207,65
10064F,MIAMI VA MEDICAL CENTER,1201 N W 16TH STREET,(305) 324-4455,Acute Care - Veterans Administration,Veterans Health Administration,172,100
10064F,MIAMI VA MEDICAL CENTER,1201 N W 16TH STREET,(305) 324-4455,Acute Care - Veterans Administration,Veterans Health Administration,209,63
10064F,MIAMI VA MEDICAL CENTER,1201 N W 16TH STREET,(305) 324-4455,Acute Care - Veterans Administration,Veterans Health Administration,214,58
10064F,MIAMI VA MEDICAL CENTER,1201 N W 16TH STREET,(305) 324-4455,Acute Care - Veterans Administration,Veterans Health Administration,196,76
10064F,MIAMI VA MEDICAL CENTER,1201 N W 16TH STREET,(305) 324-4455,Acute Care - Veterans Administration,Veterans Health Administration,187,85
10064F,MIAMI VA MEDICAL CENTER,1201 N W 16TH STREET,(305) 324-4455,Acute Care - Veterans Administration,Veterans Health Administration,173,99
10064F,MIAMI VA MEDICAL CENTER,1201 N W 16TH STREET,(305) 324-4455,Acute Care - Veterans Administration,Veterans Health Administration,251,21
10064F,MIAMI VA MEDICAL CENTER,1201 N W 16TH STREET,(305) 324-4455,Acute Care - Veterans Administration,Veterans Health Administration,251,21
10064F,MIAMI VA MEDICAL CENTER,1201 N W 16TH STREET,(305) 324-4455,Acute Care - Veterans Administration,Veterans Health Administration,185,87
10064F,MIAMI VA MEDICAL CENTER,1201 N W 16TH STREET,(305) 324-4455,Acute Care - Veterans Administration,Veterans Health Administration,247,25
10064F,MIAMI VA MEDICAL CENTER,1201 N W 16TH STREET,(305) 324-4455,Acute Care - Veterans Administration,Veterans Health Administration,247,25
10064F,MIAMI VA MEDICAL CENTER,1201 N W 16TH STREET,(305) 324-4455,Acute Care - Veterans Administration,Veterans Health Administration,192,80
10064F,MIAMI VA MEDICAL CENTER,1201 N W 16TH STREET,(305) 324-4455,Acute Care - Veterans Administration,Veterans Health Administration,207,65
10064F,MIAMI VA MEDICAL CENTER,1201 N W 16TH STREET,(305) 324-4455,Acute Care - Veterans Administration,Veterans Health Administration,208,64
10064F,MIAMI VA MEDICAL CENTER,1201 N W 16TH STREET,(305) 324-4455,Acute Care - Veterans Administration,Veterans Health Administration,205,67
10064F,MIAMI VA MEDICAL CENTER,1201 N W 16TH STREET,(305) 324-4455,Acute Care - Veterans Administration,Veterans Health Administration,180,92
10064F,MIAMI VA MEDICAL CENTER,1201 N W 16TH STREET,(305) 324-4455,Acute Care - Veterans Administration,Veterans Health Administration,205,67
10064F,MIAMI VA MEDICAL CENTER,1201 N W 16TH STREET,(305) 324-4455,Acute Care - Veterans Administration,Veterans Health Administration,247,25
10064F,MIAMI VA MEDICAL CENTER,1201 N W 16TH STREET,(305) 324-4455,Acute Care - Veterans Administration,Veterans Health Administration,203,69
10064F,MIAMI VA MEDICAL CENTER,1201 N W 16TH STREET,(305) 324-4455,Acute Care - Veterans Administration,Veterans Health Administration,234,38
10064F,MIAMI VA MEDICAL CENTER,1201 N W 16TH STREET,(305) 324-4455,Acute Care - Veterans Administration,Veterans Health Administration,247,25
10064F,MIAMI VA MEDICAL CENTER,1201 N W 16TH STREET,(305) 324-4455,Acute Care - Veterans Administration,Veterans Health Administration,242,30
10064F,MIAMI VA MEDICAL CENTER,1201 N W 16TH STREET,(305) 324-4455,Acute Care - Veterans Administration,Veterans Health Administration,252,20
10064F,MIAMI VA MEDICAL CENTER,1201 N W 16TH STREET,(305) 324-4455,Acute Care - Veterans Administration,Veterans Health Administration,241,31
10064F,MIAMI VA MEDICAL CENTER,1201 N W 16TH STREET,(305) 324-4455,Acute Care - Veterans Administration,Veterans Health Administration,238,34
10064F,MIAMI VA MEDICAL CENTER,1201 N W 16TH STREET,(305) 324-4455,Acute Care - Veterans Administration,Veterans Health Administration,241,31
10064F,MIAMI VA MEDICAL CENTER,1201 N W 16TH STREET,(305) 324-4455,Acute Care - Veterans Administration,Veterans Health Administration,195,77
10064F,MIAMI VA MEDICAL CENTER,1201 N W 16TH STREET,(305) 324-4455,Acute Care - Veterans Administration,Veterans Health Administration,190,82
10064F,MIAMI VA MEDICAL CENTER,1201 N W 16TH STREET,(305) 324-4455,Acute Care - Veterans Administration,Veterans Health Administration,192,80
10064F,MIAMI VA MEDICAL CENTER,1201 N W 16TH STREET,(305) 324-4455,Acute Care - Veterans Administration,Veterans Health Administration,223,49
10064F,MIAMI VA MEDICAL CENTER,1201 N W 16TH STREET,(305) 324-4455,Acute Care - Veterans Administration,Veterans Health Administration,219,53
10064F,MIAMI VA MEDICAL CENTER,1201 N W 16TH STREET,(305) 324-4455,Acute Care - Veterans Administration,Veterans Health Administration,196,76
10064F,MIAMI VA MEDICAL CENTER,1201 N W 16TH STREET,(305) 324-4455,Acute Care - Veterans Administration,Veterans Health Administration,193,79
10064F,MIAMI VA MEDICAL CENTER,1201 N W 16TH STREET,(305) 324-4455,Acute Care - Veterans Administration,Veterans Health Administration,190,82
10064F,MIAMI VA MEDICAL CENTER,1201 N W 16TH STREET,(305) 324-4455,Acute Care - Veterans Administration,Veterans Health Administration,166,106
10064F,MIAMI VA MEDICAL CENTER,1201 N W 16TH STREET,(305) 324-4455,Acute Care - Veterans Administration,Veterans Health Administration,197,75
10064F,MIAMI VA MEDICAL CENTER,1201 N W 16TH STREET,(305) 324-4455,Acute Care - Veterans Administration,Veterans Health Administration,204,68
10064F,MIAMI VA MEDICAL CENTER,1201 N W 16TH STREET,(305) 324-4455,Acute Care - Veterans Administration,Veterans Health Administration,202,70
10064F,MIAMI VA MEDICAL CENTER,1201 N W 16TH STREET,(305) 324-4455,Acute Care - Veterans Administration,Veterans Health Administration,185,87
10064F,MIAMI VA MEDICAL CENTER,1201 N W 16TH STREET,(305) 324-4455,Acute Care - Veterans Administration,Veterans Health Administration,184,88
10064F,MIAMI VA MEDICAL CENTER,1201 N W 16TH STREET,(305) 324-4455,Acute Care - Veterans Administration,Veterans Health Administration,225,47
10064F,MIAMI VA MEDICAL CENTER,1201 N W 16TH STREET,(305) 324-4455,Acute Care - Veterans Administration,Veterans Health Administration,231,41
10064F,MIAMI VA MEDICAL CENTER,1201 N W 16TH STREET,(305) 324-4455,Acute Care - Veterans Administration,Veterans Health Administration,250,22
10064F,MIAMI VA MEDICAL CENTER,1201 N W 16TH STREET,(305) 324-4455,Acute Care - Veterans Administration,Veterans Health Administration,236,36
10064F,MIAMI VA MEDICAL CENTER,1201 N W 16TH STREET,(305) 324-4455,Acute Care - Veterans Administration,Veterans Health Administration,169,103
10064F,MIAMI VA MEDICAL CENTER,1201 N W 16TH STREET,(305) 324-4455,Acute Care - Veterans Administration,Veterans Health Administration,189,83
10064F,MIAMI VA MEDICAL CENTER,1201 N W 16TH STREET,(305) 324-4455,Acute Care - Veterans Administration,Veterans Health Administration,244,28
10064F,MIAMI VA MEDICAL CENTER,1201 N W 16TH STREET,(305) 324-4455,Acute Care - Veterans Administration,Veterans Health Administration,210,62
10064F,MIAMI VA MEDICAL CENTER,1201 N W 16TH STREET,(305) 324-4455,Acute Care - Veterans Administration,Veterans Health Administration,200,72
10064F,MIAMI VA MEDICAL CENTER,1201 N W 16TH STREET,(305) 324-4455,Acute Care - Veterans Administration,Veterans Health Administration,205,67
10064F,MIAMI VA MEDICAL CENTER,1201 N W 16TH STREET,(305) 324-4455,Acute Care - Veterans Administration,Veterans Health Administration,208,64
10064F,MIAMI VA MEDICAL CENTER,1201 N W 16TH STREET,(305) 324-4455,Acute Care - Veterans Administration,Veterans Health Administration,183,89
10064F,MIAMI VA MEDICAL CENTER,1201 N W 16TH STREET,(305) 324-4455,Acute Care - Veterans Administration,Veterans Health Administration,198,74
10064F,MIAMI VA MEDICAL CENTER,1201 N W 16TH STREET,(305) 324-4455,Acute Care - Veterans Administration,Veterans Health Administration,187,85
10064F,MIAMI VA MEDICAL CENTER,1201 N W 16TH STREET,(305) 324-4455,Acute Care - Veterans Administration,Veterans Health Administration,189,83
10064F,MIAMI VA MEDICAL CENTER,1201 N W 16TH STREET,(305) 324-4455,Acute Care - Veterans Administration,Veterans Health Administration,175,97
10064F,MIAMI VA MEDICAL CENTER,1201 N W 16TH STREET,(305) 324-4455,Acute Care - Veterans Administration,Veterans Health Administration,255,17
10064F,MIAMI VA MEDICAL CENTER,1201 N W 16TH STREET,(305) 324-4455,Acute Care - Veterans Administration,Veterans Health Administration,211,61
10064F,MIAMI VA MEDICAL CENTER,1201 N W 16TH STREET,(305) 324-4455,Acute Care - Veterans Administration,Veterans Health Administration,225,47
10064F,MIAMI VA MEDICAL CENTER,1201 N W 16TH STREET,(305) 324-4455,Acute Care - Veterans Administration,Veterans Health Administration,228,44
10064F,MIAMI VA MEDICAL CENTER,1201 N W 16TH STREET,(305) 324-4455,Acute Care - Veterans Administration,Veterans Health Administration,178,94
10064F,MIAMI VA MEDICAL CENTER,1201 N W 16TH STREET,(305) 324-4455,Acute Care - Veterans Administration,Veterans Health Administration,176,96
10064F,MIAMI VA MEDICAL CENTER,1201 N W 16TH STREET,(305) 324-4455,Acute Care - Veterans Administration,Veterans Health Administration,238,34
10064F,MIAMI VA MEDICAL CENTER,1201 N W 16TH STREET,(305) 324-4455,Acute Care - Veterans Administration,Veterans Health Administration,227,45
10064F,MIAMI VA MEDICAL CENTER,1201 N W 16TH STREET,(305) 324-4455,Acute Care - Veterans Administration,Veterans Health Administration,193,79
10064F,MIAMI VA MEDICAL CENTER,1201 N W 16TH STREET,(305) 324-4455,Acute Care - Veterans Administration,Veterans Health Administration,257,15
10064F,MIAMI VA MEDICAL CENTER,1201 N W 16TH STREET,(305) 324-4455,Acute Care - Veterans Administration,Veterans Health Administration,236,36
10064F,MIAMI VA MEDICAL CENTER,1201 N W 16TH STREET,(305) 324-4455,Acute Care - Veterans Administration,Veterans Health Administration,167,105
10064F,MIAMI VA MEDICAL CENTER,1201 N W 16TH STREET,(305) 324-4455,Acute Care - Veterans Administration,Veterans Health Administration,170,102
10064F,MIAMI VA MEDICAL CENTER,1201 N W 16TH STREET,(305) 324-4455,Acute Care - Veterans Administration,Veterans Health Administration,252,20
10064F,MIAMI VA MEDICAL CENTER,1201 N W 16TH STREET,(305) 324-4455,Acute Care - Veterans Administration,Veterans Health Administration,236,36
10064F,MIAMI VA MEDICAL CENTER,1201 N W 16TH STREET,(305) 324-4455,Acute Care - Veterans Administration,Veterans Health Administration,236,36
10064F,MIAMI VA MEDICAL CENTER,1201 N W 16TH STREET,(305) 324-4455,Acute Care - Veterans Administration,Veterans Health Administration,218,54
10064F,MIAMI VA MEDICAL CENTER,1201 N W 16TH STREET,(305) 324-4455,Acute Care - Veterans Administration,Veterans Health Administration,240,32
10064F,MIAMI VA MEDICAL CENTER,1201 N W 16TH STREET,(305) 324-4455,Acute Care - Veterans Administration,Veterans Health Administration,246,26
10064F,MIAMI VA MEDICAL CENTER,1201 N W 16TH STREET,(305) 324-4455,Acute Care - Veterans Administration,Veterans Health Administration,219,53
10064F,MIAMI VA MEDICAL CENTER,1201 N W 16TH STREET,(305) 324-4455,Acute Care - Veterans Administration,Veterans Health Administration,251,21
10064F,MIAMI VA MEDICAL CENTER,1201 N W 16TH STREET,(305) 324-4455,Acute Care - Veterans Administration,Veterans Health Administration,193,79
10064F,MIAMI VA MEDICAL CENTER,1201 N W 16TH STREET,(305) 324-4455,Acute Care - Veterans Administration,Veterans Health Administration,231,41
10064F,MIAMI VA MEDICAL CENTER,1201 N W 16TH STREET,(305) 324-4455,Acute Care - Veterans Administration,Veterans Health Administration,251,21
10064F,MIAMI VA MEDICAL CENTER,1201 N W 16TH STREET,(305) 324-4455,Acute Care - Veterans Administration,Veterans Health Administration,201,71
10064F,MIAMI VA MEDICAL CENTER,1201 N W 16TH STREET,(305) 324-4455,Acute Care - Veterans Administration,Veterans Health Administration,247,25
10064F,MIAMI VA MEDICAL CENTER,1201 N W 16TH STREET,(305) 324-4455,Acute Care - Veterans Administration,Veterans Health Administration,238,34
10064F,MIAMI VA MEDICAL CENTER,1201 N W 16TH STREET,(305) 324-4455,Acute Care - Veterans Administration,Veterans Health Administration,243,29
10064F,MIAMI VA MEDICAL CENTER,1201 N W 16TH STREET,(305) 324-4455,Acute Care - Veterans Administration,Veterans Health Administration,244,28
10064F,MIAMI VA MEDICAL CENTER,1201 N W 16TH STREET,(305) 324-4455,Acute Care - Veterans Administration,Veterans Health Administration,208,64
10064F,MIAMI VA MEDICAL CENTER,1201 N W 16TH STREET,(305) 324-4455,Acute Care - Veterans Administration,Veterans Health Administration,249,23
10064F,MIAMI VA MEDICAL CENTER,1201 N W 16TH STREET,(305) 324-4455,Acute Care - Veterans Administration,Veterans Health Administration,190,82
10064F,MIAMI VA MEDICAL CENTER,1201 N W 16TH STREET,(305) 324-4455,Acute Care - Veterans Administration,Veterans Health Administration,250,22
10064F,MIAMI VA MEDICAL CENTER,1201 N W 16TH STREET,(305) 324-4455,Acute Care - Veterans Administration,Veterans Health Administration,171,101
10064F,MIAMI VA MEDICAL CENTER,1201 N W 16TH STREET,(305) 324-4455,Acute Care - Veterans Administration,Veterans Health Administration,174,98
10064F,MIAMI VA MEDICAL CENTER,1201 N W 16TH STREET,(305) 324-4455,Acute Care - Veterans Administration,Veterans Health Administration,209,63
10064F,MIAMI VA MEDICAL CENTER,1201 N W 16TH STREET,(305) 324-4455,Acute Care - Veterans Administration,Veterans Health Administration,222,50
10064F,MIAMI VA MEDICAL CENTER,1201 N W 16TH STREET,(305) 324-4455,Acute Care - Veterans Administration,Veterans Health Administration,177,95
10064F,MIAMI VA MEDICAL CENTER,1201 N W 16TH STREET,(305) 324-4455,Acute Care - Veterans Administration,Veterans Health Administration,202,70
10064F,MIAMI VA MEDICAL CENTER,1201 N W 16TH STREET,(305) 324-4455,Acute Care - Veterans Administration,Veterans Health Administration,167,105
10064F,MIAMI VA MEDICAL CENTER,1201 N W 16TH STREET,(305) 324-4455,Acute Care - Veterans Administration,Veterans Health Administration,241,31
10064F,MIAMI VA MEDICAL CENTER,1201 N W 16TH STREET,(305) 324-4455,Acute Care - Veterans Administration,Veterans Health Administration,214,58
10064F,MIAMI VA MEDICAL CENTER,1201 N W 16TH STREET,(305) 324-4455,Acute Care - Veterans Administration,Veterans Health Administration,252,20
10064F,MIAMI VA MEDICAL CENTER,1201 N W 16TH STREET,(305) 324-4455,Acute Care - Veterans Administration,Veterans Health Administration,249,23
10064F,MIAMI VA MEDICAL CENTER,1201 N W 16TH STREET,(305) 324-4455,Acute Care - Veterans Administration,Veterans Health Administration,246,26
10064F,MIAMI VA MEDICAL CENTER,1201 N W 16TH STREET,(305) 324-4455,Acute Care - Veterans Administration,Veterans Health Administration,207,65
10064F,MIAMI VA MEDICAL CENTER,1201 N W 16TH STREET,(305) 324-4455,Acute Care - Veterans Administration,Veterans Health Administration,209,63
10064F,MIAMI VA MEDICAL CENTER,1201 N W 16TH STREET,(305) 324-4455,Acute Care - Veterans Administration,Veterans Health Administration,222,50
10064F,MIAMI VA MEDICAL CENTER,1201 N W 16TH STREET,(305) 324-4455,Acute Care - Veterans Administration,Veterans Health Administration,238,34
10064F,MIAMI VA MEDICAL CENTER,1201 N W 16TH STREET,(305) 324-4455,Acute Care - Veterans Administration,Veterans Health Administration,179,93
10064F,MIAMI VA MEDICAL CENTER,1201 N W 16TH STREET,(305) 324-4455,Acute Care - Veterans Administration,Veterans Health Administration,212,60
10064F,MIAMI VA MEDICAL CENTER,1201 N W 16TH STREET,(305) 324-4455,Acute Care - Veterans Administration,Veterans Health Administration,182,90
10064F,MIAMI VA MEDICAL CENTER,1201 N W 16TH STREET,(305) 324-4455,Acute Care - Veterans Administration,Veterans Health Administration,172,100
10064F,MIAMI VA MEDICAL CENTER,1201 N W 16TH STREET,(305) 324-4455,Acute Care - Veterans Administration,Veterans Health Administration,257,15
10064F,MIAMI VA MEDICAL CENTER,1201 N W 16TH STREET,(305) 324-4455,Acute Care - Veterans Administration,Veterans Health Administration,179,93
10064F,MIAMI VA MEDICAL CENTER,1201 N W 16TH STREET,(305) 324-4455,Acute Care - Veterans Administration,Veterans Health Administration,174,98
10064F,MIAMI VA MEDICAL CENTER,1201 N W 16TH STREET,(305) 324-4455,Acute Care - Veterans Administration,Veterans Health Administration,243,29
10064F,MIAMI VA MEDICAL CENTER,1201 N W 16TH STREET,(305) 324-4455,Acute Care - Veterans Administration,Veterans Health Administration,257,15
10064F,MIAMI VA MEDICAL CENTER,1201 N W 16TH STREET,(305) 324-4455,Acute Care - Veterans Administration,Veterans Health Administration,210,62
10064F,MIAMI VA MEDICAL CENTER,1201 N W 16TH STREET,(305) 324-4455,Acute Care - Veterans Administration,Veterans Health Administration,225,47
10064F,MIAMI VA MEDICAL CENTER,1201 N W 16TH STREET,(305) 324-4455,Acute Care - Veterans Administration,Veterans Health Administration,221,51
10064F,MIAMI VA MEDICAL CENTER,1201 N W 16TH STREET,(305) 324-4455,Acute Care - Veterans Administration,Veterans Health Administration,251,21
10064F,MIAMI VA MEDICAL CENTER,1201 N W 16TH STREET,(305) 324-4455,Acute Care - Veterans Administration,Veterans Health Administration,191,81
10064F,MIAMI VA MEDICAL CENTER,1201 N W 16TH STREET,(305) 324-4455,Acute Care - Veterans Administration,Veterans Health Administration,204,68
10064F,MIAMI VA MEDICAL CENTER,1201 N W 16TH STREET,(305) 324-4455,Acute Care - Veterans Administration,Veterans Health Administration,176,96
10064F,MIAMI VA MEDICAL CENTER,1201 N W 16TH STREET,(305) 324-4455,Acute Care - Veterans Administration,Veterans Health Administration,179,93
10064F,MIAMI VA MEDICAL CENTER,1201 N W 16TH STREET,(305) 324-4455,Acute Care - Veterans Administration,Veterans Health Administration,209,63
10064F,MIAMI VA MEDICAL CENTER,1201 N W 16TH STREET,(305) 324-4455,Acute Care - Veterans Administration,Veterans Health Administration,201,71
10064F,MIAMI VA MEDICAL CENTER,1201 N W 16TH STREET,(305) 324-4455,Acute Care - Veterans Administration,Veterans Health Administration,194,78
10064F,MIAMI VA MEDICAL CENTER,1201 N W 16TH STREET,(305) 324-4455,Acute Care - Veterans Administration,Veterans Health Administration,205,67
10064F,MIAMI VA MEDICAL CENTER,1201 N W 16TH STREET,(305) 324-4455,Acute Care - Veterans Administration,Veterans Health Administration,176,96
10064F,MIAMI VA MEDICAL CENTER,1201 N W 16TH STREET,(305) 324-4455,Acute Care - Veterans Administration,Veterans Health Administration,217,55
10064F,MIAMI VA MEDICAL CENTER,1201 N W 16TH STREET,(305) 324-4455,Acute Care - Veterans Administration,Veterans Health Administration,217,55
10064F,MIAMI VA MEDICAL CENTER,1201 N W 16TH STREET,(305) 324-4455,Acute Care - Veterans Administration,Veterans Health Administration,183,89
10064F,MIAMI VA MEDICAL CENTER,1201 N W 16TH STREET,(305) 324-4455,Acute Care - Veterans Administration,Veterans Health Administration,238,34
10064F,MIAMI VA MEDICAL CENTER,1201 N W 16TH STREET,(305) 324-4455,Acute Care - Veterans Administration,Veterans Health Administration,187,85
10064F,MIAMI VA MEDICAL CENTER,1201 N W 16TH STREET,(305) 324-4455,Acute Care - Veterans Administration,Veterans Health Administration,179,93
10064F,MIAMI VA MEDICAL CENTER,1201 N W 16TH STREET,(305) 324-4455,Acute Care - Veterans Administration,Veterans Health Administration,178,94
10064F,MIAMI VA MEDICAL CENTER,1201 N W 16TH STREET,(305) 324-4455,Acute Care - Veterans Administration,Veterans Health Administration,185,87
10064F,MIAMI VA MEDICAL CENTER,1201 N W 16TH STREET,(305) 324-4455,Acute Care - Veterans Administration,Veterans Health Administration,172,100
10064F,MIAMI VA MEDICAL CENTER,1201 N W 16TH STREET,(305) 324-4455,Acute Care - Veterans Administration,Veterans Health Administration,248,24
10064F,MIAMI VA MEDICAL CENTER,1201 N W 16TH STREET,(305) 324-4455,Acute Care - Veterans Administration,Veterans Health Administration,226,46
10064F,MIAMI VA MEDICAL CENTER,1201 N W 16TH STREET,(305) 324-4455,Acute Care - Veterans Administration,Veterans Health Administration,178,94
10064F,MIAMI VA MEDICAL CENTER,1201 N W 16TH STREET,(305) 324-4455,Acute Care - Veterans Administration,Veterans Health Administration,188,84
10064F,MIAMI VA MEDICAL CENTER,1201 N W 16TH STREET,(305) 324-4455,Acute Care - Veterans Administration,Veterans Health Administration,235,37
10064F,MIAMI VA MEDICAL CENTER,1201 N W 16TH STREET,(305) 324-4455,Acute Care - Veterans Administration,Veterans Health Administration,194,78
10064F,MIAMI VA MEDICAL CENTER,1201 N W 16TH STREET,(305) 324-4455,Acute Care - Veterans Administration,Veterans Health Administration,168,104
10064F,MIAMI VA MEDICAL CENTER,1201 N W 16TH STREET,(305) 324-4455,Acute Care - Veterans Administration,Veterans Health Administration,216,56
10064F,MIAMI VA MEDICAL CENTER,1201 N W 16TH STREET,(305) 324-4455,Acute Care - Veterans Administration,Veterans Health Administration,211,61
10064F,MIAMI VA MEDICAL CENTER,1201 N W 16TH STREET,(305) 324-4455,Acute Care - Veterans Administration,Veterans Health Administration,225,47
10064F,MIAMI VA MEDICAL CENTER,1201 N W 16TH STREET,(305) 324-4455,Acute Care - Veterans Administration,Veterans Health Administration,184,88
10064F,MIAMI VA MEDICAL CENTER,1201 N W 16TH STREET,(305) 324-4455,Acute Care - Veterans Administration,Veterans Health Administration,220,52
10064F,MIAMI VA MEDICAL CENTER,1201 N W 16TH STREET,(305) 324-4455,Acute Care - Veterans Administration,Veterans Health Administration,214,58
10064F,MIAMI VA MEDICAL CENTER,1201 N W 16TH STREET,(305) 324-4455,Acute Care - Veterans Administration,Veterans Health Administration,255,17
10064F,MIAMI VA MEDICAL CENTER,1201 N W 16TH STREET,(305) 324-4455,Acute Care - Veterans Administration,Veterans Health Administration,203,69
10064F,MIAMI VA MEDICAL CENTER,1201 N W 16TH STREET,(305) 324-4455,Acute Care - Veterans Administration,Veterans Health Administration,180,92
10064F,MIAMI VA MEDICAL CENTER,1201 N W 16TH STREET,(305) 324-4455,Acute Care - Veterans Administration,Veterans Health Administration,253,19
10064F,MIAMI VA MEDICAL CENTER,1201 N W 16TH STREET,(305) 324-4455,Acute Care - Veterans Administration,Veterans Health Administration,183,89
10064F,MIAMI VA MEDICAL CENTER,1201 N W 16TH STREET,(305) 324-4455,Acute Care - Veterans Administration,Veterans Health Administration,180,92
10064F,MIAMI VA MEDICAL CENTER,1201 N W 16TH STREET,(305) 324-4455,Acute Care - Veterans Administration,Veterans Health Administration,215,57
10064F,MIAMI VA MEDICAL CENTER,1201 N W 16TH STREET,(305) 324-4455,Acute Care - Veterans Administration,Veterans Health Administration,188,84
10064F,MIAMI VA MEDICAL CENTER,1201 N W 16TH STREET,(305) 324-4455,Acute Care - Veterans Administration,Veterans Health Administration,222,50
10064F,MIAMI VA MEDICAL CENTER,1201 N W 16TH STREET,(305) 324-4455,Acute Care - Veterans Administration,Veterans Health Administration,183,89
10064F,MIAMI VA MEDICAL CENTER,1201 N W 16TH STREET,(305) 324-4455,Acute Care - Veterans Administration,Veterans Health Administration,173,99
10064F,MIAMI VA MEDICAL CENTER,1201 N W 16TH STREET,(305) 324-4455,Acute Care - Veterans Administration,Veterans Health Administration,165,107
10064F,MIAMI VA MEDICAL CENTER,1201 N W 16TH STREET,(305) 324-4455,Acute Care - Veterans Administration,Veterans Health Administration,228,44
10064F,MIAMI VA MEDICAL CENTER,1201 N W 16TH STREET,(305) 324-4455,Acute Care - Veterans Administration,Veterans Health Administration,256,16
10064F,MIAMI VA MEDICAL CENTER,1201 N W 16TH STREET,(305) 324-4455,Acute Care - Veterans Administration,Veterans Health Administration,236,36
10064F,MIAMI VA MEDICAL CENTER,1201 N W 16TH STREET,(305) 324-4455,Acute Care - Veterans Administration,Veterans Health Administration,174,98
10064F,MIAMI VA MEDICAL CENTER,1201 N W 16TH STREET,(305) 324-4455,Acute Care - Veterans Administration,Veterans Health Administration,172,100
10064F,MIAMI VA MEDICAL CENTER,1201 N W 16TH STREET,(305) 324-4455,Acute Care - Veterans Administration,Veterans Health Administration,246,26
10064F,MIAMI VA MEDICAL CENTER,1201 N W 16TH STREET,(305) 324-4455,Acute Care - Veterans Administration,Veterans Health Administration,199,73
10064F,MIAMI VA MEDICAL CENTER,1201 N W 16TH STREET,(305) 324-4455,Acute Care - Veterans Administration,Veterans Health Administration,191,81
10064F,MIAMI VA MEDICAL CENTER,1201 N W 16TH STREET,(305) 324-4455,Acute Care - Veterans Administration,Veterans Health Administration,211,61
10064F,MIAMI VA MEDICAL CENTER,1201 N W 16TH STREET,(305) 324-4455,Acute Care - Veterans Administration,Veterans Health Administration,170,102
10064F,MIAMI VA MEDICAL CENTER,1201 N W 16TH STREET,(305) 324-4455,Acute Care - Veterans Administration,Veterans Health Administration,200,72
10064F,MIAMI VA MEDICAL CENTER,1201 N W 16TH STREET,(305) 324-4455,Acute Care - Veterans Administration,Veterans Health Administration,179,93
10064F,MIAMI VA MEDICAL CENTER,1201 N W 16TH STREET,(305) 324-4455,Acute Care - Veterans Administration,Veterans Health Administration,234,38
10064F,MIAMI VA MEDICAL CENTER,1201 N W 16TH STREET,(305) 324-4455,Acute Care - Veterans Administration,Veterans Health Administration,200,72
10064F,MIAMI VA MEDICAL CENTER,1201 N W 16TH STREET,(305) 324-4455,Acute Care - Veterans Administration,Veterans Health Administration,225,47
10064F,MIAMI VA MEDICAL CENTER,1201 N W 16TH STREET,(305) 324-4455,Acute Care - Veterans Administration,Veterans Health Administration,245,27
10064F,MIAMI VA MEDICAL CENTER,1201 N W 16TH STREET,(305) 324-4455,Acute Care - Veterans Administration,Veterans Health Administration,202,70
10064F,MIAMI VA MEDICAL CENTER,1201 N W 16TH STREET,(305) 324-4455,Acute Care - Veterans Administration,Veterans Health Administration,175,97
10064F,MIAMI VA MEDICAL CENTER,1201 N W 16TH STREET,(305) 324-4455,Acute Care - Veterans Administration,Veterans Health Administration,235,37
10064F,MIAMI VA MEDICAL CENTER,1201 N W 16TH STREET,(305) 324-4455,Acute Care - Veterans Administration,Veterans Health Administration,185,87
10064F,MIAMI VA MEDICAL CENTER,1201 N W 16TH STREET,(305) 324-4455,Acute Care - Veterans Administration,Veterans Health Administration,181,91
10064F,MIAMI VA MEDICAL CENTER,1201 N W 16TH STREET,(305) 324-4455,Acute Care - Veterans Administration,Veterans Health Administration,202,70
10064F,MIAMI VA MEDICAL CENTER,1201 N W 16TH STREET,(305) 324-4455,Acute Care - Veterans Administration,Veterans Health Administration,242,30
10064F,MIAMI VA MEDICAL CENTER,1201 N W 16TH STREET,(305) 324-4455,Acute Care - Veterans Administration,Veterans Health Administration,190,82
10064F,MIAMI VA MEDICAL CENTER,1201 N W 16TH STREET,(305) 324-4455,Acute Care - Veterans Administration,Veterans Health Administration,223,49
10064F,MIAMI VA MEDICAL CENTER,1201 N W 16TH STREET,(305) 324-4455,Acute Care - Veterans Administration,Veterans Health Administration,221,51
10064F,MIAMI VA MEDICAL CENTER,1201 N W 16TH STREET,(305) 324-4455,Acute Care - Veterans Administration,Veterans Health Administration,247,25
10064F,MIAMI VA MEDICAL CENTER,1201 N W 16TH STREET,(305) 324-4455,Acute Care - Veterans Administration,Veterans Health Administration,188,84
10064F,MIAMI VA MEDICAL CENTER,1201 N W 16TH STREET,(305) 324-4455,Acute Care - Veterans Administration,Veterans Health Administration,194,78
10064F,MIAMI VA MEDICAL CENTER,1201 N W 16TH STREET,(305) 324-4455,Acute Care - Veterans Administration,Veterans Health Administration,245,27
10064F,MIAMI VA MEDICAL CENTER,1201 N W 16TH STREET,(305) 324-4455,Acute Care - Veterans Administration,Veterans Health Administration,207,65
10064F,MIAMI VA MEDICAL CENTER,1201 N W 16TH STREET,(305) 324-4455,Acute Care - Veterans Administration,Veterans Health Administration,212,60
10064F,MIAMI VA MEDICAL CENTER,1201 N W 16TH STREET,(305) 324-4455,Acute Care - Veterans Administration,Veterans Health Administration,238,34
10064F,MIAMI VA MEDICAL CENTER,1201 N W 16TH STREET,(305) 324-4455,Acute Care - Veterans Administration,Veterans Health Administration,255,17
10064F,MIAMI VA MEDICAL CENTER,1201 N W 16TH STREET,(305) 324-4455,Acute Care - Veterans Administration,Veterans Health Administration,227,45
10064F,MIAMI VA MEDICAL CENTER,1201 N W 16TH STREET,(305) 324-4455,Acute Care - Veterans Administration,Veterans Health Administration,206,66
10064F,MIAMI VA MEDICAL CENTER,1201 N W 16TH STREET,(305) 324-4455,Acute Care - Veterans Administration,Veterans Health Administration,202,70
10064F,MIAMI VA MEDICAL CENTER,1201 N W 16TH STREET,(305) 324-4455,Acute Care - Veterans Administration,Veterans Health Administration,241,31
10064F,MIAMI VA MEDICAL CENTER,1201 N W 16TH STREET,(305) 324-4455,Acute Care - Veterans Administration,Veterans Health Administration,205,67
10064F,MIAMI VA MEDICAL CENTER,1201 N W 16TH STREET,(305) 324-4455,Acute Care - Veterans Administration,Veterans Health Administration,197,75
10064F,MIAMI VA MEDICAL CENTER,1201 N W 16TH STREET,(305) 324-4455,Acute Care - Veterans Administration,Veterans Health Administration,233,39
10064F,MIAMI VA MEDICAL CENTER,1201 N W 16TH STREET,(305) 324-4455,Acute Care - Veterans Administration,Veterans Health Administration,218,54
10064F,MIAMI VA MEDICAL CENTER,1201 N W 16TH STREET,(305) 324-4455,Acute Care - Veterans Administration,Veterans Health Administration,242,30
10064F,MIAMI VA MEDICAL CENTER,1201 N W 16TH STREET,(305) 324-4455,Acute Care - Veterans Administration,Veterans Health Administration,199,73
10064F,MIAMI VA MEDICAL CENTER,1201 N W 16TH STREET,(305) 324-4455,Acute Care - Veterans Administration,Veterans Health Administration,186,86
10064F,MIAMI VA MEDICAL CENTER,1201 N W 16TH STREET,(305) 324-4455,Acute Care - Veterans Administration,Veterans Health Administration,233,39
10064F,MIAMI VA MEDICAL CENTER,1201 N W 16TH STREET,(305) 324-4455,Acute Care - Veterans Administration,Veterans Health Administration,209,63
10064F,MIAMI VA MEDICAL CENTER,1201 N W 16TH STREET,(305) 324-4455,Acute Care - Veterans Administration,Veterans Health Administration,187,85
10064F,MIAMI VA MEDICAL CENTER,1201 N W 16TH STREET,(305) 324-4455,Acute Care - Veterans Administration,Veterans Health Administration,203,69
10064F,MIAMI VA MEDICAL CENTER,1201 N W 16TH STREET,(305) 324-4455,Acute Care - Veterans Administration,Veterans Health Administration,243,29
10064F,MIAMI VA MEDICAL CENTER,1201 N W 16TH STREET,(305) 324-4455,Acute Care - Veterans Administration,Veterans Health Administration,246,26
10064F,MIAMI VA MEDICAL CENTER,1201 N W 16TH STREET,(305) 324-4455,Acute Care - Veterans Administration,Veterans Health Administration,178,94
10064F,MIAMI VA MEDICAL CENTER,1201 N W 16TH STREET,(305) 324-4455,Acute Care - Veterans Administration,Veterans Health Administration,167,105
10064F,MIAMI VA MEDICAL CENTER,1201 N W 16TH STREET,(305) 324-4455,Acute Care - Veterans Administration,Veterans Health Administration,215,57
10064F,MIAMI VA MEDICAL CENTER,1201 N W 16TH STREET,(305) 324-4455,Acute Care - Veterans Administration,Veterans Health Administration,247,25
10064F,MIAMI VA MEDICAL CENTER,1201 N W 16TH STREET,(305) 324-4455,Acute Care - Veterans Administration,Veterans Health Administration,255,17
10064F,MIAMI VA MEDICAL CENTER,1201 N W 16TH STREET,(305) 324-4455,Acute Care - Veterans Administration,Veterans Health Administration,174,98
10064F,MIAMI VA MEDICAL CENTER,1201 N W 16TH STREET,(305) 324-4455,Acute Care - Veterans Administration,Veterans Health Administration,255,17
10064F,MIAMI VA MEDICAL CENTER,1201 N W 16TH STREET,(305) 324-4455,Acute Care - Veterans Administration,Veterans Health Administration,207,65
10064F,MIAMI VA MEDICAL CENTER,1201 N W 16TH STREET,(305) 324-4455,Acute Care - Veterans Administration,Veterans Health Administration,192,80
10064F,MIAMI VA MEDICAL CENTER,1201 N W 16TH STREET,(305) 324-4455,Acute Care - Veterans Administration,Veterans Health Administration,190,82
10064F,MIAMI VA MEDICAL CENTER,1201 N W 16TH STREET,(305) 324-4455,Acute Care - Veterans Administration,Veterans Health Administration,216,56
10064F,MIAMI VA MEDICAL CENTER,1201 N W 16TH STREET,(305) 324-4455,Acute Care - Veterans Administration,Veterans Health Administration,216,56
10064F,MIAMI VA MEDICAL CENTER,1201 N W 16TH STREET,(305) 324-4455,Acute Care - Veterans Administration,Veterans Health Administration,246,26
10064F,MIAMI VA MEDICAL CENTER,1201 N W 16TH STREET,(305) 324-4455,Acute Care - Veterans Administration,Veterans Health Administration,223,49
10064F,MIAMI VA MEDICAL CENTER,1201 N W 16TH STREET,(305) 324-4455,Acute Care - Veterans Administration,Veterans Health Administration,170,102
10064F,MIAMI VA MEDICAL CENTER,1201 N W 16TH STREET,(305) 324-4455,Acute Care - Veterans Administration,Veterans Health Administration,194,78
10064F,MIAMI VA MEDICAL CENTER,1201 N W 16TH STREET,(305) 324-4455,Acute Care - Veterans Administration,Veterans Health Administration,249,23
10064F,MIAMI VA MEDICAL CENTER,1201 N W 16TH STREET,(305) 324-4455,Acute Care - Veterans Administration,Veterans Health Administration,204,68
10064F,MIAMI VA MEDICAL CENTER,1201 N W 16TH STREET,(305) 324-4455,Acute Care - Veterans Administration,Veterans Health Administration,203,69
10064F,MIAMI VA MEDICAL CENTER,1201 N W 16TH STREET,(305) 324-4455,Acute Care - Veterans Administration,Veterans Health Administration,234,38
10064F,MIAMI VA MEDICAL CENTER,1201 N W 16TH STREET,(305) 324-4455,Acute Care - Veterans Administration,Veterans Health Administration,163,109
10064F,MIAMI VA MEDICAL CENTER,1201 N W 16TH STREET,(305) 324-4455,Acute Care - Veterans Administration,Veterans Health Administration,247,25
10064F,MIAMI VA MEDICAL CENTER,1201 N W 16TH STREET,(305) 324-4455,Acute Care - Veterans Administration,Veterans Health Administration,173,99
10064F,MIAMI VA MEDICAL CENTER,1201 N W 16TH STREET,(305) 324-4455,Acute Care - Veterans Administration,Veterans Health Administration,246,26
10064F,MIAMI VA MEDICAL CENTER,1201 N W 16TH STREET,(305) 324-4455,Acute Care - Veterans Administration,Veterans Health Administration,163,109
10064F,MIAMI VA MEDICAL CENTER,1201 N W 16TH STREET,(305) 324-4455,Acute Care - Veterans Administration,Veterans Health Administration,236,36
10064F,MIAMI VA MEDICAL CENTER,1201 N W 16TH STREET,(305) 324-4455,Acute Care - Veterans Administration,Veterans Health Administration,248,24
10064F,MIAMI VA MEDICAL CENTER,1201 N W 16TH STREET,(305) 324-4455,Acute Care - Veterans Administration,Veterans Health Administration,173,99
10064F,MIAMI VA MEDICAL CENTER,1201 N W 16TH STREET,(305) 324-4455,Acute Care - Veterans Administration,Veterans Health Administration,230,42
10064F,MIAMI VA MEDICAL CENTER,1201 N W 16TH STREET,(305) 324-4455,Acute Care - Veterans Administration,Veterans Health Administration,247,25
10064F,MIAMI VA MEDICAL CENTER,1201 N W 16TH STREET,(305) 324-4455,Acute Care - Veterans Administration,Veterans Health Administration,197,75
10064F,MIAMI VA MEDICAL CENTER,1201 N W 16TH STREET,(305) 324-4455,Acute Care - Veterans Administration,Veterans Health Administration,225,47
10064F,MIAMI VA MEDICAL CENTER,1201 N W 16TH STREET,(305) 324-4455,Acute Care - Veterans Administration,Veterans Health Administration,223,49
10064F,MIAMI VA MEDICAL CENTER,1201 N W 16TH STREET,(305) 324-4455,Acute Care - Veterans Administration,Veterans Health Administration,241,31
10064F,MIAMI VA MEDICAL CENTER,1201 N W 16TH STREET,(305) 324-4455,Acute Care - Veterans Administration,Veterans Health Administration,249,23
10064F,MIAMI VA MEDICAL CENTER,1201 N W 16TH STREET,(305) 324-4455,Acute Care - Veterans Administration,Veterans Health Administration,213,59
10064F,MIAMI VA MEDICAL CENTER,1201 N W 16TH STREET,(305) 324-4455,Acute Care - Veterans Administration,Veterans Health Administration,199,73
10064F,MIAMI VA MEDICAL CENTER,1201 N W 16TH STREET,(305) 324-4455,Acute Care - Veterans Administration,Veterans Health Administration,237,35
10064F,MIAMI VA MEDICAL CENTER,1201 N W 16TH STREET,(305) 324-4455,Acute Care - Veterans Administration,Veterans Health Administration,210,62
10064F,MIAMI VA MEDICAL CENTER,1201 N W 16TH STREET,(305) 324-4455,Acute Care - Veterans Administration,Veterans Health Administration,183,89
