Facility ID,Facility Name,Address,Telephone Number,Hospital Type,Hospital Ownership,Active Beds,Inactive Beds
10089,WALKER BAPTIST MEDICAL CENTER,3400 HIGHWAY 78 EAST,(205) 387-4000,Acute Care Hospitals,Proprietary,261,158
10089,WALKER BAPTIST MEDICAL CENTER,3400 HIGHWAY 78 EAST,(205) 387-4000,Acute Care Hospitals,Proprietary,302,117
10089,WALKER BAPTIST MEDICAL CENTER,3400 HIGHWAY 78 EAST,(205) 387-4000,Acute Care Hospitals,Proprietary,351,68
10089,WALKER BAPTIST MEDICAL CENTER,3400 HIGHWAY 78 EAST,(205) 387-4000,Acute Care Hospitals,Proprietary,354,65
10089,WALKER BAPTIST MEDICAL CENTER,3400 HIGHWAY 78 EAST,(205) 387-4000,Acute Care Hospitals,Proprietary,392,27
10089,WALKER BAPTIST MEDICAL CENTER,3400 HIGHWAY 78 EAST,(205) 387-4000,Acute Care Hospitals,Proprietary,317,102
10089,WALKER BAPTIST MEDICAL CENTER,3400 HIGHWAY 78 EAST,(205) 387-4000,Acute Care Hospitals,Proprietary,344,75
10089,WALKER BAPTIST MEDICAL CENTER,3400 HIGHWAY 78 EAST,(205) 387-4000,Acute Care Hospitals,Proprietary,330,89
10089,WALKER BAPTIST MEDICAL CENTER,3400 HIGHWAY 78 EAST,(205) 387-4000,Acute Care Hospitals,Proprietary,273,146
10089,WALKER BAPTIST MEDICAL CENTER,3400 HIGHWAY 78 EAST,(205) 387-4000,Acute Care Hospitals,Proprietary,319,100
10089,WALKER BAPTIST MEDICAL CENTER,3400 HIGHWAY 78 EAST,(205) 387-4000,Acute Care Hospitals,Proprietary,331,88
10089,WALKER BAPTIST MEDICAL CENTER,3400 HIGHWAY 78 EAST,(205) 387-4000,Acute Care Hospitals,Proprietary,390,29
10089,WALKER BAPTIST MEDICAL CENTER,3400 HIGHWAY 78 EAST,(205) 387-4000,Acute Care Hospitals,Proprietary,305,114
10089,WALKER BAPTIST MEDICAL CENTER,3400 HIGHWAY 78 EAST,(205) 387-4000,Acute Care Hospitals,Proprietary,395,24
10089,WALKER BAPTIST MEDICAL CENTER,3400 HIGHWAY 78 EAST,(205) 387-4000,Acute Care Hospitals,Proprietary,330,89
10089,WALKER BAPTIST MEDICAL CENTER,3400 HIGHWAY 78 EAST,(205) 387-4000,Acute Care Hospitals,Proprietary,286,133
10089,WALKER BAPTIST MEDICAL CENTER,3400 HIGHWAY 78 EAST,(205) 387-4000,Acute Care Hospitals,Proprietary,279,140
10089,WALKER BAPTIST MEDICAL CENTER,3400 HIGHWAY 78 EAST,(205) 387-4000,Acute Care Hospitals,Proprietary,272,147
10089,WALKER BAPTIST MEDICAL CENTER,3400 HIGHWAY 78 EAST,(205) 387-4000,Acute Care Hospitals,Proprietary,317,102
10089,WALKER BAPTIST MEDICAL CENTER,3400 HIGHWAY 78 EAST,(205) 387-4000,Acute Care Hospitals,Proprietary,254,165
10089,WALKER BAPTIST MEDICAL CENTER,3400 HIGHWAY 78 EAST,(205) 387-4000,Acute Care Hospitals,Proprietary,316,103
10089,WALKER BAPTIST MEDICAL CENTER,3400 HIGHWAY 78 EAST,(205) 387-4000,Acute Care Hospitals,Proprietary,396,23
10089,WALKER BAPTIST MEDICAL CENTER,3400 HIGHWAY 78 EAST,(205) 387-4000,Acute Care Hospitals,Proprietary,349,70
10089,WALKER BAPTIST MEDICAL CENTER,3400 HIGHWAY 78 EAST,(205) 387-4000,Acute Care Hospitals,Proprietary,362,57
10089,WALKER BAPTIST MEDICAL CENTER,3400 HIGHWAY 78 EAST,(205) 387-4000,Acute Care Hospitals,Proprietary,268,151
10089,WALKER BAPTIST MEDICAL CENTER,3400 HIGHWAY 78 EAST,(205) 387-4000,Acute Care Hospitals,Proprietary,320,99
10089,WALKER BAPTIST MEDICAL CENTER,3400 HIGHWAY 78 EAST,(205) 387-4000,Acute Care Hospitals,Proprietary,293,126
10089,WALKER BAPTIST MEDICAL CENTER,3400 HIGHWAY 78 EAST,(205) 387-4000,Acute Care Hospitals,Proprietary,382,37
10089,WALKER BAPTIST MEDICAL CENTER,3400 HIGHWAY 78 EAST,(205) 387-4000,Acute Care Hospitals,Proprietary,277,142
10089,WALKER BAPTIST MEDICAL CENTER,3400 HIGHWAY 78 EAST,(205) 387-4000,Acute Care Hospitals,Proprietary,318,101
10089,WALKER BAPTIST MEDICAL CENTER,3400 HIGHWAY 78 EAST,(205) 387-4000,Acute Care Hospitals,Proprietary,337,82
10089,WALKER BAPTIST MEDICAL CENTER,3400 HIGHWAY 78 EAST,(205) 387-4000,Acute Care Hospitals,Proprietary,326,93
10089,WALKER BAPTIST MEDICAL CENTER,3400 HIGHWAY 78 EAST,(205) 387-4000,Acute Care Hospitals,Proprietary,373,46
10089,WALKER BAPTIST MEDICAL CENTER,3400 HIGHWAY 78 EAST,(205) 387-4000,Acute Care Hospitals,Proprietary,285,134
10089,WALKER BAPTIST MEDICAL CENTER,3400 HIGHWAY 78 EAST,(205) 387-4000,Acute Care Hospitals,Proprietary,306,113
10089,WALKER BAPTIST MEDICAL CENTER,3400 HIGHWAY 78 EAST,(205) 387-4000,Acute Care Hospitals,Proprietary,367,52
10089,WALKER BAPTIST MEDICAL CENTER,3400 HIGHWAY 78 EAST,(205) 387-4000,Acute Care Hospitals,Proprietary,328,91
10089,WALKER BAPTIST MEDICAL CENTER,3400 HIGHWAY 78 EAST,(205) 387-4000,Acute Care Hospitals,Proprietary,310,109
10089,WALKER BAPTIST MEDICAL CENTER,3400 HIGHWAY 78 EAST,(205) 387-4000,Acute Care Hospitals,Proprietary,255,164
10089,WALKER BAPTIST MEDICAL CENTER,3400 HIGHWAY 78 EAST,(205) 387-4000,Acute Care Hospitals,Proprietary,361,58
10089,WALKER BAPTIST MEDICAL CENTER,3400 HIGHWAY 78 EAST,(205) 387-4000,Acute Care Hospitals,Proprietary,393,26
10089,WALKER BAPTIST MEDICAL CENTER,3400 HIGHWAY 78 EAST,(205) 387-4000,Acute Care Hospitals,Proprietary,342,77
10089,WALKER BAPTIST MEDICAL CENTER,3400 HIGHWAY 78 EAST,(205) 387-4000,Acute Care Hospitals,Proprietary,377,42
10089,WALKER BAPTIST MEDICAL CENTER,3400 HIGHWAY 78 EAST,(205) 387-4000,Acute Care Hospitals,Proprietary,327,92
10089,WALKER BAPTIST MEDICAL CENTER,3400 HIGHWAY 78 EAST,(205) 387-4000,Acute Care Hospitals,Proprietary,285,134
10089,WALKER BAPTIST MEDICAL CENTER,3400 HIGHWAY 78 EAST,(205) 387-4000,Acute Care Hospitals,Proprietary,253,166
10089,WALKER BAPTIST MEDICAL CENTER,3400 HIGHWAY 78 EAST,(205) 387-4000,Acute Care Hospitals,Proprietary,347,72
10089,WALKER BAPTIST MEDICAL CENTER,3400 HIGHWAY 78 EAST,(205) 387-4000,Acute Care Hospitals,Proprietary,323,96
10089,WALKER BAPTIST MEDICAL CENTER,3400 HIGHWAY 78 EAST,(205) 387-4000,Acute Care Hospitals,Proprietary,366,53
10089,WALKER BAPTIST MEDICAL CENTER,3400 HIGHWAY 78 EAST,(205) 387-4000,Acute Care Hospitals,Proprietary,353,66
10089,WALKER BAPTIST MEDICAL CENTER,3400 HIGHWAY 78 EAST,(205) 387-4000,Acute Care Hospitals,Proprietary,396,23
10089,WALKER BAPTIST MEDICAL CENTER,3400 HIGHWAY 78 EAST,(205) 387-4000,Acute Care Hospitals,Proprietary,326,93
10089,WALKER BAPTIST MEDICAL CENTER,3400 HIGHWAY 78 EAST,(205) 387-4000,Acute Care Hospitals,Proprietary,314,105
10089,WALKER BAPTIST MEDICAL CENTER,3400 HIGHWAY 78 EAST,(205) 387-4000,Acute Care Hospitals,Proprietary,293,126
10089,WALKER BAPTIST MEDICAL CENTER,3400 HIGHWAY 78 EAST,(205) 387-4000,Acute Care Hospitals,Proprietary,321,98
10089,WALKER BAPTIST MEDICAL CENTER,3400 HIGHWAY 78 EAST,(205) 387-4000,Acute Care Hospitals,Proprietary,379,40
10089,WALKER BAPTIST MEDICAL CENTER,3400 HIGHWAY 78 EAST,(205) 387-4000,Acute Care Hospitals,Proprietary,257,162
10089,WALKER BAPTIST MEDICAL CENTER,3400 HIGHWAY 78 EAST,(205) 387-4000,Acute Care Hospitals,Proprietary,394,25
10089,WALKER BAPTIST MEDICAL CENTER,3400 HIGHWAY 78 EAST,(205) 387-4000,Acute Care Hospitals,Proprietary,397,22
10089,WALKER BAPTIST MEDICAL CENTER,3400 HIGHWAY 78 EAST,(205) 387-4000,Acute Care Hospitals,Proprietary,339,80
10089,WALKER BAPTIST MEDICAL CENTER,3400 HIGHWAY 78 EAST,(205) 387-4000,Acute Care Hospitals,Proprietary,300,119
10089,WALKER BAPTIST MEDICAL CENTER,3400 HIGHWAY 78 EAST,(205) 387-4000,Acute Care Hospitals,Proprietary,284,135
10089,WALKER BAPTIST MEDICAL CENTER,3400 HIGHWAY 78 EAST,(205) 387-4000,Acute Care Hospitals,Proprietary,291,128
10089,WALKER BAPTIST MEDICAL CENTER,3400 HIGHWAY 78 EAST,(205) 387-4000,Acute Care Hospitals,Proprietary,258,161
10089,WALKER BAPTIST MEDICAL CENTER,3400 HIGHWAY 78 EAST,(205) 387-4000,Acute Care Hospitals,Proprietary,321,98
10089,WALKER BAPTIST MEDICAL CENTER,3400 HIGHWAY 78 EAST,(205) 387-4000,Acute Care Hospitals,Proprietary,259,160
10089,WALKER BAPTIST MEDICAL CENTER,3400 HIGHWAY 78 EAST,(205) 387-4000,Acute Care Hospitals,Proprietary,356,63
10089,WALKER BAPTIST MEDICAL CENTER,3400 HIGHWAY 78 EAST,(205) 387-4000,Acute Care Hospitals,Proprietary,305,114
10089,WALKER BAPTIST MEDICAL CENTER,3400 HIGHWAY 78 EAST,(205) 387-4000,Acute Care Hospitals,Proprietary,280,139
10089,WALKER BAPTIST MEDICAL CENTER,3400 HIGHWAY 78 EAST,(205) 387-4000,Acute Care Hospitals,Proprietary,331,88
10089,WALKER BAPTIST MEDICAL CENTER,3400 HIGHWAY 78 EAST,(205) 387-4000,Acute Care Hospitals,Proprietary,394,25
10089,WALKER BAPTIST MEDICAL CENTER,3400 HIGHWAY 78 EAST,(205) 387-4000,Acute Care Hospitals,Proprietary,353,66
10089,WALKER BAPTIST MEDICAL CENTER,3400 HIGHWAY 78 EAST,(205) 387-4000,Acute Care Hospitals,Proprietary,323,96
10089,WALKER BAPTIST MEDICAL CENTER,3400 HIGHWAY 78 EAST,(205) 387-4000,Acute Care Hospitals,Proprietary,365,54
10089,WALKER BAPTIST MEDICAL CENTER,3400 HIGHWAY 78 EAST,(205) 387-4000,Acute Care Hospitals,Proprietary,359,60
10089,WALKER BAPTIST MEDICAL CENTER,3400 HIGHWAY 78 EAST,(205) 387-4000,Acute Care Hospitals,Proprietary,382,37
10089,WALKER BAPTIST MEDICAL CENTER,3400 HIGHWAY 78 EAST,(205) 387-4000,Acute Care Hospitals,Proprietary,281,138
10089,WALKER BAPTIST MEDICAL CENTER,3400 HIGHWAY 78 EAST,(205) 387-4000,Acute Care Hospitals,Proprietary,377,42
10089,WALKER BAPTIST MEDICAL CENTER,3400 HIGHWAY 78 EAST,(205) 387-4000,Acute Care Hospitals,Proprietary,295,124
10089,WALKER BAPTIST MEDICAL CENTER,3400 HIGHWAY 78 EAST,(205) 387-4000,Acute Care Hospitals,Proprietary,389,30
10089,WALKER BAPTIST MEDICAL CENTER,3400 HIGHWAY 78 EAST,(205) 387-4000,Acute Care Hospitals,Proprietary,292,127
10089,WALKER BAPTIST MEDICAL CENTER,3400 HIGHWAY 78 EAST,(205) 387-4000,Acute Care Hospitals,Proprietary,387,32
10089,WALKER BAPTIST MEDICAL CENTER,3400 HIGHWAY 78 EAST,(205) 387-4000,Acute Care Hospitals,Proprietary,392,27
10089,WALKER BAPTIST MEDICAL CENTER,3400 HIGHWAY 78 EAST,(205) 387-4000,Acute Care Hospitals,Proprietary,272,147
10089,WALKER BAPTIST MEDICAL CENTER,3400 HIGHWAY 78 EAST,(205) 387-4000,Acute Care Hospitals,Proprietary,394,25
10089,WALKER BAPTIST MEDICAL CENTER,3400 HIGHWAY 78 EAST,(205) 387-4000,Acute Care Hospitals,Proprietary,263,156
10089,WALKER BAPTIST MEDICAL CENTER,3400 HIGHWAY 78 EAST,(205) 387-4000,Acute Care Hospitals,Proprietary,283,136
10089,WALKER BAPTIST MEDICAL CENTER,3400 HIGHWAY 78 EAST,(205) 387-4000,Acute Care Hospitals,Proprietary,316,103
10089,WALKER BAPTIST MEDICAL CENTER,3400 HIGHWAY 78 EAST,(205) 387-4000,Acute Care Hospitals,Proprietary,397,22
10089,WALKER BAPTIST MEDICAL CENTER,3400 HIGHWAY 78 EAST,(205) 387-4000,Acute Care Hospitals,Proprietary,323,96
10089,WALKER BAPTIST MEDICAL CENTER,3400 HIGHWAY 78 EAST,(205) 387-4000,Acute Care Hospitals,Proprietary,332,87
10089,WALKER BAPTIST MEDICAL CENTER,3400 HIGHWAY 78 EAST,(205) 387-4000,Acute Care Hospitals,Proprietary,353,66
10089,WALKER BAPTIST MEDICAL CENTER,3400 HIGHWAY 78 EAST,(205) 387-4000,Acute Care Hospitals,Proprietary,393,26
10089,WALKER BAPTIST MEDICAL CENTER,3400 HIGHWAY 78 EAST,(205) 387-4000,Acute Care Hospitals,Proprietary,366,53
10089,WALKER BAPTIST MEDICAL CENTER,3400 HIGHWAY 78 EAST,(205) 387-4000,Acute Care Hospitals,Proprietary,284,135
10089,WALKER BAPTIST MEDICAL CENTER,3400 HIGHWAY 78 EAST,(205) 387-4000,Acute Care Hospitals,Proprietary,295,124
10089,WALKER BAPTIST MEDICAL CENTER,3400 HIGHWAY 78 EAST,(205) 387-4000,Acute Care Hospitals,Proprietary,265,154
10089,WALKER BAPTIST MEDICAL CENTER,3400 HIGHWAY 78 EAST,(205) 387-4000,Acute Care Hospitals,Proprietary,345,74
10089,WALKER BAPTIST MEDICAL CENTER,3400 HIGHWAY 78 EAST,(205) 387-4000,Acute Care Hospitals,Proprietary,277,142
10089,WALKER BAPTIST MEDICAL CENTER,3400 HIGHWAY 78 EAST,(205) 387-4000,Acute Care Hospitals,Proprietary,289,130
10089,WALKER BAPTIST MEDICAL CENTER,3400 HIGHWAY 78 EAST,(205) 387-4000,Acute Care Hospitals,Proprietary,381,38
10089,WALKER BAPTIST MEDICAL CENTER,3400 HIGHWAY 78 EAST,(205) 387-4000,Acute Care Hospitals,Proprietary,299,120
10089,WALKER BAPTIST MEDICAL CENTER,3400 HIGHWAY 78 EAST,(205) 387-4000,Acute Care Hospitals,Proprietary,334,85
10089,WALKER BAPTIST MEDICAL CENTER,3400 HIGHWAY 78 EAST,(205) 387-4000,Acute Care Hospitals,Proprietary,309,110
10089,WALKER BAPTIST MEDICAL CENTER,3400 HIGHWAY 78 EAST,(205) 387-4000,Acute Care Hospitals,Proprietary,262,157
10089,WALKER BAPTIST MEDICAL CENTER,3400 HIGHWAY 78 EAST,(205) 387-4000,Acute Care Hospitals,Proprietary,304,115
10089,WALKER BAPTIST MEDICAL CENTER,3400 HIGHWAY 78 EAST,(205) 387-4000,Acute Care Hospitals,Proprietary,311,108
10089,WALKER BAPTIST MEDICAL CENTER,3400 HIGHWAY 78 EAST,(205) 387-4000,Acute Care Hospitals,Proprietary,382,37
10089,WALKER BAPTIST MEDICAL CENTER,3400 HIGHWAY 78 EAST,(205) 387-4000,Acute Care Hospitals,Proprietary,298,121
10089,WALKER BAPTIST MEDICAL CENTER,3400 HIGHWAY 78 EAST,(205) 387-4000,Acute Care Hospitals,Proprietary,307,112
10089,WALKER BAPTIST MEDICAL CENTER,3400 HIGHWAY 78 EAST,(205) 387-4000,Acute Care Hospitals,Proprietary,366,53
10089,WALKER BAPTIST MEDICAL CENTER,3400 HIGHWAY 78 EAST,(205) 387-4000,Acute Care Hospitals,Proprietary,362,57
10089,WALKER BAPTIST MEDICAL CENTER,3400 HIGHWAY 78 EAST,(205) 387-4000,Acute Care Hospitals,Proprietary,368,51
10089,WALKER BAPTIST MEDICAL CENTER,3400 HIGHWAY 78 EAST,(205) 387-4000,Acute Care Hospitals,Proprietary,391,28
10089,WALKER BAPTIST MEDICAL CENTER,3400 HIGHWAY 78 EAST,(205) 387-4000,Acute Care Hospitals,Proprietary,368,51
10089,WALKER BAPTIST MEDICAL CENTER,3400 HIGHWAY 78 EAST,(205) 387-4000,Acute Care Hospitals,Proprietary,311,108
10089,WALKER BAPTIST MEDICAL CENTER,3400 HIGHWAY 78 EAST,(205) 387-4000,Acute Care Hospitals,Proprietary,371,48
10089,WALKER BAPTIST MEDICAL CENTER,3400 HIGHWAY 78 EAST,(205) 387-4000,Acute Care Hospitals,Proprietary,325,94
10089,WALKER BAPTIST MEDICAL CENTER,3400 HIGHWAY 78 EAST,(205) 387-4000,Acute Care Hospitals,Proprietary,292,127
10089,WALKER BAPTIST MEDICAL CENTER,3400 HIGHWAY 78 EAST,(205) 387-4000,Acute Care Hospitals,Proprietary,295,124
10089,WALKER BAPTIST MEDICAL CENTER,3400 HIGHWAY 78 EAST,(205) 387-4000,Acute Care Hospitals,Proprietary,284,135
10089,WALKER BAPTIST MEDICAL CENTER,3400 HIGHWAY 78 EAST,(205) 387-4000,Acute Care Hospitals,Proprietary,272,147
10089,WALKER BAPTIST MEDICAL CENTER,3400 HIGHWAY 78 EAST,(205) 387-4000,Acute Care Hospitals,Proprietary,278,141
10089,WALKER BAPTIST MEDICAL CENTER,3400 HIGHWAY 78 EAST,(205) 387-4000,Acute Care Hospitals,Proprietary,260,159
10089,WALKER BAPTIST MEDICAL CENTER,3400 HIGHWAY 78 EAST,(205) 387-4000,Acute Care Hospitals,Proprietary,381,38
10089,WALKER BAPTIST MEDICAL CENTER,3400 HIGHWAY 78 EAST,(205) 387-4000,Acute Care Hospitals,Proprietary,387,32
10089,WALKER BAPTIST MEDICAL CENTER,3400 HIGHWAY 78 EAST,(205) 387-4000,Acute Care Hospitals,Proprietary,337,82
10089,WALKER BAPTIST MEDICAL CENTER,3400 HIGHWAY 78 EAST,(205) 387-4000,Acute Care Hospitals,Proprietary,374,45
10089,WALKER BAPTIST MEDICAL CENTER,3400 HIGHWAY 78 EAST,(205) 387-4000,Acute Care Hospitals,Proprietary,278,141
10089,WALKER BAPTIST MEDICAL CENTER,3400 HIGHWAY 78 EAST,(205) 387-4000,Acute Care Hospitals,Proprietary,383,36
10089,WALKER BAPTIST MEDICAL CENTER,3400 HIGHWAY 78 EAST,(205) 387-4000,Acute Care Hospitals,Proprietary,325,94
10089,WALKER BAPTIST MEDICAL CENTER,3400 HIGHWAY 78 EAST,(205) 387-4000,Acute Care Hospitals,Proprietary,261,158
10089,WALKER BAPTIST MEDICAL CENTER,3400 HIGHWAY 78 EAST,(205) 387-4000,Acute Care Hospitals,Proprietary,272,147
10089,WALKER BAPTIST MEDICAL CENTER,3400 HIGHWAY 78 EAST,(205) 387-4000,Acute Care Hospitals,Proprietary,296,123
10089,WALKER BAPTIST MEDICAL CENTER,3400 HIGHWAY 78 EAST,(205) 387-4000,Acute Care Hospitals,Proprietary,257,162
10089,WALKER BAPTIST MEDICAL CENTER,3400 HIGHWAY 78 EAST,(205) 387-4000,Acute Care Hospitals,Proprietary,296,123
10089,WALKER BAPTIST MEDICAL CENTER,3400 HIGHWAY 78 EAST,(205) 387-4000,Acute Care Hospitals,Proprietary,260,159
10089,WALKER BAPTIST MEDICAL CENTER,3400 HIGHWAY 78 EAST,(205) 387-4000,Acute Care Hospitals,Proprietary,286,133
10089,WALKER BAPTIST MEDICAL CENTER,3400 HIGHWAY 78 EAST,(205) 387-4000,Acute Care Hospitals,Proprietary,290,129
10089,WALKER BAPTIST MEDICAL CENTER,3400 HIGHWAY 78 EAST,(205) 387-4000,Acute Care Hospitals,Proprietary,397,22
10089,WALKER BAPTIST MEDICAL CENTER,3400 HIGHWAY 78 EAST,(205) 387-4000,Acute Care Hospitals,Proprietary,285,134
10089,WALKER BAPTIST MEDICAL CENTER,3400 HIGHWAY 78 EAST,(205) 387-4000,Acute Care Hospitals,Proprietary,286,133
10089,WALKER BAPTIST MEDICAL CENTER,3400 HIGHWAY 78 EAST,(205) 387-4000,Acute Care Hospitals,Proprietary,352,67
10089,WALKER BAPTIST MEDICAL CENTER,3400 HIGHWAY 78 EAST,(205) 387-4000,Acute Care Hospitals,Proprietary,377,42
10089,WALKER BAPTIST MEDICAL CENTER,3400 HIGHWAY 78 EAST,(205) 387-4000,Acute Care Hospitals,Proprietary,308,111
10089,WALKER BAPTIST MEDICAL CENTER,3400 HIGHWAY 78 EAST,(205) 387-4000,Acute Care Hospitals,Proprietary,379,40
10089,WALKER BAPTIST MEDICAL CENTER,3400 HIGHWAY 78 EAST,(205) 387-4000,Acute Care Hospitals,Proprietary,301,118
10089,WALKER BAPTIST MEDICAL CENTER,3400 HIGHWAY 78 EAST,(205) 387-4000,Acute Care Hospitals,Proprietary,280,139
10089,WALKER BAPTIST MEDICAL CENTER,3400 HIGHWAY 78 EAST,(205) 387-4000,Acute Care Hospitals,Proprietary,299,120
10089,WALKER BAPTIST MEDICAL CENTER,3400 HIGHWAY 78 EAST,(205) 387-4000,Acute Care Hospitals,Proprietary,340,79
10089,WALKER BAPTIST MEDICAL CENTER,3400 HIGHWAY 78 EAST,(205) 387-4000,Acute Care Hospitals,Proprietary,305,114
10089,WALKER BAPTIST MEDICAL CENTER,3400 HIGHWAY 78 EAST,(205) 387-4000,Acute Care Hospitals,Proprietary,350,69
10089,WALKER BAPTIST MEDICAL CENTER,3400 HIGHWAY 78 EAST,(205) 387-4000,Acute Care Hospitals,Proprietary,286,133
10089,WALKER BAPTIST MEDICAL CENTER,3400 HIGHWAY 78 EAST,(205) 387-4000,Acute Care Hospitals,Proprietary,354,65
10089,WALKER BAPTIST MEDICAL CENTER,3400 HIGHWAY 78 EAST,(205) 387-4000,Acute Care Hospitals,Proprietary,302,117
10089,WALKER BAPTIST MEDICAL CENTER,3400 HIGHWAY 78 EAST,(205) 387-4000,Acute Care Hospitals,Proprietary,318,101
10089,WALKER BAPTIST MEDICAL CENTER,3400 HIGHWAY 78 EAST,(205) 387-4000,Acute Care Hospitals,Proprietary,333,86
10089,WALKER BAPTIST MEDICAL CENTER,3400 HIGHWAY 78 EAST,(205) 387-4000,Acute Care Hospitals,Proprietary,352,67
10089,WALKER BAPTIST MEDICAL CENTER,3400 HIGHWAY 78 EAST,(205) 387-4000,Acute Care Hospitals,Proprietary,286,133
10089,WALKER BAPTIST MEDICAL CENTER,3400 HIGHWAY 78 EAST,(205) 387-4000,Acute Care Hospitals,Proprietary,373,46
10089,WALKER BAPTIST MEDICAL CENTER,3400 HIGHWAY 78 EAST,(205) 387-4000,Acute Care Hospitals,Proprietary,357,62
10089,WALKER BAPTIST MEDICAL CENTER,3400 HIGHWAY 78 EAST,(205) 387-4000,Acute Care Hospitals,Proprietary,285,134
10089,WALKER BAPTIST MEDICAL CENTER,3400 HIGHWAY 78 EAST,(205) 387-4000,Acute Care Hospitals,Proprietary,394,25
10089,WALKER BAPTIST MEDICAL CENTER,3400 HIGHWAY 78 EAST,(205) 387-4000,Acute Care Hospitals,Proprietary,348,71
10089,WALKER BAPTIST MEDICAL CENTER,3400 HIGHWAY 78 EAST,(205) 387-4000,Acute Care Hospitals,Proprietary,317,102
10089,WALKER BAPTIST MEDICAL CENTER,3400 HIGHWAY 78 EAST,(205) 387-4000,Acute Care Hospitals,Proprietary,274,145
10089,WALKER BAPTIST MEDICAL CENTER,3400 HIGHWAY 78 EAST,(205) 387-4000,Acute Care Hospitals,Proprietary,329,90
10089,WALKER BAPTIST MEDICAL CENTER,3400 HIGHWAY 78 EAST,(205) 387-4000,Acute Care Hospitals,Proprietary,275,144
10089,WALKER BAPTIST MEDICAL CENTER,3400 HIGHWAY 78 EAST,(205) 387-4000,Acute Care Hospitals,Proprietary,314,105
10089,WALKER BAPTIST MEDICAL CENTER,3400 HIGHWAY 78 EAST,(205) 387-4000,Acute Care Hospitals,Proprietary,311,108
10089,WALKER BAPTIST MEDICAL CENTER,3400 HIGHWAY 78 EAST,(205) 387-4000,Acute Care Hospitals,Proprietary,356,63
10089,WALKER BAPTIST MEDICAL CENTER,3400 HIGHWAY 78 EAST,(205) 387-4000,Acute Care Hospitals,Proprietary,279,140
10089,WALKER BAPTIST MEDICAL CENTER,3400 HIGHWAY 78 EAST,(205) 387-4000,Acute Care Hospitals,Proprietary,371,48
10089,WALKER BAPTIST MEDICAL CENTER,3400 HIGHWAY 78 EAST,(205) 387-4000,Acute Care Hospitals,Proprietary,299,120
10089,WALKER BAPTIST MEDICAL CENTER,3400 HIGHWAY 78 EAST,(205) 387-4000,Acute Care Hospitals,Proprietary,316,103
10089,WALKER BAPTIST MEDICAL CENTER,3400 HIGHWAY 78 EAST,(205) 387-4000,Acute Care Hospitals,Proprietary,364,55
10089,WALKER BAPTIST MEDICAL CENTER,3400 HIGHWAY 78 EAST,(205) 387-4000,Acute Care Hospitals,Proprietary,343,76
10089,WALKER BAPTIST MEDICAL CENTER,3400 HIGHWAY 78 EAST,(205) 387-4000,Acute Care Hospitals,Proprietary,296,123
10089,WALKER BAPTIST MEDICAL CENTER,3400 HIGHWAY 78 EAST,(205) 387-4000,Acute Care Hospitals,Proprietary,308,111
10089,WALKER BAPTIST MEDICAL CENTER,3400 HIGHWAY 78 EAST,(205) 387-4000,Acute Care Hospitals,Proprietary,296,123
10089,WALKER BAPTIST MEDICAL CENTER,3400 HIGHWAY 78 EAST,(205) 387-4000,Acute Care Hospitals,Proprietary,338,81
10089,WALKER BAPTIST MEDICAL CENTER,3400 HIGHWAY 78 EAST,(205) 387-4000,Acute Care Hospitals,Proprietary,300,119
10089,WALKER BAPTIST MEDICAL CENTER,3400 HIGHWAY 78 EAST,(205) 387-4000,Acute Care Hospitals,Proprietary,357,62
10089,WALKER BAPTIST MEDICAL CENTER,3400 HIGHWAY 78 EAST,(205) 387-4000,Acute Care Hospitals,Proprietary,336,83
10089,WALKER BAPTIST MEDICAL CENTER,3400 HIGHWAY 78 EAST,(205) 387-4000,Acute Care Hospitals,Proprietary,272,147
10089,WALKER BAPTIST MEDICAL CENTER,3400 HIGHWAY 78 EAST,(205) 387-4000,Acute Care Hospitals,Proprietary,296,123
10089,WALKER BAPTIST MEDICAL CENTER,3400 HIGHWAY 78 EAST,(205) 387-4000,Acute Care Hospitals,Proprietary,283,136
10089,WALKER BAPTIST MEDICAL CENTER,3400 HIGHWAY 78 EAST,(205) 387-4000,Acute Care Hospitals,Proprietary,308,111
10089,WALKER BAPTIST MEDICAL CENTER,3400 HIGHWAY 78 EAST,(205) 387-4000,Acute Care Hospitals,Proprietary,327,92
10089,WALKER BAPTIST MEDICAL CENTER,3400 HIGHWAY 78 EAST,(205) 387-4000,Acute Care Hospitals,Proprietary,325,94
10089,WALKER BAPTIST MEDICAL CENTER,3400 HIGHWAY 78 EAST,(205) 387-4000,Acute Care Hospitals,Proprietary,362,57
10089,WALKER BAPTIST MEDICAL CENTER,3400 HIGHWAY 78 EAST,(205) 387-4000,Acute Care Hospitals,Proprietary,279,140
10089,WALKER BAPTIST MEDICAL CENTER,3400 HIGHWAY 78 EAST,(205) 387-4000,Acute Care Hospitals,Proprietary,390,29
10089,WALKER BAPTIST MEDICAL CENTER,3400 HIGHWAY 78 EAST,(205) 387-4000,Acute Care Hospitals,Proprietary,301,118
10089,WALKER BAPTIST MEDICAL CENTER,3400 HIGHWAY 78 EAST,(205) 387-4000,Acute Care Hospitals,Proprietary,295,124
10089,WALKER BAPTIST MEDICAL CENTER,3400 HIGHWAY 78 EAST,(205) 387-4000,Acute Care Hospitals,Proprietary,351,68
10089,WALKER BAPTIST MEDICAL CENTER,3400 HIGHWAY 78 EAST,(205) 387-4000,Acute Care Hospitals,Proprietary,369,50
10089,WALKER BAPTIST MEDICAL CENTER,3400 HIGHWAY 78 EAST,(205) 387-4000,Acute Care Hospitals,Proprietary,306,113
10089,WALKER BAPTIST MEDICAL CENTER,3400 HIGHWAY 78 EAST,(205) 387-4000,Acute Care Hospitals,Proprietary,360,59
10089,WALKER BAPTIST MEDICAL CENTER,3400 HIGHWAY 78 EAST,(205) 387-4000,Acute Care Hospitals,Proprietary,380,39
10089,WALKER BAPTIST MEDICAL CENTER,3400 HIGHWAY 78 EAST,(205) 387-4000,Acute Care Hospitals,Proprietary,363,56
10089,WALKER BAPTIST MEDICAL CENTER,3400 HIGHWAY 78 EAST,(205) 387-4000,Acute Care Hospitals,Proprietary,256,163
10089,WALKER BAPTIST MEDICAL CENTER,3400 HIGHWAY 78 EAST,(205) 387-4000,Acute Care Hospitals,Proprietary,372,47
10089,WALKER BAPTIST MEDICAL CENTER,3400 HIGHWAY 78 EAST,(205) 387-4000,Acute Care Hospitals,Proprietary,364,55
10089,WALKER BAPTIST MEDICAL CENTER,3400 HIGHWAY 78 EAST,(205) 387-4000,Acute Care Hospitals,Proprietary,349,70
10089,WALKER BAPTIST MEDICAL CENTER,3400 HIGHWAY 78 EAST,(205) 387-4000,Acute Care Hospitals,Proprietary,362,57
10089,WALKER BAPTIST MEDICAL CENTER,3400 HIGHWAY 78 EAST,(205) 387-4000,Acute Care Hospitals,Proprietary,395,24
10089,WALKER BAPTIST MEDICAL CENTER,3400 HIGHWAY 78 EAST,(205) 387-4000,Acute Care Hospitals,Proprietary,314,105
10089,WALKER BAPTIST MEDICAL CENTER,3400 HIGHWAY 78 EAST,(205) 387-4000,Acute Care Hospitals,Proprietary,261,158
10089,WALKER BAPTIST MEDICAL CENTER,3400 HIGHWAY 78 EAST,(205) 387-4000,Acute Care Hospitals,Proprietary,318,101
10089,WALKER BAPTIST MEDICAL CENTER,3400 HIGHWAY 78 EAST,(205) 387-4000,Acute Care Hospitals,Proprietary,258,161
10089,WALKER BAPTIST MEDICAL CENTER,3400 HIGHWAY 78 EAST,(205) 387-4000,Acute Care Hospitals,Proprietary,294,125
10089,WALKER BAPTIST MEDICAL CENTER,3400 HIGHWAY 78 EAST,(205) 387-4000,Acute Care Hospitals,Proprietary,337,82
10089,WALKER BAPTIST MEDICAL CENTER,3400 HIGHWAY 78 EAST,(205) 387-4000,Acute Care Hospitals,Proprietary,296,123
10089,WALKER BAPTIST MEDICAL CENTER,3400 HIGHWAY 78 EAST,(205) 387-4000,Acute Care Hospitals,Proprietary,351,68
10089,WALKER BAPTIST MEDICAL CENTER,3400 HIGHWAY 78 EAST,(205) 387-4000,Acute Care Hospitals,Proprietary,371,48
10089,WALKER BAPTIST MEDICAL CENTER,3400 HIGHWAY 78 EAST,(205) 387-4000,Acute Care Hospitals,Proprietary,313,106
10089,WALKER BAPTIST MEDICAL CENTER,3400 HIGHWAY 78 EAST,(205) 387-4000,Acute Care Hospitals,Proprietary,383,36
10089,WALKER BAPTIST MEDICAL CENTER,3400 HIGHWAY 78 EAST,(205) 387-4000,Acute Care Hospitals,Proprietary,263,156
10089,WALKER BAPTIST MEDICAL CENTER,3400 HIGHWAY 78 EAST,(205) 387-4000,Acute Care Hospitals,Proprietary,374,45
10089,WALKER BAPTIST MEDICAL CENTER,3400 HIGHWAY 78 EAST,(205) 387-4000,Acute Care Hospitals,Proprietary,372,47
10089,WALKER BAPTIST MEDICAL CENTER,3400 HIGHWAY 78 EAST,(205) 387-4000,Acute Care Hospitals,Proprietary,298,121
10089,WALKER BAPTIST MEDICAL CENTER,3400 HIGHWAY 78 EAST,(205) 387-4000,Acute Care Hospitals,Proprietary,295,124
10089,WALKER BAPTIST MEDICAL CENTER,3400 HIGHWAY 78 EAST,(205) 387-4000,Acute Care Hospitals,Proprietary,296,123
10089,WALKER BAPTIST MEDICAL CENTER,3400 HIGHWAY 78 EAST,(205) 387-4000,Acute Care Hospitals,Proprietary,370,49
10089,WALKER BAPTIST MEDICAL CENTER,3400 HIGHWAY 78 EAST,(205) 387-4000,Acute Care Hospitals,Proprietary,373,46
10089,WALKER BAPTIST MEDICAL CENTER,3400 HIGHWAY 78 EAST,(205) 387-4000,Acute Care Hospitals,Proprietary,299,120
10089,WALKER BAPTIST MEDICAL CENTER,3400 HIGHWAY 78 EAST,(205) 387-4000,Acute Care Hospitals,Proprietary,338,81
10089,WALKER BAPTIST MEDICAL CENTER,3400 HIGHWAY 78 EAST,(205) 387-4000,Acute Care Hospitals,Proprietary,271,148
10089,WALKER BAPTIST MEDICAL CENTER,3400 HIGHWAY 78 EAST,(205) 387-4000,Acute Care Hospitals,Proprietary,320,99
10089,WALKER BAPTIST MEDICAL CENTER,3400 HIGHWAY 78 EAST,(205) 387-4000,Acute Care Hospitals,Proprietary,397,22
10089,WALKER BAPTIST MEDICAL CENTER,3400 HIGHWAY 78 EAST,(205) 387-4000,Acute Care Hospitals,Proprietary,274,145
10089,WALKER BAPTIST MEDICAL CENTER,3400 HIGHWAY 78 EAST,(205) 387-4000,Acute Care Hospitals,Proprietary,390,29
10089,WALKER BAPTIST MEDICAL CENTER,3400 HIGHWAY 78 EAST,(205) 387-4000,Acute Care Hospitals,Proprietary,372,47
10089,WALKER BAPTIST MEDICAL CENTER,3400 HIGHWAY 78 EAST,(205) 387-4000,Acute Care Hospitals,Proprietary,393,26
10089,WALKER BAPTIST MEDICAL CENTER,3400 HIGHWAY 78 EAST,(205) 387-4000,Acute Care Hospitals,Proprietary,277,142
10089,WALKER BAPTIST MEDICAL CENTER,3400 HIGHWAY 78 EAST,(205) 387-4000,Acute Care Hospitals,Proprietary,282,137
10089,WALKER BAPTIST MEDICAL CENTER,3400 HIGHWAY 78 EAST,(205) 387-4000,Acute Care Hospitals,Proprietary,253,166
10089,WALKER BAPTIST MEDICAL CENTER,3400 HIGHWAY 78 EAST,(205) 387-4000,Acute Care Hospitals,Proprietary,357,62
10089,WALKER BAPTIST MEDICAL CENTER,3400 HIGHWAY 78 EAST,(205) 387-4000,Acute Care Hospitals,Proprietary,345,74
10089,WALKER BAPTIST MEDICAL CENTER,3400 HIGHWAY 78 EAST,(205) 387-4000,Acute Care Hospitals,Proprietary,277,142
10089,WALKER BAPTIST MEDICAL CENTER,3400 HIGHWAY 78 EAST,(205) 387-4000,Acute Care Hospitals,Proprietary,367,52
10089,WALKER BAPTIST MEDICAL CENTER,3400 HIGHWAY 78 EAST,(205) 387-4000,Acute Care Hospitals,Proprietary,295,124
10089,WALKER BAPTIST MEDICAL CENTER,3400 HIGHWAY 78 EAST,(205) 387-4000,Acute Care Hospitals,Proprietary,271,148
10089,WALKER BAPTIST MEDICAL CENTER,3400 HIGHWAY 78 EAST,(205) 387-4000,Acute Care Hospitals,Proprietary,313,106
10089,WALKER BAPTIST MEDICAL CENTER,3400 HIGHWAY 78 EAST,(205) 387-4000,Acute Care Hospitals,Proprietary,264,155
10089,WALKER BAPTIST MEDICAL CENTER,3400 HIGHWAY 78 EAST,(205) 387-4000,Acute Care Hospitals,Proprietary,290,129
10089,WALKER BAPTIST MEDICAL CENTER,3400 HIGHWAY 78 EAST,(205) 387-4000,Acute Care Hospitals,Proprietary,305,114
10089,WALKER BAPTIST MEDICAL CENTER,3400 HIGHWAY 78 EAST,(205) 387-4000,Acute Care Hospitals,Proprietary,376,43
10089,WALKER BAPTIST MEDICAL CENTER,3400 HIGHWAY 78 EAST,(205) 387-4000,Acute Care Hospitals,Proprietary,367,52
10089,WALKER BAPTIST MEDICAL CENTER,3400 HIGHWAY 78 EAST,(205) 387-4000,Acute Care Hospitals,Proprietary,316,103
10089,WALKER BAPTIST MEDICAL CENTER,3400 HIGHWAY 78 EAST,(205) 387-4000,Acute Care Hospitals,Proprietary,357,62
10089,WALKER BAPTIST MEDICAL CENTER,3400 HIGHWAY 78 EAST,(205) 387-4000,Acute Care Hospitals,Proprietary,334,85
10089,WALKER BAPTIST MEDICAL CENTER,3400 HIGHWAY 78 EAST,(205) 387-4000,Acute Care Hospitals,Proprietary,301,118
10089,WALKER BAPTIST MEDICAL CENTER,3400 HIGHWAY 78 EAST,(205) 387-4000,Acute Care Hospitals,Proprietary,357,62
10089,WALKER BAPTIST MEDICAL CENTER,3400 HIGHWAY 78 EAST,(205) 387-4000,Acute Care Hospitals,Proprietary,351,68
10089,WALKER BAPTIST MEDICAL CENTER,3400 HIGHWAY 78 EAST,(205) 387-4000,Acute Care Hospitals,Proprietary,342,77
10089,WALKER BAPTIST MEDICAL CENTER,3400 HIGHWAY 78 EAST,(205) 387-4000,Acute Care Hospitals,Proprietary,342,77
10089,WALKER BAPTIST MEDICAL CENTER,3400 HIGHWAY 78 EAST,(205) 387-4000,Acute Care Hospitals,Proprietary,351,68
10089,WALKER BAPTIST MEDICAL CENTER,3400 HIGHWAY 78 EAST,(205) 387-4000,Acute Care Hospitals,Proprietary,307,112
10089,WALKER BAPTIST MEDICAL CENTER,3400 HIGHWAY 78 EAST,(205) 387-4000,Acute Care Hospitals,Proprietary,378,41
10089,WALKER BAPTIST MEDICAL CENTER,3400 HIGHWAY 78 EAST,(205) 387-4000,Acute Care Hospitals,Proprietary,275,144
10089,WALKER BAPTIST MEDICAL CENTER,3400 HIGHWAY 78 EAST,(205) 387-4000,Acute Care Hospitals,Proprietary,381,38
10089,WALKER BAPTIST MEDICAL CENTER,3400 HIGHWAY 78 EAST,(205) 387-4000,Acute Care Hospitals,Proprietary,301,118
10089,WALKER BAPTIST MEDICAL CENTER,3400 HIGHWAY 78 EAST,(205) 387-4000,Acute Care Hospitals,Proprietary,269,150
10089,WALKER BAPTIST MEDICAL CENTER,3400 HIGHWAY 78 EAST,(205) 387-4000,Acute Care Hospitals,Proprietary,339,80
10089,WALKER BAPTIST MEDICAL CENTER,3400 HIGHWAY 78 EAST,(205) 387-4000,Acute Care Hospitals,Proprietary,306,113
10089,WALKER BAPTIST MEDICAL CENTER,3400 HIGHWAY 78 EAST,(205) 387-4000,Acute Care Hospitals,Proprietary,370,49
10089,WALKER BAPTIST MEDICAL CENTER,3400 HIGHWAY 78 EAST,(205) 387-4000,Acute Care Hospitals,Proprietary,314,105
10089,WALKER BAPTIST MEDICAL CENTER,3400 HIGHWAY 78 EAST,(205) 387-4000,Acute Care Hospitals,Proprietary,349,70
10089,WALKER BAPTIST MEDICAL CENTER,3400 HIGHWAY 78 EAST,(205) 387-4000,Acute Care Hospitals,Proprietary,296,123
10089,WALKER BAPTIST MEDICAL CENTER,3400 HIGHWAY 78 EAST,(205) 387-4000,Acute Care Hospitals,Proprietary,282,137
10089,WALKER BAPTIST MEDICAL CENTER,3400 HIGHWAY 78 EAST,(205) 387-4000,Acute Care Hospitals,Proprietary,308,111
10089,WALKER BAPTIST MEDICAL CENTER,3400 HIGHWAY 78 EAST,(205) 387-4000,Acute Care Hospitals,Proprietary,340,79
10089,WALKER BAPTIST MEDICAL CENTER,3400 HIGHWAY 78 EAST,(205) 387-4000,Acute Care Hospitals,Proprietary,347,72
10089,WALKER BAPTIST MEDICAL CENTER,3400 HIGHWAY 78 EAST,(205) 387-4000,Acute Care Hospitals,Proprietary,336,83
10089,WALKER BAPTIST MEDICAL CENTER,3400 HIGHWAY 78 EAST,(205) 387-4000,Acute Care Hospitals,Proprietary,396,23
10089,WALKER BAPTIST MEDICAL CENTER,3400 HIGHWAY 78 EAST,(205) 387-4000,Acute Care Hospitals,Proprietary,352,67
10089,WALKER BAPTIST MEDICAL CENTER,3400 HIGHWAY 78 EAST,(205) 387-4000,Acute Care Hospitals,Proprietary,388,31
10089,WALKER BAPTIST MEDICAL CENTER,3400 HIGHWAY 78 EAST,(205) 387-4000,Acute Care Hospitals,Proprietary,268,151
10089,WALKER BAPTIST MEDICAL CENTER,3400 HIGHWAY 78 EAST,(205) 387-4000,Acute Care Hospitals,Proprietary,260,159
10089,WALKER BAPTIST MEDICAL CENTER,3400 HIGHWAY 78 EAST,(205) 387-4000,Acute Care Hospitals,Proprietary,297,122
10089,WALKER BAPTIST MEDICAL CENTER,3400 HIGHWAY 78 EAST,(205) 387-4000,Acute Care Hospitals,Proprietary,271,148
10089,WALKER BAPTIST MEDICAL CENTER,3400 HIGHWAY 78 EAST,(205) 387-4000,Acute Care Hospitals,Proprietary,328,91
10089,WALKER BAPTIST MEDICAL CENTER,3400 HIGHWAY 78 EAST,(205) 387-4000,Acute Care Hospitals,Proprietary,327,92
10089,WALKER BAPTIST MEDICAL CENTER,3400 HIGHWAY 78 EAST,(205) 387-4000,Acute Care Hospitals,Proprietary,335,84
10089,WALKER BAPTIST MEDICAL CENTER,3400 HIGHWAY 78 EAST,(205) 387-4000,Acute Care Hospitals,Proprietary,360,59
10089,WALKER BAPTIST MEDICAL CENTER,3400 HIGHWAY 78 EAST,(205) 387-4000,Acute Care Hospitals,Proprietary,393,26
10089,WALKER BAPTIST MEDICAL CENTER,3400 HIGHWAY 78 EAST,(205) 387-4000,Acute Care Hospitals,Proprietary,380,39
10089,WALKER BAPTIST MEDICAL CENTER,3400 HIGHWAY 78 EAST,(205) 387-4000,Acute Care Hospitals,Proprietary,268,151
10089,WALKER BAPTIST MEDICAL CENTER,3400 HIGHWAY 78 EAST,(205) 387-4000,Acute Care Hospitals,Proprietary,301,118
10089,WALKER BAPTIST MEDICAL CENTER,3400 HIGHWAY 78 EAST,(205) 387-4000,Acute Care Hospitals,Proprietary,288,131
10089,WALKER BAPTIST MEDICAL CENTER,3400 HIGHWAY 78 EAST,(205) 387-4000,Acute Care Hospitals,Proprietary,277,142
10089,WALKER BAPTIST MEDICAL CENTER,3400 HIGHWAY 78 EAST,(205) 387-4000,Acute Care Hospitals,Proprietary,331,88
10089,WALKER BAPTIST MEDICAL CENTER,3400 HIGHWAY 78 EAST,(205) 387-4000,Acute Care Hospitals,Proprietary,332,87
10089,WALKER BAPTIST MEDICAL CENTER,3400 HIGHWAY 78 EAST,(205) 387-4000,Acute Care Hospitals,Proprietary,284,135
10089,WALKER BAPTIST MEDICAL CENTER,3400 HIGHWAY 78 EAST,(205) 387-4000,Acute Care Hospitals,Proprietary,355,64
10089,WALKER BAPTIST MEDICAL CENTER,3400 HIGHWAY 78 EAST,(205) 387-4000,Acute Care Hospitals,Proprietary,358,61
10089,WALKER BAPTIST MEDICAL CENTER,3400 HIGHWAY 78 EAST,(205) 387-4000,Acute Care Hospitals,Proprietary,254,165
10089,WALKER BAPTIST MEDICAL CENTER,3400 HIGHWAY 78 EAST,(205) 387-4000,Acute Care Hospitals,Proprietary,309,110
10089,WALKER BAPTIST MEDICAL CENTER,3400 HIGHWAY 78 EAST,(205) 387-4000,Acute Care Hospitals,Proprietary,381,38
10089,WALKER BAPTIST MEDICAL CENTER,3400 HIGHWAY 78 EAST,(205) 387-4000,Acute Care Hospitals,Proprietary,327,92
10089,WALKER BAPTIST MEDICAL CENTER,3400 HIGHWAY 78 EAST,(205) 387-4000,Acute Care Hospitals,Proprietary,302,117
10089,WALKER BAPTIST MEDICAL CENTER,3400 HIGHWAY 78 EAST,(205) 387-4000,Acute Care Hospitals,Proprietary,288,131
10089,WALKER BAPTIST MEDICAL CENTER,3400 HIGHWAY 78 EAST,(205) 387-4000,Acute Care Hospitals,Proprietary,287,132
10089,WALKER BAPTIST MEDICAL CENTER,3400 HIGHWAY 78 EAST,(205) 387-4000,Acute Care Hospitals,Proprietary,266,153
10089,WALKER BAPTIST MEDICAL CENTER,3400 HIGHWAY 78 EAST,(205) 387-4000,Acute Care Hospitals,Proprietary,371,48
10089,WALKER BAPTIST MEDICAL CENTER,3400 HIGHWAY 78 EAST,(205) 387-4000,Acute Care Hospitals,Proprietary,264,155
10089,WALKER BAPTIST MEDICAL CENTER,3400 HIGHWAY 78 EAST,(205) 387-4000,Acute Care Hospitals,Proprietary,294,125
10089,WALKER BAPTIST MEDICAL CENTER,3400 HIGHWAY 78 EAST,(205) 387-4000,Acute Care Hospitals,Proprietary,258,161
10089,WALKER BAPTIST MEDICAL CENTER,3400 HIGHWAY 78 EAST,(205) 387-4000,Acute Care Hospitals,Proprietary,365,54
10089,WALKER BAPTIST MEDICAL CENTER,3400 HIGHWAY 78 EAST,(205) 387-4000,Acute Care Hospitals,Proprietary,257,162
10089,WALKER BAPTIST MEDICAL CENTER,3400 HIGHWAY 78 EAST,(205) 387-4000,Acute Care Hospitals,Proprietary,296,123
10089,WALKER BAPTIST MEDICAL CENTER,3400 HIGHWAY 78 EAST,(205) 387-4000,Acute Care Hospitals,Proprietary,335,84
10089,WALKER BAPTIST MEDICAL CENTER,3400 HIGHWAY 78 EAST,(205) 387-4000,Acute Care Hospitals,Proprietary,311,108
10089,WALKER BAPTIST MEDICAL CENTER,3400 HIGHWAY 78 EAST,(205) 387-4000,Acute Care Hospitals,Proprietary,292,127
10089,WALKER BAPTIST MEDICAL CENTER,3400 HIGHWAY 78 EAST,(205) 387-4000,Acute Care Hospitals,Proprietary,291,128
10089,WALKER BAPTIST MEDICAL CENTER,3400 HIGHWAY 78 EAST,(205) 387-4000,Acute Care Hospitals,Proprietary,368,51
10089,WALKER BAPTIST MEDICAL CENTER,3400 HIGHWAY 78 EAST,(205) 387-4000,Acute Care Hospitals,Proprietary,394,25
10089,WALKER BAPTIST MEDICAL CENTER,3400 HIGHWAY 78 EAST,(205) 387-4000,Acute Care Hospitals,Proprietary,302,117
10089,WALKER BAPTIST MEDICAL CENTER,3400 HIGHWAY 78 EAST,(205) 387-4000,Acute Care Hospitals,Proprietary,257,162
10089,WALKER BAPTIST MEDICAL CENTER,3400 HIGHWAY 78 EAST,(205) 387-4000,Acute Care Hospitals,Proprietary,256,163
10089,WALKER BAPTIST MEDICAL CENTER,3400 HIGHWAY 78 EAST,(205) 387-4000,Acute Care Hospitals,Proprietary,362,57
10089,WALKER BAPTIST MEDICAL CENTER,3400 HIGHWAY 78 EAST,(205) 387-4000,Acute Care Hospitals,Proprietary,332,87
10089,WALKER BAPTIST MEDICAL CENTER,3400 HIGHWAY 78 EAST,(205) 387-4000,Acute Care Hospitals,Proprietary,366,53
10089,WALKER BAPTIST MEDICAL CENTER,3400 HIGHWAY 78 EAST,(205) 387-4000,Acute Care Hospitals,Proprietary,353,66
10089,WALKER BAPTIST MEDICAL CENTER,3400 HIGHWAY 78 EAST,(205) 387-4000,Acute Care Hospitals,Proprietary,384,35
10089,WALKER BAPTIST MEDICAL CENTER,3400 HIGHWAY 78 EAST,(205) 387-4000,Acute Care Hospitals,Proprietary,381,38
10089,WALKER BAPTIST MEDICAL CENTER,3400 HIGHWAY 78 EAST,(205) 387-4000,Acute Care Hospitals,Proprietary,367,52
10089,WALKER BAPTIST MEDICAL CENTER,3400 HIGHWAY 78 EAST,(205) 387-4000,Acute Care Hospitals,Proprietary,321,98
10089,WALKER BAPTIST MEDICAL CENTER,3400 HIGHWAY 78 EAST,(205) 387-4000,Acute Care Hospitals,Proprietary,296,123
10089,WALKER BAPTIST MEDICAL CENTER,3400 HIGHWAY 78 EAST,(205) 387-4000,Acute Care Hospitals,Proprietary,325,94
10089,WALKER BAPTIST MEDICAL CENTER,3400 HIGHWAY 78 EAST,(205) 387-4000,Acute Care Hospitals,Proprietary,325,94
10089,WALKER BAPTIST MEDICAL CENTER,3400 HIGHWAY 78 EAST,(205) 387-4000,Acute Care Hospitals,Proprietary,340,79
10089,WALKER BAPTIST MEDICAL CENTER,3400 HIGHWAY 78 EAST,(205) 387-4000,Acute Care Hospitals,Proprietary,278,141
10089,WALKER BAPTIST MEDICAL CENTER,3400 HIGHWAY 78 EAST,(205) 387-4000,Acute Care Hospitals,Proprietary,347,72
10089,WALKER BAPTIST MEDICAL CENTER,3400 HIGHWAY 78 EAST,(205) 387-4000,Acute Care Hospitals,Proprietary,318,101
10089,WALKER BAPTIST MEDICAL CENTER,3400 HIGHWAY 78 EAST,(205) 387-4000,Acute Care Hospitals,Proprietary,342,77
10089,WALKER BAPTIST MEDICAL CENTER,3400 HIGHWAY 78 EAST,(205) 387-4000,Acute Care Hospitals,Proprietary,286,133
10089,WALKER BAPTIST MEDICAL CENTER,3400 HIGHWAY 78 EAST,(205) 387-4000,Acute Care Hospitals,Proprietary,315,104
10089,WALKER BAPTIST MEDICAL CENTER,3400 HIGHWAY 78 EAST,(205) 387-4000,Acute Care Hospitals,Proprietary,282,137
10089,WALKER BAPTIST MEDICAL CENTER,3400 HIGHWAY 78 EAST,(205) 387-4000,Acute Care Hospitals,Proprietary,379,40
10089,WALKER BAPTIST MEDICAL CENTER,3400 HIGHWAY 78 EAST,(205) 387-4000,Acute Care Hospitals,Proprietary,322,97
10089,WALKER BAPTIST MEDICAL CENTER,3400 HIGHWAY 78 EAST,(205) 387-4000,Acute Care Hospitals,Proprietary,284,135
10089,WALKER BAPTIST MEDICAL CENTER,3400 HIGHWAY 78 EAST,(205) 387-4000,Acute Care Hospitals,Proprietary,257,162
10089,WALKER BAPTIST MEDICAL CENTER,3400 HIGHWAY 78 EAST,(205) 387-4000,Acute Care Hospitals,Proprietary,350,69
10089,WALKER BAPTIST MEDICAL CENTER,3400 HIGHWAY 78 EAST,(205) 387-4000,Acute Care Hospitals,Proprietary,282,137
10089,WALKER BAPTIST MEDICAL CENTER,3400 HIGHWAY 78 EAST,(205) 387-4000,Acute Care Hospitals,Proprietary,396,23
10089,WALKER BAPTIST MEDICAL CENTER,3400 HIGHWAY 78 EAST,(205) 387-4000,Acute Care Hospitals,Proprietary,329,90
10089,WALKER BAPTIST MEDICAL CENTER,3400 HIGHWAY 78 EAST,(205) 387-4000,Acute Care Hospitals,Proprietary,293,126
10089,WALKER BAPTIST MEDICAL CENTER,3400 HIGHWAY 78 EAST,(205) 387-4000,Acute Care Hospitals,Proprietary,347,72
10089,WALKER BAPTIST MEDICAL CENTER,3400 HIGHWAY 78 EAST,(205) 387-4000,Acute Care Hospitals,Proprietary,291,128
10089,WALKER BAPTIST MEDICAL CENTER,3400 HIGHWAY 78 EAST,(205) 387-4000,Acute Care Hospitals,Proprietary,371,48
10089,WALKER BAPTIST MEDICAL CENTER,3400 HIGHWAY 78 EAST,(205) 387-4000,Acute Care Hospitals,Proprietary,296,123
10089,WALKER BAPTIST MEDICAL CENTER,3400 HIGHWAY 78 EAST,(205) 387-4000,Acute Care Hospitals,Proprietary,396,23
10089,WALKER BAPTIST MEDICAL CENTER,3400 HIGHWAY 78 EAST,(205) 387-4000,Acute Care Hospitals,Proprietary,340,79
10089,WALKER BAPTIST MEDICAL CENTER,3400 HIGHWAY 78 EAST,(205) 387-4000,Acute Care Hospitals,Proprietary,375,44
10089,WALKER BAPTIST MEDICAL CENTER,3400 HIGHWAY 78 EAST,(205) 387-4000,Acute Care Hospitals,Proprietary,262,157
10089,WALKER BAPTIST MEDICAL CENTER,3400 HIGHWAY 78 EAST,(205) 387-4000,Acute Care Hospitals,Proprietary,302,117
10089,WALKER BAPTIST MEDICAL CENTER,3400 HIGHWAY 78 EAST,(205) 387-4000,Acute Care Hospitals,Proprietary,359,60
10089,WALKER BAPTIST MEDICAL CENTER,3400 HIGHWAY 78 EAST,(205) 387-4000,Acute Care Hospitals,Proprietary,347,72
10089,WALKER BAPTIST MEDICAL CENTER,3400 HIGHWAY 78 EAST,(205) 387-4000,Acute Care Hospitals,Proprietary,279,140
10089,WALKER BAPTIST MEDICAL CENTER,3400 HIGHWAY 78 EAST,(205) 387-4000,Acute Care Hospitals,Proprietary,303,116
10089,WALKER BAPTIST MEDICAL CENTER,3400 HIGHWAY 78 EAST,(205) 387-4000,Acute Care Hospitals,Proprietary,290,129
10089,WALKER BAPTIST MEDICAL CENTER,3400 HIGHWAY 78 EAST,(205) 387-4000,Acute Care Hospitals,Proprietary,341,78
