Facility ID,Facility Name,Address,Telephone Number,Hospital Type,Hospital Ownership,Active Beds,Inactive Beds
10099,D W MCMILLAN MEMORIAL HOSPITAL,1301 BELLEVILLE AVENUE,(251) 867-8061,Acute Care Hospitals,Government - Hospital District or Authority,184,82
10099,D W MCMILLAN MEMORIAL HOSPITAL,1301 BELLEVILLE AVENUE,(251) 867-8061,Acute Care Hospitals,Government - Hospital District or Authority,238,28
10099,D W MCMILLAN MEMORIAL HOSPITAL,1301 BELLEVILLE AVENUE,(251) 867-8061,Acute Care Hospitals,Government - Hospital District or Authority,196,70
10099,D W MCMILLAN MEMORIAL HOSPITAL,1301 BELLEVILLE AVENUE,(251) 867-8061,Acute Care Hospitals,Government - Hospital District or Authority,225,41
10099,D W MCMILLAN MEMORIAL HOSPITAL,1301 BELLEVILLE AVENUE,(251) 867-8061,Acute Care Hospitals,Government - Hospital District or Authority,173,93
10099,D W MCMILLAN MEMORIAL HOSPITAL,1301 BELLEVILLE AVENUE,(251) 867-8061,Acute Care Hospitals,Government - Hospital District or Authority,229,37
10099,D W MCMILLAN MEMORIAL HOSPITAL,1301 BELLEVILLE AVENUE,(251) 867-8061,Acute Care Hospitals,Government - Hospital District or Authority,210,56
10099,D W MCMILLAN MEMORIAL HOSPITAL,1301 BELLEVILLE AVENUE,(251) 867-8061,Acute Care Hospitals,Government - Hospital District or Authority,184,82
10099,D W MCMILLAN MEMORIAL HOSPITAL,1301 BELLEVILLE AVENUE,(251) 867-8061,Acute Care Hospitals,Government - Hospital District or Authority,205,61
10099,D W MCMILLAN MEMORIAL HOSPITAL,1301 BELLEVILLE AVENUE,(251) 867-8061,Acute Care Hospitals,Government - Hospital District or Authority,224,42
10099,D W MCMILLAN MEMORIAL HOSPITAL,1301 BELLEVILLE AVENUE,(251) 867-8061,Acute Care Hospitals,Government - Hospital District or Authority,160,106
10099,D W MCMILLAN MEMORIAL HOSPITAL,1301 BELLEVILLE AVENUE,(251) 867-8061,Acute Care Hospitals,Government - Hospital District or Authority,218,48
10099,D W MCMILLAN MEMORIAL HOSPITAL,1301 BELLEVILLE AVENUE,(251) 867-8061,Acute Care Hospitals,Government - Hospital District or Authority,210,56
10099,D W MCMILLAN MEMORIAL HOSPITAL,1301 BELLEVILLE AVENUE,(251) 867-8061,Acute Care Hospitals,Government - Hospital District or Authority,180,86
10099,D W MCMILLAN MEMORIAL HOSPITAL,1301 BELLEVILLE AVENUE,(251) 867-8061,Acute Care Hospitals,Government - Hospital District or Authority,229,37
10099,D W MCMILLAN MEMORIAL HOSPITAL,1301 BELLEVILLE AVENUE,(251) 867-8061,Acute Care Hospitals,Government - Hospital District or Authority,187,79
10099,D W MCMILLAN MEMORIAL HOSPITAL,1301 BELLEVILLE AVENUE,(251) 867-8061,Acute Care Hospitals,Government - Hospital District or Authority,185,81
10099,D W MCMILLAN MEMORIAL HOSPITAL,1301 BELLEVILLE AVENUE,(251) 867-8061,Acute Care Hospitals,Government - Hospital District or Authority,203,63
10099,D W MCMILLAN MEMORIAL HOSPITAL,1301 BELLEVILLE AVENUE,(251) 867-8061,Acute Care Hospitals,Government - Hospital District or Authority,222,44
10099,D W MCMILLAN MEMORIAL HOSPITAL,1301 BELLEVILLE AVENUE,(251) 867-8061,Acute Care Hospitals,Government - Hospital District or Authority,246,20
10099,D W MCMILLAN MEMORIAL HOSPITAL,1301 BELLEVILLE AVENUE,(251) 867-8061,Acute Care Hospitals,Government - Hospital District or Authority,172,94
10099,D W MCMILLAN MEMORIAL HOSPITAL,1301 BELLEVILLE AVENUE,(251) 867-8061,Acute Care Hospitals,Government - Hospital District or Authority,196,70
10099,D W MCMILLAN MEMORIAL HOSPITAL,1301 BELLEVILLE AVENUE,(251) 867-8061,Acute Care Hospitals,Government - Hospital District or Authority,165,101
10099,D W MCMILLAN MEMORIAL HOSPITAL,1301 BELLEVILLE AVENUE,(251) 867-8061,Acute Care Hospitals,Government - Hospital District or Authority,230,36
10099,D W MCMILLAN MEMORIAL HOSPITAL,1301 BELLEVILLE AVENUE,(251) 867-8061,Acute Care Hospitals,Government - Hospital District or Authority,201,65
10099,D W MCMILLAN MEMORIAL HOSPITAL,1301 BELLEVILLE AVENUE,(251) 867-8061,Acute Care Hospitals,Government - Hospital District or Authority,225,41
10099,D W MCMILLAN MEMORIAL HOSPITAL,1301 BELLEVILLE AVENUE,(251) 867-8061,Acute Care Hospitals,Government - Hospital District or Authority,189,77
10099,D W MCMILLAN MEMORIAL HOSPITAL,1301 BELLEVILLE AVENUE,(251) 867-8061,Acute Care Hospitals,Government - Hospital District or Authority,238,28
10099,D W MCMILLAN MEMORIAL HOSPITAL,1301 BELLEVILLE AVENUE,(251) 867-8061,Acute Care Hospitals,Government - Hospital District or Authority,209,57
10099,D W MCMILLAN MEMORIAL HOSPITAL,1301 BELLEVILLE AVENUE,(251) 867-8061,Acute Care Hospitals,Government - Hospital District or Authority,247,19
10099,D W MCMILLAN MEMORIAL HOSPITAL,1301 BELLEVILLE AVENUE,(251) 867-8061,Acute Care Hospitals,Government - Hospital District or Authority,166,100
10099,D W MCMILLAN MEMORIAL HOSPITAL,1301 BELLEVILLE AVENUE,(251) 867-8061,Acute Care Hospitals,Government - Hospital District or Authority,207,59
10099,D W MCMILLAN MEMORIAL HOSPITAL,1301 BELLEVILLE AVENUE,(251) 867-8061,Acute Care Hospitals,Government - Hospital District or Authority,230,36
10099,D W MCMILLAN MEMORIAL HOSPITAL,1301 BELLEVILLE AVENUE,(251) 867-8061,Acute Care Hospitals,Government - Hospital District or Authority,215,51
10099,D W MCMILLAN MEMORIAL HOSPITAL,1301 BELLEVILLE AVENUE,(251) 867-8061,Acute Care Hospitals,Government - Hospital District or Authority,161,105
10099,D W MCMILLAN MEMORIAL HOSPITAL,1301 BELLEVILLE AVENUE,(251) 867-8061,Acute Care Hospitals,Government - Hospital District or Authority,250,16
10099,D W MCMILLAN MEMORIAL HOSPITAL,1301 BELLEVILLE AVENUE,(251) 867-8061,Acute Care Hospitals,Government - Hospital District or Authority,187,79
10099,D W MCMILLAN MEMORIAL HOSPITAL,1301 BELLEVILLE AVENUE,(251) 867-8061,Acute Care Hospitals,Government - Hospital District or Authority,182,84
10099,D W MCMILLAN MEMORIAL HOSPITAL,1301 BELLEVILLE AVENUE,(251) 867-8061,Acute Care Hospitals,Government - Hospital District or Authority,204,62
10099,D W MCMILLAN MEMORIAL HOSPITAL,1301 BELLEVILLE AVENUE,(251) 867-8061,Acute Care Hospitals,Government - Hospital District or Authority,210,56
10099,D W MCMILLAN MEMORIAL HOSPITAL,1301 BELLEVILLE AVENUE,(251) 867-8061,Acute Care Hospitals,Government - Hospital District or Authority,230,36
10099,D W MCMILLAN MEMORIAL HOSPITAL,1301 BELLEVILLE AVENUE,(251) 867-8061,Acute Care Hospitals,Government - Hospital District or Authority,196,70
10099,D W MCMILLAN MEMORIAL HOSPITAL,1301 BELLEVILLE AVENUE,(251) 867-8061,Acute Care Hospitals,Government - Hospital District or Authority,200,66
10099,D W MCMILLAN MEMORIAL HOSPITAL,1301 BELLEVILLE AVENUE,(251) 867-8061,Acute Care Hospitals,Government - Hospital District or Authority,209,57
10099,D W MCMILLAN MEMORIAL HOSPITAL,1301 BELLEVILLE AVENUE,(251) 867-8061,Acute Care Hospitals,Government - Hospital District or Authority,196,70
10099,D W MCMILLAN MEMORIAL HOSPITAL,1301 BELLEVILLE AVENUE,(251) 867-8061,Acute Care Hospitals,Government - Hospital District or Authority,244,22
10099,D W MCMILLAN MEMORIAL HOSPITAL,1301 BELLEVILLE AVENUE,(251) 867-8061,Acute Care Hospitals,Government - Hospital District or Authority,238,28
10099,D W MCMILLAN MEMORIAL HOSPITAL,1301 BELLEVILLE AVENUE,(251) 867-8061,Acute Care Hospitals,Government - Hospital District or Authority,201,65
10099,D W MCMILLAN MEMORIAL HOSPITAL,1301 BELLEVILLE AVENUE,(251) 867-8061,Acute Care Hospitals,Government - Hospital District or Authority,159,107
10099,D W MCMILLAN MEMORIAL HOSPITAL,1301 BELLEVILLE AVENUE,(251) 867-8061,Acute Care Hospitals,Government - Hospital District or Authority,243,23
10099,D W MCMILLAN MEMORIAL HOSPITAL,1301 BELLEVILLE AVENUE,(251) 867-8061,Acute Care Hospitals,Government - Hospital District or Authority,171,95
10099,D W MCMILLAN MEMORIAL HOSPITAL,1301 BELLEVILLE AVENUE,(251) 867-8061,Acute Care Hospitals,Government - Hospital District or Authority,182,84
10099,D W MCMILLAN MEMORIAL HOSPITAL,1301 BELLEVILLE AVENUE,(251) 867-8061,Acute Care Hospitals,Government - Hospital District or Authority,173,93
10099,D W MCMILLAN MEMORIAL HOSPITAL,1301 BELLEVILLE AVENUE,(251) 867-8061,Acute Care Hospitals,Government - Hospital District or Authority,176,90
10099,D W MCMILLAN MEMORIAL HOSPITAL,1301 BELLEVILLE AVENUE,(251) 867-8061,Acute Care Hospitals,Government - Hospital District or Authority,234,32
10099,D W MCMILLAN MEMORIAL HOSPITAL,1301 BELLEVILLE AVENUE,(251) 867-8061,Acute Care Hospitals,Government - Hospital District or Authority,213,53
10099,D W MCMILLAN MEMORIAL HOSPITAL,1301 BELLEVILLE AVENUE,(251) 867-8061,Acute Care Hospitals,Government - Hospital District or Authority,248,18
10099,D W MCMILLAN MEMORIAL HOSPITAL,1301 BELLEVILLE AVENUE,(251) 867-8061,Acute Care Hospitals,Government - Hospital District or Authority,181,85
10099,D W MCMILLAN MEMORIAL HOSPITAL,1301 BELLEVILLE AVENUE,(251) 867-8061,Acute Care Hospitals,Government - Hospital District or Authority,204,62
10099,D W MCMILLAN MEMORIAL HOSPITAL,1301 BELLEVILLE AVENUE,(251) 867-8061,Acute Care Hospitals,Government - Hospital District or Authority,250,16
10099,D W MCMILLAN MEMORIAL HOSPITAL,1301 BELLEVILLE AVENUE,(251) 867-8061,Acute Care Hospitals,Government - Hospital District or Authority,236,30
10099,D W MCMILLAN MEMORIAL HOSPITAL,1301 BELLEVILLE AVENUE,(251) 867-8061,Acute Care Hospitals,Government - Hospital District or Authority,227,39
10099,D W MCMILLAN MEMORIAL HOSPITAL,1301 BELLEVILLE AVENUE,(251) 867-8061,Acute Care Hospitals,Government - Hospital District or Authority,177,89
10099,D W MCMILLAN MEMORIAL HOSPITAL,1301 BELLEVILLE AVENUE,(251) 867-8061,Acute Care Hospitals,Government - Hospital District or Authority,231,35
10099,D W MCMILLAN MEMORIAL HOSPITAL,1301 BELLEVILLE AVENUE,(251) 867-8061,Acute Care Hospitals,Government - Hospital District or Authority,191,75
10099,D W MCMILLAN MEMORIAL HOSPITAL,1301 BELLEVILLE AVENUE,(251) 867-8061,Acute Care Hospitals,Government - Hospital District or Authority,208,58
10099,D W MCMILLAN MEMORIAL HOSPITAL,1301 BELLEVILLE AVENUE,(251) 867-8061,Acute Care Hospitals,Government - Hospital District or Authority,216,50
10099,D W MCMILLAN MEMORIAL HOSPITAL,1301 BELLEVILLE AVENUE,(251) 867-8061,Acute Care Hospitals,Government - Hospital District or Authority,216,50
10099,D W MCMILLAN MEMORIAL HOSPITAL,1301 BELLEVILLE AVENUE,(251) 867-8061,Acute Care Hospitals,Government - Hospital District or Authority,227,39
10099,D W MCMILLAN MEMORIAL HOSPITAL,1301 BELLEVILLE AVENUE,(251) 867-8061,Acute Care Hospitals,Government - Hospital District or Authority,221,45
10099,D W MCMILLAN MEMORIAL HOSPITAL,1301 BELLEVILLE AVENUE,(251) 867-8061,Acute Care Hospitals,Government - Hospital District or Authority,165,101
10099,D W MCMILLAN MEMORIAL HOSPITAL,1301 BELLEVILLE AVENUE,(251) 867-8061,Acute Care Hospitals,Government - Hospital District or Authority,202,64
10099,D W MCMILLAN MEMORIAL HOSPITAL,1301 BELLEVILLE AVENUE,(251) 867-8061,Acute Care Hospitals,Government - Hospital District or Authority,221,45
10099,D W MCMILLAN MEMORIAL HOSPITAL,1301 BELLEVILLE AVENUE,(251) 867-8061,Acute Care Hospitals,Government - Hospital District or Authority,187,79
10099,D W MCMILLAN MEMORIAL HOSPITAL,1301 BELLEVILLE AVENUE,(251) 867-8061,Acute Care Hospitals,Government - Hospital District or Authority,188,78
10099,D W MCMILLAN MEMORIAL HOSPITAL,1301 BELLEVILLE AVENUE,(251) 867-8061,Acute Care Hospitals,Government - Hospital District or Authority,171,95
10099,D W MCMILLAN MEMORIAL HOSPITAL,1301 BELLEVILLE AVENUE,(251) 867-8061,Acute Care Hospitals,Government - Hospital District or Authority,198,68
10099,D W MCMILLAN MEMORIAL HOSPITAL,1301 BELLEVILLE AVENUE,(251) 867-8061,Acute Care Hospitals,Government - Hospital District or Authority,251,15
10099,D W MCMILLAN MEMORIAL HOSPITAL,1301 BELLEVILLE AVENUE,(251) 867-8061,Acute Care Hospitals,Government - Hospital District or Authority,186,80
10099,D W MCMILLAN MEMORIAL HOSPITAL,1301 BELLEVILLE AVENUE,(251) 867-8061,Acute Care Hospitals,Government - Hospital District or Authority,209,57
10099,D W MCMILLAN MEMORIAL HOSPITAL,1301 BELLEVILLE AVENUE,(251) 867-8061,Acute Care Hospitals,Government - Hospital District or Authority,228,38
10099,D W MCMILLAN MEMORIAL HOSPITAL,1301 BELLEVILLE AVENUE,(251) 867-8061,Acute Care Hospitals,Government - Hospital District or Authority,160,106
10099,D W MCMILLAN MEMORIAL HOSPITAL,1301 BELLEVILLE AVENUE,(251) 867-8061,Acute Care Hospitals,Government - Hospital District or Authority,243,23
10099,D W MCMILLAN MEMORIAL HOSPITAL,1301 BELLEVILLE AVENUE,(251) 867-8061,Acute Care Hospitals,Government - Hospital District or Authority,195,71
10099,D W MCMILLAN MEMORIAL HOSPITAL,1301 BELLEVILLE AVENUE,(251) 867-8061,Acute Care Hospitals,Government - Hospital District or Authority,240,26
10099,D W MCMILLAN MEMORIAL HOSPITAL,1301 BELLEVILLE AVENUE,(251) 867-8061,Acute Care Hospitals,Government - Hospital District or Authority,163,103
10099,D W MCMILLAN MEMORIAL HOSPITAL,1301 BELLEVILLE AVENUE,(251) 867-8061,Acute Care Hospitals,Government - Hospital District or Authority,173,93
10099,D W MCMILLAN MEMORIAL HOSPITAL,1301 BELLEVILLE AVENUE,(251) 867-8061,Acute Care Hospitals,Government - Hospital District or Authority,189,77
10099,D W MCMILLAN MEMORIAL HOSPITAL,1301 BELLEVILLE AVENUE,(251) 867-8061,Acute Care Hospitals,Government - Hospital District or Authority,191,75
10099,D W MCMILLAN MEMORIAL HOSPITAL,1301 BELLEVILLE AVENUE,(251) 867-8061,Acute Care Hospitals,Government - Hospital District or Authority,238,28
10099,D W MCMILLAN MEMORIAL HOSPITAL,1301 BELLEVILLE AVENUE,(251) 867-8061,Acute Care Hospitals,Government - Hospital District or Authority,160,106
10099,D W MCMILLAN MEMORIAL HOSPITAL,1301 BELLEVILLE AVENUE,(251) 867-8061,Acute Care Hospitals,Government - Hospital District or Authority,219,47
10099,D W MCMILLAN MEMORIAL HOSPITAL,1301 BELLEVILLE AVENUE,(251) 867-8061,Acute Care Hospitals,Government - Hospital District or Authority,171,95
10099,D W MCMILLAN MEMORIAL HOSPITAL,1301 BELLEVILLE AVENUE,(251) 867-8061,Acute Care Hospitals,Government - Hospital District or Authority,236,30
10099,D W MCMILLAN MEMORIAL HOSPITAL,1301 BELLEVILLE AVENUE,(251) 867-8061,Acute Care Hospitals,Government - Hospital District or Authority,232,34
10099,D W MCMILLAN MEMORIAL HOSPITAL,1301 BELLEVILLE AVENUE,(251) 867-8061,Acute Care Hospitals,Government - Hospital District or Authority,206,60
10099,D W MCMILLAN MEMORIAL HOSPITAL,1301 BELLEVILLE AVENUE,(251) 867-8061,Acute Care Hospitals,Government - Hospital District or Authority,179,87
10099,D W MCMILLAN MEMORIAL HOSPITAL,1301 BELLEVILLE AVENUE,(251) 867-8061,Acute Care Hospitals,Government - Hospital District or Authority,218,48
10099,D W MCMILLAN MEMORIAL HOSPITAL,1301 BELLEVILLE AVENUE,(251) 867-8061,Acute Care Hospitals,Government - Hospital District or Authority,174,92
10099,D W MCMILLAN MEMORIAL HOSPITAL,1301 BELLEVILLE AVENUE,(251) 867-8061,Acute Care Hospitals,Government - Hospital District or Authority,177,89
10099,D W MCMILLAN MEMORIAL HOSPITAL,1301 BELLEVILLE AVENUE,(251) 867-8061,Acute Care Hospitals,Government - Hospital District or Authority,217,49
10099,D W MCMILLAN MEMORIAL HOSPITAL,1301 BELLEVILLE AVENUE,(251) 867-8061,Acute Care Hospitals,Government - Hospital District or Authority,251,15
10099,D W MCMILLAN MEMORIAL HOSPITAL,1301 BELLEVILLE AVENUE,(251) 867-8061,Acute Care Hospitals,Government - Hospital District or Authority,242,24
10099,D W MCMILLAN MEMORIAL HOSPITAL,1301 BELLEVILLE AVENUE,(251) 867-8061,Acute Care Hospitals,Government - Hospital District or Authority,214,52
10099,D W MCMILLAN MEMORIAL HOSPITAL,1301 BELLEVILLE AVENUE,(251) 867-8061,Acute Care Hospitals,Government - Hospital District or Authority,209,57
10099,D W MCMILLAN MEMORIAL HOSPITAL,1301 BELLEVILLE AVENUE,(251) 867-8061,Acute Care Hospitals,Government - Hospital District or Authority,252,14
10099,D W MCMILLAN MEMORIAL HOSPITAL,1301 BELLEVILLE AVENUE,(251) 867-8061,Acute Care Hospitals,Government - Hospital District or Authority,210,56
10099,D W MCMILLAN MEMORIAL HOSPITAL,1301 BELLEVILLE AVENUE,(251) 867-8061,Acute Care Hospitals,Government - Hospital District or Authority,198,68
10099,D W MCMILLAN MEMORIAL HOSPITAL,1301 BELLEVILLE AVENUE,(251) 867-8061,Acute Care Hospitals,Government - Hospital District or Authority,244,22
10099,D W MCMILLAN MEMORIAL HOSPITAL,1301 BELLEVILLE AVENUE,(251) 867-8061,Acute Care Hospitals,Government - Hospital District or Authority,181,85
10099,D W MCMILLAN MEMORIAL HOSPITAL,1301 BELLEVILLE AVENUE,(251) 867-8061,Acute Care Hospitals,Government - Hospital District or Authority,168,98
10099,D W MCMILLAN MEMORIAL HOSPITAL,1301 BELLEVILLE AVENUE,(251) 867-8061,Acute Care Hospitals,Government - Hospital District or Authority,218,48
10099,D W MCMILLAN MEMORIAL HOSPITAL,1301 BELLEVILLE AVENUE,(251) 867-8061,Acute Care Hospitals,Government - Hospital District or Authority,168,98
10099,D W MCMILLAN MEMORIAL HOSPITAL,1301 BELLEVILLE AVENUE,(251) 867-8061,Acute Care Hospitals,Government - Hospital District or Authority,194,72
10099,D W MCMILLAN MEMORIAL HOSPITAL,1301 BELLEVILLE AVENUE,(251) 867-8061,Acute Care Hospitals,Government - Hospital District or Authority,199,67
10099,D W MCMILLAN MEMORIAL HOSPITAL,1301 BELLEVILLE AVENUE,(251) 867-8061,Acute Care Hospitals,Government - Hospital District or Authority,210,56
10099,D W MCMILLAN MEMORIAL HOSPITAL,1301 BELLEVILLE AVENUE,(251) 867-8061,Acute Care Hospitals,Government - Hospital District or Authority,251,15
10099,D W MCMILLAN MEMORIAL HOSPITAL,1301 BELLEVILLE AVENUE,(251) 867-8061,Acute Care Hospitals,Government - Hospital District or Authority,180,86
10099,D W MCMILLAN MEMORIAL HOSPITAL,1301 BELLEVILLE AVENUE,(251) 867-8061,Acute Care Hospitals,Government - Hospital District or Authority,194,72
10099,D W MCMILLAN MEMORIAL HOSPITAL,1301 BELLEVILLE AVENUE,(251) 867-8061,Acute Care Hospitals,Government - Hospital District or Authority,171,95
10099,D W MCMILLAN MEMORIAL HOSPITAL,1301 BELLEVILLE AVENUE,(251) 867-8061,Acute Care Hospitals,Government - Hospital District or Authority,216,50
10099,D W MCMILLAN MEMORIAL HOSPITAL,1301 BELLEVILLE AVENUE,(251) 867-8061,Acute Care Hospitals,Government - Hospital District or Authority,227,39
10099,D W MCMILLAN MEMORIAL HOSPITAL,1301 BELLEVILLE AVENUE,(251) 867-8061,Acute Care Hospitals,Government - Hospital District or Authority,204,62
10099,D W MCMILLAN MEMORIAL HOSPITAL,1301 BELLEVILLE AVENUE,(251) 867-8061,Acute Care Hospitals,Government - Hospital District or Authority,182,84
10099,D W MCMILLAN MEMORIAL HOSPITAL,1301 BELLEVILLE AVENUE,(251) 867-8061,Acute Care Hospitals,Government - Hospital District or Authority,217,49
10099,D W MCMILLAN MEMORIAL HOSPITAL,1301 BELLEVILLE AVENUE,(251) 867-8061,Acute Care Hospitals,Government - Hospital District or Authority,209,57
10099,D W MCMILLAN MEMORIAL HOSPITAL,1301 BELLEVILLE AVENUE,(251) 867-8061,Acute Care Hospitals,Government - Hospital District or Authority,175,91
10099,D W MCMILLAN MEMORIAL HOSPITAL,1301 BELLEVILLE AVENUE,(251) 867-8061,Acute Care Hospitals,Government - Hospital District or Authority,197,69
10099,D W MCMILLAN MEMORIAL HOSPITAL,1301 BELLEVILLE AVENUE,(251) 867-8061,Acute Care Hospitals,Government - Hospital District or Authority,200,66
10099,D W MCMILLAN MEMORIAL HOSPITAL,1301 BELLEVILLE AVENUE,(251) 867-8061,Acute Care Hospitals,Government - Hospital District or Authority,251,15
10099,D W MCMILLAN MEMORIAL HOSPITAL,1301 BELLEVILLE AVENUE,(251) 867-8061,Acute Care Hospitals,Government - Hospital District or Authority,238,28
10099,D W MCMILLAN MEMORIAL HOSPITAL,1301 BELLEVILLE AVENUE,(251) 867-8061,Acute Care Hospitals,Government - Hospital District or Authority,227,39
10099,D W MCMILLAN MEMORIAL HOSPITAL,1301 BELLEVILLE AVENUE,(251) 867-8061,Acute Care Hospitals,Government - Hospital District or Authority,242,24
10099,D W MCMILLAN MEMORIAL HOSPITAL,1301 BELLEVILLE AVENUE,(251) 867-8061,Acute Care Hospitals,Government - Hospital District or Authority,228,38
10099,D W MCMILLAN MEMORIAL HOSPITAL,1301 BELLEVILLE AVENUE,(251) 867-8061,Acute Care Hospitals,Government - Hospital District or Authority,243,23
10099,D W MCMILLAN MEMORIAL HOSPITAL,1301 BELLEVILLE AVENUE,(251) 867-8061,Acute Care Hospitals,Government - Hospital District or Authority,164,102
10099,D W MCMILLAN MEMORIAL HOSPITAL,1301 BELLEVILLE AVENUE,(251) 867-8061,Acute Care Hospitals,Government - Hospital District or Authority,202,64
10099,D W MCMILLAN MEMORIAL HOSPITAL,1301 BELLEVILLE AVENUE,(251) 867-8061,Acute Care Hospitals,Government - Hospital District or Authority,229,37
10099,D W MCMILLAN MEMORIAL HOSPITAL,1301 BELLEVILLE AVENUE,(251) 867-8061,Acute Care Hospitals,Government - Hospital District or Authority,213,53
10099,D W MCMILLAN MEMORIAL HOSPITAL,1301 BELLEVILLE AVENUE,(251) 867-8061,Acute Care Hospitals,Government - Hospital District or Authority,175,91
10099,D W MCMILLAN MEMORIAL HOSPITAL,1301 BELLEVILLE AVENUE,(251) 867-8061,Acute Care Hospitals,Government - Hospital District or Authority,191,75
10099,D W MCMILLAN MEMORIAL HOSPITAL,1301 BELLEVILLE AVENUE,(251) 867-8061,Acute Care Hospitals,Government - Hospital District or Authority,189,77
10099,D W MCMILLAN MEMORIAL HOSPITAL,1301 BELLEVILLE AVENUE,(251) 867-8061,Acute Care Hospitals,Government - Hospital District or Authority,183,83
10099,D W MCMILLAN MEMORIAL HOSPITAL,1301 BELLEVILLE AVENUE,(251) 867-8061,Acute Care Hospitals,Government - Hospital District or Authority,191,75
10099,D W MCMILLAN MEMORIAL HOSPITAL,1301 BELLEVILLE AVENUE,(251) 867-8061,Acute Care Hospitals,Government - Hospital District or Authority,207,59
10099,D W MCMILLAN MEMORIAL HOSPITAL,1301 BELLEVILLE AVENUE,(251) 867-8061,Acute Care Hospitals,Government - Hospital District or Authority,239,27
10099,D W MCMILLAN MEMORIAL HOSPITAL,1301 BELLEVILLE AVENUE,(251) 867-8061,Acute Care Hospitals,Government - Hospital District or Authority,228,38
10099,D W MCMILLAN MEMORIAL HOSPITAL,1301 BELLEVILLE AVENUE,(251) 867-8061,Acute Care Hospitals,Government - Hospital District or Authority,237,29
10099,D W MCMILLAN MEMORIAL HOSPITAL,1301 BELLEVILLE AVENUE,(251) 867-8061,Acute Care Hospitals,Government - Hospital District or Authority,241,25
10099,D W MCMILLAN MEMORIAL HOSPITAL,1301 BELLEVILLE AVENUE,(251) 867-8061,Acute Care Hospitals,Government - Hospital District or Authority,198,68
10099,D W MCMILLAN MEMORIAL HOSPITAL,1301 BELLEVILLE AVENUE,(251) 867-8061,Acute Care Hospitals,Government - Hospital District or Authority,191,75
10099,D W MCMILLAN MEMORIAL HOSPITAL,1301 BELLEVILLE AVENUE,(251) 867-8061,Acute Care Hospitals,Government - Hospital District or Authority,164,102
10099,D W MCMILLAN MEMORIAL HOSPITAL,1301 BELLEVILLE AVENUE,(251) 867-8061,Acute Care Hospitals,Government - Hospital District or Authority,246,20
10099,D W MCMILLAN MEMORIAL HOSPITAL,1301 BELLEVILLE AVENUE,(251) 867-8061,Acute Care Hospitals,Government - Hospital District or Authority,165,101
10099,D W MCMILLAN MEMORIAL HOSPITAL,1301 BELLEVILLE AVENUE,(251) 867-8061,Acute Care Hospitals,Government - Hospital District or Authority,228,38
10099,D W MCMILLAN MEMORIAL HOSPITAL,1301 BELLEVILLE AVENUE,(251) 867-8061,Acute Care Hospitals,Government - Hospital District or Authority,194,72
10099,D W MCMILLAN MEMORIAL HOSPITAL,1301 BELLEVILLE AVENUE,(251) 867-8061,Acute Care Hospitals,Government - Hospital District or Authority,247,19
10099,D W MCMILLAN MEMORIAL HOSPITAL,1301 BELLEVILLE AVENUE,(251) 867-8061,Acute Care Hospitals,Government - Hospital District or Authority,198,68
10099,D W MCMILLAN MEMORIAL HOSPITAL,1301 BELLEVILLE AVENUE,(251) 867-8061,Acute Care Hospitals,Government - Hospital District or Authority,235,31
10099,D W MCMILLAN MEMORIAL HOSPITAL,1301 BELLEVILLE AVENUE,(251) 867-8061,Acute Care Hospitals,Government - Hospital District or Authority,185,81
10099,D W MCMILLAN MEMORIAL HOSPITAL,1301 BELLEVILLE AVENUE,(251) 867-8061,Acute Care Hospitals,Government - Hospital District or Authority,187,79
10099,D W MCMILLAN MEMORIAL HOSPITAL,1301 BELLEVILLE AVENUE,(251) 867-8061,Acute Care Hospitals,Government - Hospital District or Authority,215,51
10099,D W MCMILLAN MEMORIAL HOSPITAL,1301 BELLEVILLE AVENUE,(251) 867-8061,Acute Care Hospitals,Government - Hospital District or Authority,252,14
10099,D W MCMILLAN MEMORIAL HOSPITAL,1301 BELLEVILLE AVENUE,(251) 867-8061,Acute Care Hospitals,Government - Hospital District or Authority,207,59
10099,D W MCMILLAN MEMORIAL HOSPITAL,1301 BELLEVILLE AVENUE,(251) 867-8061,Acute Care Hospitals,Government - Hospital District or Authority,246,20
10099,D W MCMILLAN MEMORIAL HOSPITAL,1301 BELLEVILLE AVENUE,(251) 867-8061,Acute Care Hospitals,Government - Hospital District or Authority,232,34
10099,D W MCMILLAN MEMORIAL HOSPITAL,1301 BELLEVILLE AVENUE,(251) 867-8061,Acute Care Hospitals,Government - Hospital District or Authority,233,33
10099,D W MCMILLAN MEMORIAL HOSPITAL,1301 BELLEVILLE AVENUE,(251) 867-8061,Acute Care Hospitals,Government - Hospital District or Authority,200,66
10099,D W MCMILLAN MEMORIAL HOSPITAL,1301 BELLEVILLE AVENUE,(251) 867-8061,Acute Care Hospitals,Government - Hospital District or Authority,195,71
10099,D W MCMILLAN MEMORIAL HOSPITAL,1301 BELLEVILLE AVENUE,(251) 867-8061,Acute Care Hospitals,Government - Hospital District or Authority,177,89
10099,D W MCMILLAN MEMORIAL HOSPITAL,1301 BELLEVILLE AVENUE,(251) 867-8061,Acute Care Hospitals,Government - Hospital District or Authority,249,17
10099,D W MCMILLAN MEMORIAL HOSPITAL,1301 BELLEVILLE AVENUE,(251) 867-8061,Acute Care Hospitals,Government - Hospital District or Authority,248,18
10099,D W MCMILLAN MEMORIAL HOSPITAL,1301 BELLEVILLE AVENUE,(251) 867-8061,Acute Care Hospitals,Government - Hospital District or Authority,229,37
10099,D W MCMILLAN MEMORIAL HOSPITAL,1301 BELLEVILLE AVENUE,(251) 867-8061,Acute Care Hospitals,Government - Hospital District or Authority,187,79
10099,D W MCMILLAN MEMORIAL HOSPITAL,1301 BELLEVILLE AVENUE,(251) 867-8061,Acute Care Hospitals,Government - Hospital District or Authority,182,84
10099,D W MCMILLAN MEMORIAL HOSPITAL,1301 BELLEVILLE AVENUE,(251) 867-8061,Acute Care Hospitals,Government - Hospital District or Authority,251,15
10099,D W MCMILLAN MEMORIAL HOSPITAL,1301 BELLEVILLE AVENUE,(251) 867-8061,Acute Care Hospitals,Government - Hospital District or Authority,165,101
10099,D W MCMILLAN MEMORIAL HOSPITAL,1301 BELLEVILLE AVENUE,(251) 867-8061,Acute Care Hospitals,Government - Hospital District or Authority,238,28
10099,D W MCMILLAN MEMORIAL HOSPITAL,1301 BELLEVILLE AVENUE,(251) 867-8061,Acute Care Hospitals,Government - Hospital District or Authority,192,74
10099,D W MCMILLAN MEMORIAL HOSPITAL,1301 BELLEVILLE AVENUE,(251) 867-8061,Acute Care Hospitals,Government - Hospital District or Authority,198,68
10099,D W MCMILLAN MEMORIAL HOSPITAL,1301 BELLEVILLE AVENUE,(251) 867-8061,Acute Care Hospitals,Government - Hospital District or Authority,237,29
10099,D W MCMILLAN MEMORIAL HOSPITAL,1301 BELLEVILLE AVENUE,(251) 867-8061,Acute Care Hospitals,Government - Hospital District or Authority,168,98
10099,D W MCMILLAN MEMORIAL HOSPITAL,1301 BELLEVILLE AVENUE,(251) 867-8061,Acute Care Hospitals,Government - Hospital District or Authority,192,74
10099,D W MCMILLAN MEMORIAL HOSPITAL,1301 BELLEVILLE AVENUE,(251) 867-8061,Acute Care Hospitals,Government - Hospital District or Authority,248,18
10099,D W MCMILLAN MEMORIAL HOSPITAL,1301 BELLEVILLE AVENUE,(251) 867-8061,Acute Care Hospitals,Government - Hospital District or Authority,224,42
10099,D W MCMILLAN MEMORIAL HOSPITAL,1301 BELLEVILLE AVENUE,(251) 867-8061,Acute Care Hospitals,Government - Hospital District or Authority,229,37
10099,D W MCMILLAN MEMORIAL HOSPITAL,1301 BELLEVILLE AVENUE,(251) 867-8061,Acute Care Hospitals,Government - Hospital District or Authority,230,36
10099,D W MCMILLAN MEMORIAL HOSPITAL,1301 BELLEVILLE AVENUE,(251) 867-8061,Acute Care Hospitals,Government - Hospital District or Authority,165,101
10099,D W MCMILLAN MEMORIAL HOSPITAL,1301 BELLEVILLE AVENUE,(251) 867-8061,Acute Care Hospitals,Government - Hospital District or Authority,178,88
10099,D W MCMILLAN MEMORIAL HOSPITAL,1301 BELLEVILLE AVENUE,(251) 867-8061,Acute Care Hospitals,Government - Hospital District or Authority,205,61
10099,D W MCMILLAN MEMORIAL HOSPITAL,1301 BELLEVILLE AVENUE,(251) 867-8061,Acute Care Hospitals,Government - Hospital District or Authority,193,73
10099,D W MCMILLAN MEMORIAL HOSPITAL,1301 BELLEVILLE AVENUE,(251) 867-8061,Acute Care Hospitals,Government - Hospital District or Authority,197,69
10099,D W MCMILLAN MEMORIAL HOSPITAL,1301 BELLEVILLE AVENUE,(251) 867-8061,Acute Care Hospitals,Government - Hospital District or Authority,232,34
10099,D W MCMILLAN MEMORIAL HOSPITAL,1301 BELLEVILLE AVENUE,(251) 867-8061,Acute Care Hospitals,Government - Hospital District or Authority,160,106
10099,D W MCMILLAN MEMORIAL HOSPITAL,1301 BELLEVILLE AVENUE,(251) 867-8061,Acute Care Hospitals,Government - Hospital District or Authority,221,45
10099,D W MCMILLAN MEMORIAL HOSPITAL,1301 BELLEVILLE AVENUE,(251) 867-8061,Acute Care Hospitals,Government - Hospital District or Authority,159,107
10099,D W MCMILLAN MEMORIAL HOSPITAL,1301 BELLEVILLE AVENUE,(251) 867-8061,Acute Care Hospitals,Government - Hospital District or Authority,165,101
10099,D W MCMILLAN MEMORIAL HOSPITAL,1301 BELLEVILLE AVENUE,(251) 867-8061,Acute Care Hospitals,Government - Hospital District or Authority,197,69
10099,D W MCMILLAN MEMORIAL HOSPITAL,1301 BELLEVILLE AVENUE,(251) 867-8061,Acute Care Hospitals,Government - Hospital District or Authority,237,29
10099,D W MCMILLAN MEMORIAL HOSPITAL,1301 BELLEVILLE AVENUE,(251) 867-8061,Acute Care Hospitals,Government - Hospital District or Authority,173,93
10099,D W MCMILLAN MEMORIAL HOSPITAL,1301 BELLEVILLE AVENUE,(251) 867-8061,Acute Care Hospitals,Government - Hospital District or Authority,211,55
10099,D W MCMILLAN MEMORIAL HOSPITAL,1301 BELLEVILLE AVENUE,(251) 867-8061,Acute Care Hospitals,Government - Hospital District or Authority,222,44
10099,D W MCMILLAN MEMORIAL HOSPITAL,1301 BELLEVILLE AVENUE,(251) 867-8061,Acute Care Hospitals,Government - Hospital District or Authority,180,86
10099,D W MCMILLAN MEMORIAL HOSPITAL,1301 BELLEVILLE AVENUE,(251) 867-8061,Acute Care Hospitals,Government - Hospital District or Authority,207,59
10099,D W MCMILLAN MEMORIAL HOSPITAL,1301 BELLEVILLE AVENUE,(251) 867-8061,Acute Care Hospitals,Government - Hospital District or Authority,244,22
10099,D W MCMILLAN MEMORIAL HOSPITAL,1301 BELLEVILLE AVENUE,(251) 867-8061,Acute Care Hospitals,Government - Hospital District or Authority,207,59
10099,D W MCMILLAN MEMORIAL HOSPITAL,1301 BELLEVILLE AVENUE,(251) 867-8061,Acute Care Hospitals,Government - Hospital District or Authority,174,92
10099,D W MCMILLAN MEMORIAL HOSPITAL,1301 BELLEVILLE AVENUE,(251) 867-8061,Acute Care Hospitals,Government - Hospital District or Authority,218,48
10099,D W MCMILLAN MEMORIAL HOSPITAL,1301 BELLEVILLE AVENUE,(251) 867-8061,Acute Care Hospitals,Government - Hospital District or Authority,214,52
10099,D W MCMILLAN MEMORIAL HOSPITAL,1301 BELLEVILLE AVENUE,(251) 867-8061,Acute Care Hospitals,Government - Hospital District or Authority,162,104
10099,D W MCMILLAN MEMORIAL HOSPITAL,1301 BELLEVILLE AVENUE,(251) 867-8061,Acute Care Hospitals,Government - Hospital District or Authority,168,98
10099,D W MCMILLAN MEMORIAL HOSPITAL,1301 BELLEVILLE AVENUE,(251) 867-8061,Acute Care Hospitals,Government - Hospital District or Authority,174,92
10099,D W MCMILLAN MEMORIAL HOSPITAL,1301 BELLEVILLE AVENUE,(251) 867-8061,Acute Care Hospitals,Government - Hospital District or Authority,172,94
10099,D W MCMILLAN MEMORIAL HOSPITAL,1301 BELLEVILLE AVENUE,(251) 867-8061,Acute Care Hospitals,Government - Hospital District or Authority,183,83
10099,D W MCMILLAN MEMORIAL HOSPITAL,1301 BELLEVILLE AVENUE,(251) 867-8061,Acute Care Hospitals,Government - Hospital District or Authority,201,65
10099,D W MCMILLAN MEMORIAL HOSPITAL,1301 BELLEVILLE AVENUE,(251) 867-8061,Acute Care Hospitals,Government - Hospital District or Authority,194,72
10099,D W MCMILLAN MEMORIAL HOSPITAL,1301 BELLEVILLE AVENUE,(251) 867-8061,Acute Care Hospitals,Government - Hospital District or Authority,242,24
10099,D W MCMILLAN MEMORIAL HOSPITAL,1301 BELLEVILLE AVENUE,(251) 867-8061,Acute Care Hospitals,Government - Hospital District or Authority,216,50
10099,D W MCMILLAN MEMORIAL HOSPITAL,1301 BELLEVILLE AVENUE,(251) 867-8061,Acute Care Hospitals,Government - Hospital District or Authority,241,25
10099,D W MCMILLAN MEMORIAL HOSPITAL,1301 BELLEVILLE AVENUE,(251) 867-8061,Acute Care Hospitals,Government - Hospital District or Authority,208,58
10099,D W MCMILLAN MEMORIAL HOSPITAL,1301 BELLEVILLE AVENUE,(251) 867-8061,Acute Care Hospitals,Government - Hospital District or Authority,167,99
10099,D W MCMILLAN MEMORIAL HOSPITAL,1301 BELLEVILLE AVENUE,(251) 867-8061,Acute Care Hospitals,Government - Hospital District or Authority,202,64
10099,D W MCMILLAN MEMORIAL HOSPITAL,1301 BELLEVILLE AVENUE,(251) 867-8061,Acute Care Hospitals,Government - Hospital District or Authority,236,30
10099,D W MCMILLAN MEMORIAL HOSPITAL,1301 BELLEVILLE AVENUE,(251) 867-8061,Acute Care Hospitals,Government - Hospital District or Authority,177,89
10099,D W MCMILLAN MEMORIAL HOSPITAL,1301 BELLEVILLE AVENUE,(251) 867-8061,Acute Care Hospitals,Government - Hospital District or Authority,168,98
10099,D W MCMILLAN MEMORIAL HOSPITAL,1301 BELLEVILLE AVENUE,(251) 867-8061,Acute Care Hospitals,Government - Hospital District or Authority,190,76
10099,D W MCMILLAN MEMORIAL HOSPITAL,1301 BELLEVILLE AVENUE,(251) 867-8061,Acute Care Hospitals,Government - Hospital District or Authority,195,71
10099,D W MCMILLAN MEMORIAL HOSPITAL,1301 BELLEVILLE AVENUE,(251) 867-8061,Acute Care Hospitals,Government - Hospital District or Authority,188,78
10099,D W MCMILLAN MEMORIAL HOSPITAL,1301 BELLEVILLE AVENUE,(251) 867-8061,Acute Care Hospitals,Government - Hospital District or Authority,172,94
10099,D W MCMILLAN MEMORIAL HOSPITAL,1301 BELLEVILLE AVENUE,(251) 867-8061,Acute Care Hospitals,Government - Hospital District or Authority,182,84
10099,D W MCMILLAN MEMORIAL HOSPITAL,1301 BELLEVILLE AVENUE,(251) 867-8061,Acute Care Hospitals,Government - Hospital District or Authority,223,43
10099,D W MCMILLAN MEMORIAL HOSPITAL,1301 BELLEVILLE AVENUE,(251) 867-8061,Acute Care Hospitals,Government - Hospital District or Authority,195,71
10099,D W MCMILLAN MEMORIAL HOSPITAL,1301 BELLEVILLE AVENUE,(251) 867-8061,Acute Care Hospitals,Government - Hospital District or Authority,218,48
10099,D W MCMILLAN MEMORIAL HOSPITAL,1301 BELLEVILLE AVENUE,(251) 867-8061,Acute Care Hospitals,Government - Hospital District or Authority,209,57
10099,D W MCMILLAN MEMORIAL HOSPITAL,1301 BELLEVILLE AVENUE,(251) 867-8061,Acute Care Hospitals,Government - Hospital District or Authority,210,56
10099,D W MCMILLAN MEMORIAL HOSPITAL,1301 BELLEVILLE AVENUE,(251) 867-8061,Acute Care Hospitals,Government - Hospital District or Authority,182,84
10099,D W MCMILLAN MEMORIAL HOSPITAL,1301 BELLEVILLE AVENUE,(251) 867-8061,Acute Care Hospitals,Government - Hospital District or Authority,208,58
10099,D W MCMILLAN MEMORIAL HOSPITAL,1301 BELLEVILLE AVENUE,(251) 867-8061,Acute Care Hospitals,Government - Hospital District or Authority,161,105
10099,D W MCMILLAN MEMORIAL HOSPITAL,1301 BELLEVILLE AVENUE,(251) 867-8061,Acute Care Hospitals,Government - Hospital District or Authority,199,67
10099,D W MCMILLAN MEMORIAL HOSPITAL,1301 BELLEVILLE AVENUE,(251) 867-8061,Acute Care Hospitals,Government - Hospital District or Authority,212,54
10099,D W MCMILLAN MEMORIAL HOSPITAL,1301 BELLEVILLE AVENUE,(251) 867-8061,Acute Care Hospitals,Government - Hospital District or Authority,176,90
10099,D W MCMILLAN MEMORIAL HOSPITAL,1301 BELLEVILLE AVENUE,(251) 867-8061,Acute Care Hospitals,Government - Hospital District or Authority,183,83
10099,D W MCMILLAN MEMORIAL HOSPITAL,1301 BELLEVILLE AVENUE,(251) 867-8061,Acute Care Hospitals,Government - Hospital District or Authority,180,86
10099,D W MCMILLAN MEMORIAL HOSPITAL,1301 BELLEVILLE AVENUE,(251) 867-8061,Acute Care Hospitals,Government - Hospital District or Authority,166,100
10099,D W MCMILLAN MEMORIAL HOSPITAL,1301 BELLEVILLE AVENUE,(251) 867-8061,Acute Care Hospitals,Government - Hospital District or Authority,191,75
10099,D W MCMILLAN MEMORIAL HOSPITAL,1301 BELLEVILLE AVENUE,(251) 867-8061,Acute Care Hospitals,Government - Hospital District or Authority,250,16
10099,D W MCMILLAN MEMORIAL HOSPITAL,1301 BELLEVILLE AVENUE,(251) 867-8061,Acute Care Hospitals,Government - Hospital District or Authority,192,74
10099,D W MCMILLAN MEMORIAL HOSPITAL,1301 BELLEVILLE AVENUE,(251) 867-8061,Acute Care Hospitals,Government - Hospital District or Authority,202,64
10099,D W MCMILLAN MEMORIAL HOSPITAL,1301 BELLEVILLE AVENUE,(251) 867-8061,Acute Care Hospitals,Government - Hospital District or Authority,220,46
10099,D W MCMILLAN MEMORIAL HOSPITAL,1301 BELLEVILLE AVENUE,(251) 867-8061,Acute Care Hospitals,Government - Hospital District or Authority,219,47
10099,D W MCMILLAN MEMORIAL HOSPITAL,1301 BELLEVILLE AVENUE,(251) 867-8061,Acute Care Hospitals,Government - Hospital District or Authority,248,18
10099,D W MCMILLAN MEMORIAL HOSPITAL,1301 BELLEVILLE AVENUE,(251) 867-8061,Acute Care Hospitals,Government - Hospital District or Authority,239,27
10099,D W MCMILLAN MEMORIAL HOSPITAL,1301 BELLEVILLE AVENUE,(251) 867-8061,Acute Care Hospitals,Government - Hospital District or Authority,233,33
10099,D W MCMILLAN MEMORIAL HOSPITAL,1301 BELLEVILLE AVENUE,(251) 867-8061,Acute Care Hospitals,Government - Hospital District or Authority,248,18
10099,D W MCMILLAN MEMORIAL HOSPITAL,1301 BELLEVILLE AVENUE,(251) 867-8061,Acute Care Hospitals,Government - Hospital District or Authority,181,85
10099,D W MCMILLAN MEMORIAL HOSPITAL,1301 BELLEVILLE AVENUE,(251) 867-8061,Acute Care Hospitals,Government - Hospital District or Authority,217,49
10099,D W MCMILLAN MEMORIAL HOSPITAL,1301 BELLEVILLE AVENUE,(251) 867-8061,Acute Care Hospitals,Government - Hospital District or Authority,242,24
10099,D W MCMILLAN MEMORIAL HOSPITAL,1301 BELLEVILLE AVENUE,(251) 867-8061,Acute Care Hospitals,Government - Hospital District or Authority,217,49
10099,D W MCMILLAN MEMORIAL HOSPITAL,1301 BELLEVILLE AVENUE,(251) 867-8061,Acute Care Hospitals,Government - Hospital District or Authority,250,16
10099,D W MCMILLAN MEMORIAL HOSPITAL,1301 BELLEVILLE AVENUE,(251) 867-8061,Acute Care Hospitals,Government - Hospital District or Authority,168,98
10099,D W MCMILLAN MEMORIAL HOSPITAL,1301 BELLEVILLE AVENUE,(251) 867-8061,Acute Care Hospitals,Government - Hospital District or Authority,200,66
10099,D W MCMILLAN MEMORIAL HOSPITAL,1301 BELLEVILLE AVENUE,(251) 867-8061,Acute Care Hospitals,Government - Hospital District or Authority,250,16
10099,D W MCMILLAN MEMORIAL HOSPITAL,1301 BELLEVILLE AVENUE,(251) 867-8061,Acute Care Hospitals,Government - Hospital District or Authority,194,72
10099,D W MCMILLAN MEMORIAL HOSPITAL,1301 BELLEVILLE AVENUE,(251) 867-8061,Acute Care Hospitals,Government - Hospital District or Authority,228,38
10099,D W MCMILLAN MEMORIAL HOSPITAL,1301 BELLEVILLE AVENUE,(251) 867-8061,Acute Care Hospitals,Government - Hospital District or Authority,162,104
10099,D W MCMILLAN MEMORIAL HOSPITAL,1301 BELLEVILLE AVENUE,(251) 867-8061,Acute Care Hospitals,Government - Hospital District or Authority,224,42
10099,D W MCMILLAN MEMORIAL HOSPITAL,1301 BELLEVILLE AVENUE,(251) 867-8061,Acute Care Hospitals,Government - Hospital District or Authority,246,20
10099,D W MCMILLAN MEMORIAL HOSPITAL,1301 BELLEVILLE AVENUE,(251) 867-8061,Acute Care Hospitals,Government - Hospital District or Authority,195,71
10099,D W MCMILLAN MEMORIAL HOSPITAL,1301 BELLEVILLE AVENUE,(251) 867-8061,Acute Care Hospitals,Government - Hospital District or Authority,161,105
10099,D W MCMILLAN MEMORIAL HOSPITAL,1301 BELLEVILLE AVENUE,(251) 867-8061,Acute Care Hospitals,Government - Hospital District or Authority,162,104
10099,D W MCMILLAN MEMORIAL HOSPITAL,1301 BELLEVILLE AVENUE,(251) 867-8061,Acute Care Hospitals,Government - Hospital District or Authority,242,24
10099,D W MCMILLAN MEMORIAL HOSPITAL,1301 BELLEVILLE AVENUE,(251) 867-8061,Acute Care Hospitals,Government - Hospital District or Authority,226,40
10099,D W MCMILLAN MEMORIAL HOSPITAL,1301 BELLEVILLE AVENUE,(251) 867-8061,Acute Care Hospitals,Government - Hospital District or Authority,169,97
10099,D W MCMILLAN MEMORIAL HOSPITAL,1301 BELLEVILLE AVENUE,(251) 867-8061,Acute Care Hospitals,Government - Hospital District or Authority,164,102
10099,D W MCMILLAN MEMORIAL HOSPITAL,1301 BELLEVILLE AVENUE,(251) 867-8061,Acute Care Hospitals,Government - Hospital District or Authority,234,32
10099,D W MCMILLAN MEMORIAL HOSPITAL,1301 BELLEVILLE AVENUE,(251) 867-8061,Acute Care Hospitals,Government - Hospital District or Authority,234,32
10099,D W MCMILLAN MEMORIAL HOSPITAL,1301 BELLEVILLE AVENUE,(251) 867-8061,Acute Care Hospitals,Government - Hospital District or Authority,170,96
10099,D W MCMILLAN MEMORIAL HOSPITAL,1301 BELLEVILLE AVENUE,(251) 867-8061,Acute Care Hospitals,Government - Hospital District or Authority,187,79
10099,D W MCMILLAN MEMORIAL HOSPITAL,1301 BELLEVILLE AVENUE,(251) 867-8061,Acute Care Hospitals,Government - Hospital District or Authority,232,34
10099,D W MCMILLAN MEMORIAL HOSPITAL,1301 BELLEVILLE AVENUE,(251) 867-8061,Acute Care Hospitals,Government - Hospital District or Authority,208,58
10099,D W MCMILLAN MEMORIAL HOSPITAL,1301 BELLEVILLE AVENUE,(251) 867-8061,Acute Care Hospitals,Government - Hospital District or Authority,248,18
10099,D W MCMILLAN MEMORIAL HOSPITAL,1301 BELLEVILLE AVENUE,(251) 867-8061,Acute Care Hospitals,Government - Hospital District or Authority,204,62
10099,D W MCMILLAN MEMORIAL HOSPITAL,1301 BELLEVILLE AVENUE,(251) 867-8061,Acute Care Hospitals,Government - Hospital District or Authority,222,44
10099,D W MCMILLAN MEMORIAL HOSPITAL,1301 BELLEVILLE AVENUE,(251) 867-8061,Acute Care Hospitals,Government - Hospital District or Authority,207,59
10099,D W MCMILLAN MEMORIAL HOSPITAL,1301 BELLEVILLE AVENUE,(251) 867-8061,Acute Care Hospitals,Government - Hospital District or Authority,247,19
10099,D W MCMILLAN MEMORIAL HOSPITAL,1301 BELLEVILLE AVENUE,(251) 867-8061,Acute Care Hospitals,Government - Hospital District or Authority,196,70
10099,D W MCMILLAN MEMORIAL HOSPITAL,1301 BELLEVILLE AVENUE,(251) 867-8061,Acute Care Hospitals,Government - Hospital District or Authority,180,86
10099,D W MCMILLAN MEMORIAL HOSPITAL,1301 BELLEVILLE AVENUE,(251) 867-8061,Acute Care Hospitals,Government - Hospital District or Authority,190,76
10099,D W MCMILLAN MEMORIAL HOSPITAL,1301 BELLEVILLE AVENUE,(251) 867-8061,Acute Care Hospitals,Government - Hospital District or Authority,238,28
10099,D W MCMILLAN MEMORIAL HOSPITAL,1301 BELLEVILLE AVENUE,(251) 867-8061,Acute Care Hospitals,Government - Hospital District or Authority,205,61
10099,D W MCMILLAN MEMORIAL HOSPITAL,1301 BELLEVILLE AVENUE,(251) 867-8061,Acute Care Hospitals,Government - Hospital District or Authority,192,74
10099,D W MCMILLAN MEMORIAL HOSPITAL,1301 BELLEVILLE AVENUE,(251) 867-8061,Acute Care Hospitals,Government - Hospital District or Authority,210,56
10099,D W MCMILLAN MEMORIAL HOSPITAL,1301 BELLEVILLE AVENUE,(251) 867-8061,Acute Care Hospitals,Government - Hospital District or Authority,172,94
10099,D W MCMILLAN MEMORIAL HOSPITAL,1301 BELLEVILLE AVENUE,(251) 867-8061,Acute Care Hospitals,Government - Hospital District or Authority,160,106
10099,D W MCMILLAN MEMORIAL HOSPITAL,1301 BELLEVILLE AVENUE,(251) 867-8061,Acute Care Hospitals,Government - Hospital District or Authority,185,81
10099,D W MCMILLAN MEMORIAL HOSPITAL,1301 BELLEVILLE AVENUE,(251) 867-8061,Acute Care Hospitals,Government - Hospital District or Authority,215,51
10099,D W MCMILLAN MEMORIAL HOSPITAL,1301 BELLEVILLE AVENUE,(251) 867-8061,Acute Care Hospitals,Government - Hospital District or Authority,225,41
10099,D W MCMILLAN MEMORIAL HOSPITAL,1301 BELLEVILLE AVENUE,(251) 867-8061,Acute Care Hospitals,Government - Hospital District or Authority,236,30
10099,D W MCMILLAN MEMORIAL HOSPITAL,1301 BELLEVILLE AVENUE,(251) 867-8061,Acute Care Hospitals,Government - Hospital District or Authority,245,21
10099,D W MCMILLAN MEMORIAL HOSPITAL,1301 BELLEVILLE AVENUE,(251) 867-8061,Acute Care Hospitals,Government - Hospital District or Authority,197,69
10099,D W MCMILLAN MEMORIAL HOSPITAL,1301 BELLEVILLE AVENUE,(251) 867-8061,Acute Care Hospitals,Government - Hospital District or Authority,228,38
10099,D W MCMILLAN MEMORIAL HOSPITAL,1301 BELLEVILLE AVENUE,(251) 867-8061,Acute Care Hospitals,Government - Hospital District or Authority,166,100
10099,D W MCMILLAN MEMORIAL HOSPITAL,1301 BELLEVILLE AVENUE,(251) 867-8061,Acute Care Hospitals,Government - Hospital District or Authority,164,102
10099,D W MCMILLAN MEMORIAL HOSPITAL,1301 BELLEVILLE AVENUE,(251) 867-8061,Acute Care Hospitals,Government - Hospital District or Authority,171,95
10099,D W MCMILLAN MEMORIAL HOSPITAL,1301 BELLEVILLE AVENUE,(251) 867-8061,Acute Care Hospitals,Government - Hospital District or Authority,201,65
10099,D W MCMILLAN MEMORIAL HOSPITAL,1301 BELLEVILLE AVENUE,(251) 867-8061,Acute Care Hospitals,Government - Hospital District or Authority,179,87
10099,D W MCMILLAN MEMORIAL HOSPITAL,1301 BELLEVILLE AVENUE,(251) 867-8061,Acute Care Hospitals,Government - Hospital District or Authority,186,80
10099,D W MCMILLAN MEMORIAL HOSPITAL,1301 BELLEVILLE AVENUE,(251) 867-8061,Acute Care Hospitals,Government - Hospital District or Authority,219,47
10099,D W MCMILLAN MEMORIAL HOSPITAL,1301 BELLEVILLE AVENUE,(251) 867-8061,Acute Care Hospitals,Government - Hospital District or Authority,192,74
10099,D W MCMILLAN MEMORIAL HOSPITAL,1301 BELLEVILLE AVENUE,(251) 867-8061,Acute Care Hospitals,Government - Hospital District or Authority,211,55
10099,D W MCMILLAN MEMORIAL HOSPITAL,1301 BELLEVILLE AVENUE,(251) 867-8061,Acute Care Hospitals,Government - Hospital District or Authority,197,69
10099,D W MCMILLAN MEMORIAL HOSPITAL,1301 BELLEVILLE AVENUE,(251) 867-8061,Acute Care Hospitals,Government - Hospital District or Authority,175,91
10099,D W MCMILLAN MEMORIAL HOSPITAL,1301 BELLEVILLE AVENUE,(251) 867-8061,Acute Care Hospitals,Government - Hospital District or Authority,166,100
10099,D W MCMILLAN MEMORIAL HOSPITAL,1301 BELLEVILLE AVENUE,(251) 867-8061,Acute Care Hospitals,Government - Hospital District or Authority,181,85
10099,D W MCMILLAN MEMORIAL HOSPITAL,1301 BELLEVILLE AVENUE,(251) 867-8061,Acute Care Hospitals,Government - Hospital District or Authority,164,102
10099,D W MCMILLAN MEMORIAL HOSPITAL,1301 BELLEVILLE AVENUE,(251) 867-8061,Acute Care Hospitals,Government - Hospital District or Authority,217,49
10099,D W MCMILLAN MEMORIAL HOSPITAL,1301 BELLEVILLE AVENUE,(251) 867-8061,Acute Care Hospitals,Government - Hospital District or Authority,233,33
10099,D W MCMILLAN MEMORIAL HOSPITAL,1301 BELLEVILLE AVENUE,(251) 867-8061,Acute Care Hospitals,Government - Hospital District or Authority,191,75
10099,D W MCMILLAN MEMORIAL HOSPITAL,1301 BELLEVILLE AVENUE,(251) 867-8061,Acute Care Hospitals,Government - Hospital District or Authority,195,71
10099,D W MCMILLAN MEMORIAL HOSPITAL,1301 BELLEVILLE AVENUE,(251) 867-8061,Acute Care Hospitals,Government - Hospital District or Authority,235,31
10099,D W MCMILLAN MEMORIAL HOSPITAL,1301 BELLEVILLE AVENUE,(251) 867-8061,Acute Care Hospitals,Government - Hospital District or Authority,180,86
10099,D W MCMILLAN MEMORIAL HOSPITAL,1301 BELLEVILLE AVENUE,(251) 867-8061,Acute Care Hospitals,Government - Hospital District or Authority,170,96
10099,D W MCMILLAN MEMORIAL HOSPITAL,1301 BELLEVILLE AVENUE,(251) 867-8061,Acute Care Hospitals,Government - Hospital District or Authority,206,60
10099,D W MCMILLAN MEMORIAL HOSPITAL,1301 BELLEVILLE AVENUE,(251) 867-8061,Acute Care Hospitals,Government - Hospital District or Authority,219,47
10099,D W MCMILLAN MEMORIAL HOSPITAL,1301 BELLEVILLE AVENUE,(251) 867-8061,Acute Care Hospitals,Government - Hospital District or Authority,215,51
10099,D W MCMILLAN MEMORIAL HOSPITAL,1301 BELLEVILLE AVENUE,(251) 867-8061,Acute Care Hospitals,Government - Hospital District or Authority,226,40
10099,D W MCMILLAN MEMORIAL HOSPITAL,1301 BELLEVILLE AVENUE,(251) 867-8061,Acute Care Hospitals,Government - Hospital District or Authority,164,102
10099,D W MCMILLAN MEMORIAL HOSPITAL,1301 BELLEVILLE AVENUE,(251) 867-8061,Acute Care Hospitals,Government - Hospital District or Authority,199,67
10099,D W MCMILLAN MEMORIAL HOSPITAL,1301 BELLEVILLE AVENUE,(251) 867-8061,Acute Care Hospitals,Government - Hospital District or Authority,181,85
10099,D W MCMILLAN MEMORIAL HOSPITAL,1301 BELLEVILLE AVENUE,(251) 867-8061,Acute Care Hospitals,Government - Hospital District or Authority,230,36
10099,D W MCMILLAN MEMORIAL HOSPITAL,1301 BELLEVILLE AVENUE,(251) 867-8061,Acute Care Hospitals,Government - Hospital District or Authority,240,26
10099,D W MCMILLAN MEMORIAL HOSPITAL,1301 BELLEVILLE AVENUE,(251) 867-8061,Acute Care Hospitals,Government - Hospital District or Authority,185,81
10099,D W MCMILLAN MEMORIAL HOSPITAL,1301 BELLEVILLE AVENUE,(251) 867-8061,Acute Care Hospitals,Government - Hospital District or Authority,168,98
10099,D W MCMILLAN MEMORIAL HOSPITAL,1301 BELLEVILLE AVENUE,(251) 867-8061,Acute Care Hospitals,Government - Hospital District or Authority,183,83
10099,D W MCMILLAN MEMORIAL HOSPITAL,1301 BELLEVILLE AVENUE,(251) 867-8061,Acute Care Hospitals,Government - Hospital District or Authority,169,97
10099,D W MCMILLAN MEMORIAL HOSPITAL,1301 BELLEVILLE AVENUE,(251) 867-8061,Acute Care Hospitals,Government - Hospital District or Authority,189,77
10099,D W MCMILLAN MEMORIAL HOSPITAL,1301 BELLEVILLE AVENUE,(251) 867-8061,Acute Care Hospitals,Government - Hospital District or Authority,209,57
10099,D W MCMILLAN MEMORIAL HOSPITAL,1301 BELLEVILLE AVENUE,(251) 867-8061,Acute Care Hospitals,Government - Hospital District or Authority,250,16
10099,D W MCMILLAN MEMORIAL HOSPITAL,1301 BELLEVILLE AVENUE,(251) 867-8061,Acute Care Hospitals,Government - Hospital District or Authority,196,70
10099,D W MCMILLAN MEMORIAL HOSPITAL,1301 BELLEVILLE AVENUE,(251) 867-8061,Acute Care Hospitals,Government - Hospital District or Authority,180,86
10099,D W MCMILLAN MEMORIAL HOSPITAL,1301 BELLEVILLE AVENUE,(251) 867-8061,Acute Care Hospitals,Government - Hospital District or Authority,175,91
10099,D W MCMILLAN MEMORIAL HOSPITAL,1301 BELLEVILLE AVENUE,(251) 867-8061,Acute Care Hospitals,Government - Hospital District or Authority,175,91
10099,D W MCMILLAN MEMORIAL HOSPITAL,1301 BELLEVILLE AVENUE,(251) 867-8061,Acute Care Hospitals,Government - Hospital District or Authority,177,89
10099,D W MCMILLAN MEMORIAL HOSPITAL,1301 BELLEVILLE AVENUE,(251) 867-8061,Acute Care Hospitals,Government - Hospital District or Authority,230,36
10099,D W MCMILLAN MEMORIAL HOSPITAL,1301 BELLEVILLE AVENUE,(251) 867-8061,Acute Care Hospitals,Government - Hospital District or Authority,165,101
10099,D W MCMILLAN MEMORIAL HOSPITAL,1301 BELLEVILLE AVENUE,(251) 867-8061,Acute Care Hospitals,Government - Hospital District or Authority,252,14
10099,D W MCMILLAN MEMORIAL HOSPITAL,1301 BELLEVILLE AVENUE,(251) 867-8061,Acute Care Hospitals,Government - Hospital District or Authority,208,58
10099,D W MCMILLAN MEMORIAL HOSPITAL,1301 BELLEVILLE AVENUE,(251) 867-8061,Acute Care Hospitals,Government - Hospital District or Authority,210,56
10099,D W MCMILLAN MEMORIAL HOSPITAL,1301 BELLEVILLE AVENUE,(251) 867-8061,Acute Care Hospitals,Government - Hospital District or Authority,192,74
10099,D W MCMILLAN MEMORIAL HOSPITAL,1301 BELLEVILLE AVENUE,(251) 867-8061,Acute Care Hospitals,Government - Hospital District or Authority,223,43
10099,D W MCMILLAN MEMORIAL HOSPITAL,1301 BELLEVILLE AVENUE,(251) 867-8061,Acute Care Hospitals,Government - Hospital District or Authority,203,63
10099,D W MCMILLAN MEMORIAL HOSPITAL,1301 BELLEVILLE AVENUE,(251) 867-8061,Acute Care Hospitals,Government - Hospital District or Authority,190,76
10099,D W MCMILLAN MEMORIAL HOSPITAL,1301 BELLEVILLE AVENUE,(251) 867-8061,Acute Care Hospitals,Government - Hospital District or Authority,184,82
10099,D W MCMILLAN MEMORIAL HOSPITAL,1301 BELLEVILLE AVENUE,(251) 867-8061,Acute Care Hospitals,Government - Hospital District or Authority,245,21
10099,D W MCMILLAN MEMORIAL HOSPITAL,1301 BELLEVILLE AVENUE,(251) 867-8061,Acute Care Hospitals,Government - Hospital District or Authority,186,80
10099,D W MCMILLAN MEMORIAL HOSPITAL,1301 BELLEVILLE AVENUE,(251) 867-8061,Acute Care Hospitals,Government - Hospital District or Authority,200,66
10099,D W MCMILLAN MEMORIAL HOSPITAL,1301 BELLEVILLE AVENUE,(251) 867-8061,Acute Care Hospitals,Government - Hospital District or Authority,192,74
10099,D W MCMILLAN MEMORIAL HOSPITAL,1301 BELLEVILLE AVENUE,(251) 867-8061,Acute Care Hospitals,Government - Hospital District or Authority,167,99
10099,D W MCMILLAN MEMORIAL HOSPITAL,1301 BELLEVILLE AVENUE,(251) 867-8061,Acute Care Hospitals,Government - Hospital District or Authority,176,90
10099,D W MCMILLAN MEMORIAL HOSPITAL,1301 BELLEVILLE AVENUE,(251) 867-8061,Acute Care Hospitals,Government - Hospital District or Authority,177,89
10099,D W MCMILLAN MEMORIAL HOSPITAL,1301 BELLEVILLE AVENUE,(251) 867-8061,Acute Care Hospitals,Government - Hospital District or Authority,224,42
10099,D W MCMILLAN MEMORIAL HOSPITAL,1301 BELLEVILLE AVENUE,(251) 867-8061,Acute Care Hospitals,Government - Hospital District or Authority,197,69
10099,D W MCMILLAN MEMORIAL HOSPITAL,1301 BELLEVILLE AVENUE,(251) 867-8061,Acute Care Hospitals,Government - Hospital District or Authority,232,34
10099,D W MCMILLAN MEMORIAL HOSPITAL,1301 BELLEVILLE AVENUE,(251) 867-8061,Acute Care Hospitals,Government - Hospital District or Authority,225,41
10099,D W MCMILLAN MEMORIAL HOSPITAL,1301 BELLEVILLE AVENUE,(251) 867-8061,Acute Care Hospitals,Government - Hospital District or Authority,177,89
