Facility ID,Facility Name,Address,Telephone Number,Hospital Type,Hospital Ownership,Active Beds,Inactive Beds
10099F,ORLANDO VA MEDICAL CENTER,13800 VETERANS WAY,(407) 631-1000,Acute Care - Veterans Administration,Veterans Health Administration,212,20
10099F,ORLANDO VA MEDICAL CENTER,13800 VETERANS WAY,(407) 631-1000,Acute Care - Veterans Administration,Veterans Health Administration,156,76
10099F,ORLANDO VA MEDICAL CENTER,13800 VETERANS WAY,(407) 631-1000,Acute Care - Veterans Administration,Veterans Health Administration,154,78
10099F,ORLANDO VA MEDICAL CENTER,13800 VETERANS WAY,(407) 631-1000,Acute Care - Veterans Administration,Veterans Health Administration,196,36
10099F,ORLANDO VA MEDICAL CENTER,13800 VETERANS WAY,(407) 631-1000,Acute Care - Veterans Administration,Veterans Health Administration,151,81
10099F,ORLANDO VA MEDICAL CENTER,13800 VETERANS WAY,(407) 631-1000,Acute Care - Veterans Administration,Veterans Health Administration,210,22
10099F,ORLANDO VA MEDICAL CENTER,13800 VETERANS WAY,(407) 631-1000,Acute Care - Veterans Administration,Veterans Health Administration,175,57
10099F,ORLANDO VA MEDICAL CENTER,13800 VETERANS WAY,(407) 631-1000,Acute Care - Veterans Administration,Veterans Health Administration,212,20
10099F,ORLANDO VA MEDICAL CENTER,13800 VETERANS WAY,(407) 631-1000,Acute Care - Veterans Administration,Veterans Health Administration,147,85
10099F,ORLANDO VA MEDICAL CENTER,13800 VETERANS WAY,(407) 631-1000,Acute Care - Veterans Administration,Veterans Health Administration,185,47
10099F,ORLANDO VA MEDICAL CENTER,13800 VETERANS WAY,(407) 631-1000,Acute Care - Veterans Administration,Veterans Health Administration,147,85
10099F,ORLANDO VA MEDICAL CENTER,13800 VETERANS WAY,(407) 631-1000,Acute Care - Veterans Administration,Veterans Health Administration,212,20
10099F,ORLANDO VA MEDICAL CENTER,13800 VETERANS WAY,(407) 631-1000,Acute Care - Veterans Administration,Veterans Health Administration,171,61
10099F,ORLANDO VA MEDICAL CENTER,13800 VETERANS WAY,(407) 631-1000,Acute Care - Veterans Administration,Veterans Health Administration,209,23
10099F,ORLANDO VA MEDICAL CENTER,13800 VETERANS WAY,(407) 631-1000,Acute Care - Veterans Administration,Veterans Health Administration,156,76
10099F,ORLANDO VA MEDICAL CENTER,13800 VETERANS WAY,(407) 631-1000,Acute Care - Veterans Administration,Veterans Health Administration,199,33
10099F,ORLANDO VA MEDICAL CENTER,13800 VETERANS WAY,(407) 631-1000,Acute Care - Veterans Administration,Veterans Health Administration,161,71
10099F,ORLANDO VA MEDICAL CENTER,13800 VETERANS WAY,(407) 631-1000,Acute Care - Veterans Administration,Veterans Health Administration,149,83
10099F,ORLANDO VA MEDICAL CENTER,13800 VETERANS WAY,(407) 631-1000,Acute Care - Veterans Administration,Veterans Health Administration,141,91
10099F,ORLANDO VA MEDICAL CENTER,13800 VETERANS WAY,(407) 631-1000,Acute Care - Veterans Administration,Veterans Health Administration,147,85
10099F,ORLANDO VA MEDICAL CENTER,13800 VETERANS WAY,(407) 631-1000,Acute Care - Veterans Administration,Veterans Health Administration,199,33
10099F,ORLANDO VA MEDICAL CENTER,13800 VETERANS WAY,(407) 631-1000,Acute Care - Veterans Administration,Veterans Health Administration,148,84
10099F,ORLANDO VA MEDICAL CENTER,13800 VETERANS WAY,(407) 631-1000,Acute Care - Veterans Administration,Veterans Health Administration,173,59
10099F,ORLANDO VA MEDICAL CENTER,13800 VETERANS WAY,(407) 631-1000,Acute Care - Veterans Administration,Veterans Health Administration,178,54
10099F,ORLANDO VA MEDICAL CENTER,13800 VETERANS WAY,(407) 631-1000,Acute Care - Veterans Administration,Veterans Health Administration,173,59
10099F,ORLANDO VA MEDICAL CENTER,13800 VETERANS WAY,(407) 631-1000,Acute Care - Veterans Administration,Veterans Health Administration,176,56
10099F,ORLANDO VA MEDICAL CENTER,13800 VETERANS WAY,(407) 631-1000,Acute Care - Veterans Administration,Veterans Health Administration,200,32
10099F,ORLANDO VA MEDICAL CENTER,13800 VETERANS WAY,(407) 631-1000,Acute Care - Veterans Administration,Veterans Health Administration,140,92
10099F,ORLANDO VA MEDICAL CENTER,13800 VETERANS WAY,(407) 631-1000,Acute Care - Veterans Administration,Veterans Health Administration,204,28
10099F,ORLANDO VA MEDICAL CENTER,13800 VETERANS WAY,(407) 631-1000,Acute Care - Veterans Administration,Veterans Health Administration,181,51
10099F,ORLANDO VA MEDICAL CENTER,13800 VETERANS WAY,(407) 631-1000,Acute Care - Veterans Administration,Veterans Health Administration,177,55
10099F,ORLANDO VA MEDICAL CENTER,13800 VETERANS WAY,(407) 631-1000,Acute Care - Veterans Administration,Veterans Health Administration,215,17
10099F,ORLANDO VA MEDICAL CENTER,13800 VETERANS WAY,(407) 631-1000,Acute Care - Veterans Administration,Veterans Health Administration,155,77
10099F,ORLANDO VA MEDICAL CENTER,13800 VETERANS WAY,(407) 631-1000,Acute Care - Veterans Administration,Veterans Health Administration,140,92
10099F,ORLANDO VA MEDICAL CENTER,13800 VETERANS WAY,(407) 631-1000,Acute Care - Veterans Administration,Veterans Health Administration,174,58
10099F,ORLANDO VA MEDICAL CENTER,13800 VETERANS WAY,(407) 631-1000,Acute Care - Veterans Administration,Veterans Health Administration,139,93
10099F,ORLANDO VA MEDICAL CENTER,13800 VETERANS WAY,(407) 631-1000,Acute Care - Veterans Administration,Veterans Health Administration,163,69
10099F,ORLANDO VA MEDICAL CENTER,13800 VETERANS WAY,(407) 631-1000,Acute Care - Veterans Administration,Veterans Health Administration,196,36
10099F,ORLANDO VA MEDICAL CENTER,13800 VETERANS WAY,(407) 631-1000,Acute Care - Veterans Administration,Veterans Health Administration,173,59
10099F,ORLANDO VA MEDICAL CENTER,13800 VETERANS WAY,(407) 631-1000,Acute Care - Veterans Administration,Veterans Health Administration,141,91
10099F,ORLANDO VA MEDICAL CENTER,13800 VETERANS WAY,(407) 631-1000,Acute Care - Veterans Administration,Veterans Health Administration,208,24
10099F,ORLANDO VA MEDICAL CENTER,13800 VETERANS WAY,(407) 631-1000,Acute Care - Veterans Administration,Veterans Health Administration,189,43
10099F,ORLANDO VA MEDICAL CENTER,13800 VETERANS WAY,(407) 631-1000,Acute Care - Veterans Administration,Veterans Health Administration,189,43
10099F,ORLANDO VA MEDICAL CENTER,13800 VETERANS WAY,(407) 631-1000,Acute Care - Veterans Administration,Veterans Health Administration,145,87
10099F,ORLANDO VA MEDICAL CENTER,13800 VETERANS WAY,(407) 631-1000,Acute Care - Veterans Administration,Veterans Health Administration,182,50
10099F,ORLANDO VA MEDICAL CENTER,13800 VETERANS WAY,(407) 631-1000,Acute Care - Veterans Administration,Veterans Health Administration,189,43
10099F,ORLANDO VA MEDICAL CENTER,13800 VETERANS WAY,(407) 631-1000,Acute Care - Veterans Administration,Veterans Health Administration,149,83
10099F,ORLANDO VA MEDICAL CENTER,13800 VETERANS WAY,(407) 631-1000,Acute Care - Veterans Administration,Veterans Health Administration,164,68
10099F,ORLANDO VA MEDICAL CENTER,13800 VETERANS WAY,(407) 631-1000,Acute Care - Veterans Administration,Veterans Health Administration,177,55
10099F,ORLANDO VA MEDICAL CENTER,13800 VETERANS WAY,(407) 631-1000,Acute Care - Veterans Administration,Veterans Health Administration,183,49
10099F,ORLANDO VA MEDICAL CENTER,13800 VETERANS WAY,(407) 631-1000,Acute Care - Veterans Administration,Veterans Health Administration,213,19
10099F,ORLANDO VA MEDICAL CENTER,13800 VETERANS WAY,(407) 631-1000,Acute Care - Veterans Administration,Veterans Health Administration,192,40
10099F,ORLANDO VA MEDICAL CENTER,13800 VETERANS WAY,(407) 631-1000,Acute Care - Veterans Administration,Veterans Health Administration,219,13
10099F,ORLANDO VA MEDICAL CENTER,13800 VETERANS WAY,(407) 631-1000,Acute Care - Veterans Administration,Veterans Health Administration,165,67
10099F,ORLANDO VA MEDICAL CENTER,13800 VETERANS WAY,(407) 631-1000,Acute Care - Veterans Administration,Veterans Health Administration,203,29
10099F,ORLANDO VA MEDICAL CENTER,13800 VETERANS WAY,(407) 631-1000,Acute Care - Veterans Administration,Veterans Health Administration,167,65
10099F,ORLANDO VA MEDICAL CENTER,13800 VETERANS WAY,(407) 631-1000,Acute Care - Veterans Administration,Veterans Health Administration,144,88
10099F,ORLANDO VA MEDICAL CENTER,13800 VETERANS WAY,(407) 631-1000,Acute Care - Veterans Administration,Veterans Health Administration,175,57
10099F,ORLANDO VA MEDICAL CENTER,13800 VETERANS WAY,(407) 631-1000,Acute Care - Veterans Administration,Veterans Health Administration,172,60
10099F,ORLANDO VA MEDICAL CENTER,13800 VETERANS WAY,(407) 631-1000,Acute Care - Veterans Administration,Veterans Health Administration,156,76
10099F,ORLANDO VA MEDICAL CENTER,13800 VETERANS WAY,(407) 631-1000,Acute Care - Veterans Administration,Veterans Health Administration,160,72
10099F,ORLANDO VA MEDICAL CENTER,13800 VETERANS WAY,(407) 631-1000,Acute Care - Veterans Administration,Veterans Health Administration,143,89
10099F,ORLANDO VA MEDICAL CENTER,13800 VETERANS WAY,(407) 631-1000,Acute Care - Veterans Administration,Veterans Health Administration,181,51
10099F,ORLANDO VA MEDICAL CENTER,13800 VETERANS WAY,(407) 631-1000,Acute Care - Veterans Administration,Veterans Health Administration,171,61
10099F,ORLANDO VA MEDICAL CENTER,13800 VETERANS WAY,(407) 631-1000,Acute Care - Veterans Administration,Veterans Health Administration,186,46
10099F,ORLANDO VA MEDICAL CENTER,13800 VETERANS WAY,(407) 631-1000,Acute Care - Veterans Administration,Veterans Health Administration,214,18
10099F,ORLANDO VA MEDICAL CENTER,13800 VETERANS WAY,(407) 631-1000,Acute Care - Veterans Administration,Veterans Health Administration,213,19
10099F,ORLANDO VA MEDICAL CENTER,13800 VETERANS WAY,(407) 631-1000,Acute Care - Veterans Administration,Veterans Health Administration,145,87
10099F,ORLANDO VA MEDICAL CENTER,13800 VETERANS WAY,(407) 631-1000,Acute Care - Veterans Administration,Veterans Health Administration,194,38
10099F,ORLANDO VA MEDICAL CENTER,13800 VETERANS WAY,(407) 631-1000,Acute Care - Veterans Administration,Veterans Health Administration,195,37
10099F,ORLANDO VA MEDICAL CENTER,13800 VETERANS WAY,(407) 631-1000,Acute Care - Veterans Administration,Veterans Health Administration,210,22
10099F,ORLANDO VA MEDICAL CENTER,13800 VETERANS WAY,(407) 631-1000,Acute Care - Veterans Administration,Veterans Health Administration,201,31
10099F,ORLANDO VA MEDICAL CENTER,13800 VETERANS WAY,(407) 631-1000,Acute Care - Veterans Administration,Veterans Health Administration,168,64
10099F,ORLANDO VA MEDICAL CENTER,13800 VETERANS WAY,(407) 631-1000,Acute Care - Veterans Administration,Veterans Health Administration,211,21
10099F,ORLANDO VA MEDICAL CENTER,13800 VETERANS WAY,(407) 631-1000,Acute Care - Veterans Administration,Veterans Health Administration,177,55
10099F,ORLANDO VA MEDICAL CENTER,13800 VETERANS WAY,(407) 631-1000,Acute Care - Veterans Administration,Veterans Health Administration,168,64
10099F,ORLANDO VA MEDICAL CENTER,13800 VETERANS WAY,(407) 631-1000,Acute Care - Veterans Administration,Veterans Health Administration,180,52
10099F,ORLANDO VA MEDICAL CENTER,13800 VETERANS WAY,(407) 631-1000,Acute Care - Veterans Administration,Veterans Health Administration,202,30
10099F,ORLANDO VA MEDICAL CENTER,13800 VETERANS WAY,(407) 631-1000,Acute Care - Veterans Administration,Veterans Health Administration,190,42
10099F,ORLANDO VA MEDICAL CENTER,13800 VETERANS WAY,(407) 631-1000,Acute Care - Veterans Administration,Veterans Health Administration,198,34
10099F,ORLANDO VA MEDICAL CENTER,13800 VETERANS WAY,(407) 631-1000,Acute Care - Veterans Administration,Veterans Health Administration,163,69
10099F,ORLANDO VA MEDICAL CENTER,13800 VETERANS WAY,(407) 631-1000,Acute Care - Veterans Administration,Veterans Health Administration,184,48
10099F,ORLANDO VA MEDICAL CENTER,13800 VETERANS WAY,(407) 631-1000,Acute Care - Veterans Administration,Veterans Health Administration,167,65
10099F,ORLANDO VA MEDICAL CENTER,13800 VETERANS WAY,(407) 631-1000,Acute Care - Veterans Administration,Veterans Health Administration,200,32
10099F,ORLANDO VA MEDICAL CENTER,13800 VETERANS WAY,(407) 631-1000,Acute Care - Veterans Administration,Veterans Health Administration,175,57
10099F,ORLANDO VA MEDICAL CENTER,13800 VETERANS WAY,(407) 631-1000,Acute Care - Veterans Administration,Veterans Health Administration,153,79
10099F,ORLANDO VA MEDICAL CENTER,13800 VETERANS WAY,(407) 631-1000,Acute Care - Veterans Administration,Veterans Health Administration,195,37
10099F,ORLANDO VA MEDICAL CENTER,13800 VETERANS WAY,(407) 631-1000,Acute Care - Veterans Administration,Veterans Health Administration,157,75
10099F,ORLANDO VA MEDICAL CENTER,13800 VETERANS WAY,(407) 631-1000,Acute Care - Veterans Administration,Veterans Health Administration,179,53
10099F,ORLANDO VA MEDICAL CENTER,13800 VETERANS WAY,(407) 631-1000,Acute Care - Veterans Administration,Veterans Health Administration,143,89
10099F,ORLANDO VA MEDICAL CENTER,13800 VETERANS WAY,(407) 631-1000,Acute Care - Veterans Administration,Veterans Health Administration,185,47
10099F,ORLANDO VA MEDICAL CENTER,13800 VETERANS WAY,(407) 631-1000,Acute Care - Veterans Administration,Veterans Health Administration,185,47
10099F,ORLANDO VA MEDICAL CENTER,13800 VETERANS WAY,(407) 631-1000,Acute Care - Veterans Administration,Veterans Health Administration,156,76
10099F,ORLANDO VA MEDICAL CENTER,13800 VETERANS WAY,(407) 631-1000,Acute Care - Veterans Administration,Veterans Health Administration,186,46
10099F,ORLANDO VA MEDICAL CENTER,13800 VETERANS WAY,(407) 631-1000,Acute Care - Veterans Administration,Veterans Health Administration,144,88
10099F,ORLANDO VA MEDICAL CENTER,13800 VETERANS WAY,(407) 631-1000,Acute Care - Veterans Administration,Veterans Health Administration,177,55
10099F,ORLANDO VA MEDICAL CENTER,13800 VETERANS WAY,(407) 631-1000,Acute Care - Veterans Administration,Veterans Health Administration,189,43
10099F,ORLANDO VA MEDICAL CENTER,13800 VETERANS WAY,(407) 631-1000,Acute Care - Veterans Administration,Veterans Health Administration,146,86
10099F,ORLANDO VA MEDICAL CENTER,13800 VETERANS WAY,(407) 631-1000,Acute Care - Veterans Administration,Veterans Health Administration,141,91
10099F,ORLANDO VA MEDICAL CENTER,13800 VETERANS WAY,(407) 631-1000,Acute Care - Veterans Administration,Veterans Health Administration,193,39
10099F,ORLANDO VA MEDICAL CENTER,13800 VETERANS WAY,(407) 631-1000,Acute Care - Veterans Administration,Veterans Health Administration,154,78
10099F,ORLANDO VA MEDICAL CENTER,13800 VETERANS WAY,(407) 631-1000,Acute Care - Veterans Administration,Veterans Health Administration,148,84
10099F,ORLANDO VA MEDICAL CENTER,13800 VETERANS WAY,(407) 631-1000,Acute Care - Veterans Administration,Veterans Health Administration,192,40
10099F,ORLANDO VA MEDICAL CENTER,13800 VETERANS WAY,(407) 631-1000,Acute Care - Veterans Administration,Veterans Health Administration,144,88
10099F,ORLANDO VA MEDICAL CENTER,13800 VETERANS WAY,(407) 631-1000,Acute Care - Veterans Administration,Veterans Health Administration,140,92
10099F,ORLANDO VA MEDICAL CENTER,13800 VETERANS WAY,(407) 631-1000,Acute Care - Veterans Administration,Veterans Health Administration,191,41
10099F,ORLANDO VA MEDICAL CENTER,13800 VETERANS WAY,(407) 631-1000,Acute Care - Veterans Administration,Veterans Health Administration,190,42
10099F,ORLANDO VA MEDICAL CENTER,13800 VETERANS WAY,(407) 631-1000,Acute Care - Veterans Administration,Veterans Health Administration,185,47
10099F,ORLANDO VA MEDICAL CENTER,13800 VETERANS WAY,(407) 631-1000,Acute Care - Veterans Administration,Veterans Health Administration,179,53
10099F,ORLANDO VA MEDICAL CENTER,13800 VETERANS WAY,(407) 631-1000,Acute Care - Veterans Administration,Veterans Health Administration,213,19
10099F,ORLANDO VA MEDICAL CENTER,13800 VETERANS WAY,(407) 631-1000,Acute Care - Veterans Administration,Veterans Health Administration,167,65
10099F,ORLANDO VA MEDICAL CENTER,13800 VETERANS WAY,(407) 631-1000,Acute Care - Veterans Administration,Veterans Health Administration,199,33
10099F,ORLANDO VA MEDICAL CENTER,13800 VETERANS WAY,(407) 631-1000,Acute Care - Veterans Administration,Veterans Health Administration,208,24
10099F,ORLANDO VA MEDICAL CENTER,13800 VETERANS WAY,(407) 631-1000,Acute Care - Veterans Administration,Veterans Health Administration,174,58
10099F,ORLANDO VA MEDICAL CENTER,13800 VETERANS WAY,(407) 631-1000,Acute Care - Veterans Administration,Veterans Health Administration,170,62
10099F,ORLANDO VA MEDICAL CENTER,13800 VETERANS WAY,(407) 631-1000,Acute Care - Veterans Administration,Veterans Health Administration,157,75
10099F,ORLANDO VA MEDICAL CENTER,13800 VETERANS WAY,(407) 631-1000,Acute Care - Veterans Administration,Veterans Health Administration,157,75
10099F,ORLANDO VA MEDICAL CENTER,13800 VETERANS WAY,(407) 631-1000,Acute Care - Veterans Administration,Veterans Health Administration,206,26
10099F,ORLANDO VA MEDICAL CENTER,13800 VETERANS WAY,(407) 631-1000,Acute Care - Veterans Administration,Veterans Health Administration,200,32
10099F,ORLANDO VA MEDICAL CENTER,13800 VETERANS WAY,(407) 631-1000,Acute Care - Veterans Administration,Veterans Health Administration,144,88
10099F,ORLANDO VA MEDICAL CENTER,13800 VETERANS WAY,(407) 631-1000,Acute Care - Veterans Administration,Veterans Health Administration,162,70
10099F,ORLANDO VA MEDICAL CENTER,13800 VETERANS WAY,(407) 631-1000,Acute Care - Veterans Administration,Veterans Health Administration,178,54
10099F,ORLANDO VA MEDICAL CENTER,13800 VETERANS WAY,(407) 631-1000,Acute Care - Veterans Administration,Veterans Health Administration,155,77
10099F,ORLANDO VA MEDICAL CENTER,13800 VETERANS WAY,(407) 631-1000,Acute Care - Veterans Administration,Veterans Health Administration,175,57
10099F,ORLANDO VA MEDICAL CENTER,13800 VETERANS WAY,(407) 631-1000,Acute Care - Veterans Administration,Veterans Health Administration,167,65
10099F,ORLANDO VA MEDICAL CENTER,13800 VETERANS WAY,(407) 631-1000,Acute Care - Veterans Administration,Veterans Health Administration,162,70
10099F,ORLANDO VA MEDICAL CENTER,13800 VETERANS WAY,(407) 631-1000,Acute Care - Veterans Administration,Veterans Health Administration,195,37
10099F,ORLANDO VA MEDICAL CENTER,13800 VETERANS WAY,(407) 631-1000,Acute Care - Veterans Administration,Veterans Health Administration,218,14
10099F,ORLANDO VA MEDICAL CENTER,13800 VETERANS WAY,(407) 631-1000,Acute Care - Veterans Administration,Veterans Health Administration,205,27
10099F,ORLANDO VA MEDICAL CENTER,13800 VETERANS WAY,(407) 631-1000,Acute Care - Veterans Administration,Veterans Health Administration,216,16
10099F,ORLANDO VA MEDICAL CENTER,13800 VETERANS WAY,(407) 631-1000,Acute Care - Veterans Administration,Veterans Health Administration,156,76
10099F,ORLANDO VA MEDICAL CENTER,13800 VETERANS WAY,(407) 631-1000,Acute Care - Veterans Administration,Veterans Health Administration,192,40
10099F,ORLANDO VA MEDICAL CENTER,13800 VETERANS WAY,(407) 631-1000,Acute Care - Veterans Administration,Veterans Health Administration,171,61
10099F,ORLANDO VA MEDICAL CENTER,13800 VETERANS WAY,(407) 631-1000,Acute Care - Veterans Administration,Veterans Health Administration,163,69
10099F,ORLANDO VA MEDICAL CENTER,13800 VETERANS WAY,(407) 631-1000,Acute Care - Veterans Administration,Veterans Health Administration,140,92
10099F,ORLANDO VA MEDICAL CENTER,13800 VETERANS WAY,(407) 631-1000,Acute Care - Veterans Administration,Veterans Health Administration,192,40
10099F,ORLANDO VA MEDICAL CENTER,13800 VETERANS WAY,(407) 631-1000,Acute Care - Veterans Administration,Veterans Health Administration,213,19
10099F,ORLANDO VA MEDICAL CENTER,13800 VETERANS WAY,(407) 631-1000,Acute Care - Veterans Administration,Veterans Health Administration,182,50
10099F,ORLANDO VA MEDICAL CENTER,13800 VETERANS WAY,(407) 631-1000,Acute Care - Veterans Administration,Veterans Health Administration,190,42
10099F,ORLANDO VA MEDICAL CENTER,13800 VETERANS WAY,(407) 631-1000,Acute Care - Veterans Administration,Veterans Health Administration,172,60
10099F,ORLANDO VA MEDICAL CENTER,13800 VETERANS WAY,(407) 631-1000,Acute Care - Veterans Administration,Veterans Health Administration,170,62
10099F,ORLANDO VA MEDICAL CENTER,13800 VETERANS WAY,(407) 631-1000,Acute Care - Veterans Administration,Veterans Health Administration,190,42
10099F,ORLANDO VA MEDICAL CENTER,13800 VETERANS WAY,(407) 631-1000,Acute Care - Veterans Administration,Veterans Health Administration,149,83
10099F,ORLANDO VA MEDICAL CENTER,13800 VETERANS WAY,(407) 631-1000,Acute Care - Veterans Administration,Veterans Health Administration,144,88
10099F,ORLANDO VA MEDICAL CENTER,13800 VETERANS WAY,(407) 631-1000,Acute Care - Veterans Administration,Veterans Health Administration,176,56
10099F,ORLANDO VA MEDICAL CENTER,13800 VETERANS WAY,(407) 631-1000,Acute Care - Veterans Administration,Veterans Health Administration,161,71
10099F,ORLANDO VA MEDICAL CENTER,13800 VETERANS WAY,(407) 631-1000,Acute Care - Veterans Administration,Veterans Health Administration,180,52
10099F,ORLANDO VA MEDICAL CENTER,13800 VETERANS WAY,(407) 631-1000,Acute Care - Veterans Administration,Veterans Health Administration,156,76
10099F,ORLANDO VA MEDICAL CENTER,13800 VETERANS WAY,(407) 631-1000,Acute Care - Veterans Administration,Veterans Health Administration,174,58
10099F,ORLANDO VA MEDICAL CENTER,13800 VETERANS WAY,(407) 631-1000,Acute Care - Veterans Administration,Veterans Health Administration,173,59
10099F,ORLANDO VA MEDICAL CENTER,13800 VETERANS WAY,(407) 631-1000,Acute Care - Veterans Administration,Veterans Health Administration,200,32
10099F,ORLANDO VA MEDICAL CENTER,13800 VETERANS WAY,(407) 631-1000,Acute Care - Veterans Administration,Veterans Health Administration,162,70
10099F,ORLANDO VA MEDICAL CENTER,13800 VETERANS WAY,(407) 631-1000,Acute Care - Veterans Administration,Veterans Health Administration,160,72
10099F,ORLANDO VA MEDICAL CENTER,13800 VETERANS WAY,(407) 631-1000,Acute Care - Veterans Administration,Veterans Health Administration,170,62
10099F,ORLANDO VA MEDICAL CENTER,13800 VETERANS WAY,(407) 631-1000,Acute Care - Veterans Administration,Veterans Health Administration,147,85
10099F,ORLANDO VA MEDICAL CENTER,13800 VETERANS WAY,(407) 631-1000,Acute Care - Veterans Administration,Veterans Health Administration,174,58
10099F,ORLANDO VA MEDICAL CENTER,13800 VETERANS WAY,(407) 631-1000,Acute Care - Veterans Administration,Veterans Health Administration,175,57
10099F,ORLANDO VA MEDICAL CENTER,13800 VETERANS WAY,(407) 631-1000,Acute Care - Veterans Administration,Veterans Health Administration,166,66
10099F,ORLANDO VA MEDICAL CENTER,13800 VETERANS WAY,(407) 631-1000,Acute Care - Veterans Administration,Veterans Health Administration,217,15
10099F,ORLANDO VA MEDICAL CENTER,13800 VETERANS WAY,(407) 631-1000,Acute Care - Veterans Administration,Veterans Health Administration,187,45
10099F,ORLANDO VA MEDICAL CENTER,13800 VETERANS WAY,(407) 631-1000,Acute Care - Veterans Administration,Veterans Health Administration,173,59
10099F,ORLANDO VA MEDICAL CENTER,13800 VETERANS WAY,(407) 631-1000,Acute Care - Veterans Administration,Veterans Health Administration,201,31
10099F,ORLANDO VA MEDICAL CENTER,13800 VETERANS WAY,(407) 631-1000,Acute Care - Veterans Administration,Veterans Health Administration,170,62
10099F,ORLANDO VA MEDICAL CENTER,13800 VETERANS WAY,(407) 631-1000,Acute Care - Veterans Administration,Veterans Health Administration,140,92
10099F,ORLANDO VA MEDICAL CENTER,13800 VETERANS WAY,(407) 631-1000,Acute Care - Veterans Administration,Veterans Health Administration,198,34
10099F,ORLANDO VA MEDICAL CENTER,13800 VETERANS WAY,(407) 631-1000,Acute Care - Veterans Administration,Veterans Health Administration,147,85
10099F,ORLANDO VA MEDICAL CENTER,13800 VETERANS WAY,(407) 631-1000,Acute Care - Veterans Administration,Veterans Health Administration,205,27
10099F,ORLANDO VA MEDICAL CENTER,13800 VETERANS WAY,(407) 631-1000,Acute Care - Veterans Administration,Veterans Health Administration,188,44
10099F,ORLANDO VA MEDICAL CENTER,13800 VETERANS WAY,(407) 631-1000,Acute Care - Veterans Administration,Veterans Health Administration,178,54
10099F,ORLANDO VA MEDICAL CENTER,13800 VETERANS WAY,(407) 631-1000,Acute Care - Veterans Administration,Veterans Health Administration,190,42
10099F,ORLANDO VA MEDICAL CENTER,13800 VETERANS WAY,(407) 631-1000,Acute Care - Veterans Administration,Veterans Health Administration,146,86
10099F,ORLANDO VA MEDICAL CENTER,13800 VETERANS WAY,(407) 631-1000,Acute Care - Veterans Administration,Veterans Health Administration,179,53
10099F,ORLANDO VA MEDICAL CENTER,13800 VETERANS WAY,(407) 631-1000,Acute Care - Veterans Administration,Veterans Health Administration,157,75
10099F,ORLANDO VA MEDICAL CENTER,13800 VETERANS WAY,(407) 631-1000,Acute Care - Veterans Administration,Veterans Health Administration,213,19
10099F,ORLANDO VA MEDICAL CENTER,13800 VETERANS WAY,(407) 631-1000,Acute Care - Veterans Administration,Veterans Health Administration,147,85
10099F,ORLANDO VA MEDICAL CENTER,13800 VETERANS WAY,(407) 631-1000,Acute Care - Veterans Administration,Veterans Health Administration,216,16
10099F,ORLANDO VA MEDICAL CENTER,13800 VETERANS WAY,(407) 631-1000,Acute Care - Veterans Administration,Veterans Health Administration,174,58
10099F,ORLANDO VA MEDICAL CENTER,13800 VETERANS WAY,(407) 631-1000,Acute Care - Veterans Administration,Veterans Health Administration,204,28
10099F,ORLANDO VA MEDICAL CENTER,13800 VETERANS WAY,(407) 631-1000,Acute Care - Veterans Administration,Veterans Health Administration,218,14
10099F,ORLANDO VA MEDICAL CENTER,13800 VETERANS WAY,(407) 631-1000,Acute Care - Veterans Administration,Veterans Health Administration,162,70
10099F,ORLANDO VA MEDICAL CENTER,13800 VETERANS WAY,(407) 631-1000,Acute Care - Veterans Administration,Veterans Health Administration,201,31
10099F,ORLANDO VA MEDICAL CENTER,13800 VETERANS WAY,(407) 631-1000,Acute Care - Veterans Administration,Veterans Health Administration,213,19
10099F,ORLANDO VA MEDICAL CENTER,13800 VETERANS WAY,(407) 631-1000,Acute Care - Veterans Administration,Veterans Health Administration,183,49
10099F,ORLANDO VA MEDICAL CENTER,13800 VETERANS WAY,(407) 631-1000,Acute Care - Veterans Administration,Veterans Health Administration,207,25
10099F,ORLANDO VA MEDICAL CENTER,13800 VETERANS WAY,(407) 631-1000,Acute Care - Veterans Administration,Veterans Health Administration,144,88
10099F,ORLANDO VA MEDICAL CENTER,13800 VETERANS WAY,(407) 631-1000,Acute Care - Veterans Administration,Veterans Health Administration,141,91
10099F,ORLANDO VA MEDICAL CENTER,13800 VETERANS WAY,(407) 631-1000,Acute Care - Veterans Administration,Veterans Health Administration,166,66
10099F,ORLANDO VA MEDICAL CENTER,13800 VETERANS WAY,(407) 631-1000,Acute Care - Veterans Administration,Veterans Health Administration,140,92
10099F,ORLANDO VA MEDICAL CENTER,13800 VETERANS WAY,(407) 631-1000,Acute Care - Veterans Administration,Veterans Health Administration,140,92
10099F,ORLANDO VA MEDICAL CENTER,13800 VETERANS WAY,(407) 631-1000,Acute Care - Veterans Administration,Veterans Health Administration,189,43
10099F,ORLANDO VA MEDICAL CENTER,13800 VETERANS WAY,(407) 631-1000,Acute Care - Veterans Administration,Veterans Health Administration,206,26
10099F,ORLANDO VA MEDICAL CENTER,13800 VETERANS WAY,(407) 631-1000,Acute Care - Veterans Administration,Veterans Health Administration,161,71
10099F,ORLANDO VA MEDICAL CENTER,13800 VETERANS WAY,(407) 631-1000,Acute Care - Veterans Administration,Veterans Health Administration,149,83
10099F,ORLANDO VA MEDICAL CENTER,13800 VETERANS WAY,(407) 631-1000,Acute Care - Veterans Administration,Veterans Health Administration,147,85
10099F,ORLANDO VA MEDICAL CENTER,13800 VETERANS WAY,(407) 631-1000,Acute Care - Veterans Administration,Veterans Health Administration,214,18
10099F,ORLANDO VA MEDICAL CENTER,13800 VETERANS WAY,(407) 631-1000,Acute Care - Veterans Administration,Veterans Health Administration,147,85
10099F,ORLANDO VA MEDICAL CENTER,13800 VETERANS WAY,(407) 631-1000,Acute Care - Veterans Administration,Veterans Health Administration,171,61
10099F,ORLANDO VA MEDICAL CENTER,13800 VETERANS WAY,(407) 631-1000,Acute Care - Veterans Administration,Veterans Health Administration,158,74
10099F,ORLANDO VA MEDICAL CENTER,13800 VETERANS WAY,(407) 631-1000,Acute Care - Veterans Administration,Veterans Health Administration,151,81
10099F,ORLANDO VA MEDICAL CENTER,13800 VETERANS WAY,(407) 631-1000,Acute Care - Veterans Administration,Veterans Health Administration,185,47
10099F,ORLANDO VA MEDICAL CENTER,13800 VETERANS WAY,(407) 631-1000,Acute Care - Veterans Administration,Veterans Health Administration,215,17
10099F,ORLANDO VA MEDICAL CENTER,13800 VETERANS WAY,(407) 631-1000,Acute Care - Veterans Administration,Veterans Health Administration,181,51
10099F,ORLANDO VA MEDICAL CENTER,13800 VETERANS WAY,(407) 631-1000,Acute Care - Veterans Administration,Veterans Health Administration,178,54
10099F,ORLANDO VA MEDICAL CENTER,13800 VETERANS WAY,(407) 631-1000,Acute Care - Veterans Administration,Veterans Health Administration,188,44
10099F,ORLANDO VA MEDICAL CENTER,13800 VETERANS WAY,(407) 631-1000,Acute Care - Veterans Administration,Veterans Health Administration,155,77
10099F,ORLANDO VA MEDICAL CENTER,13800 VETERANS WAY,(407) 631-1000,Acute Care - Veterans Administration,Veterans Health Administration,140,92
10099F,ORLANDO VA MEDICAL CENTER,13800 VETERANS WAY,(407) 631-1000,Acute Care - Veterans Administration,Veterans Health Administration,186,46
10099F,ORLANDO VA MEDICAL CENTER,13800 VETERANS WAY,(407) 631-1000,Acute Care - Veterans Administration,Veterans Health Administration,202,30
10099F,ORLANDO VA MEDICAL CENTER,13800 VETERANS WAY,(407) 631-1000,Acute Care - Veterans Administration,Veterans Health Administration,144,88
10099F,ORLANDO VA MEDICAL CENTER,13800 VETERANS WAY,(407) 631-1000,Acute Care - Veterans Administration,Veterans Health Administration,160,72
10099F,ORLANDO VA MEDICAL CENTER,13800 VETERANS WAY,(407) 631-1000,Acute Care - Veterans Administration,Veterans Health Administration,146,86
10099F,ORLANDO VA MEDICAL CENTER,13800 VETERANS WAY,(407) 631-1000,Acute Care - Veterans Administration,Veterans Health Administration,143,89
10099F,ORLANDO VA MEDICAL CENTER,13800 VETERANS WAY,(407) 631-1000,Acute Care - Veterans Administration,Veterans Health Administration,174,58
10099F,ORLANDO VA MEDICAL CENTER,13800 VETERANS WAY,(407) 631-1000,Acute Care - Veterans Administration,Veterans Health Administration,151,81
10099F,ORLANDO VA MEDICAL CENTER,13800 VETERANS WAY,(407) 631-1000,Acute Care - Veterans Administration,Veterans Health Administration,192,40
10099F,ORLANDO VA MEDICAL CENTER,13800 VETERANS WAY,(407) 631-1000,Acute Care - Veterans Administration,Veterans Health Administration,167,65
10099F,ORLANDO VA MEDICAL CENTER,13800 VETERANS WAY,(407) 631-1000,Acute Care - Veterans Administration,Veterans Health Administration,167,65
10099F,ORLANDO VA MEDICAL CENTER,13800 VETERANS WAY,(407) 631-1000,Acute Care - Veterans Administration,Veterans Health Administration,174,58
10099F,ORLANDO VA MEDICAL CENTER,13800 VETERANS WAY,(407) 631-1000,Acute Care - Veterans Administration,Veterans Health Administration,150,82
10099F,ORLANDO VA MEDICAL CENTER,13800 VETERANS WAY,(407) 631-1000,Acute Care - Veterans Administration,Veterans Health Administration,150,82
10099F,ORLANDO VA MEDICAL CENTER,13800 VETERANS WAY,(407) 631-1000,Acute Care - Veterans Administration,Veterans Health Administration,171,61
10099F,ORLANDO VA MEDICAL CENTER,13800 VETERANS WAY,(407) 631-1000,Acute Care - Veterans Administration,Veterans Health Administration,215,17
10099F,ORLANDO VA MEDICAL CENTER,13800 VETERANS WAY,(407) 631-1000,Acute Care - Veterans Administration,Veterans Health Administration,211,21
10099F,ORLANDO VA MEDICAL CENTER,13800 VETERANS WAY,(407) 631-1000,Acute Care - Veterans Administration,Veterans Health Administration,165,67
10099F,ORLANDO VA MEDICAL CENTER,13800 VETERANS WAY,(407) 631-1000,Acute Care - Veterans Administration,Veterans Health Administration,202,30
10099F,ORLANDO VA MEDICAL CENTER,13800 VETERANS WAY,(407) 631-1000,Acute Care - Veterans Administration,Veterans Health Administration,172,60
10099F,ORLANDO VA MEDICAL CENTER,13800 VETERANS WAY,(407) 631-1000,Acute Care - Veterans Administration,Veterans Health Administration,207,25
10099F,ORLANDO VA MEDICAL CENTER,13800 VETERANS WAY,(407) 631-1000,Acute Care - Veterans Administration,Veterans Health Administration,212,20
10099F,ORLANDO VA MEDICAL CENTER,13800 VETERANS WAY,(407) 631-1000,Acute Care - Veterans Administration,Veterans Health Administration,146,86
10099F,ORLANDO VA MEDICAL CENTER,13800 VETERANS WAY,(407) 631-1000,Acute Care - Veterans Administration,Veterans Health Administration,218,14
10099F,ORLANDO VA MEDICAL CENTER,13800 VETERANS WAY,(407) 631-1000,Acute Care - Veterans Administration,Veterans Health Administration,181,51
10099F,ORLANDO VA MEDICAL CENTER,13800 VETERANS WAY,(407) 631-1000,Acute Care - Veterans Administration,Veterans Health Administration,193,39
10099F,ORLANDO VA MEDICAL CENTER,13800 VETERANS WAY,(407) 631-1000,Acute Care - Veterans Administration,Veterans Health Administration,206,26
10099F,ORLANDO VA MEDICAL CENTER,13800 VETERANS WAY,(407) 631-1000,Acute Care - Veterans Administration,Veterans Health Administration,142,90
10099F,ORLANDO VA MEDICAL CENTER,13800 VETERANS WAY,(407) 631-1000,Acute Care - Veterans Administration,Veterans Health Administration,182,50
10099F,ORLANDO VA MEDICAL CENTER,13800 VETERANS WAY,(407) 631-1000,Acute Care - Veterans Administration,Veterans Health Administration,201,31
10099F,ORLANDO VA MEDICAL CENTER,13800 VETERANS WAY,(407) 631-1000,Acute Care - Veterans Administration,Veterans Health Administration,196,36
10099F,ORLANDO VA MEDICAL CENTER,13800 VETERANS WAY,(407) 631-1000,Acute Care - Veterans Administration,Veterans Health Administration,206,26
10099F,ORLANDO VA MEDICAL CENTER,13800 VETERANS WAY,(407) 631-1000,Acute Care - Veterans Administration,Veterans Health Administration,219,13
10099F,ORLANDO VA MEDICAL CENTER,13800 VETERANS WAY,(407) 631-1000,Acute Care - Veterans Administration,Veterans Health Administration,199,33
10099F,ORLANDO VA MEDICAL CENTER,13800 VETERANS WAY,(407) 631-1000,Acute Care - Veterans Administration,Veterans Health Administration,176,56
10099F,ORLANDO VA MEDICAL CENTER,13800 VETERANS WAY,(407) 631-1000,Acute Care - Veterans Administration,Veterans Health Administration,181,51
10099F,ORLANDO VA MEDICAL CENTER,13800 VETERANS WAY,(407) 631-1000,Acute Care - Veterans Administration,Veterans Health Administration,218,14
10099F,ORLANDO VA MEDICAL CENTER,13800 VETERANS WAY,(407) 631-1000,Acute Care - Veterans Administration,Veterans Health Administration,177,55
10099F,ORLANDO VA MEDICAL CENTER,13800 VETERANS WAY,(407) 631-1000,Acute Care - Veterans Administration,Veterans Health Administration,213,19
10099F,ORLANDO VA MEDICAL CENTER,13800 VETERANS WAY,(407) 631-1000,Acute Care - Veterans Administration,Veterans Health Administration,156,76
10099F,ORLANDO VA MEDICAL CENTER,13800 VETERANS WAY,(407) 631-1000,Acute Care - Veterans Administration,Veterans Health Administration,162,70
10099F,ORLANDO VA MEDICAL CENTER,13800 VETERANS WAY,(407) 631-1000,Acute Care - Veterans Administration,Veterans Health Administration,179,53
10099F,ORLANDO VA MEDICAL CENTER,13800 VETERANS WAY,(407) 631-1000,Acute Care - Veterans Administration,Veterans Health Administration,208,24
10099F,ORLANDO VA MEDICAL CENTER,13800 VETERANS WAY,(407) 631-1000,Acute Care - Veterans Administration,Veterans Health Administration,152,80
10099F,ORLANDO VA MEDICAL CENTER,13800 VETERANS WAY,(407) 631-1000,Acute Care - Veterans Administration,Veterans Health Administration,171,61
10099F,ORLANDO VA MEDICAL CENTER,13800 VETERANS WAY,(407) 631-1000,Acute Care - Veterans Administration,Veterans Health Administration,201,31
10099F,ORLANDO VA MEDICAL CENTER,13800 VETERANS WAY,(407) 631-1000,Acute Care - Veterans Administration,Veterans Health Administration,191,41
10099F,ORLANDO VA MEDICAL CENTER,13800 VETERANS WAY,(407) 631-1000,Acute Care - Veterans Administration,Veterans Health Administration,213,19
10099F,ORLANDO VA MEDICAL CENTER,13800 VETERANS WAY,(407) 631-1000,Acute Care - Veterans Administration,Veterans Health Administration,217,15
10099F,ORLANDO VA MEDICAL CENTER,13800 VETERANS WAY,(407) 631-1000,Acute Care - Veterans Administration,Veterans Health Administration,208,24
10099F,ORLANDO VA MEDICAL CENTER,13800 VETERANS WAY,(407) 631-1000,Acute Care - Veterans Administration,Veterans Health Administration,139,93
10099F,ORLANDO VA MEDICAL CENTER,13800 VETERANS WAY,(407) 631-1000,Acute Care - Veterans Administration,Veterans Health Administration,141,91
10099F,ORLANDO VA MEDICAL CENTER,13800 VETERANS WAY,(407) 631-1000,Acute Care - Veterans Administration,Veterans Health Administration,145,87
10099F,ORLANDO VA MEDICAL CENTER,13800 VETERANS WAY,(407) 631-1000,Acute Care - Veterans Administration,Veterans Health Administration,211,21
10099F,ORLANDO VA MEDICAL CENTER,13800 VETERANS WAY,(407) 631-1000,Acute Care - Veterans Administration,Veterans Health Administration,201,31
10099F,ORLANDO VA MEDICAL CENTER,13800 VETERANS WAY,(407) 631-1000,Acute Care - Veterans Administration,Veterans Health Administration,171,61
10099F,ORLANDO VA MEDICAL CENTER,13800 VETERANS WAY,(407) 631-1000,Acute Care - Veterans Administration,Veterans Health Administration,139,93
10099F,ORLANDO VA MEDICAL CENTER,13800 VETERANS WAY,(407) 631-1000,Acute Care - Veterans Administration,Veterans Health Administration,169,63
10099F,ORLANDO VA MEDICAL CENTER,13800 VETERANS WAY,(407) 631-1000,Acute Care - Veterans Administration,Veterans Health Administration,145,87
10099F,ORLANDO VA MEDICAL CENTER,13800 VETERANS WAY,(407) 631-1000,Acute Care - Veterans Administration,Veterans Health Administration,188,44
10099F,ORLANDO VA MEDICAL CENTER,13800 VETERANS WAY,(407) 631-1000,Acute Care - Veterans Administration,Veterans Health Administration,158,74
10099F,ORLANDO VA MEDICAL CENTER,13800 VETERANS WAY,(407) 631-1000,Acute Care - Veterans Administration,Veterans Health Administration,184,48
10099F,ORLANDO VA MEDICAL CENTER,13800 VETERANS WAY,(407) 631-1000,Acute Care - Veterans Administration,Veterans Health Administration,217,15
10099F,ORLANDO VA MEDICAL CENTER,13800 VETERANS WAY,(407) 631-1000,Acute Care - Veterans Administration,Veterans Health Administration,181,51
10099F,ORLANDO VA MEDICAL CENTER,13800 VETERANS WAY,(407) 631-1000,Acute Care - Veterans Administration,Veterans Health Administration,207,25
10099F,ORLANDO VA MEDICAL CENTER,13800 VETERANS WAY,(407) 631-1000,Acute Care - Veterans Administration,Veterans Health Administration,214,18
10099F,ORLANDO VA MEDICAL CENTER,13800 VETERANS WAY,(407) 631-1000,Acute Care - Veterans Administration,Veterans Health Administration,179,53
10099F,ORLANDO VA MEDICAL CENTER,13800 VETERANS WAY,(407) 631-1000,Acute Care - Veterans Administration,Veterans Health Administration,179,53
10099F,ORLANDO VA MEDICAL CENTER,13800 VETERANS WAY,(407) 631-1000,Acute Care - Veterans Administration,Veterans Health Administration,219,13
10099F,ORLANDO VA MEDICAL CENTER,13800 VETERANS WAY,(407) 631-1000,Acute Care - Veterans Administration,Veterans Health Administration,210,22
10099F,ORLANDO VA MEDICAL CENTER,13800 VETERANS WAY,(407) 631-1000,Acute Care - Veterans Administration,Veterans Health Administration,209,23
10099F,ORLANDO VA MEDICAL CENTER,13800 VETERANS WAY,(407) 631-1000,Acute Care - Veterans Administration,Veterans Health Administration,182,50
10099F,ORLANDO VA MEDICAL CENTER,13800 VETERANS WAY,(407) 631-1000,Acute Care - Veterans Administration,Veterans Health Administration,186,46
10099F,ORLANDO VA MEDICAL CENTER,13800 VETERANS WAY,(407) 631-1000,Acute Care - Veterans Administration,Veterans Health Administration,160,72
10099F,ORLANDO VA MEDICAL CENTER,13800 VETERANS WAY,(407) 631-1000,Acute Care - Veterans Administration,Veterans Health Administration,194,38
10099F,ORLANDO VA MEDICAL CENTER,13800 VETERANS WAY,(407) 631-1000,Acute Care - Veterans Administration,Veterans Health Administration,147,85
10099F,ORLANDO VA MEDICAL CENTER,13800 VETERANS WAY,(407) 631-1000,Acute Care - Veterans Administration,Veterans Health Administration,156,76
10099F,ORLANDO VA MEDICAL CENTER,13800 VETERANS WAY,(407) 631-1000,Acute Care - Veterans Administration,Veterans Health Administration,168,64
10099F,ORLANDO VA MEDICAL CENTER,13800 VETERANS WAY,(407) 631-1000,Acute Care - Veterans Administration,Veterans Health Administration,148,84
10099F,ORLANDO VA MEDICAL CENTER,13800 VETERANS WAY,(407) 631-1000,Acute Care - Veterans Administration,Veterans Health Administration,141,91
10099F,ORLANDO VA MEDICAL CENTER,13800 VETERANS WAY,(407) 631-1000,Acute Care - Veterans Administration,Veterans Health Administration,151,81
10099F,ORLANDO VA MEDICAL CENTER,13800 VETERANS WAY,(407) 631-1000,Acute Care - Veterans Administration,Veterans Health Administration,145,87
10099F,ORLANDO VA MEDICAL CENTER,13800 VETERANS WAY,(407) 631-1000,Acute Care - Veterans Administration,Veterans Health Administration,173,59
10099F,ORLANDO VA MEDICAL CENTER,13800 VETERANS WAY,(407) 631-1000,Acute Care - Veterans Administration,Veterans Health Administration,178,54
10099F,ORLANDO VA MEDICAL CENTER,13800 VETERANS WAY,(407) 631-1000,Acute Care - Veterans Administration,Veterans Health Administration,206,26
10099F,ORLANDO VA MEDICAL CENTER,13800 VETERANS WAY,(407) 631-1000,Acute Care - Veterans Administration,Veterans Health Administration,143,89
10099F,ORLANDO VA MEDICAL CENTER,13800 VETERANS WAY,(407) 631-1000,Acute Care - Veterans Administration,Veterans Health Administration,142,90
10099F,ORLANDO VA MEDICAL CENTER,13800 VETERANS WAY,(407) 631-1000,Acute Care - Veterans Administration,Veterans Health Administration,184,48
10099F,ORLANDO VA MEDICAL CENTER,13800 VETERANS WAY,(407) 631-1000,Acute Care - Veterans Administration,Veterans Health Administration,156,76
10099F,ORLANDO VA MEDICAL CENTER,13800 VETERANS WAY,(407) 631-1000,Acute Care - Veterans Administration,Veterans Health Administration,207,25
10099F,ORLANDO VA MEDICAL CENTER,13800 VETERANS WAY,(407) 631-1000,Acute Care - Veterans Administration,Veterans Health Administration,218,14
10099F,ORLANDO VA MEDICAL CENTER,13800 VETERANS WAY,(407) 631-1000,Acute Care - Veterans Administration,Veterans Health Administration,146,86
10099F,ORLANDO VA MEDICAL CENTER,13800 VETERANS WAY,(407) 631-1000,Acute Care - Veterans Administration,Veterans Health Administration,147,85
10099F,ORLANDO VA MEDICAL CENTER,13800 VETERANS WAY,(407) 631-1000,Acute Care - Veterans Administration,Veterans Health Administration,155,77
10099F,ORLANDO VA MEDICAL CENTER,13800 VETERANS WAY,(407) 631-1000,Acute Care - Veterans Administration,Veterans Health Administration,184,48
10099F,ORLANDO VA MEDICAL CENTER,13800 VETERANS WAY,(407) 631-1000,Acute Care - Veterans Administration,Veterans Health Administration,179,53
10099F,ORLANDO VA MEDICAL CENTER,13800 VETERANS WAY,(407) 631-1000,Acute Care - Veterans Administration,Veterans Health Administration,199,33
10099F,ORLANDO VA MEDICAL CENTER,13800 VETERANS WAY,(407) 631-1000,Acute Care - Veterans Administration,Veterans Health Administration,148,84
10099F,ORLANDO VA MEDICAL CENTER,13800 VETERANS WAY,(407) 631-1000,Acute Care - Veterans Administration,Veterans Health Administration,186,46
10099F,ORLANDO VA MEDICAL CENTER,13800 VETERANS WAY,(407) 631-1000,Acute Care - Veterans Administration,Veterans Health Administration,181,51
10099F,ORLANDO VA MEDICAL CENTER,13800 VETERANS WAY,(407) 631-1000,Acute Care - Veterans Administration,Veterans Health Administration,198,34
10099F,ORLANDO VA MEDICAL CENTER,13800 VETERANS WAY,(407) 631-1000,Acute Care - Veterans Administration,Veterans Health Administration,153,79
10099F,ORLANDO VA MEDICAL CENTER,13800 VETERANS WAY,(407) 631-1000,Acute Care - Veterans Administration,Veterans Health Administration,183,49
10099F,ORLANDO VA MEDICAL CENTER,13800 VETERANS WAY,(407) 631-1000,Acute Care - Veterans Administration,Veterans Health Administration,166,66
10099F,ORLANDO VA MEDICAL CENTER,13800 VETERANS WAY,(407) 631-1000,Acute Care - Veterans Administration,Veterans Health Administration,183,49
10099F,ORLANDO VA MEDICAL CENTER,13800 VETERANS WAY,(407) 631-1000,Acute Care - Veterans Administration,Veterans Health Administration,203,29
10099F,ORLANDO VA MEDICAL CENTER,13800 VETERANS WAY,(407) 631-1000,Acute Care - Veterans Administration,Veterans Health Administration,168,64
10099F,ORLANDO VA MEDICAL CENTER,13800 VETERANS WAY,(407) 631-1000,Acute Care - Veterans Administration,Veterans Health Administration,202,30
10099F,ORLANDO VA MEDICAL CENTER,13800 VETERANS WAY,(407) 631-1000,Acute Care - Veterans Administration,Veterans Health Administration,141,91
10099F,ORLANDO VA MEDICAL CENTER,13800 VETERANS WAY,(407) 631-1000,Acute Care - Veterans Administration,Veterans Health Administration,207,25
10099F,ORLANDO VA MEDICAL CENTER,13800 VETERANS WAY,(407) 631-1000,Acute Care - Veterans Administration,Veterans Health Administration,149,83
10099F,ORLANDO VA MEDICAL CENTER,13800 VETERANS WAY,(407) 631-1000,Acute Care - Veterans Administration,Veterans Health Administration,168,64
10099F,ORLANDO VA MEDICAL CENTER,13800 VETERANS WAY,(407) 631-1000,Acute Care - Veterans Administration,Veterans Health Administration,180,52
10099F,ORLANDO VA MEDICAL CENTER,13800 VETERANS WAY,(407) 631-1000,Acute Care - Veterans Administration,Veterans Health Administration,217,15
10099F,ORLANDO VA MEDICAL CENTER,13800 VETERANS WAY,(407) 631-1000,Acute Care - Veterans Administration,Veterans Health Administration,142,90
10099F,ORLANDO VA MEDICAL CENTER,13800 VETERANS WAY,(407) 631-1000,Acute Care - Veterans Administration,Veterans Health Administration,184,48
10099F,ORLANDO VA MEDICAL CENTER,13800 VETERANS WAY,(407) 631-1000,Acute Care - Veterans Administration,Veterans Health Administration,195,37
10099F,ORLANDO VA MEDICAL CENTER,13800 VETERANS WAY,(407) 631-1000,Acute Care - Veterans Administration,Veterans Health Administration,212,20
10099F,ORLANDO VA MEDICAL CENTER,13800 VETERANS WAY,(407) 631-1000,Acute Care - Veterans Administration,Veterans Health Administration,154,78
10099F,ORLANDO VA MEDICAL CENTER,13800 VETERANS WAY,(407) 631-1000,Acute Care - Veterans Administration,Veterans Health Administration,157,75
10099F,ORLANDO VA MEDICAL CENTER,13800 VETERANS WAY,(407) 631-1000,Acute Care - Veterans Administration,Veterans Health Administration,202,30
10099F,ORLANDO VA MEDICAL CENTER,13800 VETERANS WAY,(407) 631-1000,Acute Care - Veterans Administration,Veterans Health Administration,153,79
10099F,ORLANDO VA MEDICAL CENTER,13800 VETERANS WAY,(407) 631-1000,Acute Care - Veterans Administration,Veterans Health Administration,164,68
10099F,ORLANDO VA MEDICAL CENTER,13800 VETERANS WAY,(407) 631-1000,Acute Care - Veterans Administration,Veterans Health Administration,142,90
10099F,ORLANDO VA MEDICAL CENTER,13800 VETERANS WAY,(407) 631-1000,Acute Care - Veterans Administration,Veterans Health Administration,217,15
10099F,ORLANDO VA MEDICAL CENTER,13800 VETERANS WAY,(407) 631-1000,Acute Care - Veterans Administration,Veterans Health Administration,157,75
10099F,ORLANDO VA MEDICAL CENTER,13800 VETERANS WAY,(407) 631-1000,Acute Care - Veterans Administration,Veterans Health Administration,169,63
10099F,ORLANDO VA MEDICAL CENTER,13800 VETERANS WAY,(407) 631-1000,Acute Care - Veterans Administration,Veterans Health Administration,155,77
10099F,ORLANDO VA MEDICAL CENTER,13800 VETERANS WAY,(407) 631-1000,Acute Care - Veterans Administration,Veterans Health Administration,205,27
10099F,ORLANDO VA MEDICAL CENTER,13800 VETERANS WAY,(407) 631-1000,Acute Care - Veterans Administration,Veterans Health Administration,184,48
10099F,ORLANDO VA MEDICAL CENTER,13800 VETERANS WAY,(407) 631-1000,Acute Care - Veterans Administration,Veterans Health Administration,169,63
10099F,ORLANDO VA MEDICAL CENTER,13800 VETERANS WAY,(407) 631-1000,Acute Care - Veterans Administration,Veterans Health Administration,157,75
10099F,ORLANDO VA MEDICAL CENTER,13800 VETERANS WAY,(407) 631-1000,Acute Care - Veterans Administration,Veterans Health Administration,210,22
10099F,ORLANDO VA MEDICAL CENTER,13800 VETERANS WAY,(407) 631-1000,Acute Care - Veterans Administration,Veterans Health Administration,158,74
10099F,ORLANDO VA MEDICAL CENTER,13800 VETERANS WAY,(407) 631-1000,Acute Care - Veterans Administration,Veterans Health Administration,152,80
10099F,ORLANDO VA MEDICAL CENTER,13800 VETERANS WAY,(407) 631-1000,Acute Care - Veterans Administration,Veterans Health Administration,142,90
10099F,ORLANDO VA MEDICAL CENTER,13800 VETERANS WAY,(407) 631-1000,Acute Care - Veterans Administration,Veterans Health Administration,216,16
10099F,ORLANDO VA MEDICAL CENTER,13800 VETERANS WAY,(407) 631-1000,Acute Care - Veterans Administration,Veterans Health Administration,178,54
10099F,ORLANDO VA MEDICAL CENTER,13800 VETERANS WAY,(407) 631-1000,Acute Care - Veterans Administration,Veterans Health Administration,203,29
10099F,ORLANDO VA MEDICAL CENTER,13800 VETERANS WAY,(407) 631-1000,Acute Care - Veterans Administration,Veterans Health Administration,178,54
10099F,ORLANDO VA MEDICAL CENTER,13800 VETERANS WAY,(407) 631-1000,Acute Care - Veterans Administration,Veterans Health Administration,148,84
10099F,ORLANDO VA MEDICAL CENTER,13800 VETERANS WAY,(407) 631-1000,Acute Care - Veterans Administration,Veterans Health Administration,152,80
10099F,ORLANDO VA MEDICAL CENTER,13800 VETERANS WAY,(407) 631-1000,Acute Care - Veterans Administration,Veterans Health Administration,144,88
10099F,ORLANDO VA MEDICAL CENTER,13800 VETERANS WAY,(407) 631-1000,Acute Care - Veterans Administration,Veterans Health Administration,195,37
10099F,ORLANDO VA MEDICAL CENTER,13800 VETERANS WAY,(407) 631-1000,Acute Care - Veterans Administration,Veterans Health Administration,162,70
10099F,ORLANDO VA MEDICAL CENTER,13800 VETERANS WAY,(407) 631-1000,Acute Care - Veterans Administration,Veterans Health Administration,200,32
10099F,ORLANDO VA MEDICAL CENTER,13800 VETERANS WAY,(407) 631-1000,Acute Care - Veterans Administration,Veterans Health Administration,219,13
10099F,ORLANDO VA MEDICAL CENTER,13800 VETERANS WAY,(407) 631-1000,Acute Care - Veterans Administration,Veterans Health Administration,154,78
10099F,ORLANDO VA MEDICAL CENTER,13800 VETERANS WAY,(407) 631-1000,Acute Care - Veterans Administration,Veterans Health Administration,193,39
10099F,ORLANDO VA MEDICAL CENTER,13800 VETERANS WAY,(407) 631-1000,Acute Care - Veterans Administration,Veterans Health Administration,197,35
10099F,ORLANDO VA MEDICAL CENTER,13800 VETERANS WAY,(407) 631-1000,Acute Care - Veterans Administration,Veterans Health Administration,213,19
10099F,ORLANDO VA MEDICAL CENTER,13800 VETERANS WAY,(407) 631-1000,Acute Care - Veterans Administration,Veterans Health Administration,161,71
10099F,ORLANDO VA MEDICAL CENTER,13800 VETERANS WAY,(407) 631-1000,Acute Care - Veterans Administration,Veterans Health Administration,201,31
10099F,ORLANDO VA MEDICAL CENTER,13800 VETERANS WAY,(407) 631-1000,Acute Care - Veterans Administration,Veterans Health Administration,189,43
10099F,ORLANDO VA MEDICAL CENTER,13800 VETERANS WAY,(407) 631-1000,Acute Care - Veterans Administration,Veterans Health Administration,213,19
10099F,ORLANDO VA MEDICAL CENTER,13800 VETERANS WAY,(407) 631-1000,Acute Care - Veterans Administration,Veterans Health Administration,181,51
10099F,ORLANDO VA MEDICAL CENTER,13800 VETERANS WAY,(407) 631-1000,Acute Care - Veterans Administration,Veterans Health Administration,218,14
10099F,ORLANDO VA MEDICAL CENTER,13800 VETERANS WAY,(407) 631-1000,Acute Care - Veterans Administration,Veterans Health Administration,168,64
10099F,ORLANDO VA MEDICAL CENTER,13800 VETERANS WAY,(407) 631-1000,Acute Care - Veterans Administration,Veterans Health Administration,157,75
