Facility ID,Facility Name,Address,Telephone Number,Hospital Type,Hospital Ownership,Active Beds,Inactive Beds
10102,J PAUL JONES HOSPITAL,317 MCWILLIAMS AVENUE,(334) 682-4131,Acute Care Hospitals,Government - Local,169,19
10102,J PAUL JONES HOSPITAL,317 MCWILLIAMS AVENUE,(334) 682-4131,Acute Care Hospitals,Government - Local,171,17
10102,J PAUL JONES HOSPITAL,317 MCWILLIAMS AVENUE,(334) 682-4131,Acute Care Hospitals,Government - Local,167,21
10102,J PAUL JONES HOSPITAL,317 MCWILLIAMS AVENUE,(334) 682-4131,Acute Care Hospitals,Government - Local,169,19
10102,J PAUL JONES HOSPITAL,317 MCWILLIAMS AVENUE,(334) 682-4131,Acute Care Hospitals,Government - Local,150,38
10102,J PAUL JONES HOSPITAL,317 MCWILLIAMS AVENUE,(334) 682-4131,Acute Care Hospitals,Government - Local,155,33
10102,J PAUL JONES HOSPITAL,317 MCWILLIAMS AVENUE,(334) 682-4131,Acute Care Hospitals,Government - Local,149,39
10102,J PAUL JONES HOSPITAL,317 MCWILLIAMS AVENUE,(334) 682-4131,Acute Care Hospitals,Government - Local,164,24
10102,J PAUL JONES HOSPITAL,317 MCWILLIAMS AVENUE,(334) 682-4131,Acute Care Hospitals,Government - Local,149,39
10102,J PAUL JONES HOSPITAL,317 MCWILLIAMS AVENUE,(334) 682-4131,Acute Care Hospitals,Government - Local,120,68
10102,J PAUL JONES HOSPITAL,317 MCWILLIAMS AVENUE,(334) 682-4131,Acute Care Hospitals,Government - Local,166,22
10102,J PAUL JONES HOSPITAL,317 MCWILLIAMS AVENUE,(334) 682-4131,Acute Care Hospitals,Government - Local,162,26
10102,J PAUL JONES HOSPITAL,317 MCWILLIAMS AVENUE,(334) 682-4131,Acute Care Hospitals,Government - Local,166,22
10102,J PAUL JONES HOSPITAL,317 MCWILLIAMS AVENUE,(334) 682-4131,Acute Care Hospitals,Government - Local,125,63
10102,J PAUL JONES HOSPITAL,317 MCWILLIAMS AVENUE,(334) 682-4131,Acute Care Hospitals,Government - Local,130,58
10102,J PAUL JONES HOSPITAL,317 MCWILLIAMS AVENUE,(334) 682-4131,Acute Care Hospitals,Government - Local,132,56
10102,J PAUL JONES HOSPITAL,317 MCWILLIAMS AVENUE,(334) 682-4131,Acute Care Hospitals,Government - Local,146,42
10102,J PAUL JONES HOSPITAL,317 MCWILLIAMS AVENUE,(334) 682-4131,Acute Care Hospitals,Government - Local,121,67
10102,J PAUL JONES HOSPITAL,317 MCWILLIAMS AVENUE,(334) 682-4131,Acute Care Hospitals,Government - Local,138,50
10102,J PAUL JONES HOSPITAL,317 MCWILLIAMS AVENUE,(334) 682-4131,Acute Care Hospitals,Government - Local,124,64
10102,J PAUL JONES HOSPITAL,317 MCWILLIAMS AVENUE,(334) 682-4131,Acute Care Hospitals,Government - Local,130,58
10102,J PAUL JONES HOSPITAL,317 MCWILLIAMS AVENUE,(334) 682-4131,Acute Care Hospitals,Government - Local,159,29
10102,J PAUL JONES HOSPITAL,317 MCWILLIAMS AVENUE,(334) 682-4131,Acute Care Hospitals,Government - Local,169,19
10102,J PAUL JONES HOSPITAL,317 MCWILLIAMS AVENUE,(334) 682-4131,Acute Care Hospitals,Government - Local,114,74
10102,J PAUL JONES HOSPITAL,317 MCWILLIAMS AVENUE,(334) 682-4131,Acute Care Hospitals,Government - Local,150,38
10102,J PAUL JONES HOSPITAL,317 MCWILLIAMS AVENUE,(334) 682-4131,Acute Care Hospitals,Government - Local,115,73
10102,J PAUL JONES HOSPITAL,317 MCWILLIAMS AVENUE,(334) 682-4131,Acute Care Hospitals,Government - Local,118,70
10102,J PAUL JONES HOSPITAL,317 MCWILLIAMS AVENUE,(334) 682-4131,Acute Care Hospitals,Government - Local,159,29
10102,J PAUL JONES HOSPITAL,317 MCWILLIAMS AVENUE,(334) 682-4131,Acute Care Hospitals,Government - Local,161,27
10102,J PAUL JONES HOSPITAL,317 MCWILLIAMS AVENUE,(334) 682-4131,Acute Care Hospitals,Government - Local,166,22
10102,J PAUL JONES HOSPITAL,317 MCWILLIAMS AVENUE,(334) 682-4131,Acute Care Hospitals,Government - Local,144,44
10102,J PAUL JONES HOSPITAL,317 MCWILLIAMS AVENUE,(334) 682-4131,Acute Care Hospitals,Government - Local,169,19
10102,J PAUL JONES HOSPITAL,317 MCWILLIAMS AVENUE,(334) 682-4131,Acute Care Hospitals,Government - Local,123,65
10102,J PAUL JONES HOSPITAL,317 MCWILLIAMS AVENUE,(334) 682-4131,Acute Care Hospitals,Government - Local,129,59
10102,J PAUL JONES HOSPITAL,317 MCWILLIAMS AVENUE,(334) 682-4131,Acute Care Hospitals,Government - Local,121,67
10102,J PAUL JONES HOSPITAL,317 MCWILLIAMS AVENUE,(334) 682-4131,Acute Care Hospitals,Government - Local,165,23
10102,J PAUL JONES HOSPITAL,317 MCWILLIAMS AVENUE,(334) 682-4131,Acute Care Hospitals,Government - Local,127,61
10102,J PAUL JONES HOSPITAL,317 MCWILLIAMS AVENUE,(334) 682-4131,Acute Care Hospitals,Government - Local,123,65
10102,J PAUL JONES HOSPITAL,317 MCWILLIAMS AVENUE,(334) 682-4131,Acute Care Hospitals,Government - Local,153,35
10102,J PAUL JONES HOSPITAL,317 MCWILLIAMS AVENUE,(334) 682-4131,Acute Care Hospitals,Government - Local,117,71
10102,J PAUL JONES HOSPITAL,317 MCWILLIAMS AVENUE,(334) 682-4131,Acute Care Hospitals,Government - Local,115,73
10102,J PAUL JONES HOSPITAL,317 MCWILLIAMS AVENUE,(334) 682-4131,Acute Care Hospitals,Government - Local,119,69
10102,J PAUL JONES HOSPITAL,317 MCWILLIAMS AVENUE,(334) 682-4131,Acute Care Hospitals,Government - Local,112,76
10102,J PAUL JONES HOSPITAL,317 MCWILLIAMS AVENUE,(334) 682-4131,Acute Care Hospitals,Government - Local,158,30
10102,J PAUL JONES HOSPITAL,317 MCWILLIAMS AVENUE,(334) 682-4131,Acute Care Hospitals,Government - Local,149,39
10102,J PAUL JONES HOSPITAL,317 MCWILLIAMS AVENUE,(334) 682-4131,Acute Care Hospitals,Government - Local,126,62
10102,J PAUL JONES HOSPITAL,317 MCWILLIAMS AVENUE,(334) 682-4131,Acute Care Hospitals,Government - Local,128,60
10102,J PAUL JONES HOSPITAL,317 MCWILLIAMS AVENUE,(334) 682-4131,Acute Care Hospitals,Government - Local,166,22
10102,J PAUL JONES HOSPITAL,317 MCWILLIAMS AVENUE,(334) 682-4131,Acute Care Hospitals,Government - Local,145,43
10102,J PAUL JONES HOSPITAL,317 MCWILLIAMS AVENUE,(334) 682-4131,Acute Care Hospitals,Government - Local,158,30
10102,J PAUL JONES HOSPITAL,317 MCWILLIAMS AVENUE,(334) 682-4131,Acute Care Hospitals,Government - Local,142,46
10102,J PAUL JONES HOSPITAL,317 MCWILLIAMS AVENUE,(334) 682-4131,Acute Care Hospitals,Government - Local,128,60
10102,J PAUL JONES HOSPITAL,317 MCWILLIAMS AVENUE,(334) 682-4131,Acute Care Hospitals,Government - Local,176,12
10102,J PAUL JONES HOSPITAL,317 MCWILLIAMS AVENUE,(334) 682-4131,Acute Care Hospitals,Government - Local,150,38
10102,J PAUL JONES HOSPITAL,317 MCWILLIAMS AVENUE,(334) 682-4131,Acute Care Hospitals,Government - Local,121,67
10102,J PAUL JONES HOSPITAL,317 MCWILLIAMS AVENUE,(334) 682-4131,Acute Care Hospitals,Government - Local,139,49
10102,J PAUL JONES HOSPITAL,317 MCWILLIAMS AVENUE,(334) 682-4131,Acute Care Hospitals,Government - Local,134,54
10102,J PAUL JONES HOSPITAL,317 MCWILLIAMS AVENUE,(334) 682-4131,Acute Care Hospitals,Government - Local,126,62
10102,J PAUL JONES HOSPITAL,317 MCWILLIAMS AVENUE,(334) 682-4131,Acute Care Hospitals,Government - Local,174,14
10102,J PAUL JONES HOSPITAL,317 MCWILLIAMS AVENUE,(334) 682-4131,Acute Care Hospitals,Government - Local,170,18
10102,J PAUL JONES HOSPITAL,317 MCWILLIAMS AVENUE,(334) 682-4131,Acute Care Hospitals,Government - Local,125,63
10102,J PAUL JONES HOSPITAL,317 MCWILLIAMS AVENUE,(334) 682-4131,Acute Care Hospitals,Government - Local,135,53
10102,J PAUL JONES HOSPITAL,317 MCWILLIAMS AVENUE,(334) 682-4131,Acute Care Hospitals,Government - Local,162,26
10102,J PAUL JONES HOSPITAL,317 MCWILLIAMS AVENUE,(334) 682-4131,Acute Care Hospitals,Government - Local,126,62
10102,J PAUL JONES HOSPITAL,317 MCWILLIAMS AVENUE,(334) 682-4131,Acute Care Hospitals,Government - Local,151,37
10102,J PAUL JONES HOSPITAL,317 MCWILLIAMS AVENUE,(334) 682-4131,Acute Care Hospitals,Government - Local,158,30
10102,J PAUL JONES HOSPITAL,317 MCWILLIAMS AVENUE,(334) 682-4131,Acute Care Hospitals,Government - Local,155,33
10102,J PAUL JONES HOSPITAL,317 MCWILLIAMS AVENUE,(334) 682-4131,Acute Care Hospitals,Government - Local,159,29
10102,J PAUL JONES HOSPITAL,317 MCWILLIAMS AVENUE,(334) 682-4131,Acute Care Hospitals,Government - Local,159,29
10102,J PAUL JONES HOSPITAL,317 MCWILLIAMS AVENUE,(334) 682-4131,Acute Care Hospitals,Government - Local,176,12
10102,J PAUL JONES HOSPITAL,317 MCWILLIAMS AVENUE,(334) 682-4131,Acute Care Hospitals,Government - Local,135,53
10102,J PAUL JONES HOSPITAL,317 MCWILLIAMS AVENUE,(334) 682-4131,Acute Care Hospitals,Government - Local,170,18
10102,J PAUL JONES HOSPITAL,317 MCWILLIAMS AVENUE,(334) 682-4131,Acute Care Hospitals,Government - Local,114,74
10102,J PAUL JONES HOSPITAL,317 MCWILLIAMS AVENUE,(334) 682-4131,Acute Care Hospitals,Government - Local,131,57
10102,J PAUL JONES HOSPITAL,317 MCWILLIAMS AVENUE,(334) 682-4131,Acute Care Hospitals,Government - Local,116,72
10102,J PAUL JONES HOSPITAL,317 MCWILLIAMS AVENUE,(334) 682-4131,Acute Care Hospitals,Government - Local,155,33
10102,J PAUL JONES HOSPITAL,317 MCWILLIAMS AVENUE,(334) 682-4131,Acute Care Hospitals,Government - Local,119,69
10102,J PAUL JONES HOSPITAL,317 MCWILLIAMS AVENUE,(334) 682-4131,Acute Care Hospitals,Government - Local,168,20
10102,J PAUL JONES HOSPITAL,317 MCWILLIAMS AVENUE,(334) 682-4131,Acute Care Hospitals,Government - Local,155,33
10102,J PAUL JONES HOSPITAL,317 MCWILLIAMS AVENUE,(334) 682-4131,Acute Care Hospitals,Government - Local,114,74
10102,J PAUL JONES HOSPITAL,317 MCWILLIAMS AVENUE,(334) 682-4131,Acute Care Hospitals,Government - Local,159,29
10102,J PAUL JONES HOSPITAL,317 MCWILLIAMS AVENUE,(334) 682-4131,Acute Care Hospitals,Government - Local,169,19
10102,J PAUL JONES HOSPITAL,317 MCWILLIAMS AVENUE,(334) 682-4131,Acute Care Hospitals,Government - Local,156,32
10102,J PAUL JONES HOSPITAL,317 MCWILLIAMS AVENUE,(334) 682-4131,Acute Care Hospitals,Government - Local,114,74
10102,J PAUL JONES HOSPITAL,317 MCWILLIAMS AVENUE,(334) 682-4131,Acute Care Hospitals,Government - Local,169,19
10102,J PAUL JONES HOSPITAL,317 MCWILLIAMS AVENUE,(334) 682-4131,Acute Care Hospitals,Government - Local,160,28
10102,J PAUL JONES HOSPITAL,317 MCWILLIAMS AVENUE,(334) 682-4131,Acute Care Hospitals,Government - Local,137,51
10102,J PAUL JONES HOSPITAL,317 MCWILLIAMS AVENUE,(334) 682-4131,Acute Care Hospitals,Government - Local,134,54
10102,J PAUL JONES HOSPITAL,317 MCWILLIAMS AVENUE,(334) 682-4131,Acute Care Hospitals,Government - Local,144,44
10102,J PAUL JONES HOSPITAL,317 MCWILLIAMS AVENUE,(334) 682-4131,Acute Care Hospitals,Government - Local,169,19
10102,J PAUL JONES HOSPITAL,317 MCWILLIAMS AVENUE,(334) 682-4131,Acute Care Hospitals,Government - Local,129,59
10102,J PAUL JONES HOSPITAL,317 MCWILLIAMS AVENUE,(334) 682-4131,Acute Care Hospitals,Government - Local,119,69
10102,J PAUL JONES HOSPITAL,317 MCWILLIAMS AVENUE,(334) 682-4131,Acute Care Hospitals,Government - Local,169,19
10102,J PAUL JONES HOSPITAL,317 MCWILLIAMS AVENUE,(334) 682-4131,Acute Care Hospitals,Government - Local,114,74
10102,J PAUL JONES HOSPITAL,317 MCWILLIAMS AVENUE,(334) 682-4131,Acute Care Hospitals,Government - Local,172,16
10102,J PAUL JONES HOSPITAL,317 MCWILLIAMS AVENUE,(334) 682-4131,Acute Care Hospitals,Government - Local,132,56
10102,J PAUL JONES HOSPITAL,317 MCWILLIAMS AVENUE,(334) 682-4131,Acute Care Hospitals,Government - Local,146,42
10102,J PAUL JONES HOSPITAL,317 MCWILLIAMS AVENUE,(334) 682-4131,Acute Care Hospitals,Government - Local,121,67
10102,J PAUL JONES HOSPITAL,317 MCWILLIAMS AVENUE,(334) 682-4131,Acute Care Hospitals,Government - Local,172,16
10102,J PAUL JONES HOSPITAL,317 MCWILLIAMS AVENUE,(334) 682-4131,Acute Care Hospitals,Government - Local,162,26
10102,J PAUL JONES HOSPITAL,317 MCWILLIAMS AVENUE,(334) 682-4131,Acute Care Hospitals,Government - Local,173,15
10102,J PAUL JONES HOSPITAL,317 MCWILLIAMS AVENUE,(334) 682-4131,Acute Care Hospitals,Government - Local,157,31
10102,J PAUL JONES HOSPITAL,317 MCWILLIAMS AVENUE,(334) 682-4131,Acute Care Hospitals,Government - Local,124,64
10102,J PAUL JONES HOSPITAL,317 MCWILLIAMS AVENUE,(334) 682-4131,Acute Care Hospitals,Government - Local,133,55
10102,J PAUL JONES HOSPITAL,317 MCWILLIAMS AVENUE,(334) 682-4131,Acute Care Hospitals,Government - Local,144,44
10102,J PAUL JONES HOSPITAL,317 MCWILLIAMS AVENUE,(334) 682-4131,Acute Care Hospitals,Government - Local,152,36
10102,J PAUL JONES HOSPITAL,317 MCWILLIAMS AVENUE,(334) 682-4131,Acute Care Hospitals,Government - Local,173,15
10102,J PAUL JONES HOSPITAL,317 MCWILLIAMS AVENUE,(334) 682-4131,Acute Care Hospitals,Government - Local,138,50
10102,J PAUL JONES HOSPITAL,317 MCWILLIAMS AVENUE,(334) 682-4131,Acute Care Hospitals,Government - Local,159,29
10102,J PAUL JONES HOSPITAL,317 MCWILLIAMS AVENUE,(334) 682-4131,Acute Care Hospitals,Government - Local,176,12
10102,J PAUL JONES HOSPITAL,317 MCWILLIAMS AVENUE,(334) 682-4131,Acute Care Hospitals,Government - Local,122,66
10102,J PAUL JONES HOSPITAL,317 MCWILLIAMS AVENUE,(334) 682-4131,Acute Care Hospitals,Government - Local,169,19
10102,J PAUL JONES HOSPITAL,317 MCWILLIAMS AVENUE,(334) 682-4131,Acute Care Hospitals,Government - Local,140,48
10102,J PAUL JONES HOSPITAL,317 MCWILLIAMS AVENUE,(334) 682-4131,Acute Care Hospitals,Government - Local,160,28
10102,J PAUL JONES HOSPITAL,317 MCWILLIAMS AVENUE,(334) 682-4131,Acute Care Hospitals,Government - Local,132,56
10102,J PAUL JONES HOSPITAL,317 MCWILLIAMS AVENUE,(334) 682-4131,Acute Care Hospitals,Government - Local,134,54
10102,J PAUL JONES HOSPITAL,317 MCWILLIAMS AVENUE,(334) 682-4131,Acute Care Hospitals,Government - Local,114,74
10102,J PAUL JONES HOSPITAL,317 MCWILLIAMS AVENUE,(334) 682-4131,Acute Care Hospitals,Government - Local,176,12
10102,J PAUL JONES HOSPITAL,317 MCWILLIAMS AVENUE,(334) 682-4131,Acute Care Hospitals,Government - Local,166,22
10102,J PAUL JONES HOSPITAL,317 MCWILLIAMS AVENUE,(334) 682-4131,Acute Care Hospitals,Government - Local,118,70
10102,J PAUL JONES HOSPITAL,317 MCWILLIAMS AVENUE,(334) 682-4131,Acute Care Hospitals,Government - Local,178,10
10102,J PAUL JONES HOSPITAL,317 MCWILLIAMS AVENUE,(334) 682-4131,Acute Care Hospitals,Government - Local,152,36
10102,J PAUL JONES HOSPITAL,317 MCWILLIAMS AVENUE,(334) 682-4131,Acute Care Hospitals,Government - Local,168,20
10102,J PAUL JONES HOSPITAL,317 MCWILLIAMS AVENUE,(334) 682-4131,Acute Care Hospitals,Government - Local,117,71
10102,J PAUL JONES HOSPITAL,317 MCWILLIAMS AVENUE,(334) 682-4131,Acute Care Hospitals,Government - Local,138,50
10102,J PAUL JONES HOSPITAL,317 MCWILLIAMS AVENUE,(334) 682-4131,Acute Care Hospitals,Government - Local,156,32
10102,J PAUL JONES HOSPITAL,317 MCWILLIAMS AVENUE,(334) 682-4131,Acute Care Hospitals,Government - Local,119,69
10102,J PAUL JONES HOSPITAL,317 MCWILLIAMS AVENUE,(334) 682-4131,Acute Care Hospitals,Government - Local,144,44
10102,J PAUL JONES HOSPITAL,317 MCWILLIAMS AVENUE,(334) 682-4131,Acute Care Hospitals,Government - Local,141,47
10102,J PAUL JONES HOSPITAL,317 MCWILLIAMS AVENUE,(334) 682-4131,Acute Care Hospitals,Government - Local,127,61
10102,J PAUL JONES HOSPITAL,317 MCWILLIAMS AVENUE,(334) 682-4131,Acute Care Hospitals,Government - Local,132,56
10102,J PAUL JONES HOSPITAL,317 MCWILLIAMS AVENUE,(334) 682-4131,Acute Care Hospitals,Government - Local,176,12
10102,J PAUL JONES HOSPITAL,317 MCWILLIAMS AVENUE,(334) 682-4131,Acute Care Hospitals,Government - Local,131,57
10102,J PAUL JONES HOSPITAL,317 MCWILLIAMS AVENUE,(334) 682-4131,Acute Care Hospitals,Government - Local,126,62
10102,J PAUL JONES HOSPITAL,317 MCWILLIAMS AVENUE,(334) 682-4131,Acute Care Hospitals,Government - Local,148,40
10102,J PAUL JONES HOSPITAL,317 MCWILLIAMS AVENUE,(334) 682-4131,Acute Care Hospitals,Government - Local,156,32
10102,J PAUL JONES HOSPITAL,317 MCWILLIAMS AVENUE,(334) 682-4131,Acute Care Hospitals,Government - Local,160,28
10102,J PAUL JONES HOSPITAL,317 MCWILLIAMS AVENUE,(334) 682-4131,Acute Care Hospitals,Government - Local,162,26
10102,J PAUL JONES HOSPITAL,317 MCWILLIAMS AVENUE,(334) 682-4131,Acute Care Hospitals,Government - Local,115,73
10102,J PAUL JONES HOSPITAL,317 MCWILLIAMS AVENUE,(334) 682-4131,Acute Care Hospitals,Government - Local,138,50
10102,J PAUL JONES HOSPITAL,317 MCWILLIAMS AVENUE,(334) 682-4131,Acute Care Hospitals,Government - Local,163,25
10102,J PAUL JONES HOSPITAL,317 MCWILLIAMS AVENUE,(334) 682-4131,Acute Care Hospitals,Government - Local,172,16
10102,J PAUL JONES HOSPITAL,317 MCWILLIAMS AVENUE,(334) 682-4131,Acute Care Hospitals,Government - Local,152,36
10102,J PAUL JONES HOSPITAL,317 MCWILLIAMS AVENUE,(334) 682-4131,Acute Care Hospitals,Government - Local,116,72
10102,J PAUL JONES HOSPITAL,317 MCWILLIAMS AVENUE,(334) 682-4131,Acute Care Hospitals,Government - Local,138,50
10102,J PAUL JONES HOSPITAL,317 MCWILLIAMS AVENUE,(334) 682-4131,Acute Care Hospitals,Government - Local,117,71
10102,J PAUL JONES HOSPITAL,317 MCWILLIAMS AVENUE,(334) 682-4131,Acute Care Hospitals,Government - Local,162,26
10102,J PAUL JONES HOSPITAL,317 MCWILLIAMS AVENUE,(334) 682-4131,Acute Care Hospitals,Government - Local,116,72
10102,J PAUL JONES HOSPITAL,317 MCWILLIAMS AVENUE,(334) 682-4131,Acute Care Hospitals,Government - Local,125,63
10102,J PAUL JONES HOSPITAL,317 MCWILLIAMS AVENUE,(334) 682-4131,Acute Care Hospitals,Government - Local,140,48
10102,J PAUL JONES HOSPITAL,317 MCWILLIAMS AVENUE,(334) 682-4131,Acute Care Hospitals,Government - Local,143,45
10102,J PAUL JONES HOSPITAL,317 MCWILLIAMS AVENUE,(334) 682-4131,Acute Care Hospitals,Government - Local,139,49
10102,J PAUL JONES HOSPITAL,317 MCWILLIAMS AVENUE,(334) 682-4131,Acute Care Hospitals,Government - Local,143,45
10102,J PAUL JONES HOSPITAL,317 MCWILLIAMS AVENUE,(334) 682-4131,Acute Care Hospitals,Government - Local,159,29
10102,J PAUL JONES HOSPITAL,317 MCWILLIAMS AVENUE,(334) 682-4131,Acute Care Hospitals,Government - Local,137,51
10102,J PAUL JONES HOSPITAL,317 MCWILLIAMS AVENUE,(334) 682-4131,Acute Care Hospitals,Government - Local,148,40
10102,J PAUL JONES HOSPITAL,317 MCWILLIAMS AVENUE,(334) 682-4131,Acute Care Hospitals,Government - Local,132,56
10102,J PAUL JONES HOSPITAL,317 MCWILLIAMS AVENUE,(334) 682-4131,Acute Care Hospitals,Government - Local,136,52
10102,J PAUL JONES HOSPITAL,317 MCWILLIAMS AVENUE,(334) 682-4131,Acute Care Hospitals,Government - Local,153,35
10102,J PAUL JONES HOSPITAL,317 MCWILLIAMS AVENUE,(334) 682-4131,Acute Care Hospitals,Government - Local,145,43
10102,J PAUL JONES HOSPITAL,317 MCWILLIAMS AVENUE,(334) 682-4131,Acute Care Hospitals,Government - Local,160,28
10102,J PAUL JONES HOSPITAL,317 MCWILLIAMS AVENUE,(334) 682-4131,Acute Care Hospitals,Government - Local,149,39
10102,J PAUL JONES HOSPITAL,317 MCWILLIAMS AVENUE,(334) 682-4131,Acute Care Hospitals,Government - Local,165,23
10102,J PAUL JONES HOSPITAL,317 MCWILLIAMS AVENUE,(334) 682-4131,Acute Care Hospitals,Government - Local,141,47
10102,J PAUL JONES HOSPITAL,317 MCWILLIAMS AVENUE,(334) 682-4131,Acute Care Hospitals,Government - Local,145,43
10102,J PAUL JONES HOSPITAL,317 MCWILLIAMS AVENUE,(334) 682-4131,Acute Care Hospitals,Government - Local,156,32
10102,J PAUL JONES HOSPITAL,317 MCWILLIAMS AVENUE,(334) 682-4131,Acute Care Hospitals,Government - Local,127,61
10102,J PAUL JONES HOSPITAL,317 MCWILLIAMS AVENUE,(334) 682-4131,Acute Care Hospitals,Government - Local,138,50
10102,J PAUL JONES HOSPITAL,317 MCWILLIAMS AVENUE,(334) 682-4131,Acute Care Hospitals,Government - Local,153,35
10102,J PAUL JONES HOSPITAL,317 MCWILLIAMS AVENUE,(334) 682-4131,Acute Care Hospitals,Government - Local,114,74
10102,J PAUL JONES HOSPITAL,317 MCWILLIAMS AVENUE,(334) 682-4131,Acute Care Hospitals,Government - Local,141,47
10102,J PAUL JONES HOSPITAL,317 MCWILLIAMS AVENUE,(334) 682-4131,Acute Care Hospitals,Government - Local,152,36
10102,J PAUL JONES HOSPITAL,317 MCWILLIAMS AVENUE,(334) 682-4131,Acute Care Hospitals,Government - Local,176,12
10102,J PAUL JONES HOSPITAL,317 MCWILLIAMS AVENUE,(334) 682-4131,Acute Care Hospitals,Government - Local,170,18
10102,J PAUL JONES HOSPITAL,317 MCWILLIAMS AVENUE,(334) 682-4131,Acute Care Hospitals,Government - Local,131,57
10102,J PAUL JONES HOSPITAL,317 MCWILLIAMS AVENUE,(334) 682-4131,Acute Care Hospitals,Government - Local,146,42
10102,J PAUL JONES HOSPITAL,317 MCWILLIAMS AVENUE,(334) 682-4131,Acute Care Hospitals,Government - Local,116,72
10102,J PAUL JONES HOSPITAL,317 MCWILLIAMS AVENUE,(334) 682-4131,Acute Care Hospitals,Government - Local,128,60
10102,J PAUL JONES HOSPITAL,317 MCWILLIAMS AVENUE,(334) 682-4131,Acute Care Hospitals,Government - Local,163,25
10102,J PAUL JONES HOSPITAL,317 MCWILLIAMS AVENUE,(334) 682-4131,Acute Care Hospitals,Government - Local,120,68
10102,J PAUL JONES HOSPITAL,317 MCWILLIAMS AVENUE,(334) 682-4131,Acute Care Hospitals,Government - Local,129,59
10102,J PAUL JONES HOSPITAL,317 MCWILLIAMS AVENUE,(334) 682-4131,Acute Care Hospitals,Government - Local,174,14
10102,J PAUL JONES HOSPITAL,317 MCWILLIAMS AVENUE,(334) 682-4131,Acute Care Hospitals,Government - Local,167,21
10102,J PAUL JONES HOSPITAL,317 MCWILLIAMS AVENUE,(334) 682-4131,Acute Care Hospitals,Government - Local,164,24
10102,J PAUL JONES HOSPITAL,317 MCWILLIAMS AVENUE,(334) 682-4131,Acute Care Hospitals,Government - Local,169,19
10102,J PAUL JONES HOSPITAL,317 MCWILLIAMS AVENUE,(334) 682-4131,Acute Care Hospitals,Government - Local,162,26
10102,J PAUL JONES HOSPITAL,317 MCWILLIAMS AVENUE,(334) 682-4131,Acute Care Hospitals,Government - Local,120,68
10102,J PAUL JONES HOSPITAL,317 MCWILLIAMS AVENUE,(334) 682-4131,Acute Care Hospitals,Government - Local,146,42
10102,J PAUL JONES HOSPITAL,317 MCWILLIAMS AVENUE,(334) 682-4131,Acute Care Hospitals,Government - Local,142,46
10102,J PAUL JONES HOSPITAL,317 MCWILLIAMS AVENUE,(334) 682-4131,Acute Care Hospitals,Government - Local,133,55
10102,J PAUL JONES HOSPITAL,317 MCWILLIAMS AVENUE,(334) 682-4131,Acute Care Hospitals,Government - Local,167,21
10102,J PAUL JONES HOSPITAL,317 MCWILLIAMS AVENUE,(334) 682-4131,Acute Care Hospitals,Government - Local,143,45
10102,J PAUL JONES HOSPITAL,317 MCWILLIAMS AVENUE,(334) 682-4131,Acute Care Hospitals,Government - Local,116,72
10102,J PAUL JONES HOSPITAL,317 MCWILLIAMS AVENUE,(334) 682-4131,Acute Care Hospitals,Government - Local,130,58
10102,J PAUL JONES HOSPITAL,317 MCWILLIAMS AVENUE,(334) 682-4131,Acute Care Hospitals,Government - Local,127,61
10102,J PAUL JONES HOSPITAL,317 MCWILLIAMS AVENUE,(334) 682-4131,Acute Care Hospitals,Government - Local,171,17
10102,J PAUL JONES HOSPITAL,317 MCWILLIAMS AVENUE,(334) 682-4131,Acute Care Hospitals,Government - Local,155,33
10102,J PAUL JONES HOSPITAL,317 MCWILLIAMS AVENUE,(334) 682-4131,Acute Care Hospitals,Government - Local,149,39
10102,J PAUL JONES HOSPITAL,317 MCWILLIAMS AVENUE,(334) 682-4131,Acute Care Hospitals,Government - Local,146,42
10102,J PAUL JONES HOSPITAL,317 MCWILLIAMS AVENUE,(334) 682-4131,Acute Care Hospitals,Government - Local,155,33
10102,J PAUL JONES HOSPITAL,317 MCWILLIAMS AVENUE,(334) 682-4131,Acute Care Hospitals,Government - Local,162,26
10102,J PAUL JONES HOSPITAL,317 MCWILLIAMS AVENUE,(334) 682-4131,Acute Care Hospitals,Government - Local,149,39
10102,J PAUL JONES HOSPITAL,317 MCWILLIAMS AVENUE,(334) 682-4131,Acute Care Hospitals,Government - Local,174,14
10102,J PAUL JONES HOSPITAL,317 MCWILLIAMS AVENUE,(334) 682-4131,Acute Care Hospitals,Government - Local,177,11
10102,J PAUL JONES HOSPITAL,317 MCWILLIAMS AVENUE,(334) 682-4131,Acute Care Hospitals,Government - Local,178,10
10102,J PAUL JONES HOSPITAL,317 MCWILLIAMS AVENUE,(334) 682-4131,Acute Care Hospitals,Government - Local,156,32
10102,J PAUL JONES HOSPITAL,317 MCWILLIAMS AVENUE,(334) 682-4131,Acute Care Hospitals,Government - Local,174,14
10102,J PAUL JONES HOSPITAL,317 MCWILLIAMS AVENUE,(334) 682-4131,Acute Care Hospitals,Government - Local,139,49
10102,J PAUL JONES HOSPITAL,317 MCWILLIAMS AVENUE,(334) 682-4131,Acute Care Hospitals,Government - Local,169,19
10102,J PAUL JONES HOSPITAL,317 MCWILLIAMS AVENUE,(334) 682-4131,Acute Care Hospitals,Government - Local,172,16
10102,J PAUL JONES HOSPITAL,317 MCWILLIAMS AVENUE,(334) 682-4131,Acute Care Hospitals,Government - Local,172,16
10102,J PAUL JONES HOSPITAL,317 MCWILLIAMS AVENUE,(334) 682-4131,Acute Care Hospitals,Government - Local,167,21
10102,J PAUL JONES HOSPITAL,317 MCWILLIAMS AVENUE,(334) 682-4131,Acute Care Hospitals,Government - Local,139,49
10102,J PAUL JONES HOSPITAL,317 MCWILLIAMS AVENUE,(334) 682-4131,Acute Care Hospitals,Government - Local,123,65
10102,J PAUL JONES HOSPITAL,317 MCWILLIAMS AVENUE,(334) 682-4131,Acute Care Hospitals,Government - Local,134,54
10102,J PAUL JONES HOSPITAL,317 MCWILLIAMS AVENUE,(334) 682-4131,Acute Care Hospitals,Government - Local,163,25
10102,J PAUL JONES HOSPITAL,317 MCWILLIAMS AVENUE,(334) 682-4131,Acute Care Hospitals,Government - Local,128,60
10102,J PAUL JONES HOSPITAL,317 MCWILLIAMS AVENUE,(334) 682-4131,Acute Care Hospitals,Government - Local,144,44
10102,J PAUL JONES HOSPITAL,317 MCWILLIAMS AVENUE,(334) 682-4131,Acute Care Hospitals,Government - Local,150,38
10102,J PAUL JONES HOSPITAL,317 MCWILLIAMS AVENUE,(334) 682-4131,Acute Care Hospitals,Government - Local,152,36
10102,J PAUL JONES HOSPITAL,317 MCWILLIAMS AVENUE,(334) 682-4131,Acute Care Hospitals,Government - Local,174,14
10102,J PAUL JONES HOSPITAL,317 MCWILLIAMS AVENUE,(334) 682-4131,Acute Care Hospitals,Government - Local,156,32
10102,J PAUL JONES HOSPITAL,317 MCWILLIAMS AVENUE,(334) 682-4131,Acute Care Hospitals,Government - Local,164,24
10102,J PAUL JONES HOSPITAL,317 MCWILLIAMS AVENUE,(334) 682-4131,Acute Care Hospitals,Government - Local,151,37
10102,J PAUL JONES HOSPITAL,317 MCWILLIAMS AVENUE,(334) 682-4131,Acute Care Hospitals,Government - Local,167,21
10102,J PAUL JONES HOSPITAL,317 MCWILLIAMS AVENUE,(334) 682-4131,Acute Care Hospitals,Government - Local,130,58
10102,J PAUL JONES HOSPITAL,317 MCWILLIAMS AVENUE,(334) 682-4131,Acute Care Hospitals,Government - Local,126,62
10102,J PAUL JONES HOSPITAL,317 MCWILLIAMS AVENUE,(334) 682-4131,Acute Care Hospitals,Government - Local,173,15
10102,J PAUL JONES HOSPITAL,317 MCWILLIAMS AVENUE,(334) 682-4131,Acute Care Hospitals,Government - Local,158,30
10102,J PAUL JONES HOSPITAL,317 MCWILLIAMS AVENUE,(334) 682-4131,Acute Care Hospitals,Government - Local,156,32
10102,J PAUL JONES HOSPITAL,317 MCWILLIAMS AVENUE,(334) 682-4131,Acute Care Hospitals,Government - Local,143,45
10102,J PAUL JONES HOSPITAL,317 MCWILLIAMS AVENUE,(334) 682-4131,Acute Care Hospitals,Government - Local,137,51
10102,J PAUL JONES HOSPITAL,317 MCWILLIAMS AVENUE,(334) 682-4131,Acute Care Hospitals,Government - Local,149,39
10102,J PAUL JONES HOSPITAL,317 MCWILLIAMS AVENUE,(334) 682-4131,Acute Care Hospitals,Government - Local,120,68
10102,J PAUL JONES HOSPITAL,317 MCWILLIAMS AVENUE,(334) 682-4131,Acute Care Hospitals,Government - Local,142,46
10102,J PAUL JONES HOSPITAL,317 MCWILLIAMS AVENUE,(334) 682-4131,Acute Care Hospitals,Government - Local,142,46
10102,J PAUL JONES HOSPITAL,317 MCWILLIAMS AVENUE,(334) 682-4131,Acute Care Hospitals,Government - Local,148,40
10102,J PAUL JONES HOSPITAL,317 MCWILLIAMS AVENUE,(334) 682-4131,Acute Care Hospitals,Government - Local,154,34
10102,J PAUL JONES HOSPITAL,317 MCWILLIAMS AVENUE,(334) 682-4131,Acute Care Hospitals,Government - Local,175,13
10102,J PAUL JONES HOSPITAL,317 MCWILLIAMS AVENUE,(334) 682-4131,Acute Care Hospitals,Government - Local,155,33
10102,J PAUL JONES HOSPITAL,317 MCWILLIAMS AVENUE,(334) 682-4131,Acute Care Hospitals,Government - Local,170,18
10102,J PAUL JONES HOSPITAL,317 MCWILLIAMS AVENUE,(334) 682-4131,Acute Care Hospitals,Government - Local,149,39
10102,J PAUL JONES HOSPITAL,317 MCWILLIAMS AVENUE,(334) 682-4131,Acute Care Hospitals,Government - Local,154,34
10102,J PAUL JONES HOSPITAL,317 MCWILLIAMS AVENUE,(334) 682-4131,Acute Care Hospitals,Government - Local,117,71
10102,J PAUL JONES HOSPITAL,317 MCWILLIAMS AVENUE,(334) 682-4131,Acute Care Hospitals,Government - Local,121,67
10102,J PAUL JONES HOSPITAL,317 MCWILLIAMS AVENUE,(334) 682-4131,Acute Care Hospitals,Government - Local,150,38
10102,J PAUL JONES HOSPITAL,317 MCWILLIAMS AVENUE,(334) 682-4131,Acute Care Hospitals,Government - Local,138,50
10102,J PAUL JONES HOSPITAL,317 MCWILLIAMS AVENUE,(334) 682-4131,Acute Care Hospitals,Government - Local,165,23
10102,J PAUL JONES HOSPITAL,317 MCWILLIAMS AVENUE,(334) 682-4131,Acute Care Hospitals,Government - Local,148,40
10102,J PAUL JONES HOSPITAL,317 MCWILLIAMS AVENUE,(334) 682-4131,Acute Care Hospitals,Government - Local,170,18
10102,J PAUL JONES HOSPITAL,317 MCWILLIAMS AVENUE,(334) 682-4131,Acute Care Hospitals,Government - Local,176,12
10102,J PAUL JONES HOSPITAL,317 MCWILLIAMS AVENUE,(334) 682-4131,Acute Care Hospitals,Government - Local,122,66
10102,J PAUL JONES HOSPITAL,317 MCWILLIAMS AVENUE,(334) 682-4131,Acute Care Hospitals,Government - Local,138,50
10102,J PAUL JONES HOSPITAL,317 MCWILLIAMS AVENUE,(334) 682-4131,Acute Care Hospitals,Government - Local,156,32
10102,J PAUL JONES HOSPITAL,317 MCWILLIAMS AVENUE,(334) 682-4131,Acute Care Hospitals,Government - Local,132,56
10102,J PAUL JONES HOSPITAL,317 MCWILLIAMS AVENUE,(334) 682-4131,Acute Care Hospitals,Government - Local,130,58
10102,J PAUL JONES HOSPITAL,317 MCWILLIAMS AVENUE,(334) 682-4131,Acute Care Hospitals,Government - Local,166,22
10102,J PAUL JONES HOSPITAL,317 MCWILLIAMS AVENUE,(334) 682-4131,Acute Care Hospitals,Government - Local,177,11
10102,J PAUL JONES HOSPITAL,317 MCWILLIAMS AVENUE,(334) 682-4131,Acute Care Hospitals,Government - Local,163,25
10102,J PAUL JONES HOSPITAL,317 MCWILLIAMS AVENUE,(334) 682-4131,Acute Care Hospitals,Government - Local,147,41
10102,J PAUL JONES HOSPITAL,317 MCWILLIAMS AVENUE,(334) 682-4131,Acute Care Hospitals,Government - Local,141,47
10102,J PAUL JONES HOSPITAL,317 MCWILLIAMS AVENUE,(334) 682-4131,Acute Care Hospitals,Government - Local,148,40
10102,J PAUL JONES HOSPITAL,317 MCWILLIAMS AVENUE,(334) 682-4131,Acute Care Hospitals,Government - Local,143,45
10102,J PAUL JONES HOSPITAL,317 MCWILLIAMS AVENUE,(334) 682-4131,Acute Care Hospitals,Government - Local,145,43
10102,J PAUL JONES HOSPITAL,317 MCWILLIAMS AVENUE,(334) 682-4131,Acute Care Hospitals,Government - Local,126,62
10102,J PAUL JONES HOSPITAL,317 MCWILLIAMS AVENUE,(334) 682-4131,Acute Care Hospitals,Government - Local,172,16
10102,J PAUL JONES HOSPITAL,317 MCWILLIAMS AVENUE,(334) 682-4131,Acute Care Hospitals,Government - Local,162,26
10102,J PAUL JONES HOSPITAL,317 MCWILLIAMS AVENUE,(334) 682-4131,Acute Care Hospitals,Government - Local,157,31
10102,J PAUL JONES HOSPITAL,317 MCWILLIAMS AVENUE,(334) 682-4131,Acute Care Hospitals,Government - Local,175,13
10102,J PAUL JONES HOSPITAL,317 MCWILLIAMS AVENUE,(334) 682-4131,Acute Care Hospitals,Government - Local,131,57
10102,J PAUL JONES HOSPITAL,317 MCWILLIAMS AVENUE,(334) 682-4131,Acute Care Hospitals,Government - Local,118,70
10102,J PAUL JONES HOSPITAL,317 MCWILLIAMS AVENUE,(334) 682-4131,Acute Care Hospitals,Government - Local,167,21
10102,J PAUL JONES HOSPITAL,317 MCWILLIAMS AVENUE,(334) 682-4131,Acute Care Hospitals,Government - Local,178,10
10102,J PAUL JONES HOSPITAL,317 MCWILLIAMS AVENUE,(334) 682-4131,Acute Care Hospitals,Government - Local,150,38
10102,J PAUL JONES HOSPITAL,317 MCWILLIAMS AVENUE,(334) 682-4131,Acute Care Hospitals,Government - Local,116,72
10102,J PAUL JONES HOSPITAL,317 MCWILLIAMS AVENUE,(334) 682-4131,Acute Care Hospitals,Government - Local,164,24
10102,J PAUL JONES HOSPITAL,317 MCWILLIAMS AVENUE,(334) 682-4131,Acute Care Hospitals,Government - Local,117,71
10102,J PAUL JONES HOSPITAL,317 MCWILLIAMS AVENUE,(334) 682-4131,Acute Care Hospitals,Government - Local,148,40
10102,J PAUL JONES HOSPITAL,317 MCWILLIAMS AVENUE,(334) 682-4131,Acute Care Hospitals,Government - Local,131,57
10102,J PAUL JONES HOSPITAL,317 MCWILLIAMS AVENUE,(334) 682-4131,Acute Care Hospitals,Government - Local,173,15
10102,J PAUL JONES HOSPITAL,317 MCWILLIAMS AVENUE,(334) 682-4131,Acute Care Hospitals,Government - Local,142,46
10102,J PAUL JONES HOSPITAL,317 MCWILLIAMS AVENUE,(334) 682-4131,Acute Care Hospitals,Government - Local,171,17
10102,J PAUL JONES HOSPITAL,317 MCWILLIAMS AVENUE,(334) 682-4131,Acute Care Hospitals,Government - Local,132,56
10102,J PAUL JONES HOSPITAL,317 MCWILLIAMS AVENUE,(334) 682-4131,Acute Care Hospitals,Government - Local,138,50
10102,J PAUL JONES HOSPITAL,317 MCWILLIAMS AVENUE,(334) 682-4131,Acute Care Hospitals,Government - Local,175,13
10102,J PAUL JONES HOSPITAL,317 MCWILLIAMS AVENUE,(334) 682-4131,Acute Care Hospitals,Government - Local,126,62
10102,J PAUL JONES HOSPITAL,317 MCWILLIAMS AVENUE,(334) 682-4131,Acute Care Hospitals,Government - Local,150,38
10102,J PAUL JONES HOSPITAL,317 MCWILLIAMS AVENUE,(334) 682-4131,Acute Care Hospitals,Government - Local,138,50
10102,J PAUL JONES HOSPITAL,317 MCWILLIAMS AVENUE,(334) 682-4131,Acute Care Hospitals,Government - Local,163,25
10102,J PAUL JONES HOSPITAL,317 MCWILLIAMS AVENUE,(334) 682-4131,Acute Care Hospitals,Government - Local,121,67
10102,J PAUL JONES HOSPITAL,317 MCWILLIAMS AVENUE,(334) 682-4131,Acute Care Hospitals,Government - Local,141,47
10102,J PAUL JONES HOSPITAL,317 MCWILLIAMS AVENUE,(334) 682-4131,Acute Care Hospitals,Government - Local,158,30
10102,J PAUL JONES HOSPITAL,317 MCWILLIAMS AVENUE,(334) 682-4131,Acute Care Hospitals,Government - Local,139,49
10102,J PAUL JONES HOSPITAL,317 MCWILLIAMS AVENUE,(334) 682-4131,Acute Care Hospitals,Government - Local,116,72
10102,J PAUL JONES HOSPITAL,317 MCWILLIAMS AVENUE,(334) 682-4131,Acute Care Hospitals,Government - Local,159,29
10102,J PAUL JONES HOSPITAL,317 MCWILLIAMS AVENUE,(334) 682-4131,Acute Care Hospitals,Government - Local,145,43
10102,J PAUL JONES HOSPITAL,317 MCWILLIAMS AVENUE,(334) 682-4131,Acute Care Hospitals,Government - Local,113,75
10102,J PAUL JONES HOSPITAL,317 MCWILLIAMS AVENUE,(334) 682-4131,Acute Care Hospitals,Government - Local,153,35
10102,J PAUL JONES HOSPITAL,317 MCWILLIAMS AVENUE,(334) 682-4131,Acute Care Hospitals,Government - Local,173,15
10102,J PAUL JONES HOSPITAL,317 MCWILLIAMS AVENUE,(334) 682-4131,Acute Care Hospitals,Government - Local,120,68
10102,J PAUL JONES HOSPITAL,317 MCWILLIAMS AVENUE,(334) 682-4131,Acute Care Hospitals,Government - Local,151,37
10102,J PAUL JONES HOSPITAL,317 MCWILLIAMS AVENUE,(334) 682-4131,Acute Care Hospitals,Government - Local,160,28
10102,J PAUL JONES HOSPITAL,317 MCWILLIAMS AVENUE,(334) 682-4131,Acute Care Hospitals,Government - Local,117,71
10102,J PAUL JONES HOSPITAL,317 MCWILLIAMS AVENUE,(334) 682-4131,Acute Care Hospitals,Government - Local,114,74
10102,J PAUL JONES HOSPITAL,317 MCWILLIAMS AVENUE,(334) 682-4131,Acute Care Hospitals,Government - Local,143,45
10102,J PAUL JONES HOSPITAL,317 MCWILLIAMS AVENUE,(334) 682-4131,Acute Care Hospitals,Government - Local,164,24
10102,J PAUL JONES HOSPITAL,317 MCWILLIAMS AVENUE,(334) 682-4131,Acute Care Hospitals,Government - Local,123,65
10102,J PAUL JONES HOSPITAL,317 MCWILLIAMS AVENUE,(334) 682-4131,Acute Care Hospitals,Government - Local,167,21
10102,J PAUL JONES HOSPITAL,317 MCWILLIAMS AVENUE,(334) 682-4131,Acute Care Hospitals,Government - Local,156,32
10102,J PAUL JONES HOSPITAL,317 MCWILLIAMS AVENUE,(334) 682-4131,Acute Care Hospitals,Government - Local,134,54
10102,J PAUL JONES HOSPITAL,317 MCWILLIAMS AVENUE,(334) 682-4131,Acute Care Hospitals,Government - Local,146,42
10102,J PAUL JONES HOSPITAL,317 MCWILLIAMS AVENUE,(334) 682-4131,Acute Care Hospitals,Government - Local,176,12
10102,J PAUL JONES HOSPITAL,317 MCWILLIAMS AVENUE,(334) 682-4131,Acute Care Hospitals,Government - Local,127,61
10102,J PAUL JONES HOSPITAL,317 MCWILLIAMS AVENUE,(334) 682-4131,Acute Care Hospitals,Government - Local,145,43
10102,J PAUL JONES HOSPITAL,317 MCWILLIAMS AVENUE,(334) 682-4131,Acute Care Hospitals,Government - Local,153,35
10102,J PAUL JONES HOSPITAL,317 MCWILLIAMS AVENUE,(334) 682-4131,Acute Care Hospitals,Government - Local,121,67
10102,J PAUL JONES HOSPITAL,317 MCWILLIAMS AVENUE,(334) 682-4131,Acute Care Hospitals,Government - Local,115,73
10102,J PAUL JONES HOSPITAL,317 MCWILLIAMS AVENUE,(334) 682-4131,Acute Care Hospitals,Government - Local,113,75
10102,J PAUL JONES HOSPITAL,317 MCWILLIAMS AVENUE,(334) 682-4131,Acute Care Hospitals,Government - Local,134,54
10102,J PAUL JONES HOSPITAL,317 MCWILLIAMS AVENUE,(334) 682-4131,Acute Care Hospitals,Government - Local,117,71
10102,J PAUL JONES HOSPITAL,317 MCWILLIAMS AVENUE,(334) 682-4131,Acute Care Hospitals,Government - Local,165,23
10102,J PAUL JONES HOSPITAL,317 MCWILLIAMS AVENUE,(334) 682-4131,Acute Care Hospitals,Government - Local,178,10
10102,J PAUL JONES HOSPITAL,317 MCWILLIAMS AVENUE,(334) 682-4131,Acute Care Hospitals,Government - Local,116,72
10102,J PAUL JONES HOSPITAL,317 MCWILLIAMS AVENUE,(334) 682-4131,Acute Care Hospitals,Government - Local,141,47
10102,J PAUL JONES HOSPITAL,317 MCWILLIAMS AVENUE,(334) 682-4131,Acute Care Hospitals,Government - Local,114,74
10102,J PAUL JONES HOSPITAL,317 MCWILLIAMS AVENUE,(334) 682-4131,Acute Care Hospitals,Government - Local,121,67
10102,J PAUL JONES HOSPITAL,317 MCWILLIAMS AVENUE,(334) 682-4131,Acute Care Hospitals,Government - Local,134,54
10102,J PAUL JONES HOSPITAL,317 MCWILLIAMS AVENUE,(334) 682-4131,Acute Care Hospitals,Government - Local,138,50
10102,J PAUL JONES HOSPITAL,317 MCWILLIAMS AVENUE,(334) 682-4131,Acute Care Hospitals,Government - Local,174,14
10102,J PAUL JONES HOSPITAL,317 MCWILLIAMS AVENUE,(334) 682-4131,Acute Care Hospitals,Government - Local,138,50
10102,J PAUL JONES HOSPITAL,317 MCWILLIAMS AVENUE,(334) 682-4131,Acute Care Hospitals,Government - Local,145,43
10102,J PAUL JONES HOSPITAL,317 MCWILLIAMS AVENUE,(334) 682-4131,Acute Care Hospitals,Government - Local,128,60
10102,J PAUL JONES HOSPITAL,317 MCWILLIAMS AVENUE,(334) 682-4131,Acute Care Hospitals,Government - Local,112,76
10102,J PAUL JONES HOSPITAL,317 MCWILLIAMS AVENUE,(334) 682-4131,Acute Care Hospitals,Government - Local,171,17
10102,J PAUL JONES HOSPITAL,317 MCWILLIAMS AVENUE,(334) 682-4131,Acute Care Hospitals,Government - Local,118,70
10102,J PAUL JONES HOSPITAL,317 MCWILLIAMS AVENUE,(334) 682-4131,Acute Care Hospitals,Government - Local,176,12
10102,J PAUL JONES HOSPITAL,317 MCWILLIAMS AVENUE,(334) 682-4131,Acute Care Hospitals,Government - Local,121,67
10102,J PAUL JONES HOSPITAL,317 MCWILLIAMS AVENUE,(334) 682-4131,Acute Care Hospitals,Government - Local,152,36
10102,J PAUL JONES HOSPITAL,317 MCWILLIAMS AVENUE,(334) 682-4131,Acute Care Hospitals,Government - Local,178,10
10102,J PAUL JONES HOSPITAL,317 MCWILLIAMS AVENUE,(334) 682-4131,Acute Care Hospitals,Government - Local,121,67
10102,J PAUL JONES HOSPITAL,317 MCWILLIAMS AVENUE,(334) 682-4131,Acute Care Hospitals,Government - Local,140,48
10102,J PAUL JONES HOSPITAL,317 MCWILLIAMS AVENUE,(334) 682-4131,Acute Care Hospitals,Government - Local,164,24
10102,J PAUL JONES HOSPITAL,317 MCWILLIAMS AVENUE,(334) 682-4131,Acute Care Hospitals,Government - Local,114,74
10102,J PAUL JONES HOSPITAL,317 MCWILLIAMS AVENUE,(334) 682-4131,Acute Care Hospitals,Government - Local,158,30
10102,J PAUL JONES HOSPITAL,317 MCWILLIAMS AVENUE,(334) 682-4131,Acute Care Hospitals,Government - Local,118,70
10102,J PAUL JONES HOSPITAL,317 MCWILLIAMS AVENUE,(334) 682-4131,Acute Care Hospitals,Government - Local,128,60
10102,J PAUL JONES HOSPITAL,317 MCWILLIAMS AVENUE,(334) 682-4131,Acute Care Hospitals,Government - Local,123,65
10102,J PAUL JONES HOSPITAL,317 MCWILLIAMS AVENUE,(334) 682-4131,Acute Care Hospitals,Government - Local,172,16
10102,J PAUL JONES HOSPITAL,317 MCWILLIAMS AVENUE,(334) 682-4131,Acute Care Hospitals,Government - Local,124,64
10102,J PAUL JONES HOSPITAL,317 MCWILLIAMS AVENUE,(334) 682-4131,Acute Care Hospitals,Government - Local,115,73
10102,J PAUL JONES HOSPITAL,317 MCWILLIAMS AVENUE,(334) 682-4131,Acute Care Hospitals,Government - Local,151,37
10102,J PAUL JONES HOSPITAL,317 MCWILLIAMS AVENUE,(334) 682-4131,Acute Care Hospitals,Government - Local,135,53
10102,J PAUL JONES HOSPITAL,317 MCWILLIAMS AVENUE,(334) 682-4131,Acute Care Hospitals,Government - Local,139,49
10102,J PAUL JONES HOSPITAL,317 MCWILLIAMS AVENUE,(334) 682-4131,Acute Care Hospitals,Government - Local,120,68
10102,J PAUL JONES HOSPITAL,317 MCWILLIAMS AVENUE,(334) 682-4131,Acute Care Hospitals,Government - Local,162,26
10102,J PAUL JONES HOSPITAL,317 MCWILLIAMS AVENUE,(334) 682-4131,Acute Care Hospitals,Government - Local,152,36
10102,J PAUL JONES HOSPITAL,317 MCWILLIAMS AVENUE,(334) 682-4131,Acute Care Hospitals,Government - Local,136,52
10102,J PAUL JONES HOSPITAL,317 MCWILLIAMS AVENUE,(334) 682-4131,Acute Care Hospitals,Government - Local,124,64
10102,J PAUL JONES HOSPITAL,317 MCWILLIAMS AVENUE,(334) 682-4131,Acute Care Hospitals,Government - Local,151,37
10102,J PAUL JONES HOSPITAL,317 MCWILLIAMS AVENUE,(334) 682-4131,Acute Care Hospitals,Government - Local,164,24
10102,J PAUL JONES HOSPITAL,317 MCWILLIAMS AVENUE,(334) 682-4131,Acute Care Hospitals,Government - Local,133,55
10102,J PAUL JONES HOSPITAL,317 MCWILLIAMS AVENUE,(334) 682-4131,Acute Care Hospitals,Government - Local,114,74
10102,J PAUL JONES HOSPITAL,317 MCWILLIAMS AVENUE,(334) 682-4131,Acute Care Hospitals,Government - Local,126,62
10102,J PAUL JONES HOSPITAL,317 MCWILLIAMS AVENUE,(334) 682-4131,Acute Care Hospitals,Government - Local,157,31
10102,J PAUL JONES HOSPITAL,317 MCWILLIAMS AVENUE,(334) 682-4131,Acute Care Hospitals,Government - Local,177,11
