Facility ID,Facility Name,Address,Telephone Number,Hospital Type,Hospital Ownership,Active Beds,Inactive Beds
10114,"MEDICAL WEST, AN AFFILIATE OF UAB HEALTH SYSTEM",995 9TH AVENUE SOUTHWEST,(205) 481-7000,Acute Care Hospitals,Government - Hospital District or Authority,319,166
10114,"MEDICAL WEST, AN AFFILIATE OF UAB HEALTH SYSTEM",995 9TH AVENUE SOUTHWEST,(205) 481-7000,Acute Care Hospitals,Government - Hospital District or Authority,298,187
10114,"MEDICAL WEST, AN AFFILIATE OF UAB HEALTH SYSTEM",995 9TH AVENUE SOUTHWEST,(205) 481-7000,Acute Care Hospitals,Government - Hospital District or Authority,348,137
10114,"MEDICAL WEST, AN AFFILIATE OF UAB HEALTH SYSTEM",995 9TH AVENUE SOUTHWEST,(205) 481-7000,Acute Care Hospitals,Government - Hospital District or Authority,316,169
10114,"MEDICAL WEST, AN AFFILIATE OF UAB HEALTH SYSTEM",995 9TH AVENUE SOUTHWEST,(205) 481-7000,Acute Care Hospitals,Government - Hospital District or Authority,398,87
10114,"MEDICAL WEST, AN AFFILIATE OF UAB HEALTH SYSTEM",995 9TH AVENUE SOUTHWEST,(205) 481-7000,Acute Care Hospitals,Government - Hospital District or Authority,405,80
10114,"MEDICAL WEST, AN AFFILIATE OF UAB HEALTH SYSTEM",995 9TH AVENUE SOUTHWEST,(205) 481-7000,Acute Care Hospitals,Government - Hospital District or Authority,316,169
10114,"MEDICAL WEST, AN AFFILIATE OF UAB HEALTH SYSTEM",995 9TH AVENUE SOUTHWEST,(205) 481-7000,Acute Care Hospitals,Government - Hospital District or Authority,295,190
10114,"MEDICAL WEST, AN AFFILIATE OF UAB HEALTH SYSTEM",995 9TH AVENUE SOUTHWEST,(205) 481-7000,Acute Care Hospitals,Government - Hospital District or Authority,425,60
10114,"MEDICAL WEST, AN AFFILIATE OF UAB HEALTH SYSTEM",995 9TH AVENUE SOUTHWEST,(205) 481-7000,Acute Care Hospitals,Government - Hospital District or Authority,291,194
10114,"MEDICAL WEST, AN AFFILIATE OF UAB HEALTH SYSTEM",995 9TH AVENUE SOUTHWEST,(205) 481-7000,Acute Care Hospitals,Government - Hospital District or Authority,349,136
10114,"MEDICAL WEST, AN AFFILIATE OF UAB HEALTH SYSTEM",995 9TH AVENUE SOUTHWEST,(205) 481-7000,Acute Care Hospitals,Government - Hospital District or Authority,374,111
10114,"MEDICAL WEST, AN AFFILIATE OF UAB HEALTH SYSTEM",995 9TH AVENUE SOUTHWEST,(205) 481-7000,Acute Care Hospitals,Government - Hospital District or Authority,429,56
10114,"MEDICAL WEST, AN AFFILIATE OF UAB HEALTH SYSTEM",995 9TH AVENUE SOUTHWEST,(205) 481-7000,Acute Care Hospitals,Government - Hospital District or Authority,433,52
10114,"MEDICAL WEST, AN AFFILIATE OF UAB HEALTH SYSTEM",995 9TH AVENUE SOUTHWEST,(205) 481-7000,Acute Care Hospitals,Government - Hospital District or Authority,414,71
10114,"MEDICAL WEST, AN AFFILIATE OF UAB HEALTH SYSTEM",995 9TH AVENUE SOUTHWEST,(205) 481-7000,Acute Care Hospitals,Government - Hospital District or Authority,332,153
10114,"MEDICAL WEST, AN AFFILIATE OF UAB HEALTH SYSTEM",995 9TH AVENUE SOUTHWEST,(205) 481-7000,Acute Care Hospitals,Government - Hospital District or Authority,413,72
10114,"MEDICAL WEST, AN AFFILIATE OF UAB HEALTH SYSTEM",995 9TH AVENUE SOUTHWEST,(205) 481-7000,Acute Care Hospitals,Government - Hospital District or Authority,332,153
10114,"MEDICAL WEST, AN AFFILIATE OF UAB HEALTH SYSTEM",995 9TH AVENUE SOUTHWEST,(205) 481-7000,Acute Care Hospitals,Government - Hospital District or Authority,327,158
10114,"MEDICAL WEST, AN AFFILIATE OF UAB HEALTH SYSTEM",995 9TH AVENUE SOUTHWEST,(205) 481-7000,Acute Care Hospitals,Government - Hospital District or Authority,383,102
10114,"MEDICAL WEST, AN AFFILIATE OF UAB HEALTH SYSTEM",995 9TH AVENUE SOUTHWEST,(205) 481-7000,Acute Care Hospitals,Government - Hospital District or Authority,406,79
10114,"MEDICAL WEST, AN AFFILIATE OF UAB HEALTH SYSTEM",995 9TH AVENUE SOUTHWEST,(205) 481-7000,Acute Care Hospitals,Government - Hospital District or Authority,300,185
10114,"MEDICAL WEST, AN AFFILIATE OF UAB HEALTH SYSTEM",995 9TH AVENUE SOUTHWEST,(205) 481-7000,Acute Care Hospitals,Government - Hospital District or Authority,301,184
10114,"MEDICAL WEST, AN AFFILIATE OF UAB HEALTH SYSTEM",995 9TH AVENUE SOUTHWEST,(205) 481-7000,Acute Care Hospitals,Government - Hospital District or Authority,424,61
10114,"MEDICAL WEST, AN AFFILIATE OF UAB HEALTH SYSTEM",995 9TH AVENUE SOUTHWEST,(205) 481-7000,Acute Care Hospitals,Government - Hospital District or Authority,436,49
10114,"MEDICAL WEST, AN AFFILIATE OF UAB HEALTH SYSTEM",995 9TH AVENUE SOUTHWEST,(205) 481-7000,Acute Care Hospitals,Government - Hospital District or Authority,393,92
10114,"MEDICAL WEST, AN AFFILIATE OF UAB HEALTH SYSTEM",995 9TH AVENUE SOUTHWEST,(205) 481-7000,Acute Care Hospitals,Government - Hospital District or Authority,363,122
10114,"MEDICAL WEST, AN AFFILIATE OF UAB HEALTH SYSTEM",995 9TH AVENUE SOUTHWEST,(205) 481-7000,Acute Care Hospitals,Government - Hospital District or Authority,434,51
10114,"MEDICAL WEST, AN AFFILIATE OF UAB HEALTH SYSTEM",995 9TH AVENUE SOUTHWEST,(205) 481-7000,Acute Care Hospitals,Government - Hospital District or Authority,414,71
10114,"MEDICAL WEST, AN AFFILIATE OF UAB HEALTH SYSTEM",995 9TH AVENUE SOUTHWEST,(205) 481-7000,Acute Care Hospitals,Government - Hospital District or Authority,389,96
10114,"MEDICAL WEST, AN AFFILIATE OF UAB HEALTH SYSTEM",995 9TH AVENUE SOUTHWEST,(205) 481-7000,Acute Care Hospitals,Government - Hospital District or Authority,345,140
10114,"MEDICAL WEST, AN AFFILIATE OF UAB HEALTH SYSTEM",995 9TH AVENUE SOUTHWEST,(205) 481-7000,Acute Care Hospitals,Government - Hospital District or Authority,324,161
10114,"MEDICAL WEST, AN AFFILIATE OF UAB HEALTH SYSTEM",995 9TH AVENUE SOUTHWEST,(205) 481-7000,Acute Care Hospitals,Government - Hospital District or Authority,362,123
10114,"MEDICAL WEST, AN AFFILIATE OF UAB HEALTH SYSTEM",995 9TH AVENUE SOUTHWEST,(205) 481-7000,Acute Care Hospitals,Government - Hospital District or Authority,339,146
10114,"MEDICAL WEST, AN AFFILIATE OF UAB HEALTH SYSTEM",995 9TH AVENUE SOUTHWEST,(205) 481-7000,Acute Care Hospitals,Government - Hospital District or Authority,348,137
10114,"MEDICAL WEST, AN AFFILIATE OF UAB HEALTH SYSTEM",995 9TH AVENUE SOUTHWEST,(205) 481-7000,Acute Care Hospitals,Government - Hospital District or Authority,378,107
10114,"MEDICAL WEST, AN AFFILIATE OF UAB HEALTH SYSTEM",995 9TH AVENUE SOUTHWEST,(205) 481-7000,Acute Care Hospitals,Government - Hospital District or Authority,319,166
10114,"MEDICAL WEST, AN AFFILIATE OF UAB HEALTH SYSTEM",995 9TH AVENUE SOUTHWEST,(205) 481-7000,Acute Care Hospitals,Government - Hospital District or Authority,427,58
10114,"MEDICAL WEST, AN AFFILIATE OF UAB HEALTH SYSTEM",995 9TH AVENUE SOUTHWEST,(205) 481-7000,Acute Care Hospitals,Government - Hospital District or Authority,315,170
10114,"MEDICAL WEST, AN AFFILIATE OF UAB HEALTH SYSTEM",995 9TH AVENUE SOUTHWEST,(205) 481-7000,Acute Care Hospitals,Government - Hospital District or Authority,372,113
10114,"MEDICAL WEST, AN AFFILIATE OF UAB HEALTH SYSTEM",995 9TH AVENUE SOUTHWEST,(205) 481-7000,Acute Care Hospitals,Government - Hospital District or Authority,417,68
10114,"MEDICAL WEST, AN AFFILIATE OF UAB HEALTH SYSTEM",995 9TH AVENUE SOUTHWEST,(205) 481-7000,Acute Care Hospitals,Government - Hospital District or Authority,373,112
10114,"MEDICAL WEST, AN AFFILIATE OF UAB HEALTH SYSTEM",995 9TH AVENUE SOUTHWEST,(205) 481-7000,Acute Care Hospitals,Government - Hospital District or Authority,352,133
10114,"MEDICAL WEST, AN AFFILIATE OF UAB HEALTH SYSTEM",995 9TH AVENUE SOUTHWEST,(205) 481-7000,Acute Care Hospitals,Government - Hospital District or Authority,371,114
10114,"MEDICAL WEST, AN AFFILIATE OF UAB HEALTH SYSTEM",995 9TH AVENUE SOUTHWEST,(205) 481-7000,Acute Care Hospitals,Government - Hospital District or Authority,435,50
10114,"MEDICAL WEST, AN AFFILIATE OF UAB HEALTH SYSTEM",995 9TH AVENUE SOUTHWEST,(205) 481-7000,Acute Care Hospitals,Government - Hospital District or Authority,459,26
10114,"MEDICAL WEST, AN AFFILIATE OF UAB HEALTH SYSTEM",995 9TH AVENUE SOUTHWEST,(205) 481-7000,Acute Care Hospitals,Government - Hospital District or Authority,398,87
10114,"MEDICAL WEST, AN AFFILIATE OF UAB HEALTH SYSTEM",995 9TH AVENUE SOUTHWEST,(205) 481-7000,Acute Care Hospitals,Government - Hospital District or Authority,425,60
10114,"MEDICAL WEST, AN AFFILIATE OF UAB HEALTH SYSTEM",995 9TH AVENUE SOUTHWEST,(205) 481-7000,Acute Care Hospitals,Government - Hospital District or Authority,293,192
10114,"MEDICAL WEST, AN AFFILIATE OF UAB HEALTH SYSTEM",995 9TH AVENUE SOUTHWEST,(205) 481-7000,Acute Care Hospitals,Government - Hospital District or Authority,440,45
10114,"MEDICAL WEST, AN AFFILIATE OF UAB HEALTH SYSTEM",995 9TH AVENUE SOUTHWEST,(205) 481-7000,Acute Care Hospitals,Government - Hospital District or Authority,452,33
10114,"MEDICAL WEST, AN AFFILIATE OF UAB HEALTH SYSTEM",995 9TH AVENUE SOUTHWEST,(205) 481-7000,Acute Care Hospitals,Government - Hospital District or Authority,388,97
10114,"MEDICAL WEST, AN AFFILIATE OF UAB HEALTH SYSTEM",995 9TH AVENUE SOUTHWEST,(205) 481-7000,Acute Care Hospitals,Government - Hospital District or Authority,418,67
10114,"MEDICAL WEST, AN AFFILIATE OF UAB HEALTH SYSTEM",995 9TH AVENUE SOUTHWEST,(205) 481-7000,Acute Care Hospitals,Government - Hospital District or Authority,378,107
10114,"MEDICAL WEST, AN AFFILIATE OF UAB HEALTH SYSTEM",995 9TH AVENUE SOUTHWEST,(205) 481-7000,Acute Care Hospitals,Government - Hospital District or Authority,339,146
10114,"MEDICAL WEST, AN AFFILIATE OF UAB HEALTH SYSTEM",995 9TH AVENUE SOUTHWEST,(205) 481-7000,Acute Care Hospitals,Government - Hospital District or Authority,435,50
10114,"MEDICAL WEST, AN AFFILIATE OF UAB HEALTH SYSTEM",995 9TH AVENUE SOUTHWEST,(205) 481-7000,Acute Care Hospitals,Government - Hospital District or Authority,392,93
10114,"MEDICAL WEST, AN AFFILIATE OF UAB HEALTH SYSTEM",995 9TH AVENUE SOUTHWEST,(205) 481-7000,Acute Care Hospitals,Government - Hospital District or Authority,389,96
10114,"MEDICAL WEST, AN AFFILIATE OF UAB HEALTH SYSTEM",995 9TH AVENUE SOUTHWEST,(205) 481-7000,Acute Care Hospitals,Government - Hospital District or Authority,402,83
10114,"MEDICAL WEST, AN AFFILIATE OF UAB HEALTH SYSTEM",995 9TH AVENUE SOUTHWEST,(205) 481-7000,Acute Care Hospitals,Government - Hospital District or Authority,436,49
10114,"MEDICAL WEST, AN AFFILIATE OF UAB HEALTH SYSTEM",995 9TH AVENUE SOUTHWEST,(205) 481-7000,Acute Care Hospitals,Government - Hospital District or Authority,415,70
10114,"MEDICAL WEST, AN AFFILIATE OF UAB HEALTH SYSTEM",995 9TH AVENUE SOUTHWEST,(205) 481-7000,Acute Care Hospitals,Government - Hospital District or Authority,326,159
10114,"MEDICAL WEST, AN AFFILIATE OF UAB HEALTH SYSTEM",995 9TH AVENUE SOUTHWEST,(205) 481-7000,Acute Care Hospitals,Government - Hospital District or Authority,370,115
10114,"MEDICAL WEST, AN AFFILIATE OF UAB HEALTH SYSTEM",995 9TH AVENUE SOUTHWEST,(205) 481-7000,Acute Care Hospitals,Government - Hospital District or Authority,457,28
10114,"MEDICAL WEST, AN AFFILIATE OF UAB HEALTH SYSTEM",995 9TH AVENUE SOUTHWEST,(205) 481-7000,Acute Care Hospitals,Government - Hospital District or Authority,385,100
10114,"MEDICAL WEST, AN AFFILIATE OF UAB HEALTH SYSTEM",995 9TH AVENUE SOUTHWEST,(205) 481-7000,Acute Care Hospitals,Government - Hospital District or Authority,450,35
10114,"MEDICAL WEST, AN AFFILIATE OF UAB HEALTH SYSTEM",995 9TH AVENUE SOUTHWEST,(205) 481-7000,Acute Care Hospitals,Government - Hospital District or Authority,429,56
10114,"MEDICAL WEST, AN AFFILIATE OF UAB HEALTH SYSTEM",995 9TH AVENUE SOUTHWEST,(205) 481-7000,Acute Care Hospitals,Government - Hospital District or Authority,404,81
10114,"MEDICAL WEST, AN AFFILIATE OF UAB HEALTH SYSTEM",995 9TH AVENUE SOUTHWEST,(205) 481-7000,Acute Care Hospitals,Government - Hospital District or Authority,350,135
10114,"MEDICAL WEST, AN AFFILIATE OF UAB HEALTH SYSTEM",995 9TH AVENUE SOUTHWEST,(205) 481-7000,Acute Care Hospitals,Government - Hospital District or Authority,342,143
10114,"MEDICAL WEST, AN AFFILIATE OF UAB HEALTH SYSTEM",995 9TH AVENUE SOUTHWEST,(205) 481-7000,Acute Care Hospitals,Government - Hospital District or Authority,400,85
10114,"MEDICAL WEST, AN AFFILIATE OF UAB HEALTH SYSTEM",995 9TH AVENUE SOUTHWEST,(205) 481-7000,Acute Care Hospitals,Government - Hospital District or Authority,364,121
10114,"MEDICAL WEST, AN AFFILIATE OF UAB HEALTH SYSTEM",995 9TH AVENUE SOUTHWEST,(205) 481-7000,Acute Care Hospitals,Government - Hospital District or Authority,426,59
10114,"MEDICAL WEST, AN AFFILIATE OF UAB HEALTH SYSTEM",995 9TH AVENUE SOUTHWEST,(205) 481-7000,Acute Care Hospitals,Government - Hospital District or Authority,420,65
10114,"MEDICAL WEST, AN AFFILIATE OF UAB HEALTH SYSTEM",995 9TH AVENUE SOUTHWEST,(205) 481-7000,Acute Care Hospitals,Government - Hospital District or Authority,343,142
10114,"MEDICAL WEST, AN AFFILIATE OF UAB HEALTH SYSTEM",995 9TH AVENUE SOUTHWEST,(205) 481-7000,Acute Care Hospitals,Government - Hospital District or Authority,410,75
10114,"MEDICAL WEST, AN AFFILIATE OF UAB HEALTH SYSTEM",995 9TH AVENUE SOUTHWEST,(205) 481-7000,Acute Care Hospitals,Government - Hospital District or Authority,374,111
10114,"MEDICAL WEST, AN AFFILIATE OF UAB HEALTH SYSTEM",995 9TH AVENUE SOUTHWEST,(205) 481-7000,Acute Care Hospitals,Government - Hospital District or Authority,345,140
10114,"MEDICAL WEST, AN AFFILIATE OF UAB HEALTH SYSTEM",995 9TH AVENUE SOUTHWEST,(205) 481-7000,Acute Care Hospitals,Government - Hospital District or Authority,361,124
10114,"MEDICAL WEST, AN AFFILIATE OF UAB HEALTH SYSTEM",995 9TH AVENUE SOUTHWEST,(205) 481-7000,Acute Care Hospitals,Government - Hospital District or Authority,442,43
10114,"MEDICAL WEST, AN AFFILIATE OF UAB HEALTH SYSTEM",995 9TH AVENUE SOUTHWEST,(205) 481-7000,Acute Care Hospitals,Government - Hospital District or Authority,352,133
10114,"MEDICAL WEST, AN AFFILIATE OF UAB HEALTH SYSTEM",995 9TH AVENUE SOUTHWEST,(205) 481-7000,Acute Care Hospitals,Government - Hospital District or Authority,339,146
10114,"MEDICAL WEST, AN AFFILIATE OF UAB HEALTH SYSTEM",995 9TH AVENUE SOUTHWEST,(205) 481-7000,Acute Care Hospitals,Government - Hospital District or Authority,350,135
10114,"MEDICAL WEST, AN AFFILIATE OF UAB HEALTH SYSTEM",995 9TH AVENUE SOUTHWEST,(205) 481-7000,Acute Care Hospitals,Government - Hospital District or Authority,327,158
10114,"MEDICAL WEST, AN AFFILIATE OF UAB HEALTH SYSTEM",995 9TH AVENUE SOUTHWEST,(205) 481-7000,Acute Care Hospitals,Government - Hospital District or Authority,383,102
10114,"MEDICAL WEST, AN AFFILIATE OF UAB HEALTH SYSTEM",995 9TH AVENUE SOUTHWEST,(205) 481-7000,Acute Care Hospitals,Government - Hospital District or Authority,316,169
10114,"MEDICAL WEST, AN AFFILIATE OF UAB HEALTH SYSTEM",995 9TH AVENUE SOUTHWEST,(205) 481-7000,Acute Care Hospitals,Government - Hospital District or Authority,429,56
10114,"MEDICAL WEST, AN AFFILIATE OF UAB HEALTH SYSTEM",995 9TH AVENUE SOUTHWEST,(205) 481-7000,Acute Care Hospitals,Government - Hospital District or Authority,329,156
10114,"MEDICAL WEST, AN AFFILIATE OF UAB HEALTH SYSTEM",995 9TH AVENUE SOUTHWEST,(205) 481-7000,Acute Care Hospitals,Government - Hospital District or Authority,392,93
10114,"MEDICAL WEST, AN AFFILIATE OF UAB HEALTH SYSTEM",995 9TH AVENUE SOUTHWEST,(205) 481-7000,Acute Care Hospitals,Government - Hospital District or Authority,312,173
10114,"MEDICAL WEST, AN AFFILIATE OF UAB HEALTH SYSTEM",995 9TH AVENUE SOUTHWEST,(205) 481-7000,Acute Care Hospitals,Government - Hospital District or Authority,457,28
10114,"MEDICAL WEST, AN AFFILIATE OF UAB HEALTH SYSTEM",995 9TH AVENUE SOUTHWEST,(205) 481-7000,Acute Care Hospitals,Government - Hospital District or Authority,368,117
10114,"MEDICAL WEST, AN AFFILIATE OF UAB HEALTH SYSTEM",995 9TH AVENUE SOUTHWEST,(205) 481-7000,Acute Care Hospitals,Government - Hospital District or Authority,430,55
10114,"MEDICAL WEST, AN AFFILIATE OF UAB HEALTH SYSTEM",995 9TH AVENUE SOUTHWEST,(205) 481-7000,Acute Care Hospitals,Government - Hospital District or Authority,421,64
10114,"MEDICAL WEST, AN AFFILIATE OF UAB HEALTH SYSTEM",995 9TH AVENUE SOUTHWEST,(205) 481-7000,Acute Care Hospitals,Government - Hospital District or Authority,412,73
10114,"MEDICAL WEST, AN AFFILIATE OF UAB HEALTH SYSTEM",995 9TH AVENUE SOUTHWEST,(205) 481-7000,Acute Care Hospitals,Government - Hospital District or Authority,431,54
10114,"MEDICAL WEST, AN AFFILIATE OF UAB HEALTH SYSTEM",995 9TH AVENUE SOUTHWEST,(205) 481-7000,Acute Care Hospitals,Government - Hospital District or Authority,308,177
10114,"MEDICAL WEST, AN AFFILIATE OF UAB HEALTH SYSTEM",995 9TH AVENUE SOUTHWEST,(205) 481-7000,Acute Care Hospitals,Government - Hospital District or Authority,406,79
10114,"MEDICAL WEST, AN AFFILIATE OF UAB HEALTH SYSTEM",995 9TH AVENUE SOUTHWEST,(205) 481-7000,Acute Care Hospitals,Government - Hospital District or Authority,336,149
10114,"MEDICAL WEST, AN AFFILIATE OF UAB HEALTH SYSTEM",995 9TH AVENUE SOUTHWEST,(205) 481-7000,Acute Care Hospitals,Government - Hospital District or Authority,424,61
10114,"MEDICAL WEST, AN AFFILIATE OF UAB HEALTH SYSTEM",995 9TH AVENUE SOUTHWEST,(205) 481-7000,Acute Care Hospitals,Government - Hospital District or Authority,453,32
10114,"MEDICAL WEST, AN AFFILIATE OF UAB HEALTH SYSTEM",995 9TH AVENUE SOUTHWEST,(205) 481-7000,Acute Care Hospitals,Government - Hospital District or Authority,444,41
10114,"MEDICAL WEST, AN AFFILIATE OF UAB HEALTH SYSTEM",995 9TH AVENUE SOUTHWEST,(205) 481-7000,Acute Care Hospitals,Government - Hospital District or Authority,310,175
10114,"MEDICAL WEST, AN AFFILIATE OF UAB HEALTH SYSTEM",995 9TH AVENUE SOUTHWEST,(205) 481-7000,Acute Care Hospitals,Government - Hospital District or Authority,353,132
10114,"MEDICAL WEST, AN AFFILIATE OF UAB HEALTH SYSTEM",995 9TH AVENUE SOUTHWEST,(205) 481-7000,Acute Care Hospitals,Government - Hospital District or Authority,352,133
10114,"MEDICAL WEST, AN AFFILIATE OF UAB HEALTH SYSTEM",995 9TH AVENUE SOUTHWEST,(205) 481-7000,Acute Care Hospitals,Government - Hospital District or Authority,311,174
10114,"MEDICAL WEST, AN AFFILIATE OF UAB HEALTH SYSTEM",995 9TH AVENUE SOUTHWEST,(205) 481-7000,Acute Care Hospitals,Government - Hospital District or Authority,307,178
10114,"MEDICAL WEST, AN AFFILIATE OF UAB HEALTH SYSTEM",995 9TH AVENUE SOUTHWEST,(205) 481-7000,Acute Care Hospitals,Government - Hospital District or Authority,356,129
10114,"MEDICAL WEST, AN AFFILIATE OF UAB HEALTH SYSTEM",995 9TH AVENUE SOUTHWEST,(205) 481-7000,Acute Care Hospitals,Government - Hospital District or Authority,459,26
10114,"MEDICAL WEST, AN AFFILIATE OF UAB HEALTH SYSTEM",995 9TH AVENUE SOUTHWEST,(205) 481-7000,Acute Care Hospitals,Government - Hospital District or Authority,387,98
10114,"MEDICAL WEST, AN AFFILIATE OF UAB HEALTH SYSTEM",995 9TH AVENUE SOUTHWEST,(205) 481-7000,Acute Care Hospitals,Government - Hospital District or Authority,396,89
10114,"MEDICAL WEST, AN AFFILIATE OF UAB HEALTH SYSTEM",995 9TH AVENUE SOUTHWEST,(205) 481-7000,Acute Care Hospitals,Government - Hospital District or Authority,370,115
10114,"MEDICAL WEST, AN AFFILIATE OF UAB HEALTH SYSTEM",995 9TH AVENUE SOUTHWEST,(205) 481-7000,Acute Care Hospitals,Government - Hospital District or Authority,403,82
10114,"MEDICAL WEST, AN AFFILIATE OF UAB HEALTH SYSTEM",995 9TH AVENUE SOUTHWEST,(205) 481-7000,Acute Care Hospitals,Government - Hospital District or Authority,453,32
10114,"MEDICAL WEST, AN AFFILIATE OF UAB HEALTH SYSTEM",995 9TH AVENUE SOUTHWEST,(205) 481-7000,Acute Care Hospitals,Government - Hospital District or Authority,390,95
10114,"MEDICAL WEST, AN AFFILIATE OF UAB HEALTH SYSTEM",995 9TH AVENUE SOUTHWEST,(205) 481-7000,Acute Care Hospitals,Government - Hospital District or Authority,302,183
10114,"MEDICAL WEST, AN AFFILIATE OF UAB HEALTH SYSTEM",995 9TH AVENUE SOUTHWEST,(205) 481-7000,Acute Care Hospitals,Government - Hospital District or Authority,374,111
10114,"MEDICAL WEST, AN AFFILIATE OF UAB HEALTH SYSTEM",995 9TH AVENUE SOUTHWEST,(205) 481-7000,Acute Care Hospitals,Government - Hospital District or Authority,459,26
10114,"MEDICAL WEST, AN AFFILIATE OF UAB HEALTH SYSTEM",995 9TH AVENUE SOUTHWEST,(205) 481-7000,Acute Care Hospitals,Government - Hospital District or Authority,356,129
10114,"MEDICAL WEST, AN AFFILIATE OF UAB HEALTH SYSTEM",995 9TH AVENUE SOUTHWEST,(205) 481-7000,Acute Care Hospitals,Government - Hospital District or Authority,391,94
10114,"MEDICAL WEST, AN AFFILIATE OF UAB HEALTH SYSTEM",995 9TH AVENUE SOUTHWEST,(205) 481-7000,Acute Care Hospitals,Government - Hospital District or Authority,309,176
10114,"MEDICAL WEST, AN AFFILIATE OF UAB HEALTH SYSTEM",995 9TH AVENUE SOUTHWEST,(205) 481-7000,Acute Care Hospitals,Government - Hospital District or Authority,314,171
10114,"MEDICAL WEST, AN AFFILIATE OF UAB HEALTH SYSTEM",995 9TH AVENUE SOUTHWEST,(205) 481-7000,Acute Care Hospitals,Government - Hospital District or Authority,439,46
10114,"MEDICAL WEST, AN AFFILIATE OF UAB HEALTH SYSTEM",995 9TH AVENUE SOUTHWEST,(205) 481-7000,Acute Care Hospitals,Government - Hospital District or Authority,341,144
10114,"MEDICAL WEST, AN AFFILIATE OF UAB HEALTH SYSTEM",995 9TH AVENUE SOUTHWEST,(205) 481-7000,Acute Care Hospitals,Government - Hospital District or Authority,342,143
10114,"MEDICAL WEST, AN AFFILIATE OF UAB HEALTH SYSTEM",995 9TH AVENUE SOUTHWEST,(205) 481-7000,Acute Care Hospitals,Government - Hospital District or Authority,356,129
10114,"MEDICAL WEST, AN AFFILIATE OF UAB HEALTH SYSTEM",995 9TH AVENUE SOUTHWEST,(205) 481-7000,Acute Care Hospitals,Government - Hospital District or Authority,455,30
10114,"MEDICAL WEST, AN AFFILIATE OF UAB HEALTH SYSTEM",995 9TH AVENUE SOUTHWEST,(205) 481-7000,Acute Care Hospitals,Government - Hospital District or Authority,305,180
10114,"MEDICAL WEST, AN AFFILIATE OF UAB HEALTH SYSTEM",995 9TH AVENUE SOUTHWEST,(205) 481-7000,Acute Care Hospitals,Government - Hospital District or Authority,429,56
10114,"MEDICAL WEST, AN AFFILIATE OF UAB HEALTH SYSTEM",995 9TH AVENUE SOUTHWEST,(205) 481-7000,Acute Care Hospitals,Government - Hospital District or Authority,348,137
10114,"MEDICAL WEST, AN AFFILIATE OF UAB HEALTH SYSTEM",995 9TH AVENUE SOUTHWEST,(205) 481-7000,Acute Care Hospitals,Government - Hospital District or Authority,435,50
10114,"MEDICAL WEST, AN AFFILIATE OF UAB HEALTH SYSTEM",995 9TH AVENUE SOUTHWEST,(205) 481-7000,Acute Care Hospitals,Government - Hospital District or Authority,459,26
10114,"MEDICAL WEST, AN AFFILIATE OF UAB HEALTH SYSTEM",995 9TH AVENUE SOUTHWEST,(205) 481-7000,Acute Care Hospitals,Government - Hospital District or Authority,350,135
10114,"MEDICAL WEST, AN AFFILIATE OF UAB HEALTH SYSTEM",995 9TH AVENUE SOUTHWEST,(205) 481-7000,Acute Care Hospitals,Government - Hospital District or Authority,312,173
10114,"MEDICAL WEST, AN AFFILIATE OF UAB HEALTH SYSTEM",995 9TH AVENUE SOUTHWEST,(205) 481-7000,Acute Care Hospitals,Government - Hospital District or Authority,315,170
10114,"MEDICAL WEST, AN AFFILIATE OF UAB HEALTH SYSTEM",995 9TH AVENUE SOUTHWEST,(205) 481-7000,Acute Care Hospitals,Government - Hospital District or Authority,419,66
10114,"MEDICAL WEST, AN AFFILIATE OF UAB HEALTH SYSTEM",995 9TH AVENUE SOUTHWEST,(205) 481-7000,Acute Care Hospitals,Government - Hospital District or Authority,315,170
10114,"MEDICAL WEST, AN AFFILIATE OF UAB HEALTH SYSTEM",995 9TH AVENUE SOUTHWEST,(205) 481-7000,Acute Care Hospitals,Government - Hospital District or Authority,335,150
10114,"MEDICAL WEST, AN AFFILIATE OF UAB HEALTH SYSTEM",995 9TH AVENUE SOUTHWEST,(205) 481-7000,Acute Care Hospitals,Government - Hospital District or Authority,325,160
10114,"MEDICAL WEST, AN AFFILIATE OF UAB HEALTH SYSTEM",995 9TH AVENUE SOUTHWEST,(205) 481-7000,Acute Care Hospitals,Government - Hospital District or Authority,351,134
10114,"MEDICAL WEST, AN AFFILIATE OF UAB HEALTH SYSTEM",995 9TH AVENUE SOUTHWEST,(205) 481-7000,Acute Care Hospitals,Government - Hospital District or Authority,303,182
10114,"MEDICAL WEST, AN AFFILIATE OF UAB HEALTH SYSTEM",995 9TH AVENUE SOUTHWEST,(205) 481-7000,Acute Care Hospitals,Government - Hospital District or Authority,436,49
10114,"MEDICAL WEST, AN AFFILIATE OF UAB HEALTH SYSTEM",995 9TH AVENUE SOUTHWEST,(205) 481-7000,Acute Care Hospitals,Government - Hospital District or Authority,437,48
10114,"MEDICAL WEST, AN AFFILIATE OF UAB HEALTH SYSTEM",995 9TH AVENUE SOUTHWEST,(205) 481-7000,Acute Care Hospitals,Government - Hospital District or Authority,361,124
10114,"MEDICAL WEST, AN AFFILIATE OF UAB HEALTH SYSTEM",995 9TH AVENUE SOUTHWEST,(205) 481-7000,Acute Care Hospitals,Government - Hospital District or Authority,394,91
10114,"MEDICAL WEST, AN AFFILIATE OF UAB HEALTH SYSTEM",995 9TH AVENUE SOUTHWEST,(205) 481-7000,Acute Care Hospitals,Government - Hospital District or Authority,399,86
10114,"MEDICAL WEST, AN AFFILIATE OF UAB HEALTH SYSTEM",995 9TH AVENUE SOUTHWEST,(205) 481-7000,Acute Care Hospitals,Government - Hospital District or Authority,418,67
10114,"MEDICAL WEST, AN AFFILIATE OF UAB HEALTH SYSTEM",995 9TH AVENUE SOUTHWEST,(205) 481-7000,Acute Care Hospitals,Government - Hospital District or Authority,379,106
10114,"MEDICAL WEST, AN AFFILIATE OF UAB HEALTH SYSTEM",995 9TH AVENUE SOUTHWEST,(205) 481-7000,Acute Care Hospitals,Government - Hospital District or Authority,377,108
10114,"MEDICAL WEST, AN AFFILIATE OF UAB HEALTH SYSTEM",995 9TH AVENUE SOUTHWEST,(205) 481-7000,Acute Care Hospitals,Government - Hospital District or Authority,398,87
10114,"MEDICAL WEST, AN AFFILIATE OF UAB HEALTH SYSTEM",995 9TH AVENUE SOUTHWEST,(205) 481-7000,Acute Care Hospitals,Government - Hospital District or Authority,410,75
10114,"MEDICAL WEST, AN AFFILIATE OF UAB HEALTH SYSTEM",995 9TH AVENUE SOUTHWEST,(205) 481-7000,Acute Care Hospitals,Government - Hospital District or Authority,349,136
10114,"MEDICAL WEST, AN AFFILIATE OF UAB HEALTH SYSTEM",995 9TH AVENUE SOUTHWEST,(205) 481-7000,Acute Care Hospitals,Government - Hospital District or Authority,347,138
10114,"MEDICAL WEST, AN AFFILIATE OF UAB HEALTH SYSTEM",995 9TH AVENUE SOUTHWEST,(205) 481-7000,Acute Care Hospitals,Government - Hospital District or Authority,336,149
10114,"MEDICAL WEST, AN AFFILIATE OF UAB HEALTH SYSTEM",995 9TH AVENUE SOUTHWEST,(205) 481-7000,Acute Care Hospitals,Government - Hospital District or Authority,384,101
10114,"MEDICAL WEST, AN AFFILIATE OF UAB HEALTH SYSTEM",995 9TH AVENUE SOUTHWEST,(205) 481-7000,Acute Care Hospitals,Government - Hospital District or Authority,352,133
10114,"MEDICAL WEST, AN AFFILIATE OF UAB HEALTH SYSTEM",995 9TH AVENUE SOUTHWEST,(205) 481-7000,Acute Care Hospitals,Government - Hospital District or Authority,382,103
10114,"MEDICAL WEST, AN AFFILIATE OF UAB HEALTH SYSTEM",995 9TH AVENUE SOUTHWEST,(205) 481-7000,Acute Care Hospitals,Government - Hospital District or Authority,359,126
10114,"MEDICAL WEST, AN AFFILIATE OF UAB HEALTH SYSTEM",995 9TH AVENUE SOUTHWEST,(205) 481-7000,Acute Care Hospitals,Government - Hospital District or Authority,433,52
10114,"MEDICAL WEST, AN AFFILIATE OF UAB HEALTH SYSTEM",995 9TH AVENUE SOUTHWEST,(205) 481-7000,Acute Care Hospitals,Government - Hospital District or Authority,303,182
10114,"MEDICAL WEST, AN AFFILIATE OF UAB HEALTH SYSTEM",995 9TH AVENUE SOUTHWEST,(205) 481-7000,Acute Care Hospitals,Government - Hospital District or Authority,388,97
10114,"MEDICAL WEST, AN AFFILIATE OF UAB HEALTH SYSTEM",995 9TH AVENUE SOUTHWEST,(205) 481-7000,Acute Care Hospitals,Government - Hospital District or Authority,388,97
10114,"MEDICAL WEST, AN AFFILIATE OF UAB HEALTH SYSTEM",995 9TH AVENUE SOUTHWEST,(205) 481-7000,Acute Care Hospitals,Government - Hospital District or Authority,356,129
10114,"MEDICAL WEST, AN AFFILIATE OF UAB HEALTH SYSTEM",995 9TH AVENUE SOUTHWEST,(205) 481-7000,Acute Care Hospitals,Government - Hospital District or Authority,362,123
10114,"MEDICAL WEST, AN AFFILIATE OF UAB HEALTH SYSTEM",995 9TH AVENUE SOUTHWEST,(205) 481-7000,Acute Care Hospitals,Government - Hospital District or Authority,426,59
10114,"MEDICAL WEST, AN AFFILIATE OF UAB HEALTH SYSTEM",995 9TH AVENUE SOUTHWEST,(205) 481-7000,Acute Care Hospitals,Government - Hospital District or Authority,338,147
10114,"MEDICAL WEST, AN AFFILIATE OF UAB HEALTH SYSTEM",995 9TH AVENUE SOUTHWEST,(205) 481-7000,Acute Care Hospitals,Government - Hospital District or Authority,438,47
10114,"MEDICAL WEST, AN AFFILIATE OF UAB HEALTH SYSTEM",995 9TH AVENUE SOUTHWEST,(205) 481-7000,Acute Care Hospitals,Government - Hospital District or Authority,443,42
10114,"MEDICAL WEST, AN AFFILIATE OF UAB HEALTH SYSTEM",995 9TH AVENUE SOUTHWEST,(205) 481-7000,Acute Care Hospitals,Government - Hospital District or Authority,401,84
10114,"MEDICAL WEST, AN AFFILIATE OF UAB HEALTH SYSTEM",995 9TH AVENUE SOUTHWEST,(205) 481-7000,Acute Care Hospitals,Government - Hospital District or Authority,422,63
10114,"MEDICAL WEST, AN AFFILIATE OF UAB HEALTH SYSTEM",995 9TH AVENUE SOUTHWEST,(205) 481-7000,Acute Care Hospitals,Government - Hospital District or Authority,395,90
10114,"MEDICAL WEST, AN AFFILIATE OF UAB HEALTH SYSTEM",995 9TH AVENUE SOUTHWEST,(205) 481-7000,Acute Care Hospitals,Government - Hospital District or Authority,380,105
10114,"MEDICAL WEST, AN AFFILIATE OF UAB HEALTH SYSTEM",995 9TH AVENUE SOUTHWEST,(205) 481-7000,Acute Care Hospitals,Government - Hospital District or Authority,455,30
10114,"MEDICAL WEST, AN AFFILIATE OF UAB HEALTH SYSTEM",995 9TH AVENUE SOUTHWEST,(205) 481-7000,Acute Care Hospitals,Government - Hospital District or Authority,338,147
10114,"MEDICAL WEST, AN AFFILIATE OF UAB HEALTH SYSTEM",995 9TH AVENUE SOUTHWEST,(205) 481-7000,Acute Care Hospitals,Government - Hospital District or Authority,317,168
10114,"MEDICAL WEST, AN AFFILIATE OF UAB HEALTH SYSTEM",995 9TH AVENUE SOUTHWEST,(205) 481-7000,Acute Care Hospitals,Government - Hospital District or Authority,339,146
10114,"MEDICAL WEST, AN AFFILIATE OF UAB HEALTH SYSTEM",995 9TH AVENUE SOUTHWEST,(205) 481-7000,Acute Care Hospitals,Government - Hospital District or Authority,395,90
10114,"MEDICAL WEST, AN AFFILIATE OF UAB HEALTH SYSTEM",995 9TH AVENUE SOUTHWEST,(205) 481-7000,Acute Care Hospitals,Government - Hospital District or Authority,322,163
10114,"MEDICAL WEST, AN AFFILIATE OF UAB HEALTH SYSTEM",995 9TH AVENUE SOUTHWEST,(205) 481-7000,Acute Care Hospitals,Government - Hospital District or Authority,445,40
10114,"MEDICAL WEST, AN AFFILIATE OF UAB HEALTH SYSTEM",995 9TH AVENUE SOUTHWEST,(205) 481-7000,Acute Care Hospitals,Government - Hospital District or Authority,360,125
10114,"MEDICAL WEST, AN AFFILIATE OF UAB HEALTH SYSTEM",995 9TH AVENUE SOUTHWEST,(205) 481-7000,Acute Care Hospitals,Government - Hospital District or Authority,435,50
10114,"MEDICAL WEST, AN AFFILIATE OF UAB HEALTH SYSTEM",995 9TH AVENUE SOUTHWEST,(205) 481-7000,Acute Care Hospitals,Government - Hospital District or Authority,333,152
10114,"MEDICAL WEST, AN AFFILIATE OF UAB HEALTH SYSTEM",995 9TH AVENUE SOUTHWEST,(205) 481-7000,Acute Care Hospitals,Government - Hospital District or Authority,344,141
10114,"MEDICAL WEST, AN AFFILIATE OF UAB HEALTH SYSTEM",995 9TH AVENUE SOUTHWEST,(205) 481-7000,Acute Care Hospitals,Government - Hospital District or Authority,301,184
10114,"MEDICAL WEST, AN AFFILIATE OF UAB HEALTH SYSTEM",995 9TH AVENUE SOUTHWEST,(205) 481-7000,Acute Care Hospitals,Government - Hospital District or Authority,334,151
10114,"MEDICAL WEST, AN AFFILIATE OF UAB HEALTH SYSTEM",995 9TH AVENUE SOUTHWEST,(205) 481-7000,Acute Care Hospitals,Government - Hospital District or Authority,374,111
10114,"MEDICAL WEST, AN AFFILIATE OF UAB HEALTH SYSTEM",995 9TH AVENUE SOUTHWEST,(205) 481-7000,Acute Care Hospitals,Government - Hospital District or Authority,451,34
10114,"MEDICAL WEST, AN AFFILIATE OF UAB HEALTH SYSTEM",995 9TH AVENUE SOUTHWEST,(205) 481-7000,Acute Care Hospitals,Government - Hospital District or Authority,357,128
10114,"MEDICAL WEST, AN AFFILIATE OF UAB HEALTH SYSTEM",995 9TH AVENUE SOUTHWEST,(205) 481-7000,Acute Care Hospitals,Government - Hospital District or Authority,399,86
10114,"MEDICAL WEST, AN AFFILIATE OF UAB HEALTH SYSTEM",995 9TH AVENUE SOUTHWEST,(205) 481-7000,Acute Care Hospitals,Government - Hospital District or Authority,363,122
10114,"MEDICAL WEST, AN AFFILIATE OF UAB HEALTH SYSTEM",995 9TH AVENUE SOUTHWEST,(205) 481-7000,Acute Care Hospitals,Government - Hospital District or Authority,298,187
10114,"MEDICAL WEST, AN AFFILIATE OF UAB HEALTH SYSTEM",995 9TH AVENUE SOUTHWEST,(205) 481-7000,Acute Care Hospitals,Government - Hospital District or Authority,376,109
10114,"MEDICAL WEST, AN AFFILIATE OF UAB HEALTH SYSTEM",995 9TH AVENUE SOUTHWEST,(205) 481-7000,Acute Care Hospitals,Government - Hospital District or Authority,302,183
10114,"MEDICAL WEST, AN AFFILIATE OF UAB HEALTH SYSTEM",995 9TH AVENUE SOUTHWEST,(205) 481-7000,Acute Care Hospitals,Government - Hospital District or Authority,441,44
10114,"MEDICAL WEST, AN AFFILIATE OF UAB HEALTH SYSTEM",995 9TH AVENUE SOUTHWEST,(205) 481-7000,Acute Care Hospitals,Government - Hospital District or Authority,418,67
10114,"MEDICAL WEST, AN AFFILIATE OF UAB HEALTH SYSTEM",995 9TH AVENUE SOUTHWEST,(205) 481-7000,Acute Care Hospitals,Government - Hospital District or Authority,355,130
10114,"MEDICAL WEST, AN AFFILIATE OF UAB HEALTH SYSTEM",995 9TH AVENUE SOUTHWEST,(205) 481-7000,Acute Care Hospitals,Government - Hospital District or Authority,399,86
10114,"MEDICAL WEST, AN AFFILIATE OF UAB HEALTH SYSTEM",995 9TH AVENUE SOUTHWEST,(205) 481-7000,Acute Care Hospitals,Government - Hospital District or Authority,310,175
10114,"MEDICAL WEST, AN AFFILIATE OF UAB HEALTH SYSTEM",995 9TH AVENUE SOUTHWEST,(205) 481-7000,Acute Care Hospitals,Government - Hospital District or Authority,410,75
10114,"MEDICAL WEST, AN AFFILIATE OF UAB HEALTH SYSTEM",995 9TH AVENUE SOUTHWEST,(205) 481-7000,Acute Care Hospitals,Government - Hospital District or Authority,430,55
10114,"MEDICAL WEST, AN AFFILIATE OF UAB HEALTH SYSTEM",995 9TH AVENUE SOUTHWEST,(205) 481-7000,Acute Care Hospitals,Government - Hospital District or Authority,430,55
10114,"MEDICAL WEST, AN AFFILIATE OF UAB HEALTH SYSTEM",995 9TH AVENUE SOUTHWEST,(205) 481-7000,Acute Care Hospitals,Government - Hospital District or Authority,339,146
10114,"MEDICAL WEST, AN AFFILIATE OF UAB HEALTH SYSTEM",995 9TH AVENUE SOUTHWEST,(205) 481-7000,Acute Care Hospitals,Government - Hospital District or Authority,335,150
10114,"MEDICAL WEST, AN AFFILIATE OF UAB HEALTH SYSTEM",995 9TH AVENUE SOUTHWEST,(205) 481-7000,Acute Care Hospitals,Government - Hospital District or Authority,379,106
10114,"MEDICAL WEST, AN AFFILIATE OF UAB HEALTH SYSTEM",995 9TH AVENUE SOUTHWEST,(205) 481-7000,Acute Care Hospitals,Government - Hospital District or Authority,455,30
10114,"MEDICAL WEST, AN AFFILIATE OF UAB HEALTH SYSTEM",995 9TH AVENUE SOUTHWEST,(205) 481-7000,Acute Care Hospitals,Government - Hospital District or Authority,447,38
10114,"MEDICAL WEST, AN AFFILIATE OF UAB HEALTH SYSTEM",995 9TH AVENUE SOUTHWEST,(205) 481-7000,Acute Care Hospitals,Government - Hospital District or Authority,352,133
10114,"MEDICAL WEST, AN AFFILIATE OF UAB HEALTH SYSTEM",995 9TH AVENUE SOUTHWEST,(205) 481-7000,Acute Care Hospitals,Government - Hospital District or Authority,423,62
10114,"MEDICAL WEST, AN AFFILIATE OF UAB HEALTH SYSTEM",995 9TH AVENUE SOUTHWEST,(205) 481-7000,Acute Care Hospitals,Government - Hospital District or Authority,447,38
10114,"MEDICAL WEST, AN AFFILIATE OF UAB HEALTH SYSTEM",995 9TH AVENUE SOUTHWEST,(205) 481-7000,Acute Care Hospitals,Government - Hospital District or Authority,335,150
10114,"MEDICAL WEST, AN AFFILIATE OF UAB HEALTH SYSTEM",995 9TH AVENUE SOUTHWEST,(205) 481-7000,Acute Care Hospitals,Government - Hospital District or Authority,431,54
10114,"MEDICAL WEST, AN AFFILIATE OF UAB HEALTH SYSTEM",995 9TH AVENUE SOUTHWEST,(205) 481-7000,Acute Care Hospitals,Government - Hospital District or Authority,336,149
10114,"MEDICAL WEST, AN AFFILIATE OF UAB HEALTH SYSTEM",995 9TH AVENUE SOUTHWEST,(205) 481-7000,Acute Care Hospitals,Government - Hospital District or Authority,349,136
10114,"MEDICAL WEST, AN AFFILIATE OF UAB HEALTH SYSTEM",995 9TH AVENUE SOUTHWEST,(205) 481-7000,Acute Care Hospitals,Government - Hospital District or Authority,324,161
10114,"MEDICAL WEST, AN AFFILIATE OF UAB HEALTH SYSTEM",995 9TH AVENUE SOUTHWEST,(205) 481-7000,Acute Care Hospitals,Government - Hospital District or Authority,377,108
10114,"MEDICAL WEST, AN AFFILIATE OF UAB HEALTH SYSTEM",995 9TH AVENUE SOUTHWEST,(205) 481-7000,Acute Care Hospitals,Government - Hospital District or Authority,434,51
10114,"MEDICAL WEST, AN AFFILIATE OF UAB HEALTH SYSTEM",995 9TH AVENUE SOUTHWEST,(205) 481-7000,Acute Care Hospitals,Government - Hospital District or Authority,380,105
10114,"MEDICAL WEST, AN AFFILIATE OF UAB HEALTH SYSTEM",995 9TH AVENUE SOUTHWEST,(205) 481-7000,Acute Care Hospitals,Government - Hospital District or Authority,311,174
10114,"MEDICAL WEST, AN AFFILIATE OF UAB HEALTH SYSTEM",995 9TH AVENUE SOUTHWEST,(205) 481-7000,Acute Care Hospitals,Government - Hospital District or Authority,333,152
10114,"MEDICAL WEST, AN AFFILIATE OF UAB HEALTH SYSTEM",995 9TH AVENUE SOUTHWEST,(205) 481-7000,Acute Care Hospitals,Government - Hospital District or Authority,386,99
10114,"MEDICAL WEST, AN AFFILIATE OF UAB HEALTH SYSTEM",995 9TH AVENUE SOUTHWEST,(205) 481-7000,Acute Care Hospitals,Government - Hospital District or Authority,389,96
10114,"MEDICAL WEST, AN AFFILIATE OF UAB HEALTH SYSTEM",995 9TH AVENUE SOUTHWEST,(205) 481-7000,Acute Care Hospitals,Government - Hospital District or Authority,388,97
10114,"MEDICAL WEST, AN AFFILIATE OF UAB HEALTH SYSTEM",995 9TH AVENUE SOUTHWEST,(205) 481-7000,Acute Care Hospitals,Government - Hospital District or Authority,304,181
10114,"MEDICAL WEST, AN AFFILIATE OF UAB HEALTH SYSTEM",995 9TH AVENUE SOUTHWEST,(205) 481-7000,Acute Care Hospitals,Government - Hospital District or Authority,418,67
10114,"MEDICAL WEST, AN AFFILIATE OF UAB HEALTH SYSTEM",995 9TH AVENUE SOUTHWEST,(205) 481-7000,Acute Care Hospitals,Government - Hospital District or Authority,445,40
10114,"MEDICAL WEST, AN AFFILIATE OF UAB HEALTH SYSTEM",995 9TH AVENUE SOUTHWEST,(205) 481-7000,Acute Care Hospitals,Government - Hospital District or Authority,377,108
10114,"MEDICAL WEST, AN AFFILIATE OF UAB HEALTH SYSTEM",995 9TH AVENUE SOUTHWEST,(205) 481-7000,Acute Care Hospitals,Government - Hospital District or Authority,413,72
10114,"MEDICAL WEST, AN AFFILIATE OF UAB HEALTH SYSTEM",995 9TH AVENUE SOUTHWEST,(205) 481-7000,Acute Care Hospitals,Government - Hospital District or Authority,446,39
10114,"MEDICAL WEST, AN AFFILIATE OF UAB HEALTH SYSTEM",995 9TH AVENUE SOUTHWEST,(205) 481-7000,Acute Care Hospitals,Government - Hospital District or Authority,400,85
10114,"MEDICAL WEST, AN AFFILIATE OF UAB HEALTH SYSTEM",995 9TH AVENUE SOUTHWEST,(205) 481-7000,Acute Care Hospitals,Government - Hospital District or Authority,405,80
10114,"MEDICAL WEST, AN AFFILIATE OF UAB HEALTH SYSTEM",995 9TH AVENUE SOUTHWEST,(205) 481-7000,Acute Care Hospitals,Government - Hospital District or Authority,413,72
10114,"MEDICAL WEST, AN AFFILIATE OF UAB HEALTH SYSTEM",995 9TH AVENUE SOUTHWEST,(205) 481-7000,Acute Care Hospitals,Government - Hospital District or Authority,335,150
10114,"MEDICAL WEST, AN AFFILIATE OF UAB HEALTH SYSTEM",995 9TH AVENUE SOUTHWEST,(205) 481-7000,Acute Care Hospitals,Government - Hospital District or Authority,389,96
10114,"MEDICAL WEST, AN AFFILIATE OF UAB HEALTH SYSTEM",995 9TH AVENUE SOUTHWEST,(205) 481-7000,Acute Care Hospitals,Government - Hospital District or Authority,433,52
10114,"MEDICAL WEST, AN AFFILIATE OF UAB HEALTH SYSTEM",995 9TH AVENUE SOUTHWEST,(205) 481-7000,Acute Care Hospitals,Government - Hospital District or Authority,341,144
10114,"MEDICAL WEST, AN AFFILIATE OF UAB HEALTH SYSTEM",995 9TH AVENUE SOUTHWEST,(205) 481-7000,Acute Care Hospitals,Government - Hospital District or Authority,443,42
10114,"MEDICAL WEST, AN AFFILIATE OF UAB HEALTH SYSTEM",995 9TH AVENUE SOUTHWEST,(205) 481-7000,Acute Care Hospitals,Government - Hospital District or Authority,396,89
10114,"MEDICAL WEST, AN AFFILIATE OF UAB HEALTH SYSTEM",995 9TH AVENUE SOUTHWEST,(205) 481-7000,Acute Care Hospitals,Government - Hospital District or Authority,362,123
10114,"MEDICAL WEST, AN AFFILIATE OF UAB HEALTH SYSTEM",995 9TH AVENUE SOUTHWEST,(205) 481-7000,Acute Care Hospitals,Government - Hospital District or Authority,396,89
10114,"MEDICAL WEST, AN AFFILIATE OF UAB HEALTH SYSTEM",995 9TH AVENUE SOUTHWEST,(205) 481-7000,Acute Care Hospitals,Government - Hospital District or Authority,359,126
10114,"MEDICAL WEST, AN AFFILIATE OF UAB HEALTH SYSTEM",995 9TH AVENUE SOUTHWEST,(205) 481-7000,Acute Care Hospitals,Government - Hospital District or Authority,433,52
10114,"MEDICAL WEST, AN AFFILIATE OF UAB HEALTH SYSTEM",995 9TH AVENUE SOUTHWEST,(205) 481-7000,Acute Care Hospitals,Government - Hospital District or Authority,372,113
10114,"MEDICAL WEST, AN AFFILIATE OF UAB HEALTH SYSTEM",995 9TH AVENUE SOUTHWEST,(205) 481-7000,Acute Care Hospitals,Government - Hospital District or Authority,443,42
10114,"MEDICAL WEST, AN AFFILIATE OF UAB HEALTH SYSTEM",995 9TH AVENUE SOUTHWEST,(205) 481-7000,Acute Care Hospitals,Government - Hospital District or Authority,377,108
10114,"MEDICAL WEST, AN AFFILIATE OF UAB HEALTH SYSTEM",995 9TH AVENUE SOUTHWEST,(205) 481-7000,Acute Care Hospitals,Government - Hospital District or Authority,403,82
10114,"MEDICAL WEST, AN AFFILIATE OF UAB HEALTH SYSTEM",995 9TH AVENUE SOUTHWEST,(205) 481-7000,Acute Care Hospitals,Government - Hospital District or Authority,460,25
10114,"MEDICAL WEST, AN AFFILIATE OF UAB HEALTH SYSTEM",995 9TH AVENUE SOUTHWEST,(205) 481-7000,Acute Care Hospitals,Government - Hospital District or Authority,315,170
10114,"MEDICAL WEST, AN AFFILIATE OF UAB HEALTH SYSTEM",995 9TH AVENUE SOUTHWEST,(205) 481-7000,Acute Care Hospitals,Government - Hospital District or Authority,416,69
10114,"MEDICAL WEST, AN AFFILIATE OF UAB HEALTH SYSTEM",995 9TH AVENUE SOUTHWEST,(205) 481-7000,Acute Care Hospitals,Government - Hospital District or Authority,314,171
10114,"MEDICAL WEST, AN AFFILIATE OF UAB HEALTH SYSTEM",995 9TH AVENUE SOUTHWEST,(205) 481-7000,Acute Care Hospitals,Government - Hospital District or Authority,433,52
10114,"MEDICAL WEST, AN AFFILIATE OF UAB HEALTH SYSTEM",995 9TH AVENUE SOUTHWEST,(205) 481-7000,Acute Care Hospitals,Government - Hospital District or Authority,392,93
10114,"MEDICAL WEST, AN AFFILIATE OF UAB HEALTH SYSTEM",995 9TH AVENUE SOUTHWEST,(205) 481-7000,Acute Care Hospitals,Government - Hospital District or Authority,450,35
10114,"MEDICAL WEST, AN AFFILIATE OF UAB HEALTH SYSTEM",995 9TH AVENUE SOUTHWEST,(205) 481-7000,Acute Care Hospitals,Government - Hospital District or Authority,437,48
10114,"MEDICAL WEST, AN AFFILIATE OF UAB HEALTH SYSTEM",995 9TH AVENUE SOUTHWEST,(205) 481-7000,Acute Care Hospitals,Government - Hospital District or Authority,303,182
10114,"MEDICAL WEST, AN AFFILIATE OF UAB HEALTH SYSTEM",995 9TH AVENUE SOUTHWEST,(205) 481-7000,Acute Care Hospitals,Government - Hospital District or Authority,314,171
10114,"MEDICAL WEST, AN AFFILIATE OF UAB HEALTH SYSTEM",995 9TH AVENUE SOUTHWEST,(205) 481-7000,Acute Care Hospitals,Government - Hospital District or Authority,393,92
10114,"MEDICAL WEST, AN AFFILIATE OF UAB HEALTH SYSTEM",995 9TH AVENUE SOUTHWEST,(205) 481-7000,Acute Care Hospitals,Government - Hospital District or Authority,378,107
10114,"MEDICAL WEST, AN AFFILIATE OF UAB HEALTH SYSTEM",995 9TH AVENUE SOUTHWEST,(205) 481-7000,Acute Care Hospitals,Government - Hospital District or Authority,319,166
10114,"MEDICAL WEST, AN AFFILIATE OF UAB HEALTH SYSTEM",995 9TH AVENUE SOUTHWEST,(205) 481-7000,Acute Care Hospitals,Government - Hospital District or Authority,312,173
10114,"MEDICAL WEST, AN AFFILIATE OF UAB HEALTH SYSTEM",995 9TH AVENUE SOUTHWEST,(205) 481-7000,Acute Care Hospitals,Government - Hospital District or Authority,386,99
10114,"MEDICAL WEST, AN AFFILIATE OF UAB HEALTH SYSTEM",995 9TH AVENUE SOUTHWEST,(205) 481-7000,Acute Care Hospitals,Government - Hospital District or Authority,299,186
10114,"MEDICAL WEST, AN AFFILIATE OF UAB HEALTH SYSTEM",995 9TH AVENUE SOUTHWEST,(205) 481-7000,Acute Care Hospitals,Government - Hospital District or Authority,439,46
10114,"MEDICAL WEST, AN AFFILIATE OF UAB HEALTH SYSTEM",995 9TH AVENUE SOUTHWEST,(205) 481-7000,Acute Care Hospitals,Government - Hospital District or Authority,428,57
10114,"MEDICAL WEST, AN AFFILIATE OF UAB HEALTH SYSTEM",995 9TH AVENUE SOUTHWEST,(205) 481-7000,Acute Care Hospitals,Government - Hospital District or Authority,424,61
10114,"MEDICAL WEST, AN AFFILIATE OF UAB HEALTH SYSTEM",995 9TH AVENUE SOUTHWEST,(205) 481-7000,Acute Care Hospitals,Government - Hospital District or Authority,293,192
10114,"MEDICAL WEST, AN AFFILIATE OF UAB HEALTH SYSTEM",995 9TH AVENUE SOUTHWEST,(205) 481-7000,Acute Care Hospitals,Government - Hospital District or Authority,299,186
10114,"MEDICAL WEST, AN AFFILIATE OF UAB HEALTH SYSTEM",995 9TH AVENUE SOUTHWEST,(205) 481-7000,Acute Care Hospitals,Government - Hospital District or Authority,384,101
10114,"MEDICAL WEST, AN AFFILIATE OF UAB HEALTH SYSTEM",995 9TH AVENUE SOUTHWEST,(205) 481-7000,Acute Care Hospitals,Government - Hospital District or Authority,459,26
10114,"MEDICAL WEST, AN AFFILIATE OF UAB HEALTH SYSTEM",995 9TH AVENUE SOUTHWEST,(205) 481-7000,Acute Care Hospitals,Government - Hospital District or Authority,349,136
10114,"MEDICAL WEST, AN AFFILIATE OF UAB HEALTH SYSTEM",995 9TH AVENUE SOUTHWEST,(205) 481-7000,Acute Care Hospitals,Government - Hospital District or Authority,349,136
10114,"MEDICAL WEST, AN AFFILIATE OF UAB HEALTH SYSTEM",995 9TH AVENUE SOUTHWEST,(205) 481-7000,Acute Care Hospitals,Government - Hospital District or Authority,313,172
10114,"MEDICAL WEST, AN AFFILIATE OF UAB HEALTH SYSTEM",995 9TH AVENUE SOUTHWEST,(205) 481-7000,Acute Care Hospitals,Government - Hospital District or Authority,405,80
10114,"MEDICAL WEST, AN AFFILIATE OF UAB HEALTH SYSTEM",995 9TH AVENUE SOUTHWEST,(205) 481-7000,Acute Care Hospitals,Government - Hospital District or Authority,400,85
10114,"MEDICAL WEST, AN AFFILIATE OF UAB HEALTH SYSTEM",995 9TH AVENUE SOUTHWEST,(205) 481-7000,Acute Care Hospitals,Government - Hospital District or Authority,308,177
10114,"MEDICAL WEST, AN AFFILIATE OF UAB HEALTH SYSTEM",995 9TH AVENUE SOUTHWEST,(205) 481-7000,Acute Care Hospitals,Government - Hospital District or Authority,370,115
10114,"MEDICAL WEST, AN AFFILIATE OF UAB HEALTH SYSTEM",995 9TH AVENUE SOUTHWEST,(205) 481-7000,Acute Care Hospitals,Government - Hospital District or Authority,404,81
10114,"MEDICAL WEST, AN AFFILIATE OF UAB HEALTH SYSTEM",995 9TH AVENUE SOUTHWEST,(205) 481-7000,Acute Care Hospitals,Government - Hospital District or Authority,374,111
10114,"MEDICAL WEST, AN AFFILIATE OF UAB HEALTH SYSTEM",995 9TH AVENUE SOUTHWEST,(205) 481-7000,Acute Care Hospitals,Government - Hospital District or Authority,405,80
10114,"MEDICAL WEST, AN AFFILIATE OF UAB HEALTH SYSTEM",995 9TH AVENUE SOUTHWEST,(205) 481-7000,Acute Care Hospitals,Government - Hospital District or Authority,429,56
10114,"MEDICAL WEST, AN AFFILIATE OF UAB HEALTH SYSTEM",995 9TH AVENUE SOUTHWEST,(205) 481-7000,Acute Care Hospitals,Government - Hospital District or Authority,407,78
10114,"MEDICAL WEST, AN AFFILIATE OF UAB HEALTH SYSTEM",995 9TH AVENUE SOUTHWEST,(205) 481-7000,Acute Care Hospitals,Government - Hospital District or Authority,395,90
10114,"MEDICAL WEST, AN AFFILIATE OF UAB HEALTH SYSTEM",995 9TH AVENUE SOUTHWEST,(205) 481-7000,Acute Care Hospitals,Government - Hospital District or Authority,435,50
10114,"MEDICAL WEST, AN AFFILIATE OF UAB HEALTH SYSTEM",995 9TH AVENUE SOUTHWEST,(205) 481-7000,Acute Care Hospitals,Government - Hospital District or Authority,443,42
10114,"MEDICAL WEST, AN AFFILIATE OF UAB HEALTH SYSTEM",995 9TH AVENUE SOUTHWEST,(205) 481-7000,Acute Care Hospitals,Government - Hospital District or Authority,357,128
10114,"MEDICAL WEST, AN AFFILIATE OF UAB HEALTH SYSTEM",995 9TH AVENUE SOUTHWEST,(205) 481-7000,Acute Care Hospitals,Government - Hospital District or Authority,320,165
10114,"MEDICAL WEST, AN AFFILIATE OF UAB HEALTH SYSTEM",995 9TH AVENUE SOUTHWEST,(205) 481-7000,Acute Care Hospitals,Government - Hospital District or Authority,429,56
10114,"MEDICAL WEST, AN AFFILIATE OF UAB HEALTH SYSTEM",995 9TH AVENUE SOUTHWEST,(205) 481-7000,Acute Care Hospitals,Government - Hospital District or Authority,327,158
10114,"MEDICAL WEST, AN AFFILIATE OF UAB HEALTH SYSTEM",995 9TH AVENUE SOUTHWEST,(205) 481-7000,Acute Care Hospitals,Government - Hospital District or Authority,448,37
10114,"MEDICAL WEST, AN AFFILIATE OF UAB HEALTH SYSTEM",995 9TH AVENUE SOUTHWEST,(205) 481-7000,Acute Care Hospitals,Government - Hospital District or Authority,294,191
10114,"MEDICAL WEST, AN AFFILIATE OF UAB HEALTH SYSTEM",995 9TH AVENUE SOUTHWEST,(205) 481-7000,Acute Care Hospitals,Government - Hospital District or Authority,447,38
10114,"MEDICAL WEST, AN AFFILIATE OF UAB HEALTH SYSTEM",995 9TH AVENUE SOUTHWEST,(205) 481-7000,Acute Care Hospitals,Government - Hospital District or Authority,391,94
10114,"MEDICAL WEST, AN AFFILIATE OF UAB HEALTH SYSTEM",995 9TH AVENUE SOUTHWEST,(205) 481-7000,Acute Care Hospitals,Government - Hospital District or Authority,422,63
10114,"MEDICAL WEST, AN AFFILIATE OF UAB HEALTH SYSTEM",995 9TH AVENUE SOUTHWEST,(205) 481-7000,Acute Care Hospitals,Government - Hospital District or Authority,358,127
10114,"MEDICAL WEST, AN AFFILIATE OF UAB HEALTH SYSTEM",995 9TH AVENUE SOUTHWEST,(205) 481-7000,Acute Care Hospitals,Government - Hospital District or Authority,459,26
10114,"MEDICAL WEST, AN AFFILIATE OF UAB HEALTH SYSTEM",995 9TH AVENUE SOUTHWEST,(205) 481-7000,Acute Care Hospitals,Government - Hospital District or Authority,329,156
10114,"MEDICAL WEST, AN AFFILIATE OF UAB HEALTH SYSTEM",995 9TH AVENUE SOUTHWEST,(205) 481-7000,Acute Care Hospitals,Government - Hospital District or Authority,335,150
10114,"MEDICAL WEST, AN AFFILIATE OF UAB HEALTH SYSTEM",995 9TH AVENUE SOUTHWEST,(205) 481-7000,Acute Care Hospitals,Government - Hospital District or Authority,299,186
10114,"MEDICAL WEST, AN AFFILIATE OF UAB HEALTH SYSTEM",995 9TH AVENUE SOUTHWEST,(205) 481-7000,Acute Care Hospitals,Government - Hospital District or Authority,450,35
10114,"MEDICAL WEST, AN AFFILIATE OF UAB HEALTH SYSTEM",995 9TH AVENUE SOUTHWEST,(205) 481-7000,Acute Care Hospitals,Government - Hospital District or Authority,368,117
10114,"MEDICAL WEST, AN AFFILIATE OF UAB HEALTH SYSTEM",995 9TH AVENUE SOUTHWEST,(205) 481-7000,Acute Care Hospitals,Government - Hospital District or Authority,405,80
10114,"MEDICAL WEST, AN AFFILIATE OF UAB HEALTH SYSTEM",995 9TH AVENUE SOUTHWEST,(205) 481-7000,Acute Care Hospitals,Government - Hospital District or Authority,407,78
10114,"MEDICAL WEST, AN AFFILIATE OF UAB HEALTH SYSTEM",995 9TH AVENUE SOUTHWEST,(205) 481-7000,Acute Care Hospitals,Government - Hospital District or Authority,439,46
10114,"MEDICAL WEST, AN AFFILIATE OF UAB HEALTH SYSTEM",995 9TH AVENUE SOUTHWEST,(205) 481-7000,Acute Care Hospitals,Government - Hospital District or Authority,403,82
10114,"MEDICAL WEST, AN AFFILIATE OF UAB HEALTH SYSTEM",995 9TH AVENUE SOUTHWEST,(205) 481-7000,Acute Care Hospitals,Government - Hospital District or Authority,386,99
10114,"MEDICAL WEST, AN AFFILIATE OF UAB HEALTH SYSTEM",995 9TH AVENUE SOUTHWEST,(205) 481-7000,Acute Care Hospitals,Government - Hospital District or Authority,411,74
10114,"MEDICAL WEST, AN AFFILIATE OF UAB HEALTH SYSTEM",995 9TH AVENUE SOUTHWEST,(205) 481-7000,Acute Care Hospitals,Government - Hospital District or Authority,418,67
10114,"MEDICAL WEST, AN AFFILIATE OF UAB HEALTH SYSTEM",995 9TH AVENUE SOUTHWEST,(205) 481-7000,Acute Care Hospitals,Government - Hospital District or Authority,322,163
10114,"MEDICAL WEST, AN AFFILIATE OF UAB HEALTH SYSTEM",995 9TH AVENUE SOUTHWEST,(205) 481-7000,Acute Care Hospitals,Government - Hospital District or Authority,309,176
10114,"MEDICAL WEST, AN AFFILIATE OF UAB HEALTH SYSTEM",995 9TH AVENUE SOUTHWEST,(205) 481-7000,Acute Care Hospitals,Government - Hospital District or Authority,303,182
10114,"MEDICAL WEST, AN AFFILIATE OF UAB HEALTH SYSTEM",995 9TH AVENUE SOUTHWEST,(205) 481-7000,Acute Care Hospitals,Government - Hospital District or Authority,354,131
10114,"MEDICAL WEST, AN AFFILIATE OF UAB HEALTH SYSTEM",995 9TH AVENUE SOUTHWEST,(205) 481-7000,Acute Care Hospitals,Government - Hospital District or Authority,375,110
10114,"MEDICAL WEST, AN AFFILIATE OF UAB HEALTH SYSTEM",995 9TH AVENUE SOUTHWEST,(205) 481-7000,Acute Care Hospitals,Government - Hospital District or Authority,395,90
10114,"MEDICAL WEST, AN AFFILIATE OF UAB HEALTH SYSTEM",995 9TH AVENUE SOUTHWEST,(205) 481-7000,Acute Care Hospitals,Government - Hospital District or Authority,453,32
10114,"MEDICAL WEST, AN AFFILIATE OF UAB HEALTH SYSTEM",995 9TH AVENUE SOUTHWEST,(205) 481-7000,Acute Care Hospitals,Government - Hospital District or Authority,347,138
10114,"MEDICAL WEST, AN AFFILIATE OF UAB HEALTH SYSTEM",995 9TH AVENUE SOUTHWEST,(205) 481-7000,Acute Care Hospitals,Government - Hospital District or Authority,420,65
10114,"MEDICAL WEST, AN AFFILIATE OF UAB HEALTH SYSTEM",995 9TH AVENUE SOUTHWEST,(205) 481-7000,Acute Care Hospitals,Government - Hospital District or Authority,381,104
10114,"MEDICAL WEST, AN AFFILIATE OF UAB HEALTH SYSTEM",995 9TH AVENUE SOUTHWEST,(205) 481-7000,Acute Care Hospitals,Government - Hospital District or Authority,328,157
10114,"MEDICAL WEST, AN AFFILIATE OF UAB HEALTH SYSTEM",995 9TH AVENUE SOUTHWEST,(205) 481-7000,Acute Care Hospitals,Government - Hospital District or Authority,395,90
10114,"MEDICAL WEST, AN AFFILIATE OF UAB HEALTH SYSTEM",995 9TH AVENUE SOUTHWEST,(205) 481-7000,Acute Care Hospitals,Government - Hospital District or Authority,455,30
10114,"MEDICAL WEST, AN AFFILIATE OF UAB HEALTH SYSTEM",995 9TH AVENUE SOUTHWEST,(205) 481-7000,Acute Care Hospitals,Government - Hospital District or Authority,312,173
10114,"MEDICAL WEST, AN AFFILIATE OF UAB HEALTH SYSTEM",995 9TH AVENUE SOUTHWEST,(205) 481-7000,Acute Care Hospitals,Government - Hospital District or Authority,377,108
10114,"MEDICAL WEST, AN AFFILIATE OF UAB HEALTH SYSTEM",995 9TH AVENUE SOUTHWEST,(205) 481-7000,Acute Care Hospitals,Government - Hospital District or Authority,299,186
10114,"MEDICAL WEST, AN AFFILIATE OF UAB HEALTH SYSTEM",995 9TH AVENUE SOUTHWEST,(205) 481-7000,Acute Care Hospitals,Government - Hospital District or Authority,345,140
10114,"MEDICAL WEST, AN AFFILIATE OF UAB HEALTH SYSTEM",995 9TH AVENUE SOUTHWEST,(205) 481-7000,Acute Care Hospitals,Government - Hospital District or Authority,396,89
10114,"MEDICAL WEST, AN AFFILIATE OF UAB HEALTH SYSTEM",995 9TH AVENUE SOUTHWEST,(205) 481-7000,Acute Care Hospitals,Government - Hospital District or Authority,433,52
10114,"MEDICAL WEST, AN AFFILIATE OF UAB HEALTH SYSTEM",995 9TH AVENUE SOUTHWEST,(205) 481-7000,Acute Care Hospitals,Government - Hospital District or Authority,414,71
10114,"MEDICAL WEST, AN AFFILIATE OF UAB HEALTH SYSTEM",995 9TH AVENUE SOUTHWEST,(205) 481-7000,Acute Care Hospitals,Government - Hospital District or Authority,369,116
10114,"MEDICAL WEST, AN AFFILIATE OF UAB HEALTH SYSTEM",995 9TH AVENUE SOUTHWEST,(205) 481-7000,Acute Care Hospitals,Government - Hospital District or Authority,445,40
10114,"MEDICAL WEST, AN AFFILIATE OF UAB HEALTH SYSTEM",995 9TH AVENUE SOUTHWEST,(205) 481-7000,Acute Care Hospitals,Government - Hospital District or Authority,342,143
10114,"MEDICAL WEST, AN AFFILIATE OF UAB HEALTH SYSTEM",995 9TH AVENUE SOUTHWEST,(205) 481-7000,Acute Care Hospitals,Government - Hospital District or Authority,418,67
10114,"MEDICAL WEST, AN AFFILIATE OF UAB HEALTH SYSTEM",995 9TH AVENUE SOUTHWEST,(205) 481-7000,Acute Care Hospitals,Government - Hospital District or Authority,371,114
10114,"MEDICAL WEST, AN AFFILIATE OF UAB HEALTH SYSTEM",995 9TH AVENUE SOUTHWEST,(205) 481-7000,Acute Care Hospitals,Government - Hospital District or Authority,443,42
10114,"MEDICAL WEST, AN AFFILIATE OF UAB HEALTH SYSTEM",995 9TH AVENUE SOUTHWEST,(205) 481-7000,Acute Care Hospitals,Government - Hospital District or Authority,426,59
10114,"MEDICAL WEST, AN AFFILIATE OF UAB HEALTH SYSTEM",995 9TH AVENUE SOUTHWEST,(205) 481-7000,Acute Care Hospitals,Government - Hospital District or Authority,444,41
10114,"MEDICAL WEST, AN AFFILIATE OF UAB HEALTH SYSTEM",995 9TH AVENUE SOUTHWEST,(205) 481-7000,Acute Care Hospitals,Government - Hospital District or Authority,327,158
10114,"MEDICAL WEST, AN AFFILIATE OF UAB HEALTH SYSTEM",995 9TH AVENUE SOUTHWEST,(205) 481-7000,Acute Care Hospitals,Government - Hospital District or Authority,404,81
10114,"MEDICAL WEST, AN AFFILIATE OF UAB HEALTH SYSTEM",995 9TH AVENUE SOUTHWEST,(205) 481-7000,Acute Care Hospitals,Government - Hospital District or Authority,416,69
10114,"MEDICAL WEST, AN AFFILIATE OF UAB HEALTH SYSTEM",995 9TH AVENUE SOUTHWEST,(205) 481-7000,Acute Care Hospitals,Government - Hospital District or Authority,417,68
10114,"MEDICAL WEST, AN AFFILIATE OF UAB HEALTH SYSTEM",995 9TH AVENUE SOUTHWEST,(205) 481-7000,Acute Care Hospitals,Government - Hospital District or Authority,376,109
10114,"MEDICAL WEST, AN AFFILIATE OF UAB HEALTH SYSTEM",995 9TH AVENUE SOUTHWEST,(205) 481-7000,Acute Care Hospitals,Government - Hospital District or Authority,292,193
10114,"MEDICAL WEST, AN AFFILIATE OF UAB HEALTH SYSTEM",995 9TH AVENUE SOUTHWEST,(205) 481-7000,Acute Care Hospitals,Government - Hospital District or Authority,335,150
10114,"MEDICAL WEST, AN AFFILIATE OF UAB HEALTH SYSTEM",995 9TH AVENUE SOUTHWEST,(205) 481-7000,Acute Care Hospitals,Government - Hospital District or Authority,345,140
10114,"MEDICAL WEST, AN AFFILIATE OF UAB HEALTH SYSTEM",995 9TH AVENUE SOUTHWEST,(205) 481-7000,Acute Care Hospitals,Government - Hospital District or Authority,435,50
10114,"MEDICAL WEST, AN AFFILIATE OF UAB HEALTH SYSTEM",995 9TH AVENUE SOUTHWEST,(205) 481-7000,Acute Care Hospitals,Government - Hospital District or Authority,433,52
10114,"MEDICAL WEST, AN AFFILIATE OF UAB HEALTH SYSTEM",995 9TH AVENUE SOUTHWEST,(205) 481-7000,Acute Care Hospitals,Government - Hospital District or Authority,308,177
10114,"MEDICAL WEST, AN AFFILIATE OF UAB HEALTH SYSTEM",995 9TH AVENUE SOUTHWEST,(205) 481-7000,Acute Care Hospitals,Government - Hospital District or Authority,452,33
10114,"MEDICAL WEST, AN AFFILIATE OF UAB HEALTH SYSTEM",995 9TH AVENUE SOUTHWEST,(205) 481-7000,Acute Care Hospitals,Government - Hospital District or Authority,321,164
10114,"MEDICAL WEST, AN AFFILIATE OF UAB HEALTH SYSTEM",995 9TH AVENUE SOUTHWEST,(205) 481-7000,Acute Care Hospitals,Government - Hospital District or Authority,361,124
10114,"MEDICAL WEST, AN AFFILIATE OF UAB HEALTH SYSTEM",995 9TH AVENUE SOUTHWEST,(205) 481-7000,Acute Care Hospitals,Government - Hospital District or Authority,327,158
10114,"MEDICAL WEST, AN AFFILIATE OF UAB HEALTH SYSTEM",995 9TH AVENUE SOUTHWEST,(205) 481-7000,Acute Care Hospitals,Government - Hospital District or Authority,437,48
10114,"MEDICAL WEST, AN AFFILIATE OF UAB HEALTH SYSTEM",995 9TH AVENUE SOUTHWEST,(205) 481-7000,Acute Care Hospitals,Government - Hospital District or Authority,418,67
10114,"MEDICAL WEST, AN AFFILIATE OF UAB HEALTH SYSTEM",995 9TH AVENUE SOUTHWEST,(205) 481-7000,Acute Care Hospitals,Government - Hospital District or Authority,351,134
10114,"MEDICAL WEST, AN AFFILIATE OF UAB HEALTH SYSTEM",995 9TH AVENUE SOUTHWEST,(205) 481-7000,Acute Care Hospitals,Government - Hospital District or Authority,406,79
10114,"MEDICAL WEST, AN AFFILIATE OF UAB HEALTH SYSTEM",995 9TH AVENUE SOUTHWEST,(205) 481-7000,Acute Care Hospitals,Government - Hospital District or Authority,322,163
10114,"MEDICAL WEST, AN AFFILIATE OF UAB HEALTH SYSTEM",995 9TH AVENUE SOUTHWEST,(205) 481-7000,Acute Care Hospitals,Government - Hospital District or Authority,355,130
10114,"MEDICAL WEST, AN AFFILIATE OF UAB HEALTH SYSTEM",995 9TH AVENUE SOUTHWEST,(205) 481-7000,Acute Care Hospitals,Government - Hospital District or Authority,355,130
10114,"MEDICAL WEST, AN AFFILIATE OF UAB HEALTH SYSTEM",995 9TH AVENUE SOUTHWEST,(205) 481-7000,Acute Care Hospitals,Government - Hospital District or Authority,331,154
10114,"MEDICAL WEST, AN AFFILIATE OF UAB HEALTH SYSTEM",995 9TH AVENUE SOUTHWEST,(205) 481-7000,Acute Care Hospitals,Government - Hospital District or Authority,439,46
10114,"MEDICAL WEST, AN AFFILIATE OF UAB HEALTH SYSTEM",995 9TH AVENUE SOUTHWEST,(205) 481-7000,Acute Care Hospitals,Government - Hospital District or Authority,406,79
10114,"MEDICAL WEST, AN AFFILIATE OF UAB HEALTH SYSTEM",995 9TH AVENUE SOUTHWEST,(205) 481-7000,Acute Care Hospitals,Government - Hospital District or Authority,338,147
10114,"MEDICAL WEST, AN AFFILIATE OF UAB HEALTH SYSTEM",995 9TH AVENUE SOUTHWEST,(205) 481-7000,Acute Care Hospitals,Government - Hospital District or Authority,332,153
10114,"MEDICAL WEST, AN AFFILIATE OF UAB HEALTH SYSTEM",995 9TH AVENUE SOUTHWEST,(205) 481-7000,Acute Care Hospitals,Government - Hospital District or Authority,294,191
10114,"MEDICAL WEST, AN AFFILIATE OF UAB HEALTH SYSTEM",995 9TH AVENUE SOUTHWEST,(205) 481-7000,Acute Care Hospitals,Government - Hospital District or Authority,349,136
10114,"MEDICAL WEST, AN AFFILIATE OF UAB HEALTH SYSTEM",995 9TH AVENUE SOUTHWEST,(205) 481-7000,Acute Care Hospitals,Government - Hospital District or Authority,380,105
10114,"MEDICAL WEST, AN AFFILIATE OF UAB HEALTH SYSTEM",995 9TH AVENUE SOUTHWEST,(205) 481-7000,Acute Care Hospitals,Government - Hospital District or Authority,338,147
