Facility ID,Facility Name,Address,Telephone Number,Hospital Type,Hospital Ownership,Active Beds,Inactive Beds
104001,SOUTH FLORIDA STATE HOSPITAL,800 E CYPRESS DR,(305) 967-7000,Psychiatric,Government - Local,289,192
104001,SOUTH FLORIDA STATE HOSPITAL,800 E CYPRESS DR,(305) 967-7000,Psychiatric,Government - Local,298,183
104001,SOUTH FLORIDA STATE HOSPITAL,800 E CYPRESS DR,(305) 967-7000,Psychiatric,Government - Local,433,48
104001,SOUTH FLORIDA STATE HOSPITAL,800 E CYPRESS DR,(305) 967-7000,Psychiatric,Government - Local,437,44
104001,SOUTH FLORIDA STATE HOSPITAL,800 E CYPRESS DR,(305) 967-7000,Psychiatric,Government - Local,410,71
104001,SOUTH FLORIDA STATE HOSPITAL,800 E CYPRESS DR,(305) 967-7000,Psychiatric,Government - Local,446,35
104001,SOUTH FLORIDA STATE HOSPITAL,800 E CYPRESS DR,(305) 967-7000,Psychiatric,Government - Local,382,99
104001,SOUTH FLORIDA STATE HOSPITAL,800 E CYPRESS DR,(305) 967-7000,Psychiatric,Government - Local,379,102
104001,SOUTH FLORIDA STATE HOSPITAL,800 E CYPRESS DR,(305) 967-7000,Psychiatric,Government - Local,346,135
104001,SOUTH FLORIDA STATE HOSPITAL,800 E CYPRESS DR,(305) 967-7000,Psychiatric,Government - Local,386,95
104001,SOUTH FLORIDA STATE HOSPITAL,800 E CYPRESS DR,(305) 967-7000,Psychiatric,Government - Local,317,164
104001,SOUTH FLORIDA STATE HOSPITAL,800 E CYPRESS DR,(305) 967-7000,Psychiatric,Government - Local,442,39
104001,SOUTH FLORIDA STATE HOSPITAL,800 E CYPRESS DR,(305) 967-7000,Psychiatric,Government - Local,408,73
104001,SOUTH FLORIDA STATE HOSPITAL,800 E CYPRESS DR,(305) 967-7000,Psychiatric,Government - Local,356,125
104001,SOUTH FLORIDA STATE HOSPITAL,800 E CYPRESS DR,(305) 967-7000,Psychiatric,Government - Local,374,107
104001,SOUTH FLORIDA STATE HOSPITAL,800 E CYPRESS DR,(305) 967-7000,Psychiatric,Government - Local,442,39
104001,SOUTH FLORIDA STATE HOSPITAL,800 E CYPRESS DR,(305) 967-7000,Psychiatric,Government - Local,389,92
104001,SOUTH FLORIDA STATE HOSPITAL,800 E CYPRESS DR,(305) 967-7000,Psychiatric,Government - Local,334,147
104001,SOUTH FLORIDA STATE HOSPITAL,800 E CYPRESS DR,(305) 967-7000,Psychiatric,Government - Local,318,163
104001,SOUTH FLORIDA STATE HOSPITAL,800 E CYPRESS DR,(305) 967-7000,Psychiatric,Government - Local,433,48
104001,SOUTH FLORIDA STATE HOSPITAL,800 E CYPRESS DR,(305) 967-7000,Psychiatric,Government - Local,385,96
104001,SOUTH FLORIDA STATE HOSPITAL,800 E CYPRESS DR,(305) 967-7000,Psychiatric,Government - Local,339,142
104001,SOUTH FLORIDA STATE HOSPITAL,800 E CYPRESS DR,(305) 967-7000,Psychiatric,Government - Local,332,149
104001,SOUTH FLORIDA STATE HOSPITAL,800 E CYPRESS DR,(305) 967-7000,Psychiatric,Government - Local,342,139
104001,SOUTH FLORIDA STATE HOSPITAL,800 E CYPRESS DR,(305) 967-7000,Psychiatric,Government - Local,338,143
104001,SOUTH FLORIDA STATE HOSPITAL,800 E CYPRESS DR,(305) 967-7000,Psychiatric,Government - Local,354,127
104001,SOUTH FLORIDA STATE HOSPITAL,800 E CYPRESS DR,(305) 967-7000,Psychiatric,Government - Local,326,155
104001,SOUTH FLORIDA STATE HOSPITAL,800 E CYPRESS DR,(305) 967-7000,Psychiatric,Government - Local,361,120
104001,SOUTH FLORIDA STATE HOSPITAL,800 E CYPRESS DR,(305) 967-7000,Psychiatric,Government - Local,398,83
104001,SOUTH FLORIDA STATE HOSPITAL,800 E CYPRESS DR,(305) 967-7000,Psychiatric,Government - Local,446,35
104001,SOUTH FLORIDA STATE HOSPITAL,800 E CYPRESS DR,(305) 967-7000,Psychiatric,Government - Local,368,113
104001,SOUTH FLORIDA STATE HOSPITAL,800 E CYPRESS DR,(305) 967-7000,Psychiatric,Government - Local,319,162
104001,SOUTH FLORIDA STATE HOSPITAL,800 E CYPRESS DR,(305) 967-7000,Psychiatric,Government - Local,355,126
104001,SOUTH FLORIDA STATE HOSPITAL,800 E CYPRESS DR,(305) 967-7000,Psychiatric,Government - Local,360,121
104001,SOUTH FLORIDA STATE HOSPITAL,800 E CYPRESS DR,(305) 967-7000,Psychiatric,Government - Local,298,183
104001,SOUTH FLORIDA STATE HOSPITAL,800 E CYPRESS DR,(305) 967-7000,Psychiatric,Government - Local,389,92
104001,SOUTH FLORIDA STATE HOSPITAL,800 E CYPRESS DR,(305) 967-7000,Psychiatric,Government - Local,323,158
104001,SOUTH FLORIDA STATE HOSPITAL,800 E CYPRESS DR,(305) 967-7000,Psychiatric,Government - Local,323,158
104001,SOUTH FLORIDA STATE HOSPITAL,800 E CYPRESS DR,(305) 967-7000,Psychiatric,Government - Local,352,129
104001,SOUTH FLORIDA STATE HOSPITAL,800 E CYPRESS DR,(305) 967-7000,Psychiatric,Government - Local,393,88
104001,SOUTH FLORIDA STATE HOSPITAL,800 E CYPRESS DR,(305) 967-7000,Psychiatric,Government - Local,373,108
104001,SOUTH FLORIDA STATE HOSPITAL,800 E CYPRESS DR,(305) 967-7000,Psychiatric,Government - Local,435,46
104001,SOUTH FLORIDA STATE HOSPITAL,800 E CYPRESS DR,(305) 967-7000,Psychiatric,Government - Local,372,109
104001,SOUTH FLORIDA STATE HOSPITAL,800 E CYPRESS DR,(305) 967-7000,Psychiatric,Government - Local,433,48
104001,SOUTH FLORIDA STATE HOSPITAL,800 E CYPRESS DR,(305) 967-7000,Psychiatric,Government - Local,396,85
104001,SOUTH FLORIDA STATE HOSPITAL,800 E CYPRESS DR,(305) 967-7000,Psychiatric,Government - Local,448,33
104001,SOUTH FLORIDA STATE HOSPITAL,800 E CYPRESS DR,(305) 967-7000,Psychiatric,Government - Local,329,152
104001,SOUTH FLORIDA STATE HOSPITAL,800 E CYPRESS DR,(305) 967-7000,Psychiatric,Government - Local,409,72
104001,SOUTH FLORIDA STATE HOSPITAL,800 E CYPRESS DR,(305) 967-7000,Psychiatric,Government - Local,388,93
104001,SOUTH FLORIDA STATE HOSPITAL,800 E CYPRESS DR,(305) 967-7000,Psychiatric,Government - Local,424,57
104001,SOUTH FLORIDA STATE HOSPITAL,800 E CYPRESS DR,(305) 967-7000,Psychiatric,Government - Local,379,102
104001,SOUTH FLORIDA STATE HOSPITAL,800 E CYPRESS DR,(305) 967-7000,Psychiatric,Government - Local,444,37
104001,SOUTH FLORIDA STATE HOSPITAL,800 E CYPRESS DR,(305) 967-7000,Psychiatric,Government - Local,425,56
104001,SOUTH FLORIDA STATE HOSPITAL,800 E CYPRESS DR,(305) 967-7000,Psychiatric,Government - Local,414,67
104001,SOUTH FLORIDA STATE HOSPITAL,800 E CYPRESS DR,(305) 967-7000,Psychiatric,Government - Local,452,29
104001,SOUTH FLORIDA STATE HOSPITAL,800 E CYPRESS DR,(305) 967-7000,Psychiatric,Government - Local,382,99
104001,SOUTH FLORIDA STATE HOSPITAL,800 E CYPRESS DR,(305) 967-7000,Psychiatric,Government - Local,361,120
104001,SOUTH FLORIDA STATE HOSPITAL,800 E CYPRESS DR,(305) 967-7000,Psychiatric,Government - Local,316,165
104001,SOUTH FLORIDA STATE HOSPITAL,800 E CYPRESS DR,(305) 967-7000,Psychiatric,Government - Local,449,32
104001,SOUTH FLORIDA STATE HOSPITAL,800 E CYPRESS DR,(305) 967-7000,Psychiatric,Government - Local,413,68
104001,SOUTH FLORIDA STATE HOSPITAL,800 E CYPRESS DR,(305) 967-7000,Psychiatric,Government - Local,296,185
104001,SOUTH FLORIDA STATE HOSPITAL,800 E CYPRESS DR,(305) 967-7000,Psychiatric,Government - Local,378,103
104001,SOUTH FLORIDA STATE HOSPITAL,800 E CYPRESS DR,(305) 967-7000,Psychiatric,Government - Local,455,26
104001,SOUTH FLORIDA STATE HOSPITAL,800 E CYPRESS DR,(305) 967-7000,Psychiatric,Government - Local,389,92
104001,SOUTH FLORIDA STATE HOSPITAL,800 E CYPRESS DR,(305) 967-7000,Psychiatric,Government - Local,404,77
104001,SOUTH FLORIDA STATE HOSPITAL,800 E CYPRESS DR,(305) 967-7000,Psychiatric,Government - Local,414,67
104001,SOUTH FLORIDA STATE HOSPITAL,800 E CYPRESS DR,(305) 967-7000,Psychiatric,Government - Local,320,161
104001,SOUTH FLORIDA STATE HOSPITAL,800 E CYPRESS DR,(305) 967-7000,Psychiatric,Government - Local,385,96
104001,SOUTH FLORIDA STATE HOSPITAL,800 E CYPRESS DR,(305) 967-7000,Psychiatric,Government - Local,339,142
104001,SOUTH FLORIDA STATE HOSPITAL,800 E CYPRESS DR,(305) 967-7000,Psychiatric,Government - Local,454,27
104001,SOUTH FLORIDA STATE HOSPITAL,800 E CYPRESS DR,(305) 967-7000,Psychiatric,Government - Local,414,67
104001,SOUTH FLORIDA STATE HOSPITAL,800 E CYPRESS DR,(305) 967-7000,Psychiatric,Government - Local,361,120
104001,SOUTH FLORIDA STATE HOSPITAL,800 E CYPRESS DR,(305) 967-7000,Psychiatric,Government - Local,344,137
104001,SOUTH FLORIDA STATE HOSPITAL,800 E CYPRESS DR,(305) 967-7000,Psychiatric,Government - Local,309,172
104001,SOUTH FLORIDA STATE HOSPITAL,800 E CYPRESS DR,(305) 967-7000,Psychiatric,Government - Local,366,115
104001,SOUTH FLORIDA STATE HOSPITAL,800 E CYPRESS DR,(305) 967-7000,Psychiatric,Government - Local,384,97
104001,SOUTH FLORIDA STATE HOSPITAL,800 E CYPRESS DR,(305) 967-7000,Psychiatric,Government - Local,344,137
104001,SOUTH FLORIDA STATE HOSPITAL,800 E CYPRESS DR,(305) 967-7000,Psychiatric,Government - Local,333,148
104001,SOUTH FLORIDA STATE HOSPITAL,800 E CYPRESS DR,(305) 967-7000,Psychiatric,Government - Local,358,123
104001,SOUTH FLORIDA STATE HOSPITAL,800 E CYPRESS DR,(305) 967-7000,Psychiatric,Government - Local,451,30
104001,SOUTH FLORIDA STATE HOSPITAL,800 E CYPRESS DR,(305) 967-7000,Psychiatric,Government - Local,349,132
104001,SOUTH FLORIDA STATE HOSPITAL,800 E CYPRESS DR,(305) 967-7000,Psychiatric,Government - Local,314,167
104001,SOUTH FLORIDA STATE HOSPITAL,800 E CYPRESS DR,(305) 967-7000,Psychiatric,Government - Local,333,148
104001,SOUTH FLORIDA STATE HOSPITAL,800 E CYPRESS DR,(305) 967-7000,Psychiatric,Government - Local,406,75
104001,SOUTH FLORIDA STATE HOSPITAL,800 E CYPRESS DR,(305) 967-7000,Psychiatric,Government - Local,363,118
104001,SOUTH FLORIDA STATE HOSPITAL,800 E CYPRESS DR,(305) 967-7000,Psychiatric,Government - Local,354,127
104001,SOUTH FLORIDA STATE HOSPITAL,800 E CYPRESS DR,(305) 967-7000,Psychiatric,Government - Local,358,123
104001,SOUTH FLORIDA STATE HOSPITAL,800 E CYPRESS DR,(305) 967-7000,Psychiatric,Government - Local,424,57
104001,SOUTH FLORIDA STATE HOSPITAL,800 E CYPRESS DR,(305) 967-7000,Psychiatric,Government - Local,325,156
104001,SOUTH FLORIDA STATE HOSPITAL,800 E CYPRESS DR,(305) 967-7000,Psychiatric,Government - Local,420,61
104001,SOUTH FLORIDA STATE HOSPITAL,800 E CYPRESS DR,(305) 967-7000,Psychiatric,Government - Local,408,73
104001,SOUTH FLORIDA STATE HOSPITAL,800 E CYPRESS DR,(305) 967-7000,Psychiatric,Government - Local,398,83
104001,SOUTH FLORIDA STATE HOSPITAL,800 E CYPRESS DR,(305) 967-7000,Psychiatric,Government - Local,314,167
104001,SOUTH FLORIDA STATE HOSPITAL,800 E CYPRESS DR,(305) 967-7000,Psychiatric,Government - Local,382,99
104001,SOUTH FLORIDA STATE HOSPITAL,800 E CYPRESS DR,(305) 967-7000,Psychiatric,Government - Local,372,109
104001,SOUTH FLORIDA STATE HOSPITAL,800 E CYPRESS DR,(305) 967-7000,Psychiatric,Government - Local,380,101
104001,SOUTH FLORIDA STATE HOSPITAL,800 E CYPRESS DR,(305) 967-7000,Psychiatric,Government - Local,330,151
104001,SOUTH FLORIDA STATE HOSPITAL,800 E CYPRESS DR,(305) 967-7000,Psychiatric,Government - Local,348,133
104001,SOUTH FLORIDA STATE HOSPITAL,800 E CYPRESS DR,(305) 967-7000,Psychiatric,Government - Local,350,131
104001,SOUTH FLORIDA STATE HOSPITAL,800 E CYPRESS DR,(305) 967-7000,Psychiatric,Government - Local,364,117
104001,SOUTH FLORIDA STATE HOSPITAL,800 E CYPRESS DR,(305) 967-7000,Psychiatric,Government - Local,309,172
104001,SOUTH FLORIDA STATE HOSPITAL,800 E CYPRESS DR,(305) 967-7000,Psychiatric,Government - Local,352,129
104001,SOUTH FLORIDA STATE HOSPITAL,800 E CYPRESS DR,(305) 967-7000,Psychiatric,Government - Local,436,45
104001,SOUTH FLORIDA STATE HOSPITAL,800 E CYPRESS DR,(305) 967-7000,Psychiatric,Government - Local,342,139
104001,SOUTH FLORIDA STATE HOSPITAL,800 E CYPRESS DR,(305) 967-7000,Psychiatric,Government - Local,354,127
104001,SOUTH FLORIDA STATE HOSPITAL,800 E CYPRESS DR,(305) 967-7000,Psychiatric,Government - Local,431,50
104001,SOUTH FLORIDA STATE HOSPITAL,800 E CYPRESS DR,(305) 967-7000,Psychiatric,Government - Local,343,138
104001,SOUTH FLORIDA STATE HOSPITAL,800 E CYPRESS DR,(305) 967-7000,Psychiatric,Government - Local,350,131
104001,SOUTH FLORIDA STATE HOSPITAL,800 E CYPRESS DR,(305) 967-7000,Psychiatric,Government - Local,304,177
104001,SOUTH FLORIDA STATE HOSPITAL,800 E CYPRESS DR,(305) 967-7000,Psychiatric,Government - Local,410,71
104001,SOUTH FLORIDA STATE HOSPITAL,800 E CYPRESS DR,(305) 967-7000,Psychiatric,Government - Local,454,27
104001,SOUTH FLORIDA STATE HOSPITAL,800 E CYPRESS DR,(305) 967-7000,Psychiatric,Government - Local,413,68
104001,SOUTH FLORIDA STATE HOSPITAL,800 E CYPRESS DR,(305) 967-7000,Psychiatric,Government - Local,344,137
104001,SOUTH FLORIDA STATE HOSPITAL,800 E CYPRESS DR,(305) 967-7000,Psychiatric,Government - Local,454,27
104001,SOUTH FLORIDA STATE HOSPITAL,800 E CYPRESS DR,(305) 967-7000,Psychiatric,Government - Local,387,94
104001,SOUTH FLORIDA STATE HOSPITAL,800 E CYPRESS DR,(305) 967-7000,Psychiatric,Government - Local,433,48
104001,SOUTH FLORIDA STATE HOSPITAL,800 E CYPRESS DR,(305) 967-7000,Psychiatric,Government - Local,377,104
104001,SOUTH FLORIDA STATE HOSPITAL,800 E CYPRESS DR,(305) 967-7000,Psychiatric,Government - Local,288,193
104001,SOUTH FLORIDA STATE HOSPITAL,800 E CYPRESS DR,(305) 967-7000,Psychiatric,Government - Local,397,84
104001,SOUTH FLORIDA STATE HOSPITAL,800 E CYPRESS DR,(305) 967-7000,Psychiatric,Government - Local,429,52
104001,SOUTH FLORIDA STATE HOSPITAL,800 E CYPRESS DR,(305) 967-7000,Psychiatric,Government - Local,341,140
104001,SOUTH FLORIDA STATE HOSPITAL,800 E CYPRESS DR,(305) 967-7000,Psychiatric,Government - Local,334,147
104001,SOUTH FLORIDA STATE HOSPITAL,800 E CYPRESS DR,(305) 967-7000,Psychiatric,Government - Local,301,180
104001,SOUTH FLORIDA STATE HOSPITAL,800 E CYPRESS DR,(305) 967-7000,Psychiatric,Government - Local,343,138
104001,SOUTH FLORIDA STATE HOSPITAL,800 E CYPRESS DR,(305) 967-7000,Psychiatric,Government - Local,404,77
104001,SOUTH FLORIDA STATE HOSPITAL,800 E CYPRESS DR,(305) 967-7000,Psychiatric,Government - Local,372,109
104001,SOUTH FLORIDA STATE HOSPITAL,800 E CYPRESS DR,(305) 967-7000,Psychiatric,Government - Local,351,130
104001,SOUTH FLORIDA STATE HOSPITAL,800 E CYPRESS DR,(305) 967-7000,Psychiatric,Government - Local,367,114
104001,SOUTH FLORIDA STATE HOSPITAL,800 E CYPRESS DR,(305) 967-7000,Psychiatric,Government - Local,443,38
104001,SOUTH FLORIDA STATE HOSPITAL,800 E CYPRESS DR,(305) 967-7000,Psychiatric,Government - Local,319,162
104001,SOUTH FLORIDA STATE HOSPITAL,800 E CYPRESS DR,(305) 967-7000,Psychiatric,Government - Local,385,96
104001,SOUTH FLORIDA STATE HOSPITAL,800 E CYPRESS DR,(305) 967-7000,Psychiatric,Government - Local,354,127
104001,SOUTH FLORIDA STATE HOSPITAL,800 E CYPRESS DR,(305) 967-7000,Psychiatric,Government - Local,439,42
104001,SOUTH FLORIDA STATE HOSPITAL,800 E CYPRESS DR,(305) 967-7000,Psychiatric,Government - Local,325,156
104001,SOUTH FLORIDA STATE HOSPITAL,800 E CYPRESS DR,(305) 967-7000,Psychiatric,Government - Local,420,61
104001,SOUTH FLORIDA STATE HOSPITAL,800 E CYPRESS DR,(305) 967-7000,Psychiatric,Government - Local,383,98
104001,SOUTH FLORIDA STATE HOSPITAL,800 E CYPRESS DR,(305) 967-7000,Psychiatric,Government - Local,393,88
104001,SOUTH FLORIDA STATE HOSPITAL,800 E CYPRESS DR,(305) 967-7000,Psychiatric,Government - Local,456,25
104001,SOUTH FLORIDA STATE HOSPITAL,800 E CYPRESS DR,(305) 967-7000,Psychiatric,Government - Local,439,42
104001,SOUTH FLORIDA STATE HOSPITAL,800 E CYPRESS DR,(305) 967-7000,Psychiatric,Government - Local,448,33
104001,SOUTH FLORIDA STATE HOSPITAL,800 E CYPRESS DR,(305) 967-7000,Psychiatric,Government - Local,452,29
104001,SOUTH FLORIDA STATE HOSPITAL,800 E CYPRESS DR,(305) 967-7000,Psychiatric,Government - Local,427,54
104001,SOUTH FLORIDA STATE HOSPITAL,800 E CYPRESS DR,(305) 967-7000,Psychiatric,Government - Local,399,82
104001,SOUTH FLORIDA STATE HOSPITAL,800 E CYPRESS DR,(305) 967-7000,Psychiatric,Government - Local,413,68
104001,SOUTH FLORIDA STATE HOSPITAL,800 E CYPRESS DR,(305) 967-7000,Psychiatric,Government - Local,332,149
104001,SOUTH FLORIDA STATE HOSPITAL,800 E CYPRESS DR,(305) 967-7000,Psychiatric,Government - Local,450,31
104001,SOUTH FLORIDA STATE HOSPITAL,800 E CYPRESS DR,(305) 967-7000,Psychiatric,Government - Local,332,149
104001,SOUTH FLORIDA STATE HOSPITAL,800 E CYPRESS DR,(305) 967-7000,Psychiatric,Government - Local,420,61
104001,SOUTH FLORIDA STATE HOSPITAL,800 E CYPRESS DR,(305) 967-7000,Psychiatric,Government - Local,413,68
104001,SOUTH FLORIDA STATE HOSPITAL,800 E CYPRESS DR,(305) 967-7000,Psychiatric,Government - Local,378,103
104001,SOUTH FLORIDA STATE HOSPITAL,800 E CYPRESS DR,(305) 967-7000,Psychiatric,Government - Local,296,185
104001,SOUTH FLORIDA STATE HOSPITAL,800 E CYPRESS DR,(305) 967-7000,Psychiatric,Government - Local,328,153
104001,SOUTH FLORIDA STATE HOSPITAL,800 E CYPRESS DR,(305) 967-7000,Psychiatric,Government - Local,383,98
104001,SOUTH FLORIDA STATE HOSPITAL,800 E CYPRESS DR,(305) 967-7000,Psychiatric,Government - Local,439,42
104001,SOUTH FLORIDA STATE HOSPITAL,800 E CYPRESS DR,(305) 967-7000,Psychiatric,Government - Local,406,75
104001,SOUTH FLORIDA STATE HOSPITAL,800 E CYPRESS DR,(305) 967-7000,Psychiatric,Government - Local,366,115
104001,SOUTH FLORIDA STATE HOSPITAL,800 E CYPRESS DR,(305) 967-7000,Psychiatric,Government - Local,393,88
104001,SOUTH FLORIDA STATE HOSPITAL,800 E CYPRESS DR,(305) 967-7000,Psychiatric,Government - Local,328,153
104001,SOUTH FLORIDA STATE HOSPITAL,800 E CYPRESS DR,(305) 967-7000,Psychiatric,Government - Local,420,61
104001,SOUTH FLORIDA STATE HOSPITAL,800 E CYPRESS DR,(305) 967-7000,Psychiatric,Government - Local,447,34
104001,SOUTH FLORIDA STATE HOSPITAL,800 E CYPRESS DR,(305) 967-7000,Psychiatric,Government - Local,300,181
104001,SOUTH FLORIDA STATE HOSPITAL,800 E CYPRESS DR,(305) 967-7000,Psychiatric,Government - Local,451,30
104001,SOUTH FLORIDA STATE HOSPITAL,800 E CYPRESS DR,(305) 967-7000,Psychiatric,Government - Local,412,69
104001,SOUTH FLORIDA STATE HOSPITAL,800 E CYPRESS DR,(305) 967-7000,Psychiatric,Government - Local,326,155
104001,SOUTH FLORIDA STATE HOSPITAL,800 E CYPRESS DR,(305) 967-7000,Psychiatric,Government - Local,439,42
104001,SOUTH FLORIDA STATE HOSPITAL,800 E CYPRESS DR,(305) 967-7000,Psychiatric,Government - Local,298,183
104001,SOUTH FLORIDA STATE HOSPITAL,800 E CYPRESS DR,(305) 967-7000,Psychiatric,Government - Local,392,89
104001,SOUTH FLORIDA STATE HOSPITAL,800 E CYPRESS DR,(305) 967-7000,Psychiatric,Government - Local,358,123
104001,SOUTH FLORIDA STATE HOSPITAL,800 E CYPRESS DR,(305) 967-7000,Psychiatric,Government - Local,335,146
104001,SOUTH FLORIDA STATE HOSPITAL,800 E CYPRESS DR,(305) 967-7000,Psychiatric,Government - Local,453,28
104001,SOUTH FLORIDA STATE HOSPITAL,800 E CYPRESS DR,(305) 967-7000,Psychiatric,Government - Local,446,35
104001,SOUTH FLORIDA STATE HOSPITAL,800 E CYPRESS DR,(305) 967-7000,Psychiatric,Government - Local,406,75
104001,SOUTH FLORIDA STATE HOSPITAL,800 E CYPRESS DR,(305) 967-7000,Psychiatric,Government - Local,308,173
104001,SOUTH FLORIDA STATE HOSPITAL,800 E CYPRESS DR,(305) 967-7000,Psychiatric,Government - Local,350,131
104001,SOUTH FLORIDA STATE HOSPITAL,800 E CYPRESS DR,(305) 967-7000,Psychiatric,Government - Local,293,188
104001,SOUTH FLORIDA STATE HOSPITAL,800 E CYPRESS DR,(305) 967-7000,Psychiatric,Government - Local,396,85
104001,SOUTH FLORIDA STATE HOSPITAL,800 E CYPRESS DR,(305) 967-7000,Psychiatric,Government - Local,361,120
104001,SOUTH FLORIDA STATE HOSPITAL,800 E CYPRESS DR,(305) 967-7000,Psychiatric,Government - Local,400,81
104001,SOUTH FLORIDA STATE HOSPITAL,800 E CYPRESS DR,(305) 967-7000,Psychiatric,Government - Local,366,115
104001,SOUTH FLORIDA STATE HOSPITAL,800 E CYPRESS DR,(305) 967-7000,Psychiatric,Government - Local,453,28
104001,SOUTH FLORIDA STATE HOSPITAL,800 E CYPRESS DR,(305) 967-7000,Psychiatric,Government - Local,430,51
104001,SOUTH FLORIDA STATE HOSPITAL,800 E CYPRESS DR,(305) 967-7000,Psychiatric,Government - Local,396,85
104001,SOUTH FLORIDA STATE HOSPITAL,800 E CYPRESS DR,(305) 967-7000,Psychiatric,Government - Local,380,101
104001,SOUTH FLORIDA STATE HOSPITAL,800 E CYPRESS DR,(305) 967-7000,Psychiatric,Government - Local,345,136
104001,SOUTH FLORIDA STATE HOSPITAL,800 E CYPRESS DR,(305) 967-7000,Psychiatric,Government - Local,367,114
104001,SOUTH FLORIDA STATE HOSPITAL,800 E CYPRESS DR,(305) 967-7000,Psychiatric,Government - Local,327,154
104001,SOUTH FLORIDA STATE HOSPITAL,800 E CYPRESS DR,(305) 967-7000,Psychiatric,Government - Local,435,46
104001,SOUTH FLORIDA STATE HOSPITAL,800 E CYPRESS DR,(305) 967-7000,Psychiatric,Government - Local,411,70
104001,SOUTH FLORIDA STATE HOSPITAL,800 E CYPRESS DR,(305) 967-7000,Psychiatric,Government - Local,412,69
104001,SOUTH FLORIDA STATE HOSPITAL,800 E CYPRESS DR,(305) 967-7000,Psychiatric,Government - Local,393,88
104001,SOUTH FLORIDA STATE HOSPITAL,800 E CYPRESS DR,(305) 967-7000,Psychiatric,Government - Local,315,166
104001,SOUTH FLORIDA STATE HOSPITAL,800 E CYPRESS DR,(305) 967-7000,Psychiatric,Government - Local,350,131
104001,SOUTH FLORIDA STATE HOSPITAL,800 E CYPRESS DR,(305) 967-7000,Psychiatric,Government - Local,314,167
104001,SOUTH FLORIDA STATE HOSPITAL,800 E CYPRESS DR,(305) 967-7000,Psychiatric,Government - Local,451,30
104001,SOUTH FLORIDA STATE HOSPITAL,800 E CYPRESS DR,(305) 967-7000,Psychiatric,Government - Local,422,59
104001,SOUTH FLORIDA STATE HOSPITAL,800 E CYPRESS DR,(305) 967-7000,Psychiatric,Government - Local,313,168
104001,SOUTH FLORIDA STATE HOSPITAL,800 E CYPRESS DR,(305) 967-7000,Psychiatric,Government - Local,335,146
104001,SOUTH FLORIDA STATE HOSPITAL,800 E CYPRESS DR,(305) 967-7000,Psychiatric,Government - Local,342,139
104001,SOUTH FLORIDA STATE HOSPITAL,800 E CYPRESS DR,(305) 967-7000,Psychiatric,Government - Local,369,112
104001,SOUTH FLORIDA STATE HOSPITAL,800 E CYPRESS DR,(305) 967-7000,Psychiatric,Government - Local,332,149
104001,SOUTH FLORIDA STATE HOSPITAL,800 E CYPRESS DR,(305) 967-7000,Psychiatric,Government - Local,412,69
104001,SOUTH FLORIDA STATE HOSPITAL,800 E CYPRESS DR,(305) 967-7000,Psychiatric,Government - Local,368,113
104001,SOUTH FLORIDA STATE HOSPITAL,800 E CYPRESS DR,(305) 967-7000,Psychiatric,Government - Local,435,46
104001,SOUTH FLORIDA STATE HOSPITAL,800 E CYPRESS DR,(305) 967-7000,Psychiatric,Government - Local,305,176
104001,SOUTH FLORIDA STATE HOSPITAL,800 E CYPRESS DR,(305) 967-7000,Psychiatric,Government - Local,455,26
104001,SOUTH FLORIDA STATE HOSPITAL,800 E CYPRESS DR,(305) 967-7000,Psychiatric,Government - Local,393,88
104001,SOUTH FLORIDA STATE HOSPITAL,800 E CYPRESS DR,(305) 967-7000,Psychiatric,Government - Local,300,181
104001,SOUTH FLORIDA STATE HOSPITAL,800 E CYPRESS DR,(305) 967-7000,Psychiatric,Government - Local,320,161
104001,SOUTH FLORIDA STATE HOSPITAL,800 E CYPRESS DR,(305) 967-7000,Psychiatric,Government - Local,397,84
104001,SOUTH FLORIDA STATE HOSPITAL,800 E CYPRESS DR,(305) 967-7000,Psychiatric,Government - Local,357,124
104001,SOUTH FLORIDA STATE HOSPITAL,800 E CYPRESS DR,(305) 967-7000,Psychiatric,Government - Local,308,173
104001,SOUTH FLORIDA STATE HOSPITAL,800 E CYPRESS DR,(305) 967-7000,Psychiatric,Government - Local,405,76
104001,SOUTH FLORIDA STATE HOSPITAL,800 E CYPRESS DR,(305) 967-7000,Psychiatric,Government - Local,425,56
104001,SOUTH FLORIDA STATE HOSPITAL,800 E CYPRESS DR,(305) 967-7000,Psychiatric,Government - Local,297,184
104001,SOUTH FLORIDA STATE HOSPITAL,800 E CYPRESS DR,(305) 967-7000,Psychiatric,Government - Local,405,76
104001,SOUTH FLORIDA STATE HOSPITAL,800 E CYPRESS DR,(305) 967-7000,Psychiatric,Government - Local,410,71
104001,SOUTH FLORIDA STATE HOSPITAL,800 E CYPRESS DR,(305) 967-7000,Psychiatric,Government - Local,445,36
104001,SOUTH FLORIDA STATE HOSPITAL,800 E CYPRESS DR,(305) 967-7000,Psychiatric,Government - Local,440,41
104001,SOUTH FLORIDA STATE HOSPITAL,800 E CYPRESS DR,(305) 967-7000,Psychiatric,Government - Local,409,72
104001,SOUTH FLORIDA STATE HOSPITAL,800 E CYPRESS DR,(305) 967-7000,Psychiatric,Government - Local,429,52
104001,SOUTH FLORIDA STATE HOSPITAL,800 E CYPRESS DR,(305) 967-7000,Psychiatric,Government - Local,317,164
104001,SOUTH FLORIDA STATE HOSPITAL,800 E CYPRESS DR,(305) 967-7000,Psychiatric,Government - Local,412,69
104001,SOUTH FLORIDA STATE HOSPITAL,800 E CYPRESS DR,(305) 967-7000,Psychiatric,Government - Local,431,50
104001,SOUTH FLORIDA STATE HOSPITAL,800 E CYPRESS DR,(305) 967-7000,Psychiatric,Government - Local,451,30
104001,SOUTH FLORIDA STATE HOSPITAL,800 E CYPRESS DR,(305) 967-7000,Psychiatric,Government - Local,292,189
104001,SOUTH FLORIDA STATE HOSPITAL,800 E CYPRESS DR,(305) 967-7000,Psychiatric,Government - Local,415,66
104001,SOUTH FLORIDA STATE HOSPITAL,800 E CYPRESS DR,(305) 967-7000,Psychiatric,Government - Local,390,91
104001,SOUTH FLORIDA STATE HOSPITAL,800 E CYPRESS DR,(305) 967-7000,Psychiatric,Government - Local,436,45
104001,SOUTH FLORIDA STATE HOSPITAL,800 E CYPRESS DR,(305) 967-7000,Psychiatric,Government - Local,324,157
104001,SOUTH FLORIDA STATE HOSPITAL,800 E CYPRESS DR,(305) 967-7000,Psychiatric,Government - Local,366,115
104001,SOUTH FLORIDA STATE HOSPITAL,800 E CYPRESS DR,(305) 967-7000,Psychiatric,Government - Local,424,57
104001,SOUTH FLORIDA STATE HOSPITAL,800 E CYPRESS DR,(305) 967-7000,Psychiatric,Government - Local,445,36
104001,SOUTH FLORIDA STATE HOSPITAL,800 E CYPRESS DR,(305) 967-7000,Psychiatric,Government - Local,369,112
104001,SOUTH FLORIDA STATE HOSPITAL,800 E CYPRESS DR,(305) 967-7000,Psychiatric,Government - Local,351,130
104001,SOUTH FLORIDA STATE HOSPITAL,800 E CYPRESS DR,(305) 967-7000,Psychiatric,Government - Local,300,181
104001,SOUTH FLORIDA STATE HOSPITAL,800 E CYPRESS DR,(305) 967-7000,Psychiatric,Government - Local,337,144
104001,SOUTH FLORIDA STATE HOSPITAL,800 E CYPRESS DR,(305) 967-7000,Psychiatric,Government - Local,434,47
104001,SOUTH FLORIDA STATE HOSPITAL,800 E CYPRESS DR,(305) 967-7000,Psychiatric,Government - Local,426,55
104001,SOUTH FLORIDA STATE HOSPITAL,800 E CYPRESS DR,(305) 967-7000,Psychiatric,Government - Local,402,79
104001,SOUTH FLORIDA STATE HOSPITAL,800 E CYPRESS DR,(305) 967-7000,Psychiatric,Government - Local,418,63
104001,SOUTH FLORIDA STATE HOSPITAL,800 E CYPRESS DR,(305) 967-7000,Psychiatric,Government - Local,325,156
104001,SOUTH FLORIDA STATE HOSPITAL,800 E CYPRESS DR,(305) 967-7000,Psychiatric,Government - Local,385,96
104001,SOUTH FLORIDA STATE HOSPITAL,800 E CYPRESS DR,(305) 967-7000,Psychiatric,Government - Local,416,65
104001,SOUTH FLORIDA STATE HOSPITAL,800 E CYPRESS DR,(305) 967-7000,Psychiatric,Government - Local,314,167
104001,SOUTH FLORIDA STATE HOSPITAL,800 E CYPRESS DR,(305) 967-7000,Psychiatric,Government - Local,347,134
104001,SOUTH FLORIDA STATE HOSPITAL,800 E CYPRESS DR,(305) 967-7000,Psychiatric,Government - Local,368,113
104001,SOUTH FLORIDA STATE HOSPITAL,800 E CYPRESS DR,(305) 967-7000,Psychiatric,Government - Local,396,85
104001,SOUTH FLORIDA STATE HOSPITAL,800 E CYPRESS DR,(305) 967-7000,Psychiatric,Government - Local,291,190
104001,SOUTH FLORIDA STATE HOSPITAL,800 E CYPRESS DR,(305) 967-7000,Psychiatric,Government - Local,332,149
104001,SOUTH FLORIDA STATE HOSPITAL,800 E CYPRESS DR,(305) 967-7000,Psychiatric,Government - Local,440,41
104001,SOUTH FLORIDA STATE HOSPITAL,800 E CYPRESS DR,(305) 967-7000,Psychiatric,Government - Local,341,140
104001,SOUTH FLORIDA STATE HOSPITAL,800 E CYPRESS DR,(305) 967-7000,Psychiatric,Government - Local,421,60
104001,SOUTH FLORIDA STATE HOSPITAL,800 E CYPRESS DR,(305) 967-7000,Psychiatric,Government - Local,342,139
104001,SOUTH FLORIDA STATE HOSPITAL,800 E CYPRESS DR,(305) 967-7000,Psychiatric,Government - Local,351,130
104001,SOUTH FLORIDA STATE HOSPITAL,800 E CYPRESS DR,(305) 967-7000,Psychiatric,Government - Local,369,112
104001,SOUTH FLORIDA STATE HOSPITAL,800 E CYPRESS DR,(305) 967-7000,Psychiatric,Government - Local,300,181
104001,SOUTH FLORIDA STATE HOSPITAL,800 E CYPRESS DR,(305) 967-7000,Psychiatric,Government - Local,359,122
104001,SOUTH FLORIDA STATE HOSPITAL,800 E CYPRESS DR,(305) 967-7000,Psychiatric,Government - Local,310,171
104001,SOUTH FLORIDA STATE HOSPITAL,800 E CYPRESS DR,(305) 967-7000,Psychiatric,Government - Local,418,63
104001,SOUTH FLORIDA STATE HOSPITAL,800 E CYPRESS DR,(305) 967-7000,Psychiatric,Government - Local,395,86
104001,SOUTH FLORIDA STATE HOSPITAL,800 E CYPRESS DR,(305) 967-7000,Psychiatric,Government - Local,304,177
104001,SOUTH FLORIDA STATE HOSPITAL,800 E CYPRESS DR,(305) 967-7000,Psychiatric,Government - Local,370,111
104001,SOUTH FLORIDA STATE HOSPITAL,800 E CYPRESS DR,(305) 967-7000,Psychiatric,Government - Local,378,103
104001,SOUTH FLORIDA STATE HOSPITAL,800 E CYPRESS DR,(305) 967-7000,Psychiatric,Government - Local,347,134
104001,SOUTH FLORIDA STATE HOSPITAL,800 E CYPRESS DR,(305) 967-7000,Psychiatric,Government - Local,423,58
104001,SOUTH FLORIDA STATE HOSPITAL,800 E CYPRESS DR,(305) 967-7000,Psychiatric,Government - Local,440,41
104001,SOUTH FLORIDA STATE HOSPITAL,800 E CYPRESS DR,(305) 967-7000,Psychiatric,Government - Local,431,50
104001,SOUTH FLORIDA STATE HOSPITAL,800 E CYPRESS DR,(305) 967-7000,Psychiatric,Government - Local,376,105
104001,SOUTH FLORIDA STATE HOSPITAL,800 E CYPRESS DR,(305) 967-7000,Psychiatric,Government - Local,440,41
104001,SOUTH FLORIDA STATE HOSPITAL,800 E CYPRESS DR,(305) 967-7000,Psychiatric,Government - Local,387,94
104001,SOUTH FLORIDA STATE HOSPITAL,800 E CYPRESS DR,(305) 967-7000,Psychiatric,Government - Local,372,109
104001,SOUTH FLORIDA STATE HOSPITAL,800 E CYPRESS DR,(305) 967-7000,Psychiatric,Government - Local,407,74
104001,SOUTH FLORIDA STATE HOSPITAL,800 E CYPRESS DR,(305) 967-7000,Psychiatric,Government - Local,419,62
104001,SOUTH FLORIDA STATE HOSPITAL,800 E CYPRESS DR,(305) 967-7000,Psychiatric,Government - Local,384,97
104001,SOUTH FLORIDA STATE HOSPITAL,800 E CYPRESS DR,(305) 967-7000,Psychiatric,Government - Local,402,79
104001,SOUTH FLORIDA STATE HOSPITAL,800 E CYPRESS DR,(305) 967-7000,Psychiatric,Government - Local,323,158
104001,SOUTH FLORIDA STATE HOSPITAL,800 E CYPRESS DR,(305) 967-7000,Psychiatric,Government - Local,309,172
104001,SOUTH FLORIDA STATE HOSPITAL,800 E CYPRESS DR,(305) 967-7000,Psychiatric,Government - Local,290,191
104001,SOUTH FLORIDA STATE HOSPITAL,800 E CYPRESS DR,(305) 967-7000,Psychiatric,Government - Local,301,180
104001,SOUTH FLORIDA STATE HOSPITAL,800 E CYPRESS DR,(305) 967-7000,Psychiatric,Government - Local,426,55
104001,SOUTH FLORIDA STATE HOSPITAL,800 E CYPRESS DR,(305) 967-7000,Psychiatric,Government - Local,420,61
104001,SOUTH FLORIDA STATE HOSPITAL,800 E CYPRESS DR,(305) 967-7000,Psychiatric,Government - Local,410,71
104001,SOUTH FLORIDA STATE HOSPITAL,800 E CYPRESS DR,(305) 967-7000,Psychiatric,Government - Local,316,165
104001,SOUTH FLORIDA STATE HOSPITAL,800 E CYPRESS DR,(305) 967-7000,Psychiatric,Government - Local,392,89
104001,SOUTH FLORIDA STATE HOSPITAL,800 E CYPRESS DR,(305) 967-7000,Psychiatric,Government - Local,297,184
104001,SOUTH FLORIDA STATE HOSPITAL,800 E CYPRESS DR,(305) 967-7000,Psychiatric,Government - Local,299,182
104001,SOUTH FLORIDA STATE HOSPITAL,800 E CYPRESS DR,(305) 967-7000,Psychiatric,Government - Local,447,34
104001,SOUTH FLORIDA STATE HOSPITAL,800 E CYPRESS DR,(305) 967-7000,Psychiatric,Government - Local,379,102
104001,SOUTH FLORIDA STATE HOSPITAL,800 E CYPRESS DR,(305) 967-7000,Psychiatric,Government - Local,345,136
104001,SOUTH FLORIDA STATE HOSPITAL,800 E CYPRESS DR,(305) 967-7000,Psychiatric,Government - Local,323,158
104001,SOUTH FLORIDA STATE HOSPITAL,800 E CYPRESS DR,(305) 967-7000,Psychiatric,Government - Local,365,116
104001,SOUTH FLORIDA STATE HOSPITAL,800 E CYPRESS DR,(305) 967-7000,Psychiatric,Government - Local,379,102
104001,SOUTH FLORIDA STATE HOSPITAL,800 E CYPRESS DR,(305) 967-7000,Psychiatric,Government - Local,338,143
104001,SOUTH FLORIDA STATE HOSPITAL,800 E CYPRESS DR,(305) 967-7000,Psychiatric,Government - Local,435,46
104001,SOUTH FLORIDA STATE HOSPITAL,800 E CYPRESS DR,(305) 967-7000,Psychiatric,Government - Local,449,32
104001,SOUTH FLORIDA STATE HOSPITAL,800 E CYPRESS DR,(305) 967-7000,Psychiatric,Government - Local,452,29
104001,SOUTH FLORIDA STATE HOSPITAL,800 E CYPRESS DR,(305) 967-7000,Psychiatric,Government - Local,428,53
104001,SOUTH FLORIDA STATE HOSPITAL,800 E CYPRESS DR,(305) 967-7000,Psychiatric,Government - Local,368,113
104001,SOUTH FLORIDA STATE HOSPITAL,800 E CYPRESS DR,(305) 967-7000,Psychiatric,Government - Local,292,189
104001,SOUTH FLORIDA STATE HOSPITAL,800 E CYPRESS DR,(305) 967-7000,Psychiatric,Government - Local,448,33
104001,SOUTH FLORIDA STATE HOSPITAL,800 E CYPRESS DR,(305) 967-7000,Psychiatric,Government - Local,356,125
104001,SOUTH FLORIDA STATE HOSPITAL,800 E CYPRESS DR,(305) 967-7000,Psychiatric,Government - Local,289,192
104001,SOUTH FLORIDA STATE HOSPITAL,800 E CYPRESS DR,(305) 967-7000,Psychiatric,Government - Local,387,94
104001,SOUTH FLORIDA STATE HOSPITAL,800 E CYPRESS DR,(305) 967-7000,Psychiatric,Government - Local,382,99
104001,SOUTH FLORIDA STATE HOSPITAL,800 E CYPRESS DR,(305) 967-7000,Psychiatric,Government - Local,412,69
104001,SOUTH FLORIDA STATE HOSPITAL,800 E CYPRESS DR,(305) 967-7000,Psychiatric,Government - Local,349,132
104001,SOUTH FLORIDA STATE HOSPITAL,800 E CYPRESS DR,(305) 967-7000,Psychiatric,Government - Local,298,183
104001,SOUTH FLORIDA STATE HOSPITAL,800 E CYPRESS DR,(305) 967-7000,Psychiatric,Government - Local,301,180
104001,SOUTH FLORIDA STATE HOSPITAL,800 E CYPRESS DR,(305) 967-7000,Psychiatric,Government - Local,395,86
104001,SOUTH FLORIDA STATE HOSPITAL,800 E CYPRESS DR,(305) 967-7000,Psychiatric,Government - Local,430,51
104001,SOUTH FLORIDA STATE HOSPITAL,800 E CYPRESS DR,(305) 967-7000,Psychiatric,Government - Local,409,72
104001,SOUTH FLORIDA STATE HOSPITAL,800 E CYPRESS DR,(305) 967-7000,Psychiatric,Government - Local,384,97
104001,SOUTH FLORIDA STATE HOSPITAL,800 E CYPRESS DR,(305) 967-7000,Psychiatric,Government - Local,387,94
104001,SOUTH FLORIDA STATE HOSPITAL,800 E CYPRESS DR,(305) 967-7000,Psychiatric,Government - Local,444,37
104001,SOUTH FLORIDA STATE HOSPITAL,800 E CYPRESS DR,(305) 967-7000,Psychiatric,Government - Local,344,137
104001,SOUTH FLORIDA STATE HOSPITAL,800 E CYPRESS DR,(305) 967-7000,Psychiatric,Government - Local,304,177
104001,SOUTH FLORIDA STATE HOSPITAL,800 E CYPRESS DR,(305) 967-7000,Psychiatric,Government - Local,420,61
104001,SOUTH FLORIDA STATE HOSPITAL,800 E CYPRESS DR,(305) 967-7000,Psychiatric,Government - Local,354,127
104001,SOUTH FLORIDA STATE HOSPITAL,800 E CYPRESS DR,(305) 967-7000,Psychiatric,Government - Local,442,39
104001,SOUTH FLORIDA STATE HOSPITAL,800 E CYPRESS DR,(305) 967-7000,Psychiatric,Government - Local,303,178
104001,SOUTH FLORIDA STATE HOSPITAL,800 E CYPRESS DR,(305) 967-7000,Psychiatric,Government - Local,385,96
104001,SOUTH FLORIDA STATE HOSPITAL,800 E CYPRESS DR,(305) 967-7000,Psychiatric,Government - Local,306,175
104001,SOUTH FLORIDA STATE HOSPITAL,800 E CYPRESS DR,(305) 967-7000,Psychiatric,Government - Local,392,89
104001,SOUTH FLORIDA STATE HOSPITAL,800 E CYPRESS DR,(305) 967-7000,Psychiatric,Government - Local,425,56
104001,SOUTH FLORIDA STATE HOSPITAL,800 E CYPRESS DR,(305) 967-7000,Psychiatric,Government - Local,433,48
104001,SOUTH FLORIDA STATE HOSPITAL,800 E CYPRESS DR,(305) 967-7000,Psychiatric,Government - Local,441,40
104001,SOUTH FLORIDA STATE HOSPITAL,800 E CYPRESS DR,(305) 967-7000,Psychiatric,Government - Local,376,105
104001,SOUTH FLORIDA STATE HOSPITAL,800 E CYPRESS DR,(305) 967-7000,Psychiatric,Government - Local,403,78
104001,SOUTH FLORIDA STATE HOSPITAL,800 E CYPRESS DR,(305) 967-7000,Psychiatric,Government - Local,447,34
104001,SOUTH FLORIDA STATE HOSPITAL,800 E CYPRESS DR,(305) 967-7000,Psychiatric,Government - Local,328,153
104001,SOUTH FLORIDA STATE HOSPITAL,800 E CYPRESS DR,(305) 967-7000,Psychiatric,Government - Local,356,125
104001,SOUTH FLORIDA STATE HOSPITAL,800 E CYPRESS DR,(305) 967-7000,Psychiatric,Government - Local,413,68
104001,SOUTH FLORIDA STATE HOSPITAL,800 E CYPRESS DR,(305) 967-7000,Psychiatric,Government - Local,311,170
104001,SOUTH FLORIDA STATE HOSPITAL,800 E CYPRESS DR,(305) 967-7000,Psychiatric,Government - Local,394,87
104001,SOUTH FLORIDA STATE HOSPITAL,800 E CYPRESS DR,(305) 967-7000,Psychiatric,Government - Local,399,82
104001,SOUTH FLORIDA STATE HOSPITAL,800 E CYPRESS DR,(305) 967-7000,Psychiatric,Government - Local,399,82
104001,SOUTH FLORIDA STATE HOSPITAL,800 E CYPRESS DR,(305) 967-7000,Psychiatric,Government - Local,331,150
104001,SOUTH FLORIDA STATE HOSPITAL,800 E CYPRESS DR,(305) 967-7000,Psychiatric,Government - Local,348,133
104001,SOUTH FLORIDA STATE HOSPITAL,800 E CYPRESS DR,(305) 967-7000,Psychiatric,Government - Local,334,147
104001,SOUTH FLORIDA STATE HOSPITAL,800 E CYPRESS DR,(305) 967-7000,Psychiatric,Government - Local,442,39
104001,SOUTH FLORIDA STATE HOSPITAL,800 E CYPRESS DR,(305) 967-7000,Psychiatric,Government - Local,308,173
104001,SOUTH FLORIDA STATE HOSPITAL,800 E CYPRESS DR,(305) 967-7000,Psychiatric,Government - Local,301,180
104001,SOUTH FLORIDA STATE HOSPITAL,800 E CYPRESS DR,(305) 967-7000,Psychiatric,Government - Local,288,193
104001,SOUTH FLORIDA STATE HOSPITAL,800 E CYPRESS DR,(305) 967-7000,Psychiatric,Government - Local,429,52
104001,SOUTH FLORIDA STATE HOSPITAL,800 E CYPRESS DR,(305) 967-7000,Psychiatric,Government - Local,297,184
104001,SOUTH FLORIDA STATE HOSPITAL,800 E CYPRESS DR,(305) 967-7000,Psychiatric,Government - Local,311,170
104001,SOUTH FLORIDA STATE HOSPITAL,800 E CYPRESS DR,(305) 967-7000,Psychiatric,Government - Local,367,114
104001,SOUTH FLORIDA STATE HOSPITAL,800 E CYPRESS DR,(305) 967-7000,Psychiatric,Government - Local,322,159
104001,SOUTH FLORIDA STATE HOSPITAL,800 E CYPRESS DR,(305) 967-7000,Psychiatric,Government - Local,431,50
104001,SOUTH FLORIDA STATE HOSPITAL,800 E CYPRESS DR,(305) 967-7000,Psychiatric,Government - Local,409,72
104001,SOUTH FLORIDA STATE HOSPITAL,800 E CYPRESS DR,(305) 967-7000,Psychiatric,Government - Local,393,88
104001,SOUTH FLORIDA STATE HOSPITAL,800 E CYPRESS DR,(305) 967-7000,Psychiatric,Government - Local,449,32
104001,SOUTH FLORIDA STATE HOSPITAL,800 E CYPRESS DR,(305) 967-7000,Psychiatric,Government - Local,345,136
104001,SOUTH FLORIDA STATE HOSPITAL,800 E CYPRESS DR,(305) 967-7000,Psychiatric,Government - Local,375,106
104001,SOUTH FLORIDA STATE HOSPITAL,800 E CYPRESS DR,(305) 967-7000,Psychiatric,Government - Local,423,58
104001,SOUTH FLORIDA STATE HOSPITAL,800 E CYPRESS DR,(305) 967-7000,Psychiatric,Government - Local,403,78
104001,SOUTH FLORIDA STATE HOSPITAL,800 E CYPRESS DR,(305) 967-7000,Psychiatric,Government - Local,323,158
104001,SOUTH FLORIDA STATE HOSPITAL,800 E CYPRESS DR,(305) 967-7000,Psychiatric,Government - Local,382,99
104001,SOUTH FLORIDA STATE HOSPITAL,800 E CYPRESS DR,(305) 967-7000,Psychiatric,Government - Local,312,169
104001,SOUTH FLORIDA STATE HOSPITAL,800 E CYPRESS DR,(305) 967-7000,Psychiatric,Government - Local,432,49
104001,SOUTH FLORIDA STATE HOSPITAL,800 E CYPRESS DR,(305) 967-7000,Psychiatric,Government - Local,299,182
104001,SOUTH FLORIDA STATE HOSPITAL,800 E CYPRESS DR,(305) 967-7000,Psychiatric,Government - Local,308,173
104001,SOUTH FLORIDA STATE HOSPITAL,800 E CYPRESS DR,(305) 967-7000,Psychiatric,Government - Local,335,146
104001,SOUTH FLORIDA STATE HOSPITAL,800 E CYPRESS DR,(305) 967-7000,Psychiatric,Government - Local,444,37
104001,SOUTH FLORIDA STATE HOSPITAL,800 E CYPRESS DR,(305) 967-7000,Psychiatric,Government - Local,345,136
