Facility ID,Facility Name,Address,Telephone Number,Hospital Type,Hospital Ownership,Active Beds,Inactive Beds
104024,"CIRCLES OF CARE, INC",400 E SHERIDAN RD,(321) 984-4900,Psychiatric,Voluntary non-profit - Private,200,60
104024,"CIRCLES OF CARE, INC",400 E SHERIDAN RD,(321) 984-4900,Psychiatric,Voluntary non-profit - Private,196,64
104024,"CIRCLES OF CARE, INC",400 E SHERIDAN RD,(321) 984-4900,Psychiatric,Voluntary non-profit - Private,223,37
104024,"CIRCLES OF CARE, INC",400 E SHERIDAN RD,(321) 984-4900,Psychiatric,Voluntary non-profit - Private,206,54
104024,"CIRCLES OF CARE, INC",400 E SHERIDAN RD,(321) 984-4900,Psychiatric,Voluntary non-profit - Private,236,24
104024,"CIRCLES OF CARE, INC",400 E SHERIDAN RD,(321) 984-4900,Psychiatric,Voluntary non-profit - Private,159,101
104024,"CIRCLES OF CARE, INC",400 E SHERIDAN RD,(321) 984-4900,Psychiatric,Voluntary non-profit - Private,211,49
104024,"CIRCLES OF CARE, INC",400 E SHERIDAN RD,(321) 984-4900,Psychiatric,Voluntary non-profit - Private,195,65
104024,"CIRCLES OF CARE, INC",400 E SHERIDAN RD,(321) 984-4900,Psychiatric,Voluntary non-profit - Private,245,15
104024,"CIRCLES OF CARE, INC",400 E SHERIDAN RD,(321) 984-4900,Psychiatric,Voluntary non-profit - Private,218,42
104024,"CIRCLES OF CARE, INC",400 E SHERIDAN RD,(321) 984-4900,Psychiatric,Voluntary non-profit - Private,194,66
104024,"CIRCLES OF CARE, INC",400 E SHERIDAN RD,(321) 984-4900,Psychiatric,Voluntary non-profit - Private,174,86
104024,"CIRCLES OF CARE, INC",400 E SHERIDAN RD,(321) 984-4900,Psychiatric,Voluntary non-profit - Private,160,100
104024,"CIRCLES OF CARE, INC",400 E SHERIDAN RD,(321) 984-4900,Psychiatric,Voluntary non-profit - Private,213,47
104024,"CIRCLES OF CARE, INC",400 E SHERIDAN RD,(321) 984-4900,Psychiatric,Voluntary non-profit - Private,183,77
104024,"CIRCLES OF CARE, INC",400 E SHERIDAN RD,(321) 984-4900,Psychiatric,Voluntary non-profit - Private,160,100
104024,"CIRCLES OF CARE, INC",400 E SHERIDAN RD,(321) 984-4900,Psychiatric,Voluntary non-profit - Private,195,65
104024,"CIRCLES OF CARE, INC",400 E SHERIDAN RD,(321) 984-4900,Psychiatric,Voluntary non-profit - Private,203,57
104024,"CIRCLES OF CARE, INC",400 E SHERIDAN RD,(321) 984-4900,Psychiatric,Voluntary non-profit - Private,199,61
104024,"CIRCLES OF CARE, INC",400 E SHERIDAN RD,(321) 984-4900,Psychiatric,Voluntary non-profit - Private,231,29
104024,"CIRCLES OF CARE, INC",400 E SHERIDAN RD,(321) 984-4900,Psychiatric,Voluntary non-profit - Private,235,25
104024,"CIRCLES OF CARE, INC",400 E SHERIDAN RD,(321) 984-4900,Psychiatric,Voluntary non-profit - Private,200,60
104024,"CIRCLES OF CARE, INC",400 E SHERIDAN RD,(321) 984-4900,Psychiatric,Voluntary non-profit - Private,245,15
104024,"CIRCLES OF CARE, INC",400 E SHERIDAN RD,(321) 984-4900,Psychiatric,Voluntary non-profit - Private,242,18
104024,"CIRCLES OF CARE, INC",400 E SHERIDAN RD,(321) 984-4900,Psychiatric,Voluntary non-profit - Private,211,49
104024,"CIRCLES OF CARE, INC",400 E SHERIDAN RD,(321) 984-4900,Psychiatric,Voluntary non-profit - Private,192,68
104024,"CIRCLES OF CARE, INC",400 E SHERIDAN RD,(321) 984-4900,Psychiatric,Voluntary non-profit - Private,171,89
104024,"CIRCLES OF CARE, INC",400 E SHERIDAN RD,(321) 984-4900,Psychiatric,Voluntary non-profit - Private,170,90
104024,"CIRCLES OF CARE, INC",400 E SHERIDAN RD,(321) 984-4900,Psychiatric,Voluntary non-profit - Private,165,95
104024,"CIRCLES OF CARE, INC",400 E SHERIDAN RD,(321) 984-4900,Psychiatric,Voluntary non-profit - Private,201,59
104024,"CIRCLES OF CARE, INC",400 E SHERIDAN RD,(321) 984-4900,Psychiatric,Voluntary non-profit - Private,222,38
104024,"CIRCLES OF CARE, INC",400 E SHERIDAN RD,(321) 984-4900,Psychiatric,Voluntary non-profit - Private,164,96
104024,"CIRCLES OF CARE, INC",400 E SHERIDAN RD,(321) 984-4900,Psychiatric,Voluntary non-profit - Private,185,75
104024,"CIRCLES OF CARE, INC",400 E SHERIDAN RD,(321) 984-4900,Psychiatric,Voluntary non-profit - Private,203,57
104024,"CIRCLES OF CARE, INC",400 E SHERIDAN RD,(321) 984-4900,Psychiatric,Voluntary non-profit - Private,204,56
104024,"CIRCLES OF CARE, INC",400 E SHERIDAN RD,(321) 984-4900,Psychiatric,Voluntary non-profit - Private,210,50
104024,"CIRCLES OF CARE, INC",400 E SHERIDAN RD,(321) 984-4900,Psychiatric,Voluntary non-profit - Private,239,21
104024,"CIRCLES OF CARE, INC",400 E SHERIDAN RD,(321) 984-4900,Psychiatric,Voluntary non-profit - Private,187,73
104024,"CIRCLES OF CARE, INC",400 E SHERIDAN RD,(321) 984-4900,Psychiatric,Voluntary non-profit - Private,242,18
104024,"CIRCLES OF CARE, INC",400 E SHERIDAN RD,(321) 984-4900,Psychiatric,Voluntary non-profit - Private,180,80
104024,"CIRCLES OF CARE, INC",400 E SHERIDAN RD,(321) 984-4900,Psychiatric,Voluntary non-profit - Private,204,56
104024,"CIRCLES OF CARE, INC",400 E SHERIDAN RD,(321) 984-4900,Psychiatric,Voluntary non-profit - Private,202,58
104024,"CIRCLES OF CARE, INC",400 E SHERIDAN RD,(321) 984-4900,Psychiatric,Voluntary non-profit - Private,163,97
104024,"CIRCLES OF CARE, INC",400 E SHERIDAN RD,(321) 984-4900,Psychiatric,Voluntary non-profit - Private,214,46
104024,"CIRCLES OF CARE, INC",400 E SHERIDAN RD,(321) 984-4900,Psychiatric,Voluntary non-profit - Private,186,74
104024,"CIRCLES OF CARE, INC",400 E SHERIDAN RD,(321) 984-4900,Psychiatric,Voluntary non-profit - Private,174,86
104024,"CIRCLES OF CARE, INC",400 E SHERIDAN RD,(321) 984-4900,Psychiatric,Voluntary non-profit - Private,189,71
104024,"CIRCLES OF CARE, INC",400 E SHERIDAN RD,(321) 984-4900,Psychiatric,Voluntary non-profit - Private,188,72
104024,"CIRCLES OF CARE, INC",400 E SHERIDAN RD,(321) 984-4900,Psychiatric,Voluntary non-profit - Private,181,79
104024,"CIRCLES OF CARE, INC",400 E SHERIDAN RD,(321) 984-4900,Psychiatric,Voluntary non-profit - Private,205,55
104024,"CIRCLES OF CARE, INC",400 E SHERIDAN RD,(321) 984-4900,Psychiatric,Voluntary non-profit - Private,201,59
104024,"CIRCLES OF CARE, INC",400 E SHERIDAN RD,(321) 984-4900,Psychiatric,Voluntary non-profit - Private,171,89
104024,"CIRCLES OF CARE, INC",400 E SHERIDAN RD,(321) 984-4900,Psychiatric,Voluntary non-profit - Private,214,46
104024,"CIRCLES OF CARE, INC",400 E SHERIDAN RD,(321) 984-4900,Psychiatric,Voluntary non-profit - Private,223,37
104024,"CIRCLES OF CARE, INC",400 E SHERIDAN RD,(321) 984-4900,Psychiatric,Voluntary non-profit - Private,173,87
104024,"CIRCLES OF CARE, INC",400 E SHERIDAN RD,(321) 984-4900,Psychiatric,Voluntary non-profit - Private,227,33
104024,"CIRCLES OF CARE, INC",400 E SHERIDAN RD,(321) 984-4900,Psychiatric,Voluntary non-profit - Private,211,49
104024,"CIRCLES OF CARE, INC",400 E SHERIDAN RD,(321) 984-4900,Psychiatric,Voluntary non-profit - Private,194,66
104024,"CIRCLES OF CARE, INC",400 E SHERIDAN RD,(321) 984-4900,Psychiatric,Voluntary non-profit - Private,175,85
104024,"CIRCLES OF CARE, INC",400 E SHERIDAN RD,(321) 984-4900,Psychiatric,Voluntary non-profit - Private,161,99
104024,"CIRCLES OF CARE, INC",400 E SHERIDAN RD,(321) 984-4900,Psychiatric,Voluntary non-profit - Private,213,47
104024,"CIRCLES OF CARE, INC",400 E SHERIDAN RD,(321) 984-4900,Psychiatric,Voluntary non-profit - Private,196,64
104024,"CIRCLES OF CARE, INC",400 E SHERIDAN RD,(321) 984-4900,Psychiatric,Voluntary non-profit - Private,196,64
104024,"CIRCLES OF CARE, INC",400 E SHERIDAN RD,(321) 984-4900,Psychiatric,Voluntary non-profit - Private,174,86
104024,"CIRCLES OF CARE, INC",400 E SHERIDAN RD,(321) 984-4900,Psychiatric,Voluntary non-profit - Private,237,23
104024,"CIRCLES OF CARE, INC",400 E SHERIDAN RD,(321) 984-4900,Psychiatric,Voluntary non-profit - Private,166,94
104024,"CIRCLES OF CARE, INC",400 E SHERIDAN RD,(321) 984-4900,Psychiatric,Voluntary non-profit - Private,205,55
104024,"CIRCLES OF CARE, INC",400 E SHERIDAN RD,(321) 984-4900,Psychiatric,Voluntary non-profit - Private,158,102
104024,"CIRCLES OF CARE, INC",400 E SHERIDAN RD,(321) 984-4900,Psychiatric,Voluntary non-profit - Private,177,83
104024,"CIRCLES OF CARE, INC",400 E SHERIDAN RD,(321) 984-4900,Psychiatric,Voluntary non-profit - Private,186,74
104024,"CIRCLES OF CARE, INC",400 E SHERIDAN RD,(321) 984-4900,Psychiatric,Voluntary non-profit - Private,229,31
104024,"CIRCLES OF CARE, INC",400 E SHERIDAN RD,(321) 984-4900,Psychiatric,Voluntary non-profit - Private,182,78
104024,"CIRCLES OF CARE, INC",400 E SHERIDAN RD,(321) 984-4900,Psychiatric,Voluntary non-profit - Private,246,14
104024,"CIRCLES OF CARE, INC",400 E SHERIDAN RD,(321) 984-4900,Psychiatric,Voluntary non-profit - Private,241,19
104024,"CIRCLES OF CARE, INC",400 E SHERIDAN RD,(321) 984-4900,Psychiatric,Voluntary non-profit - Private,239,21
104024,"CIRCLES OF CARE, INC",400 E SHERIDAN RD,(321) 984-4900,Psychiatric,Voluntary non-profit - Private,219,41
104024,"CIRCLES OF CARE, INC",400 E SHERIDAN RD,(321) 984-4900,Psychiatric,Voluntary non-profit - Private,200,60
104024,"CIRCLES OF CARE, INC",400 E SHERIDAN RD,(321) 984-4900,Psychiatric,Voluntary non-profit - Private,174,86
104024,"CIRCLES OF CARE, INC",400 E SHERIDAN RD,(321) 984-4900,Psychiatric,Voluntary non-profit - Private,181,79
104024,"CIRCLES OF CARE, INC",400 E SHERIDAN RD,(321) 984-4900,Psychiatric,Voluntary non-profit - Private,192,68
104024,"CIRCLES OF CARE, INC",400 E SHERIDAN RD,(321) 984-4900,Psychiatric,Voluntary non-profit - Private,166,94
104024,"CIRCLES OF CARE, INC",400 E SHERIDAN RD,(321) 984-4900,Psychiatric,Voluntary non-profit - Private,177,83
104024,"CIRCLES OF CARE, INC",400 E SHERIDAN RD,(321) 984-4900,Psychiatric,Voluntary non-profit - Private,162,98
104024,"CIRCLES OF CARE, INC",400 E SHERIDAN RD,(321) 984-4900,Psychiatric,Voluntary non-profit - Private,202,58
104024,"CIRCLES OF CARE, INC",400 E SHERIDAN RD,(321) 984-4900,Psychiatric,Voluntary non-profit - Private,234,26
104024,"CIRCLES OF CARE, INC",400 E SHERIDAN RD,(321) 984-4900,Psychiatric,Voluntary non-profit - Private,211,49
104024,"CIRCLES OF CARE, INC",400 E SHERIDAN RD,(321) 984-4900,Psychiatric,Voluntary non-profit - Private,227,33
104024,"CIRCLES OF CARE, INC",400 E SHERIDAN RD,(321) 984-4900,Psychiatric,Voluntary non-profit - Private,214,46
104024,"CIRCLES OF CARE, INC",400 E SHERIDAN RD,(321) 984-4900,Psychiatric,Voluntary non-profit - Private,163,97
104024,"CIRCLES OF CARE, INC",400 E SHERIDAN RD,(321) 984-4900,Psychiatric,Voluntary non-profit - Private,191,69
104024,"CIRCLES OF CARE, INC",400 E SHERIDAN RD,(321) 984-4900,Psychiatric,Voluntary non-profit - Private,183,77
104024,"CIRCLES OF CARE, INC",400 E SHERIDAN RD,(321) 984-4900,Psychiatric,Voluntary non-profit - Private,167,93
104024,"CIRCLES OF CARE, INC",400 E SHERIDAN RD,(321) 984-4900,Psychiatric,Voluntary non-profit - Private,170,90
104024,"CIRCLES OF CARE, INC",400 E SHERIDAN RD,(321) 984-4900,Psychiatric,Voluntary non-profit - Private,238,22
104024,"CIRCLES OF CARE, INC",400 E SHERIDAN RD,(321) 984-4900,Psychiatric,Voluntary non-profit - Private,200,60
104024,"CIRCLES OF CARE, INC",400 E SHERIDAN RD,(321) 984-4900,Psychiatric,Voluntary non-profit - Private,179,81
104024,"CIRCLES OF CARE, INC",400 E SHERIDAN RD,(321) 984-4900,Psychiatric,Voluntary non-profit - Private,180,80
104024,"CIRCLES OF CARE, INC",400 E SHERIDAN RD,(321) 984-4900,Psychiatric,Voluntary non-profit - Private,246,14
104024,"CIRCLES OF CARE, INC",400 E SHERIDAN RD,(321) 984-4900,Psychiatric,Voluntary non-profit - Private,217,43
104024,"CIRCLES OF CARE, INC",400 E SHERIDAN RD,(321) 984-4900,Psychiatric,Voluntary non-profit - Private,204,56
104024,"CIRCLES OF CARE, INC",400 E SHERIDAN RD,(321) 984-4900,Psychiatric,Voluntary non-profit - Private,235,25
104024,"CIRCLES OF CARE, INC",400 E SHERIDAN RD,(321) 984-4900,Psychiatric,Voluntary non-profit - Private,235,25
104024,"CIRCLES OF CARE, INC",400 E SHERIDAN RD,(321) 984-4900,Psychiatric,Voluntary non-profit - Private,169,91
104024,"CIRCLES OF CARE, INC",400 E SHERIDAN RD,(321) 984-4900,Psychiatric,Voluntary non-profit - Private,241,19
104024,"CIRCLES OF CARE, INC",400 E SHERIDAN RD,(321) 984-4900,Psychiatric,Voluntary non-profit - Private,179,81
104024,"CIRCLES OF CARE, INC",400 E SHERIDAN RD,(321) 984-4900,Psychiatric,Voluntary non-profit - Private,190,70
104024,"CIRCLES OF CARE, INC",400 E SHERIDAN RD,(321) 984-4900,Psychiatric,Voluntary non-profit - Private,245,15
104024,"CIRCLES OF CARE, INC",400 E SHERIDAN RD,(321) 984-4900,Psychiatric,Voluntary non-profit - Private,223,37
104024,"CIRCLES OF CARE, INC",400 E SHERIDAN RD,(321) 984-4900,Psychiatric,Voluntary non-profit - Private,164,96
104024,"CIRCLES OF CARE, INC",400 E SHERIDAN RD,(321) 984-4900,Psychiatric,Voluntary non-profit - Private,157,103
104024,"CIRCLES OF CARE, INC",400 E SHERIDAN RD,(321) 984-4900,Psychiatric,Voluntary non-profit - Private,239,21
104024,"CIRCLES OF CARE, INC",400 E SHERIDAN RD,(321) 984-4900,Psychiatric,Voluntary non-profit - Private,222,38
104024,"CIRCLES OF CARE, INC",400 E SHERIDAN RD,(321) 984-4900,Psychiatric,Voluntary non-profit - Private,204,56
104024,"CIRCLES OF CARE, INC",400 E SHERIDAN RD,(321) 984-4900,Psychiatric,Voluntary non-profit - Private,212,48
104024,"CIRCLES OF CARE, INC",400 E SHERIDAN RD,(321) 984-4900,Psychiatric,Voluntary non-profit - Private,213,47
104024,"CIRCLES OF CARE, INC",400 E SHERIDAN RD,(321) 984-4900,Psychiatric,Voluntary non-profit - Private,216,44
104024,"CIRCLES OF CARE, INC",400 E SHERIDAN RD,(321) 984-4900,Psychiatric,Voluntary non-profit - Private,242,18
104024,"CIRCLES OF CARE, INC",400 E SHERIDAN RD,(321) 984-4900,Psychiatric,Voluntary non-profit - Private,245,15
104024,"CIRCLES OF CARE, INC",400 E SHERIDAN RD,(321) 984-4900,Psychiatric,Voluntary non-profit - Private,197,63
104024,"CIRCLES OF CARE, INC",400 E SHERIDAN RD,(321) 984-4900,Psychiatric,Voluntary non-profit - Private,242,18
104024,"CIRCLES OF CARE, INC",400 E SHERIDAN RD,(321) 984-4900,Psychiatric,Voluntary non-profit - Private,197,63
104024,"CIRCLES OF CARE, INC",400 E SHERIDAN RD,(321) 984-4900,Psychiatric,Voluntary non-profit - Private,231,29
104024,"CIRCLES OF CARE, INC",400 E SHERIDAN RD,(321) 984-4900,Psychiatric,Voluntary non-profit - Private,240,20
104024,"CIRCLES OF CARE, INC",400 E SHERIDAN RD,(321) 984-4900,Psychiatric,Voluntary non-profit - Private,232,28
104024,"CIRCLES OF CARE, INC",400 E SHERIDAN RD,(321) 984-4900,Psychiatric,Voluntary non-profit - Private,160,100
104024,"CIRCLES OF CARE, INC",400 E SHERIDAN RD,(321) 984-4900,Psychiatric,Voluntary non-profit - Private,157,103
104024,"CIRCLES OF CARE, INC",400 E SHERIDAN RD,(321) 984-4900,Psychiatric,Voluntary non-profit - Private,244,16
104024,"CIRCLES OF CARE, INC",400 E SHERIDAN RD,(321) 984-4900,Psychiatric,Voluntary non-profit - Private,168,92
104024,"CIRCLES OF CARE, INC",400 E SHERIDAN RD,(321) 984-4900,Psychiatric,Voluntary non-profit - Private,179,81
104024,"CIRCLES OF CARE, INC",400 E SHERIDAN RD,(321) 984-4900,Psychiatric,Voluntary non-profit - Private,214,46
104024,"CIRCLES OF CARE, INC",400 E SHERIDAN RD,(321) 984-4900,Psychiatric,Voluntary non-profit - Private,224,36
104024,"CIRCLES OF CARE, INC",400 E SHERIDAN RD,(321) 984-4900,Psychiatric,Voluntary non-profit - Private,176,84
104024,"CIRCLES OF CARE, INC",400 E SHERIDAN RD,(321) 984-4900,Psychiatric,Voluntary non-profit - Private,166,94
104024,"CIRCLES OF CARE, INC",400 E SHERIDAN RD,(321) 984-4900,Psychiatric,Voluntary non-profit - Private,222,38
104024,"CIRCLES OF CARE, INC",400 E SHERIDAN RD,(321) 984-4900,Psychiatric,Voluntary non-profit - Private,225,35
104024,"CIRCLES OF CARE, INC",400 E SHERIDAN RD,(321) 984-4900,Psychiatric,Voluntary non-profit - Private,158,102
104024,"CIRCLES OF CARE, INC",400 E SHERIDAN RD,(321) 984-4900,Psychiatric,Voluntary non-profit - Private,160,100
104024,"CIRCLES OF CARE, INC",400 E SHERIDAN RD,(321) 984-4900,Psychiatric,Voluntary non-profit - Private,236,24
104024,"CIRCLES OF CARE, INC",400 E SHERIDAN RD,(321) 984-4900,Psychiatric,Voluntary non-profit - Private,230,30
104024,"CIRCLES OF CARE, INC",400 E SHERIDAN RD,(321) 984-4900,Psychiatric,Voluntary non-profit - Private,239,21
104024,"CIRCLES OF CARE, INC",400 E SHERIDAN RD,(321) 984-4900,Psychiatric,Voluntary non-profit - Private,214,46
104024,"CIRCLES OF CARE, INC",400 E SHERIDAN RD,(321) 984-4900,Psychiatric,Voluntary non-profit - Private,201,59
104024,"CIRCLES OF CARE, INC",400 E SHERIDAN RD,(321) 984-4900,Psychiatric,Voluntary non-profit - Private,177,83
104024,"CIRCLES OF CARE, INC",400 E SHERIDAN RD,(321) 984-4900,Psychiatric,Voluntary non-profit - Private,172,88
104024,"CIRCLES OF CARE, INC",400 E SHERIDAN RD,(321) 984-4900,Psychiatric,Voluntary non-profit - Private,205,55
104024,"CIRCLES OF CARE, INC",400 E SHERIDAN RD,(321) 984-4900,Psychiatric,Voluntary non-profit - Private,214,46
104024,"CIRCLES OF CARE, INC",400 E SHERIDAN RD,(321) 984-4900,Psychiatric,Voluntary non-profit - Private,159,101
104024,"CIRCLES OF CARE, INC",400 E SHERIDAN RD,(321) 984-4900,Psychiatric,Voluntary non-profit - Private,181,79
104024,"CIRCLES OF CARE, INC",400 E SHERIDAN RD,(321) 984-4900,Psychiatric,Voluntary non-profit - Private,225,35
104024,"CIRCLES OF CARE, INC",400 E SHERIDAN RD,(321) 984-4900,Psychiatric,Voluntary non-profit - Private,234,26
104024,"CIRCLES OF CARE, INC",400 E SHERIDAN RD,(321) 984-4900,Psychiatric,Voluntary non-profit - Private,231,29
104024,"CIRCLES OF CARE, INC",400 E SHERIDAN RD,(321) 984-4900,Psychiatric,Voluntary non-profit - Private,204,56
104024,"CIRCLES OF CARE, INC",400 E SHERIDAN RD,(321) 984-4900,Psychiatric,Voluntary non-profit - Private,214,46
104024,"CIRCLES OF CARE, INC",400 E SHERIDAN RD,(321) 984-4900,Psychiatric,Voluntary non-profit - Private,199,61
104024,"CIRCLES OF CARE, INC",400 E SHERIDAN RD,(321) 984-4900,Psychiatric,Voluntary non-profit - Private,214,46
104024,"CIRCLES OF CARE, INC",400 E SHERIDAN RD,(321) 984-4900,Psychiatric,Voluntary non-profit - Private,177,83
104024,"CIRCLES OF CARE, INC",400 E SHERIDAN RD,(321) 984-4900,Psychiatric,Voluntary non-profit - Private,196,64
104024,"CIRCLES OF CARE, INC",400 E SHERIDAN RD,(321) 984-4900,Psychiatric,Voluntary non-profit - Private,209,51
104024,"CIRCLES OF CARE, INC",400 E SHERIDAN RD,(321) 984-4900,Psychiatric,Voluntary non-profit - Private,194,66
104024,"CIRCLES OF CARE, INC",400 E SHERIDAN RD,(321) 984-4900,Psychiatric,Voluntary non-profit - Private,162,98
104024,"CIRCLES OF CARE, INC",400 E SHERIDAN RD,(321) 984-4900,Psychiatric,Voluntary non-profit - Private,195,65
104024,"CIRCLES OF CARE, INC",400 E SHERIDAN RD,(321) 984-4900,Psychiatric,Voluntary non-profit - Private,222,38
104024,"CIRCLES OF CARE, INC",400 E SHERIDAN RD,(321) 984-4900,Psychiatric,Voluntary non-profit - Private,157,103
104024,"CIRCLES OF CARE, INC",400 E SHERIDAN RD,(321) 984-4900,Psychiatric,Voluntary non-profit - Private,201,59
104024,"CIRCLES OF CARE, INC",400 E SHERIDAN RD,(321) 984-4900,Psychiatric,Voluntary non-profit - Private,188,72
104024,"CIRCLES OF CARE, INC",400 E SHERIDAN RD,(321) 984-4900,Psychiatric,Voluntary non-profit - Private,163,97
104024,"CIRCLES OF CARE, INC",400 E SHERIDAN RD,(321) 984-4900,Psychiatric,Voluntary non-profit - Private,218,42
104024,"CIRCLES OF CARE, INC",400 E SHERIDAN RD,(321) 984-4900,Psychiatric,Voluntary non-profit - Private,161,99
104024,"CIRCLES OF CARE, INC",400 E SHERIDAN RD,(321) 984-4900,Psychiatric,Voluntary non-profit - Private,209,51
104024,"CIRCLES OF CARE, INC",400 E SHERIDAN RD,(321) 984-4900,Psychiatric,Voluntary non-profit - Private,226,34
104024,"CIRCLES OF CARE, INC",400 E SHERIDAN RD,(321) 984-4900,Psychiatric,Voluntary non-profit - Private,163,97
104024,"CIRCLES OF CARE, INC",400 E SHERIDAN RD,(321) 984-4900,Psychiatric,Voluntary non-profit - Private,180,80
104024,"CIRCLES OF CARE, INC",400 E SHERIDAN RD,(321) 984-4900,Psychiatric,Voluntary non-profit - Private,182,78
104024,"CIRCLES OF CARE, INC",400 E SHERIDAN RD,(321) 984-4900,Psychiatric,Voluntary non-profit - Private,167,93
104024,"CIRCLES OF CARE, INC",400 E SHERIDAN RD,(321) 984-4900,Psychiatric,Voluntary non-profit - Private,187,73
104024,"CIRCLES OF CARE, INC",400 E SHERIDAN RD,(321) 984-4900,Psychiatric,Voluntary non-profit - Private,179,81
104024,"CIRCLES OF CARE, INC",400 E SHERIDAN RD,(321) 984-4900,Psychiatric,Voluntary non-profit - Private,207,53
104024,"CIRCLES OF CARE, INC",400 E SHERIDAN RD,(321) 984-4900,Psychiatric,Voluntary non-profit - Private,206,54
104024,"CIRCLES OF CARE, INC",400 E SHERIDAN RD,(321) 984-4900,Psychiatric,Voluntary non-profit - Private,236,24
104024,"CIRCLES OF CARE, INC",400 E SHERIDAN RD,(321) 984-4900,Psychiatric,Voluntary non-profit - Private,156,104
104024,"CIRCLES OF CARE, INC",400 E SHERIDAN RD,(321) 984-4900,Psychiatric,Voluntary non-profit - Private,224,36
104024,"CIRCLES OF CARE, INC",400 E SHERIDAN RD,(321) 984-4900,Psychiatric,Voluntary non-profit - Private,217,43
104024,"CIRCLES OF CARE, INC",400 E SHERIDAN RD,(321) 984-4900,Psychiatric,Voluntary non-profit - Private,203,57
104024,"CIRCLES OF CARE, INC",400 E SHERIDAN RD,(321) 984-4900,Psychiatric,Voluntary non-profit - Private,199,61
104024,"CIRCLES OF CARE, INC",400 E SHERIDAN RD,(321) 984-4900,Psychiatric,Voluntary non-profit - Private,173,87
104024,"CIRCLES OF CARE, INC",400 E SHERIDAN RD,(321) 984-4900,Psychiatric,Voluntary non-profit - Private,227,33
104024,"CIRCLES OF CARE, INC",400 E SHERIDAN RD,(321) 984-4900,Psychiatric,Voluntary non-profit - Private,179,81
104024,"CIRCLES OF CARE, INC",400 E SHERIDAN RD,(321) 984-4900,Psychiatric,Voluntary non-profit - Private,159,101
104024,"CIRCLES OF CARE, INC",400 E SHERIDAN RD,(321) 984-4900,Psychiatric,Voluntary non-profit - Private,211,49
104024,"CIRCLES OF CARE, INC",400 E SHERIDAN RD,(321) 984-4900,Psychiatric,Voluntary non-profit - Private,238,22
104024,"CIRCLES OF CARE, INC",400 E SHERIDAN RD,(321) 984-4900,Psychiatric,Voluntary non-profit - Private,227,33
104024,"CIRCLES OF CARE, INC",400 E SHERIDAN RD,(321) 984-4900,Psychiatric,Voluntary non-profit - Private,193,67
104024,"CIRCLES OF CARE, INC",400 E SHERIDAN RD,(321) 984-4900,Psychiatric,Voluntary non-profit - Private,213,47
104024,"CIRCLES OF CARE, INC",400 E SHERIDAN RD,(321) 984-4900,Psychiatric,Voluntary non-profit - Private,231,29
104024,"CIRCLES OF CARE, INC",400 E SHERIDAN RD,(321) 984-4900,Psychiatric,Voluntary non-profit - Private,212,48
104024,"CIRCLES OF CARE, INC",400 E SHERIDAN RD,(321) 984-4900,Psychiatric,Voluntary non-profit - Private,164,96
104024,"CIRCLES OF CARE, INC",400 E SHERIDAN RD,(321) 984-4900,Psychiatric,Voluntary non-profit - Private,238,22
104024,"CIRCLES OF CARE, INC",400 E SHERIDAN RD,(321) 984-4900,Psychiatric,Voluntary non-profit - Private,168,92
104024,"CIRCLES OF CARE, INC",400 E SHERIDAN RD,(321) 984-4900,Psychiatric,Voluntary non-profit - Private,244,16
104024,"CIRCLES OF CARE, INC",400 E SHERIDAN RD,(321) 984-4900,Psychiatric,Voluntary non-profit - Private,193,67
104024,"CIRCLES OF CARE, INC",400 E SHERIDAN RD,(321) 984-4900,Psychiatric,Voluntary non-profit - Private,191,69
104024,"CIRCLES OF CARE, INC",400 E SHERIDAN RD,(321) 984-4900,Psychiatric,Voluntary non-profit - Private,231,29
104024,"CIRCLES OF CARE, INC",400 E SHERIDAN RD,(321) 984-4900,Psychiatric,Voluntary non-profit - Private,245,15
104024,"CIRCLES OF CARE, INC",400 E SHERIDAN RD,(321) 984-4900,Psychiatric,Voluntary non-profit - Private,208,52
104024,"CIRCLES OF CARE, INC",400 E SHERIDAN RD,(321) 984-4900,Psychiatric,Voluntary non-profit - Private,186,74
104024,"CIRCLES OF CARE, INC",400 E SHERIDAN RD,(321) 984-4900,Psychiatric,Voluntary non-profit - Private,242,18
104024,"CIRCLES OF CARE, INC",400 E SHERIDAN RD,(321) 984-4900,Psychiatric,Voluntary non-profit - Private,243,17
104024,"CIRCLES OF CARE, INC",400 E SHERIDAN RD,(321) 984-4900,Psychiatric,Voluntary non-profit - Private,176,84
104024,"CIRCLES OF CARE, INC",400 E SHERIDAN RD,(321) 984-4900,Psychiatric,Voluntary non-profit - Private,230,30
104024,"CIRCLES OF CARE, INC",400 E SHERIDAN RD,(321) 984-4900,Psychiatric,Voluntary non-profit - Private,185,75
104024,"CIRCLES OF CARE, INC",400 E SHERIDAN RD,(321) 984-4900,Psychiatric,Voluntary non-profit - Private,170,90
104024,"CIRCLES OF CARE, INC",400 E SHERIDAN RD,(321) 984-4900,Psychiatric,Voluntary non-profit - Private,228,32
104024,"CIRCLES OF CARE, INC",400 E SHERIDAN RD,(321) 984-4900,Psychiatric,Voluntary non-profit - Private,164,96
104024,"CIRCLES OF CARE, INC",400 E SHERIDAN RD,(321) 984-4900,Psychiatric,Voluntary non-profit - Private,224,36
104024,"CIRCLES OF CARE, INC",400 E SHERIDAN RD,(321) 984-4900,Psychiatric,Voluntary non-profit - Private,170,90
104024,"CIRCLES OF CARE, INC",400 E SHERIDAN RD,(321) 984-4900,Psychiatric,Voluntary non-profit - Private,188,72
104024,"CIRCLES OF CARE, INC",400 E SHERIDAN RD,(321) 984-4900,Psychiatric,Voluntary non-profit - Private,202,58
104024,"CIRCLES OF CARE, INC",400 E SHERIDAN RD,(321) 984-4900,Psychiatric,Voluntary non-profit - Private,158,102
104024,"CIRCLES OF CARE, INC",400 E SHERIDAN RD,(321) 984-4900,Psychiatric,Voluntary non-profit - Private,194,66
104024,"CIRCLES OF CARE, INC",400 E SHERIDAN RD,(321) 984-4900,Psychiatric,Voluntary non-profit - Private,238,22
104024,"CIRCLES OF CARE, INC",400 E SHERIDAN RD,(321) 984-4900,Psychiatric,Voluntary non-profit - Private,158,102
104024,"CIRCLES OF CARE, INC",400 E SHERIDAN RD,(321) 984-4900,Psychiatric,Voluntary non-profit - Private,223,37
104024,"CIRCLES OF CARE, INC",400 E SHERIDAN RD,(321) 984-4900,Psychiatric,Voluntary non-profit - Private,209,51
104024,"CIRCLES OF CARE, INC",400 E SHERIDAN RD,(321) 984-4900,Psychiatric,Voluntary non-profit - Private,218,42
104024,"CIRCLES OF CARE, INC",400 E SHERIDAN RD,(321) 984-4900,Psychiatric,Voluntary non-profit - Private,203,57
104024,"CIRCLES OF CARE, INC",400 E SHERIDAN RD,(321) 984-4900,Psychiatric,Voluntary non-profit - Private,172,88
104024,"CIRCLES OF CARE, INC",400 E SHERIDAN RD,(321) 984-4900,Psychiatric,Voluntary non-profit - Private,190,70
104024,"CIRCLES OF CARE, INC",400 E SHERIDAN RD,(321) 984-4900,Psychiatric,Voluntary non-profit - Private,226,34
104024,"CIRCLES OF CARE, INC",400 E SHERIDAN RD,(321) 984-4900,Psychiatric,Voluntary non-profit - Private,164,96
104024,"CIRCLES OF CARE, INC",400 E SHERIDAN RD,(321) 984-4900,Psychiatric,Voluntary non-profit - Private,238,22
104024,"CIRCLES OF CARE, INC",400 E SHERIDAN RD,(321) 984-4900,Psychiatric,Voluntary non-profit - Private,185,75
104024,"CIRCLES OF CARE, INC",400 E SHERIDAN RD,(321) 984-4900,Psychiatric,Voluntary non-profit - Private,173,87
104024,"CIRCLES OF CARE, INC",400 E SHERIDAN RD,(321) 984-4900,Psychiatric,Voluntary non-profit - Private,244,16
104024,"CIRCLES OF CARE, INC",400 E SHERIDAN RD,(321) 984-4900,Psychiatric,Voluntary non-profit - Private,217,43
104024,"CIRCLES OF CARE, INC",400 E SHERIDAN RD,(321) 984-4900,Psychiatric,Voluntary non-profit - Private,177,83
104024,"CIRCLES OF CARE, INC",400 E SHERIDAN RD,(321) 984-4900,Psychiatric,Voluntary non-profit - Private,170,90
104024,"CIRCLES OF CARE, INC",400 E SHERIDAN RD,(321) 984-4900,Psychiatric,Voluntary non-profit - Private,189,71
104024,"CIRCLES OF CARE, INC",400 E SHERIDAN RD,(321) 984-4900,Psychiatric,Voluntary non-profit - Private,194,66
104024,"CIRCLES OF CARE, INC",400 E SHERIDAN RD,(321) 984-4900,Psychiatric,Voluntary non-profit - Private,163,97
104024,"CIRCLES OF CARE, INC",400 E SHERIDAN RD,(321) 984-4900,Psychiatric,Voluntary non-profit - Private,238,22
104024,"CIRCLES OF CARE, INC",400 E SHERIDAN RD,(321) 984-4900,Psychiatric,Voluntary non-profit - Private,240,20
104024,"CIRCLES OF CARE, INC",400 E SHERIDAN RD,(321) 984-4900,Psychiatric,Voluntary non-profit - Private,167,93
104024,"CIRCLES OF CARE, INC",400 E SHERIDAN RD,(321) 984-4900,Psychiatric,Voluntary non-profit - Private,231,29
104024,"CIRCLES OF CARE, INC",400 E SHERIDAN RD,(321) 984-4900,Psychiatric,Voluntary non-profit - Private,176,84
104024,"CIRCLES OF CARE, INC",400 E SHERIDAN RD,(321) 984-4900,Psychiatric,Voluntary non-profit - Private,160,100
104024,"CIRCLES OF CARE, INC",400 E SHERIDAN RD,(321) 984-4900,Psychiatric,Voluntary non-profit - Private,209,51
104024,"CIRCLES OF CARE, INC",400 E SHERIDAN RD,(321) 984-4900,Psychiatric,Voluntary non-profit - Private,223,37
104024,"CIRCLES OF CARE, INC",400 E SHERIDAN RD,(321) 984-4900,Psychiatric,Voluntary non-profit - Private,173,87
104024,"CIRCLES OF CARE, INC",400 E SHERIDAN RD,(321) 984-4900,Psychiatric,Voluntary non-profit - Private,240,20
104024,"CIRCLES OF CARE, INC",400 E SHERIDAN RD,(321) 984-4900,Psychiatric,Voluntary non-profit - Private,169,91
104024,"CIRCLES OF CARE, INC",400 E SHERIDAN RD,(321) 984-4900,Psychiatric,Voluntary non-profit - Private,219,41
104024,"CIRCLES OF CARE, INC",400 E SHERIDAN RD,(321) 984-4900,Psychiatric,Voluntary non-profit - Private,221,39
104024,"CIRCLES OF CARE, INC",400 E SHERIDAN RD,(321) 984-4900,Psychiatric,Voluntary non-profit - Private,210,50
104024,"CIRCLES OF CARE, INC",400 E SHERIDAN RD,(321) 984-4900,Psychiatric,Voluntary non-profit - Private,225,35
104024,"CIRCLES OF CARE, INC",400 E SHERIDAN RD,(321) 984-4900,Psychiatric,Voluntary non-profit - Private,240,20
104024,"CIRCLES OF CARE, INC",400 E SHERIDAN RD,(321) 984-4900,Psychiatric,Voluntary non-profit - Private,239,21
104024,"CIRCLES OF CARE, INC",400 E SHERIDAN RD,(321) 984-4900,Psychiatric,Voluntary non-profit - Private,170,90
104024,"CIRCLES OF CARE, INC",400 E SHERIDAN RD,(321) 984-4900,Psychiatric,Voluntary non-profit - Private,183,77
104024,"CIRCLES OF CARE, INC",400 E SHERIDAN RD,(321) 984-4900,Psychiatric,Voluntary non-profit - Private,210,50
104024,"CIRCLES OF CARE, INC",400 E SHERIDAN RD,(321) 984-4900,Psychiatric,Voluntary non-profit - Private,183,77
104024,"CIRCLES OF CARE, INC",400 E SHERIDAN RD,(321) 984-4900,Psychiatric,Voluntary non-profit - Private,202,58
104024,"CIRCLES OF CARE, INC",400 E SHERIDAN RD,(321) 984-4900,Psychiatric,Voluntary non-profit - Private,230,30
104024,"CIRCLES OF CARE, INC",400 E SHERIDAN RD,(321) 984-4900,Psychiatric,Voluntary non-profit - Private,169,91
104024,"CIRCLES OF CARE, INC",400 E SHERIDAN RD,(321) 984-4900,Psychiatric,Voluntary non-profit - Private,167,93
104024,"CIRCLES OF CARE, INC",400 E SHERIDAN RD,(321) 984-4900,Psychiatric,Voluntary non-profit - Private,246,14
104024,"CIRCLES OF CARE, INC",400 E SHERIDAN RD,(321) 984-4900,Psychiatric,Voluntary non-profit - Private,231,29
104024,"CIRCLES OF CARE, INC",400 E SHERIDAN RD,(321) 984-4900,Psychiatric,Voluntary non-profit - Private,232,28
104024,"CIRCLES OF CARE, INC",400 E SHERIDAN RD,(321) 984-4900,Psychiatric,Voluntary non-profit - Private,224,36
104024,"CIRCLES OF CARE, INC",400 E SHERIDAN RD,(321) 984-4900,Psychiatric,Voluntary non-profit - Private,159,101
104024,"CIRCLES OF CARE, INC",400 E SHERIDAN RD,(321) 984-4900,Psychiatric,Voluntary non-profit - Private,192,68
104024,"CIRCLES OF CARE, INC",400 E SHERIDAN RD,(321) 984-4900,Psychiatric,Voluntary non-profit - Private,211,49
104024,"CIRCLES OF CARE, INC",400 E SHERIDAN RD,(321) 984-4900,Psychiatric,Voluntary non-profit - Private,159,101
104024,"CIRCLES OF CARE, INC",400 E SHERIDAN RD,(321) 984-4900,Psychiatric,Voluntary non-profit - Private,242,18
104024,"CIRCLES OF CARE, INC",400 E SHERIDAN RD,(321) 984-4900,Psychiatric,Voluntary non-profit - Private,246,14
104024,"CIRCLES OF CARE, INC",400 E SHERIDAN RD,(321) 984-4900,Psychiatric,Voluntary non-profit - Private,227,33
104024,"CIRCLES OF CARE, INC",400 E SHERIDAN RD,(321) 984-4900,Psychiatric,Voluntary non-profit - Private,159,101
104024,"CIRCLES OF CARE, INC",400 E SHERIDAN RD,(321) 984-4900,Psychiatric,Voluntary non-profit - Private,210,50
104024,"CIRCLES OF CARE, INC",400 E SHERIDAN RD,(321) 984-4900,Psychiatric,Voluntary non-profit - Private,234,26
104024,"CIRCLES OF CARE, INC",400 E SHERIDAN RD,(321) 984-4900,Psychiatric,Voluntary non-profit - Private,170,90
104024,"CIRCLES OF CARE, INC",400 E SHERIDAN RD,(321) 984-4900,Psychiatric,Voluntary non-profit - Private,242,18
104024,"CIRCLES OF CARE, INC",400 E SHERIDAN RD,(321) 984-4900,Psychiatric,Voluntary non-profit - Private,183,77
104024,"CIRCLES OF CARE, INC",400 E SHERIDAN RD,(321) 984-4900,Psychiatric,Voluntary non-profit - Private,232,28
104024,"CIRCLES OF CARE, INC",400 E SHERIDAN RD,(321) 984-4900,Psychiatric,Voluntary non-profit - Private,206,54
104024,"CIRCLES OF CARE, INC",400 E SHERIDAN RD,(321) 984-4900,Psychiatric,Voluntary non-profit - Private,184,76
104024,"CIRCLES OF CARE, INC",400 E SHERIDAN RD,(321) 984-4900,Psychiatric,Voluntary non-profit - Private,158,102
104024,"CIRCLES OF CARE, INC",400 E SHERIDAN RD,(321) 984-4900,Psychiatric,Voluntary non-profit - Private,225,35
104024,"CIRCLES OF CARE, INC",400 E SHERIDAN RD,(321) 984-4900,Psychiatric,Voluntary non-profit - Private,214,46
104024,"CIRCLES OF CARE, INC",400 E SHERIDAN RD,(321) 984-4900,Psychiatric,Voluntary non-profit - Private,188,72
104024,"CIRCLES OF CARE, INC",400 E SHERIDAN RD,(321) 984-4900,Psychiatric,Voluntary non-profit - Private,222,38
104024,"CIRCLES OF CARE, INC",400 E SHERIDAN RD,(321) 984-4900,Psychiatric,Voluntary non-profit - Private,215,45
104024,"CIRCLES OF CARE, INC",400 E SHERIDAN RD,(321) 984-4900,Psychiatric,Voluntary non-profit - Private,179,81
104024,"CIRCLES OF CARE, INC",400 E SHERIDAN RD,(321) 984-4900,Psychiatric,Voluntary non-profit - Private,235,25
104024,"CIRCLES OF CARE, INC",400 E SHERIDAN RD,(321) 984-4900,Psychiatric,Voluntary non-profit - Private,218,42
104024,"CIRCLES OF CARE, INC",400 E SHERIDAN RD,(321) 984-4900,Psychiatric,Voluntary non-profit - Private,235,25
104024,"CIRCLES OF CARE, INC",400 E SHERIDAN RD,(321) 984-4900,Psychiatric,Voluntary non-profit - Private,212,48
104024,"CIRCLES OF CARE, INC",400 E SHERIDAN RD,(321) 984-4900,Psychiatric,Voluntary non-profit - Private,233,27
104024,"CIRCLES OF CARE, INC",400 E SHERIDAN RD,(321) 984-4900,Psychiatric,Voluntary non-profit - Private,207,53
104024,"CIRCLES OF CARE, INC",400 E SHERIDAN RD,(321) 984-4900,Psychiatric,Voluntary non-profit - Private,159,101
104024,"CIRCLES OF CARE, INC",400 E SHERIDAN RD,(321) 984-4900,Psychiatric,Voluntary non-profit - Private,187,73
104024,"CIRCLES OF CARE, INC",400 E SHERIDAN RD,(321) 984-4900,Psychiatric,Voluntary non-profit - Private,213,47
104024,"CIRCLES OF CARE, INC",400 E SHERIDAN RD,(321) 984-4900,Psychiatric,Voluntary non-profit - Private,157,103
104024,"CIRCLES OF CARE, INC",400 E SHERIDAN RD,(321) 984-4900,Psychiatric,Voluntary non-profit - Private,227,33
104024,"CIRCLES OF CARE, INC",400 E SHERIDAN RD,(321) 984-4900,Psychiatric,Voluntary non-profit - Private,218,42
104024,"CIRCLES OF CARE, INC",400 E SHERIDAN RD,(321) 984-4900,Psychiatric,Voluntary non-profit - Private,241,19
104024,"CIRCLES OF CARE, INC",400 E SHERIDAN RD,(321) 984-4900,Psychiatric,Voluntary non-profit - Private,182,78
104024,"CIRCLES OF CARE, INC",400 E SHERIDAN RD,(321) 984-4900,Psychiatric,Voluntary non-profit - Private,211,49
104024,"CIRCLES OF CARE, INC",400 E SHERIDAN RD,(321) 984-4900,Psychiatric,Voluntary non-profit - Private,213,47
104024,"CIRCLES OF CARE, INC",400 E SHERIDAN RD,(321) 984-4900,Psychiatric,Voluntary non-profit - Private,224,36
104024,"CIRCLES OF CARE, INC",400 E SHERIDAN RD,(321) 984-4900,Psychiatric,Voluntary non-profit - Private,224,36
104024,"CIRCLES OF CARE, INC",400 E SHERIDAN RD,(321) 984-4900,Psychiatric,Voluntary non-profit - Private,233,27
104024,"CIRCLES OF CARE, INC",400 E SHERIDAN RD,(321) 984-4900,Psychiatric,Voluntary non-profit - Private,176,84
104024,"CIRCLES OF CARE, INC",400 E SHERIDAN RD,(321) 984-4900,Psychiatric,Voluntary non-profit - Private,170,90
104024,"CIRCLES OF CARE, INC",400 E SHERIDAN RD,(321) 984-4900,Psychiatric,Voluntary non-profit - Private,221,39
104024,"CIRCLES OF CARE, INC",400 E SHERIDAN RD,(321) 984-4900,Psychiatric,Voluntary non-profit - Private,167,93
104024,"CIRCLES OF CARE, INC",400 E SHERIDAN RD,(321) 984-4900,Psychiatric,Voluntary non-profit - Private,165,95
104024,"CIRCLES OF CARE, INC",400 E SHERIDAN RD,(321) 984-4900,Psychiatric,Voluntary non-profit - Private,214,46
104024,"CIRCLES OF CARE, INC",400 E SHERIDAN RD,(321) 984-4900,Psychiatric,Voluntary non-profit - Private,230,30
104024,"CIRCLES OF CARE, INC",400 E SHERIDAN RD,(321) 984-4900,Psychiatric,Voluntary non-profit - Private,233,27
104024,"CIRCLES OF CARE, INC",400 E SHERIDAN RD,(321) 984-4900,Psychiatric,Voluntary non-profit - Private,244,16
104024,"CIRCLES OF CARE, INC",400 E SHERIDAN RD,(321) 984-4900,Psychiatric,Voluntary non-profit - Private,162,98
104024,"CIRCLES OF CARE, INC",400 E SHERIDAN RD,(321) 984-4900,Psychiatric,Voluntary non-profit - Private,194,66
104024,"CIRCLES OF CARE, INC",400 E SHERIDAN RD,(321) 984-4900,Psychiatric,Voluntary non-profit - Private,194,66
104024,"CIRCLES OF CARE, INC",400 E SHERIDAN RD,(321) 984-4900,Psychiatric,Voluntary non-profit - Private,164,96
104024,"CIRCLES OF CARE, INC",400 E SHERIDAN RD,(321) 984-4900,Psychiatric,Voluntary non-profit - Private,217,43
104024,"CIRCLES OF CARE, INC",400 E SHERIDAN RD,(321) 984-4900,Psychiatric,Voluntary non-profit - Private,193,67
104024,"CIRCLES OF CARE, INC",400 E SHERIDAN RD,(321) 984-4900,Psychiatric,Voluntary non-profit - Private,175,85
104024,"CIRCLES OF CARE, INC",400 E SHERIDAN RD,(321) 984-4900,Psychiatric,Voluntary non-profit - Private,229,31
104024,"CIRCLES OF CARE, INC",400 E SHERIDAN RD,(321) 984-4900,Psychiatric,Voluntary non-profit - Private,220,40
104024,"CIRCLES OF CARE, INC",400 E SHERIDAN RD,(321) 984-4900,Psychiatric,Voluntary non-profit - Private,191,69
104024,"CIRCLES OF CARE, INC",400 E SHERIDAN RD,(321) 984-4900,Psychiatric,Voluntary non-profit - Private,227,33
104024,"CIRCLES OF CARE, INC",400 E SHERIDAN RD,(321) 984-4900,Psychiatric,Voluntary non-profit - Private,237,23
104024,"CIRCLES OF CARE, INC",400 E SHERIDAN RD,(321) 984-4900,Psychiatric,Voluntary non-profit - Private,168,92
104024,"CIRCLES OF CARE, INC",400 E SHERIDAN RD,(321) 984-4900,Psychiatric,Voluntary non-profit - Private,160,100
104024,"CIRCLES OF CARE, INC",400 E SHERIDAN RD,(321) 984-4900,Psychiatric,Voluntary non-profit - Private,194,66
104024,"CIRCLES OF CARE, INC",400 E SHERIDAN RD,(321) 984-4900,Psychiatric,Voluntary non-profit - Private,199,61
104024,"CIRCLES OF CARE, INC",400 E SHERIDAN RD,(321) 984-4900,Psychiatric,Voluntary non-profit - Private,187,73
104024,"CIRCLES OF CARE, INC",400 E SHERIDAN RD,(321) 984-4900,Psychiatric,Voluntary non-profit - Private,237,23
104024,"CIRCLES OF CARE, INC",400 E SHERIDAN RD,(321) 984-4900,Psychiatric,Voluntary non-profit - Private,220,40
104024,"CIRCLES OF CARE, INC",400 E SHERIDAN RD,(321) 984-4900,Psychiatric,Voluntary non-profit - Private,156,104
104024,"CIRCLES OF CARE, INC",400 E SHERIDAN RD,(321) 984-4900,Psychiatric,Voluntary non-profit - Private,221,39
104024,"CIRCLES OF CARE, INC",400 E SHERIDAN RD,(321) 984-4900,Psychiatric,Voluntary non-profit - Private,156,104
104024,"CIRCLES OF CARE, INC",400 E SHERIDAN RD,(321) 984-4900,Psychiatric,Voluntary non-profit - Private,218,42
104024,"CIRCLES OF CARE, INC",400 E SHERIDAN RD,(321) 984-4900,Psychiatric,Voluntary non-profit - Private,172,88
104024,"CIRCLES OF CARE, INC",400 E SHERIDAN RD,(321) 984-4900,Psychiatric,Voluntary non-profit - Private,207,53
104024,"CIRCLES OF CARE, INC",400 E SHERIDAN RD,(321) 984-4900,Psychiatric,Voluntary non-profit - Private,192,68
104024,"CIRCLES OF CARE, INC",400 E SHERIDAN RD,(321) 984-4900,Psychiatric,Voluntary non-profit - Private,231,29
104024,"CIRCLES OF CARE, INC",400 E SHERIDAN RD,(321) 984-4900,Psychiatric,Voluntary non-profit - Private,212,48
104024,"CIRCLES OF CARE, INC",400 E SHERIDAN RD,(321) 984-4900,Psychiatric,Voluntary non-profit - Private,243,17
104024,"CIRCLES OF CARE, INC",400 E SHERIDAN RD,(321) 984-4900,Psychiatric,Voluntary non-profit - Private,209,51
104024,"CIRCLES OF CARE, INC",400 E SHERIDAN RD,(321) 984-4900,Psychiatric,Voluntary non-profit - Private,183,77
104024,"CIRCLES OF CARE, INC",400 E SHERIDAN RD,(321) 984-4900,Psychiatric,Voluntary non-profit - Private,200,60
104024,"CIRCLES OF CARE, INC",400 E SHERIDAN RD,(321) 984-4900,Psychiatric,Voluntary non-profit - Private,208,52
104024,"CIRCLES OF CARE, INC",400 E SHERIDAN RD,(321) 984-4900,Psychiatric,Voluntary non-profit - Private,202,58
104024,"CIRCLES OF CARE, INC",400 E SHERIDAN RD,(321) 984-4900,Psychiatric,Voluntary non-profit - Private,186,74
104024,"CIRCLES OF CARE, INC",400 E SHERIDAN RD,(321) 984-4900,Psychiatric,Voluntary non-profit - Private,184,76
104024,"CIRCLES OF CARE, INC",400 E SHERIDAN RD,(321) 984-4900,Psychiatric,Voluntary non-profit - Private,196,64
104024,"CIRCLES OF CARE, INC",400 E SHERIDAN RD,(321) 984-4900,Psychiatric,Voluntary non-profit - Private,206,54
104024,"CIRCLES OF CARE, INC",400 E SHERIDAN RD,(321) 984-4900,Psychiatric,Voluntary non-profit - Private,208,52
104024,"CIRCLES OF CARE, INC",400 E SHERIDAN RD,(321) 984-4900,Psychiatric,Voluntary non-profit - Private,172,88
104024,"CIRCLES OF CARE, INC",400 E SHERIDAN RD,(321) 984-4900,Psychiatric,Voluntary non-profit - Private,203,57
104024,"CIRCLES OF CARE, INC",400 E SHERIDAN RD,(321) 984-4900,Psychiatric,Voluntary non-profit - Private,220,40
104024,"CIRCLES OF CARE, INC",400 E SHERIDAN RD,(321) 984-4900,Psychiatric,Voluntary non-profit - Private,161,99
104024,"CIRCLES OF CARE, INC",400 E SHERIDAN RD,(321) 984-4900,Psychiatric,Voluntary non-profit - Private,161,99
104024,"CIRCLES OF CARE, INC",400 E SHERIDAN RD,(321) 984-4900,Psychiatric,Voluntary non-profit - Private,197,63
104024,"CIRCLES OF CARE, INC",400 E SHERIDAN RD,(321) 984-4900,Psychiatric,Voluntary non-profit - Private,224,36
