Facility ID,Facility Name,Address,Telephone Number,Hospital Type,Hospital Ownership,Active Beds,Inactive Beds
104057,SPRINGBROOK HOSPITAL,7007 GROVE RD,(352) 596-4306,Psychiatric,Voluntary non-profit - Private,297,63
104057,SPRINGBROOK HOSPITAL,7007 GROVE RD,(352) 596-4306,Psychiatric,Voluntary non-profit - Private,234,126
104057,SPRINGBROOK HOSPITAL,7007 GROVE RD,(352) 596-4306,Psychiatric,Voluntary non-profit - Private,257,103
104057,SPRINGBROOK HOSPITAL,7007 GROVE RD,(352) 596-4306,Psychiatric,Voluntary non-profit - Private,266,94
104057,SPRINGBROOK HOSPITAL,7007 GROVE RD,(352) 596-4306,Psychiatric,Voluntary non-profit - Private,287,73
104057,SPRINGBROOK HOSPITAL,7007 GROVE RD,(352) 596-4306,Psychiatric,Voluntary non-profit - Private,291,69
104057,SPRINGBROOK HOSPITAL,7007 GROVE RD,(352) 596-4306,Psychiatric,Voluntary non-profit - Private,323,37
104057,SPRINGBROOK HOSPITAL,7007 GROVE RD,(352) 596-4306,Psychiatric,Voluntary non-profit - Private,246,114
104057,SPRINGBROOK HOSPITAL,7007 GROVE RD,(352) 596-4306,Psychiatric,Voluntary non-profit - Private,312,48
104057,SPRINGBROOK HOSPITAL,7007 GROVE RD,(352) 596-4306,Psychiatric,Voluntary non-profit - Private,252,108
104057,SPRINGBROOK HOSPITAL,7007 GROVE RD,(352) 596-4306,Psychiatric,Voluntary non-profit - Private,335,25
104057,SPRINGBROOK HOSPITAL,7007 GROVE RD,(352) 596-4306,Psychiatric,Voluntary non-profit - Private,298,62
104057,SPRINGBROOK HOSPITAL,7007 GROVE RD,(352) 596-4306,Psychiatric,Voluntary non-profit - Private,287,73
104057,SPRINGBROOK HOSPITAL,7007 GROVE RD,(352) 596-4306,Psychiatric,Voluntary non-profit - Private,246,114
104057,SPRINGBROOK HOSPITAL,7007 GROVE RD,(352) 596-4306,Psychiatric,Voluntary non-profit - Private,317,43
104057,SPRINGBROOK HOSPITAL,7007 GROVE RD,(352) 596-4306,Psychiatric,Voluntary non-profit - Private,297,63
104057,SPRINGBROOK HOSPITAL,7007 GROVE RD,(352) 596-4306,Psychiatric,Voluntary non-profit - Private,319,41
104057,SPRINGBROOK HOSPITAL,7007 GROVE RD,(352) 596-4306,Psychiatric,Voluntary non-profit - Private,259,101
104057,SPRINGBROOK HOSPITAL,7007 GROVE RD,(352) 596-4306,Psychiatric,Voluntary non-profit - Private,252,108
104057,SPRINGBROOK HOSPITAL,7007 GROVE RD,(352) 596-4306,Psychiatric,Voluntary non-profit - Private,232,128
104057,SPRINGBROOK HOSPITAL,7007 GROVE RD,(352) 596-4306,Psychiatric,Voluntary non-profit - Private,275,85
104057,SPRINGBROOK HOSPITAL,7007 GROVE RD,(352) 596-4306,Psychiatric,Voluntary non-profit - Private,250,110
104057,SPRINGBROOK HOSPITAL,7007 GROVE RD,(352) 596-4306,Psychiatric,Voluntary non-profit - Private,334,26
104057,SPRINGBROOK HOSPITAL,7007 GROVE RD,(352) 596-4306,Psychiatric,Voluntary non-profit - Private,312,48
104057,SPRINGBROOK HOSPITAL,7007 GROVE RD,(352) 596-4306,Psychiatric,Voluntary non-profit - Private,257,103
104057,SPRINGBROOK HOSPITAL,7007 GROVE RD,(352) 596-4306,Psychiatric,Voluntary non-profit - Private,239,121
104057,SPRINGBROOK HOSPITAL,7007 GROVE RD,(352) 596-4306,Psychiatric,Voluntary non-profit - Private,236,124
104057,SPRINGBROOK HOSPITAL,7007 GROVE RD,(352) 596-4306,Psychiatric,Voluntary non-profit - Private,289,71
104057,SPRINGBROOK HOSPITAL,7007 GROVE RD,(352) 596-4306,Psychiatric,Voluntary non-profit - Private,293,67
104057,SPRINGBROOK HOSPITAL,7007 GROVE RD,(352) 596-4306,Psychiatric,Voluntary non-profit - Private,295,65
104057,SPRINGBROOK HOSPITAL,7007 GROVE RD,(352) 596-4306,Psychiatric,Voluntary non-profit - Private,290,70
104057,SPRINGBROOK HOSPITAL,7007 GROVE RD,(352) 596-4306,Psychiatric,Voluntary non-profit - Private,309,51
104057,SPRINGBROOK HOSPITAL,7007 GROVE RD,(352) 596-4306,Psychiatric,Voluntary non-profit - Private,278,82
104057,SPRINGBROOK HOSPITAL,7007 GROVE RD,(352) 596-4306,Psychiatric,Voluntary non-profit - Private,295,65
104057,SPRINGBROOK HOSPITAL,7007 GROVE RD,(352) 596-4306,Psychiatric,Voluntary non-profit - Private,301,59
104057,SPRINGBROOK HOSPITAL,7007 GROVE RD,(352) 596-4306,Psychiatric,Voluntary non-profit - Private,306,54
104057,SPRINGBROOK HOSPITAL,7007 GROVE RD,(352) 596-4306,Psychiatric,Voluntary non-profit - Private,251,109
104057,SPRINGBROOK HOSPITAL,7007 GROVE RD,(352) 596-4306,Psychiatric,Voluntary non-profit - Private,295,65
104057,SPRINGBROOK HOSPITAL,7007 GROVE RD,(352) 596-4306,Psychiatric,Voluntary non-profit - Private,307,53
104057,SPRINGBROOK HOSPITAL,7007 GROVE RD,(352) 596-4306,Psychiatric,Voluntary non-profit - Private,275,85
104057,SPRINGBROOK HOSPITAL,7007 GROVE RD,(352) 596-4306,Psychiatric,Voluntary non-profit - Private,260,100
104057,SPRINGBROOK HOSPITAL,7007 GROVE RD,(352) 596-4306,Psychiatric,Voluntary non-profit - Private,293,67
104057,SPRINGBROOK HOSPITAL,7007 GROVE RD,(352) 596-4306,Psychiatric,Voluntary non-profit - Private,303,57
104057,SPRINGBROOK HOSPITAL,7007 GROVE RD,(352) 596-4306,Psychiatric,Voluntary non-profit - Private,294,66
104057,SPRINGBROOK HOSPITAL,7007 GROVE RD,(352) 596-4306,Psychiatric,Voluntary non-profit - Private,280,80
104057,SPRINGBROOK HOSPITAL,7007 GROVE RD,(352) 596-4306,Psychiatric,Voluntary non-profit - Private,305,55
104057,SPRINGBROOK HOSPITAL,7007 GROVE RD,(352) 596-4306,Psychiatric,Voluntary non-profit - Private,268,92
104057,SPRINGBROOK HOSPITAL,7007 GROVE RD,(352) 596-4306,Psychiatric,Voluntary non-profit - Private,301,59
104057,SPRINGBROOK HOSPITAL,7007 GROVE RD,(352) 596-4306,Psychiatric,Voluntary non-profit - Private,313,47
104057,SPRINGBROOK HOSPITAL,7007 GROVE RD,(352) 596-4306,Psychiatric,Voluntary non-profit - Private,233,127
104057,SPRINGBROOK HOSPITAL,7007 GROVE RD,(352) 596-4306,Psychiatric,Voluntary non-profit - Private,285,75
104057,SPRINGBROOK HOSPITAL,7007 GROVE RD,(352) 596-4306,Psychiatric,Voluntary non-profit - Private,307,53
104057,SPRINGBROOK HOSPITAL,7007 GROVE RD,(352) 596-4306,Psychiatric,Voluntary non-profit - Private,306,54
104057,SPRINGBROOK HOSPITAL,7007 GROVE RD,(352) 596-4306,Psychiatric,Voluntary non-profit - Private,238,122
104057,SPRINGBROOK HOSPITAL,7007 GROVE RD,(352) 596-4306,Psychiatric,Voluntary non-profit - Private,334,26
104057,SPRINGBROOK HOSPITAL,7007 GROVE RD,(352) 596-4306,Psychiatric,Voluntary non-profit - Private,233,127
104057,SPRINGBROOK HOSPITAL,7007 GROVE RD,(352) 596-4306,Psychiatric,Voluntary non-profit - Private,268,92
104057,SPRINGBROOK HOSPITAL,7007 GROVE RD,(352) 596-4306,Psychiatric,Voluntary non-profit - Private,269,91
104057,SPRINGBROOK HOSPITAL,7007 GROVE RD,(352) 596-4306,Psychiatric,Voluntary non-profit - Private,340,20
104057,SPRINGBROOK HOSPITAL,7007 GROVE RD,(352) 596-4306,Psychiatric,Voluntary non-profit - Private,231,129
104057,SPRINGBROOK HOSPITAL,7007 GROVE RD,(352) 596-4306,Psychiatric,Voluntary non-profit - Private,246,114
104057,SPRINGBROOK HOSPITAL,7007 GROVE RD,(352) 596-4306,Psychiatric,Voluntary non-profit - Private,323,37
104057,SPRINGBROOK HOSPITAL,7007 GROVE RD,(352) 596-4306,Psychiatric,Voluntary non-profit - Private,335,25
104057,SPRINGBROOK HOSPITAL,7007 GROVE RD,(352) 596-4306,Psychiatric,Voluntary non-profit - Private,260,100
104057,SPRINGBROOK HOSPITAL,7007 GROVE RD,(352) 596-4306,Psychiatric,Voluntary non-profit - Private,315,45
104057,SPRINGBROOK HOSPITAL,7007 GROVE RD,(352) 596-4306,Psychiatric,Voluntary non-profit - Private,226,134
104057,SPRINGBROOK HOSPITAL,7007 GROVE RD,(352) 596-4306,Psychiatric,Voluntary non-profit - Private,217,143
104057,SPRINGBROOK HOSPITAL,7007 GROVE RD,(352) 596-4306,Psychiatric,Voluntary non-profit - Private,308,52
104057,SPRINGBROOK HOSPITAL,7007 GROVE RD,(352) 596-4306,Psychiatric,Voluntary non-profit - Private,314,46
104057,SPRINGBROOK HOSPITAL,7007 GROVE RD,(352) 596-4306,Psychiatric,Voluntary non-profit - Private,326,34
104057,SPRINGBROOK HOSPITAL,7007 GROVE RD,(352) 596-4306,Psychiatric,Voluntary non-profit - Private,315,45
104057,SPRINGBROOK HOSPITAL,7007 GROVE RD,(352) 596-4306,Psychiatric,Voluntary non-profit - Private,232,128
104057,SPRINGBROOK HOSPITAL,7007 GROVE RD,(352) 596-4306,Psychiatric,Voluntary non-profit - Private,290,70
104057,SPRINGBROOK HOSPITAL,7007 GROVE RD,(352) 596-4306,Psychiatric,Voluntary non-profit - Private,260,100
104057,SPRINGBROOK HOSPITAL,7007 GROVE RD,(352) 596-4306,Psychiatric,Voluntary non-profit - Private,312,48
104057,SPRINGBROOK HOSPITAL,7007 GROVE RD,(352) 596-4306,Psychiatric,Voluntary non-profit - Private,230,130
104057,SPRINGBROOK HOSPITAL,7007 GROVE RD,(352) 596-4306,Psychiatric,Voluntary non-profit - Private,262,98
104057,SPRINGBROOK HOSPITAL,7007 GROVE RD,(352) 596-4306,Psychiatric,Voluntary non-profit - Private,292,68
104057,SPRINGBROOK HOSPITAL,7007 GROVE RD,(352) 596-4306,Psychiatric,Voluntary non-profit - Private,318,42
104057,SPRINGBROOK HOSPITAL,7007 GROVE RD,(352) 596-4306,Psychiatric,Voluntary non-profit - Private,252,108
104057,SPRINGBROOK HOSPITAL,7007 GROVE RD,(352) 596-4306,Psychiatric,Voluntary non-profit - Private,334,26
104057,SPRINGBROOK HOSPITAL,7007 GROVE RD,(352) 596-4306,Psychiatric,Voluntary non-profit - Private,237,123
104057,SPRINGBROOK HOSPITAL,7007 GROVE RD,(352) 596-4306,Psychiatric,Voluntary non-profit - Private,315,45
104057,SPRINGBROOK HOSPITAL,7007 GROVE RD,(352) 596-4306,Psychiatric,Voluntary non-profit - Private,280,80
104057,SPRINGBROOK HOSPITAL,7007 GROVE RD,(352) 596-4306,Psychiatric,Voluntary non-profit - Private,289,71
104057,SPRINGBROOK HOSPITAL,7007 GROVE RD,(352) 596-4306,Psychiatric,Voluntary non-profit - Private,302,58
104057,SPRINGBROOK HOSPITAL,7007 GROVE RD,(352) 596-4306,Psychiatric,Voluntary non-profit - Private,240,120
104057,SPRINGBROOK HOSPITAL,7007 GROVE RD,(352) 596-4306,Psychiatric,Voluntary non-profit - Private,306,54
104057,SPRINGBROOK HOSPITAL,7007 GROVE RD,(352) 596-4306,Psychiatric,Voluntary non-profit - Private,220,140
104057,SPRINGBROOK HOSPITAL,7007 GROVE RD,(352) 596-4306,Psychiatric,Voluntary non-profit - Private,275,85
104057,SPRINGBROOK HOSPITAL,7007 GROVE RD,(352) 596-4306,Psychiatric,Voluntary non-profit - Private,290,70
104057,SPRINGBROOK HOSPITAL,7007 GROVE RD,(352) 596-4306,Psychiatric,Voluntary non-profit - Private,328,32
104057,SPRINGBROOK HOSPITAL,7007 GROVE RD,(352) 596-4306,Psychiatric,Voluntary non-profit - Private,305,55
104057,SPRINGBROOK HOSPITAL,7007 GROVE RD,(352) 596-4306,Psychiatric,Voluntary non-profit - Private,264,96
104057,SPRINGBROOK HOSPITAL,7007 GROVE RD,(352) 596-4306,Psychiatric,Voluntary non-profit - Private,247,113
104057,SPRINGBROOK HOSPITAL,7007 GROVE RD,(352) 596-4306,Psychiatric,Voluntary non-profit - Private,309,51
104057,SPRINGBROOK HOSPITAL,7007 GROVE RD,(352) 596-4306,Psychiatric,Voluntary non-profit - Private,307,53
104057,SPRINGBROOK HOSPITAL,7007 GROVE RD,(352) 596-4306,Psychiatric,Voluntary non-profit - Private,289,71
104057,SPRINGBROOK HOSPITAL,7007 GROVE RD,(352) 596-4306,Psychiatric,Voluntary non-profit - Private,284,76
104057,SPRINGBROOK HOSPITAL,7007 GROVE RD,(352) 596-4306,Psychiatric,Voluntary non-profit - Private,279,81
104057,SPRINGBROOK HOSPITAL,7007 GROVE RD,(352) 596-4306,Psychiatric,Voluntary non-profit - Private,333,27
104057,SPRINGBROOK HOSPITAL,7007 GROVE RD,(352) 596-4306,Psychiatric,Voluntary non-profit - Private,233,127
104057,SPRINGBROOK HOSPITAL,7007 GROVE RD,(352) 596-4306,Psychiatric,Voluntary non-profit - Private,242,118
104057,SPRINGBROOK HOSPITAL,7007 GROVE RD,(352) 596-4306,Psychiatric,Voluntary non-profit - Private,286,74
104057,SPRINGBROOK HOSPITAL,7007 GROVE RD,(352) 596-4306,Psychiatric,Voluntary non-profit - Private,334,26
104057,SPRINGBROOK HOSPITAL,7007 GROVE RD,(352) 596-4306,Psychiatric,Voluntary non-profit - Private,248,112
104057,SPRINGBROOK HOSPITAL,7007 GROVE RD,(352) 596-4306,Psychiatric,Voluntary non-profit - Private,279,81
104057,SPRINGBROOK HOSPITAL,7007 GROVE RD,(352) 596-4306,Psychiatric,Voluntary non-profit - Private,319,41
104057,SPRINGBROOK HOSPITAL,7007 GROVE RD,(352) 596-4306,Psychiatric,Voluntary non-profit - Private,254,106
104057,SPRINGBROOK HOSPITAL,7007 GROVE RD,(352) 596-4306,Psychiatric,Voluntary non-profit - Private,299,61
104057,SPRINGBROOK HOSPITAL,7007 GROVE RD,(352) 596-4306,Psychiatric,Voluntary non-profit - Private,323,37
104057,SPRINGBROOK HOSPITAL,7007 GROVE RD,(352) 596-4306,Psychiatric,Voluntary non-profit - Private,301,59
104057,SPRINGBROOK HOSPITAL,7007 GROVE RD,(352) 596-4306,Psychiatric,Voluntary non-profit - Private,301,59
104057,SPRINGBROOK HOSPITAL,7007 GROVE RD,(352) 596-4306,Psychiatric,Voluntary non-profit - Private,290,70
104057,SPRINGBROOK HOSPITAL,7007 GROVE RD,(352) 596-4306,Psychiatric,Voluntary non-profit - Private,249,111
104057,SPRINGBROOK HOSPITAL,7007 GROVE RD,(352) 596-4306,Psychiatric,Voluntary non-profit - Private,238,122
104057,SPRINGBROOK HOSPITAL,7007 GROVE RD,(352) 596-4306,Psychiatric,Voluntary non-profit - Private,223,137
104057,SPRINGBROOK HOSPITAL,7007 GROVE RD,(352) 596-4306,Psychiatric,Voluntary non-profit - Private,331,29
104057,SPRINGBROOK HOSPITAL,7007 GROVE RD,(352) 596-4306,Psychiatric,Voluntary non-profit - Private,319,41
104057,SPRINGBROOK HOSPITAL,7007 GROVE RD,(352) 596-4306,Psychiatric,Voluntary non-profit - Private,248,112
104057,SPRINGBROOK HOSPITAL,7007 GROVE RD,(352) 596-4306,Psychiatric,Voluntary non-profit - Private,292,68
104057,SPRINGBROOK HOSPITAL,7007 GROVE RD,(352) 596-4306,Psychiatric,Voluntary non-profit - Private,226,134
104057,SPRINGBROOK HOSPITAL,7007 GROVE RD,(352) 596-4306,Psychiatric,Voluntary non-profit - Private,303,57
104057,SPRINGBROOK HOSPITAL,7007 GROVE RD,(352) 596-4306,Psychiatric,Voluntary non-profit - Private,222,138
104057,SPRINGBROOK HOSPITAL,7007 GROVE RD,(352) 596-4306,Psychiatric,Voluntary non-profit - Private,291,69
104057,SPRINGBROOK HOSPITAL,7007 GROVE RD,(352) 596-4306,Psychiatric,Voluntary non-profit - Private,216,144
104057,SPRINGBROOK HOSPITAL,7007 GROVE RD,(352) 596-4306,Psychiatric,Voluntary non-profit - Private,281,79
104057,SPRINGBROOK HOSPITAL,7007 GROVE RD,(352) 596-4306,Psychiatric,Voluntary non-profit - Private,264,96
104057,SPRINGBROOK HOSPITAL,7007 GROVE RD,(352) 596-4306,Psychiatric,Voluntary non-profit - Private,312,48
104057,SPRINGBROOK HOSPITAL,7007 GROVE RD,(352) 596-4306,Psychiatric,Voluntary non-profit - Private,319,41
104057,SPRINGBROOK HOSPITAL,7007 GROVE RD,(352) 596-4306,Psychiatric,Voluntary non-profit - Private,333,27
104057,SPRINGBROOK HOSPITAL,7007 GROVE RD,(352) 596-4306,Psychiatric,Voluntary non-profit - Private,334,26
104057,SPRINGBROOK HOSPITAL,7007 GROVE RD,(352) 596-4306,Psychiatric,Voluntary non-profit - Private,314,46
104057,SPRINGBROOK HOSPITAL,7007 GROVE RD,(352) 596-4306,Psychiatric,Voluntary non-profit - Private,297,63
104057,SPRINGBROOK HOSPITAL,7007 GROVE RD,(352) 596-4306,Psychiatric,Voluntary non-profit - Private,306,54
104057,SPRINGBROOK HOSPITAL,7007 GROVE RD,(352) 596-4306,Psychiatric,Voluntary non-profit - Private,264,96
104057,SPRINGBROOK HOSPITAL,7007 GROVE RD,(352) 596-4306,Psychiatric,Voluntary non-profit - Private,228,132
104057,SPRINGBROOK HOSPITAL,7007 GROVE RD,(352) 596-4306,Psychiatric,Voluntary non-profit - Private,220,140
104057,SPRINGBROOK HOSPITAL,7007 GROVE RD,(352) 596-4306,Psychiatric,Voluntary non-profit - Private,324,36
104057,SPRINGBROOK HOSPITAL,7007 GROVE RD,(352) 596-4306,Psychiatric,Voluntary non-profit - Private,284,76
104057,SPRINGBROOK HOSPITAL,7007 GROVE RD,(352) 596-4306,Psychiatric,Voluntary non-profit - Private,229,131
104057,SPRINGBROOK HOSPITAL,7007 GROVE RD,(352) 596-4306,Psychiatric,Voluntary non-profit - Private,257,103
104057,SPRINGBROOK HOSPITAL,7007 GROVE RD,(352) 596-4306,Psychiatric,Voluntary non-profit - Private,257,103
104057,SPRINGBROOK HOSPITAL,7007 GROVE RD,(352) 596-4306,Psychiatric,Voluntary non-profit - Private,296,64
104057,SPRINGBROOK HOSPITAL,7007 GROVE RD,(352) 596-4306,Psychiatric,Voluntary non-profit - Private,226,134
104057,SPRINGBROOK HOSPITAL,7007 GROVE RD,(352) 596-4306,Psychiatric,Voluntary non-profit - Private,310,50
104057,SPRINGBROOK HOSPITAL,7007 GROVE RD,(352) 596-4306,Psychiatric,Voluntary non-profit - Private,237,123
104057,SPRINGBROOK HOSPITAL,7007 GROVE RD,(352) 596-4306,Psychiatric,Voluntary non-profit - Private,325,35
104057,SPRINGBROOK HOSPITAL,7007 GROVE RD,(352) 596-4306,Psychiatric,Voluntary non-profit - Private,318,42
104057,SPRINGBROOK HOSPITAL,7007 GROVE RD,(352) 596-4306,Psychiatric,Voluntary non-profit - Private,256,104
104057,SPRINGBROOK HOSPITAL,7007 GROVE RD,(352) 596-4306,Psychiatric,Voluntary non-profit - Private,312,48
104057,SPRINGBROOK HOSPITAL,7007 GROVE RD,(352) 596-4306,Psychiatric,Voluntary non-profit - Private,291,69
104057,SPRINGBROOK HOSPITAL,7007 GROVE RD,(352) 596-4306,Psychiatric,Voluntary non-profit - Private,288,72
104057,SPRINGBROOK HOSPITAL,7007 GROVE RD,(352) 596-4306,Psychiatric,Voluntary non-profit - Private,223,137
104057,SPRINGBROOK HOSPITAL,7007 GROVE RD,(352) 596-4306,Psychiatric,Voluntary non-profit - Private,240,120
104057,SPRINGBROOK HOSPITAL,7007 GROVE RD,(352) 596-4306,Psychiatric,Voluntary non-profit - Private,273,87
104057,SPRINGBROOK HOSPITAL,7007 GROVE RD,(352) 596-4306,Psychiatric,Voluntary non-profit - Private,225,135
104057,SPRINGBROOK HOSPITAL,7007 GROVE RD,(352) 596-4306,Psychiatric,Voluntary non-profit - Private,340,20
104057,SPRINGBROOK HOSPITAL,7007 GROVE RD,(352) 596-4306,Psychiatric,Voluntary non-profit - Private,326,34
104057,SPRINGBROOK HOSPITAL,7007 GROVE RD,(352) 596-4306,Psychiatric,Voluntary non-profit - Private,309,51
104057,SPRINGBROOK HOSPITAL,7007 GROVE RD,(352) 596-4306,Psychiatric,Voluntary non-profit - Private,340,20
104057,SPRINGBROOK HOSPITAL,7007 GROVE RD,(352) 596-4306,Psychiatric,Voluntary non-profit - Private,301,59
104057,SPRINGBROOK HOSPITAL,7007 GROVE RD,(352) 596-4306,Psychiatric,Voluntary non-profit - Private,248,112
104057,SPRINGBROOK HOSPITAL,7007 GROVE RD,(352) 596-4306,Psychiatric,Voluntary non-profit - Private,256,104
104057,SPRINGBROOK HOSPITAL,7007 GROVE RD,(352) 596-4306,Psychiatric,Voluntary non-profit - Private,300,60
104057,SPRINGBROOK HOSPITAL,7007 GROVE RD,(352) 596-4306,Psychiatric,Voluntary non-profit - Private,230,130
104057,SPRINGBROOK HOSPITAL,7007 GROVE RD,(352) 596-4306,Psychiatric,Voluntary non-profit - Private,242,118
104057,SPRINGBROOK HOSPITAL,7007 GROVE RD,(352) 596-4306,Psychiatric,Voluntary non-profit - Private,316,44
104057,SPRINGBROOK HOSPITAL,7007 GROVE RD,(352) 596-4306,Psychiatric,Voluntary non-profit - Private,226,134
104057,SPRINGBROOK HOSPITAL,7007 GROVE RD,(352) 596-4306,Psychiatric,Voluntary non-profit - Private,254,106
104057,SPRINGBROOK HOSPITAL,7007 GROVE RD,(352) 596-4306,Psychiatric,Voluntary non-profit - Private,310,50
104057,SPRINGBROOK HOSPITAL,7007 GROVE RD,(352) 596-4306,Psychiatric,Voluntary non-profit - Private,277,83
104057,SPRINGBROOK HOSPITAL,7007 GROVE RD,(352) 596-4306,Psychiatric,Voluntary non-profit - Private,295,65
104057,SPRINGBROOK HOSPITAL,7007 GROVE RD,(352) 596-4306,Psychiatric,Voluntary non-profit - Private,310,50
104057,SPRINGBROOK HOSPITAL,7007 GROVE RD,(352) 596-4306,Psychiatric,Voluntary non-profit - Private,314,46
104057,SPRINGBROOK HOSPITAL,7007 GROVE RD,(352) 596-4306,Psychiatric,Voluntary non-profit - Private,326,34
104057,SPRINGBROOK HOSPITAL,7007 GROVE RD,(352) 596-4306,Psychiatric,Voluntary non-profit - Private,216,144
104057,SPRINGBROOK HOSPITAL,7007 GROVE RD,(352) 596-4306,Psychiatric,Voluntary non-profit - Private,324,36
104057,SPRINGBROOK HOSPITAL,7007 GROVE RD,(352) 596-4306,Psychiatric,Voluntary non-profit - Private,300,60
104057,SPRINGBROOK HOSPITAL,7007 GROVE RD,(352) 596-4306,Psychiatric,Voluntary non-profit - Private,233,127
104057,SPRINGBROOK HOSPITAL,7007 GROVE RD,(352) 596-4306,Psychiatric,Voluntary non-profit - Private,257,103
104057,SPRINGBROOK HOSPITAL,7007 GROVE RD,(352) 596-4306,Psychiatric,Voluntary non-profit - Private,247,113
104057,SPRINGBROOK HOSPITAL,7007 GROVE RD,(352) 596-4306,Psychiatric,Voluntary non-profit - Private,266,94
104057,SPRINGBROOK HOSPITAL,7007 GROVE RD,(352) 596-4306,Psychiatric,Voluntary non-profit - Private,319,41
104057,SPRINGBROOK HOSPITAL,7007 GROVE RD,(352) 596-4306,Psychiatric,Voluntary non-profit - Private,306,54
104057,SPRINGBROOK HOSPITAL,7007 GROVE RD,(352) 596-4306,Psychiatric,Voluntary non-profit - Private,284,76
104057,SPRINGBROOK HOSPITAL,7007 GROVE RD,(352) 596-4306,Psychiatric,Voluntary non-profit - Private,234,126
104057,SPRINGBROOK HOSPITAL,7007 GROVE RD,(352) 596-4306,Psychiatric,Voluntary non-profit - Private,335,25
104057,SPRINGBROOK HOSPITAL,7007 GROVE RD,(352) 596-4306,Psychiatric,Voluntary non-profit - Private,225,135
104057,SPRINGBROOK HOSPITAL,7007 GROVE RD,(352) 596-4306,Psychiatric,Voluntary non-profit - Private,268,92
104057,SPRINGBROOK HOSPITAL,7007 GROVE RD,(352) 596-4306,Psychiatric,Voluntary non-profit - Private,282,78
104057,SPRINGBROOK HOSPITAL,7007 GROVE RD,(352) 596-4306,Psychiatric,Voluntary non-profit - Private,248,112
104057,SPRINGBROOK HOSPITAL,7007 GROVE RD,(352) 596-4306,Psychiatric,Voluntary non-profit - Private,260,100
104057,SPRINGBROOK HOSPITAL,7007 GROVE RD,(352) 596-4306,Psychiatric,Voluntary non-profit - Private,289,71
104057,SPRINGBROOK HOSPITAL,7007 GROVE RD,(352) 596-4306,Psychiatric,Voluntary non-profit - Private,250,110
104057,SPRINGBROOK HOSPITAL,7007 GROVE RD,(352) 596-4306,Psychiatric,Voluntary non-profit - Private,307,53
104057,SPRINGBROOK HOSPITAL,7007 GROVE RD,(352) 596-4306,Psychiatric,Voluntary non-profit - Private,252,108
104057,SPRINGBROOK HOSPITAL,7007 GROVE RD,(352) 596-4306,Psychiatric,Voluntary non-profit - Private,266,94
104057,SPRINGBROOK HOSPITAL,7007 GROVE RD,(352) 596-4306,Psychiatric,Voluntary non-profit - Private,329,31
104057,SPRINGBROOK HOSPITAL,7007 GROVE RD,(352) 596-4306,Psychiatric,Voluntary non-profit - Private,218,142
104057,SPRINGBROOK HOSPITAL,7007 GROVE RD,(352) 596-4306,Psychiatric,Voluntary non-profit - Private,309,51
104057,SPRINGBROOK HOSPITAL,7007 GROVE RD,(352) 596-4306,Psychiatric,Voluntary non-profit - Private,320,40
104057,SPRINGBROOK HOSPITAL,7007 GROVE RD,(352) 596-4306,Psychiatric,Voluntary non-profit - Private,274,86
104057,SPRINGBROOK HOSPITAL,7007 GROVE RD,(352) 596-4306,Psychiatric,Voluntary non-profit - Private,261,99
104057,SPRINGBROOK HOSPITAL,7007 GROVE RD,(352) 596-4306,Psychiatric,Voluntary non-profit - Private,251,109
104057,SPRINGBROOK HOSPITAL,7007 GROVE RD,(352) 596-4306,Psychiatric,Voluntary non-profit - Private,295,65
104057,SPRINGBROOK HOSPITAL,7007 GROVE RD,(352) 596-4306,Psychiatric,Voluntary non-profit - Private,306,54
104057,SPRINGBROOK HOSPITAL,7007 GROVE RD,(352) 596-4306,Psychiatric,Voluntary non-profit - Private,303,57
104057,SPRINGBROOK HOSPITAL,7007 GROVE RD,(352) 596-4306,Psychiatric,Voluntary non-profit - Private,234,126
104057,SPRINGBROOK HOSPITAL,7007 GROVE RD,(352) 596-4306,Psychiatric,Voluntary non-profit - Private,283,77
104057,SPRINGBROOK HOSPITAL,7007 GROVE RD,(352) 596-4306,Psychiatric,Voluntary non-profit - Private,340,20
104057,SPRINGBROOK HOSPITAL,7007 GROVE RD,(352) 596-4306,Psychiatric,Voluntary non-profit - Private,259,101
104057,SPRINGBROOK HOSPITAL,7007 GROVE RD,(352) 596-4306,Psychiatric,Voluntary non-profit - Private,246,114
104057,SPRINGBROOK HOSPITAL,7007 GROVE RD,(352) 596-4306,Psychiatric,Voluntary non-profit - Private,307,53
104057,SPRINGBROOK HOSPITAL,7007 GROVE RD,(352) 596-4306,Psychiatric,Voluntary non-profit - Private,250,110
104057,SPRINGBROOK HOSPITAL,7007 GROVE RD,(352) 596-4306,Psychiatric,Voluntary non-profit - Private,313,47
104057,SPRINGBROOK HOSPITAL,7007 GROVE RD,(352) 596-4306,Psychiatric,Voluntary non-profit - Private,220,140
104057,SPRINGBROOK HOSPITAL,7007 GROVE RD,(352) 596-4306,Psychiatric,Voluntary non-profit - Private,250,110
104057,SPRINGBROOK HOSPITAL,7007 GROVE RD,(352) 596-4306,Psychiatric,Voluntary non-profit - Private,272,88
104057,SPRINGBROOK HOSPITAL,7007 GROVE RD,(352) 596-4306,Psychiatric,Voluntary non-profit - Private,266,94
104057,SPRINGBROOK HOSPITAL,7007 GROVE RD,(352) 596-4306,Psychiatric,Voluntary non-profit - Private,260,100
104057,SPRINGBROOK HOSPITAL,7007 GROVE RD,(352) 596-4306,Psychiatric,Voluntary non-profit - Private,236,124
104057,SPRINGBROOK HOSPITAL,7007 GROVE RD,(352) 596-4306,Psychiatric,Voluntary non-profit - Private,266,94
104057,SPRINGBROOK HOSPITAL,7007 GROVE RD,(352) 596-4306,Psychiatric,Voluntary non-profit - Private,299,61
104057,SPRINGBROOK HOSPITAL,7007 GROVE RD,(352) 596-4306,Psychiatric,Voluntary non-profit - Private,325,35
104057,SPRINGBROOK HOSPITAL,7007 GROVE RD,(352) 596-4306,Psychiatric,Voluntary non-profit - Private,247,113
104057,SPRINGBROOK HOSPITAL,7007 GROVE RD,(352) 596-4306,Psychiatric,Voluntary non-profit - Private,226,134
104057,SPRINGBROOK HOSPITAL,7007 GROVE RD,(352) 596-4306,Psychiatric,Voluntary non-profit - Private,223,137
104057,SPRINGBROOK HOSPITAL,7007 GROVE RD,(352) 596-4306,Psychiatric,Voluntary non-profit - Private,321,39
104057,SPRINGBROOK HOSPITAL,7007 GROVE RD,(352) 596-4306,Psychiatric,Voluntary non-profit - Private,321,39
104057,SPRINGBROOK HOSPITAL,7007 GROVE RD,(352) 596-4306,Psychiatric,Voluntary non-profit - Private,279,81
104057,SPRINGBROOK HOSPITAL,7007 GROVE RD,(352) 596-4306,Psychiatric,Voluntary non-profit - Private,300,60
104057,SPRINGBROOK HOSPITAL,7007 GROVE RD,(352) 596-4306,Psychiatric,Voluntary non-profit - Private,316,44
104057,SPRINGBROOK HOSPITAL,7007 GROVE RD,(352) 596-4306,Psychiatric,Voluntary non-profit - Private,244,116
104057,SPRINGBROOK HOSPITAL,7007 GROVE RD,(352) 596-4306,Psychiatric,Voluntary non-profit - Private,323,37
104057,SPRINGBROOK HOSPITAL,7007 GROVE RD,(352) 596-4306,Psychiatric,Voluntary non-profit - Private,224,136
104057,SPRINGBROOK HOSPITAL,7007 GROVE RD,(352) 596-4306,Psychiatric,Voluntary non-profit - Private,305,55
104057,SPRINGBROOK HOSPITAL,7007 GROVE RD,(352) 596-4306,Psychiatric,Voluntary non-profit - Private,260,100
104057,SPRINGBROOK HOSPITAL,7007 GROVE RD,(352) 596-4306,Psychiatric,Voluntary non-profit - Private,301,59
104057,SPRINGBROOK HOSPITAL,7007 GROVE RD,(352) 596-4306,Psychiatric,Voluntary non-profit - Private,327,33
104057,SPRINGBROOK HOSPITAL,7007 GROVE RD,(352) 596-4306,Psychiatric,Voluntary non-profit - Private,224,136
104057,SPRINGBROOK HOSPITAL,7007 GROVE RD,(352) 596-4306,Psychiatric,Voluntary non-profit - Private,275,85
104057,SPRINGBROOK HOSPITAL,7007 GROVE RD,(352) 596-4306,Psychiatric,Voluntary non-profit - Private,256,104
104057,SPRINGBROOK HOSPITAL,7007 GROVE RD,(352) 596-4306,Psychiatric,Voluntary non-profit - Private,284,76
104057,SPRINGBROOK HOSPITAL,7007 GROVE RD,(352) 596-4306,Psychiatric,Voluntary non-profit - Private,268,92
104057,SPRINGBROOK HOSPITAL,7007 GROVE RD,(352) 596-4306,Psychiatric,Voluntary non-profit - Private,311,49
104057,SPRINGBROOK HOSPITAL,7007 GROVE RD,(352) 596-4306,Psychiatric,Voluntary non-profit - Private,284,76
104057,SPRINGBROOK HOSPITAL,7007 GROVE RD,(352) 596-4306,Psychiatric,Voluntary non-profit - Private,305,55
104057,SPRINGBROOK HOSPITAL,7007 GROVE RD,(352) 596-4306,Psychiatric,Voluntary non-profit - Private,268,92
104057,SPRINGBROOK HOSPITAL,7007 GROVE RD,(352) 596-4306,Psychiatric,Voluntary non-profit - Private,244,116
104057,SPRINGBROOK HOSPITAL,7007 GROVE RD,(352) 596-4306,Psychiatric,Voluntary non-profit - Private,234,126
104057,SPRINGBROOK HOSPITAL,7007 GROVE RD,(352) 596-4306,Psychiatric,Voluntary non-profit - Private,272,88
104057,SPRINGBROOK HOSPITAL,7007 GROVE RD,(352) 596-4306,Psychiatric,Voluntary non-profit - Private,270,90
104057,SPRINGBROOK HOSPITAL,7007 GROVE RD,(352) 596-4306,Psychiatric,Voluntary non-profit - Private,235,125
104057,SPRINGBROOK HOSPITAL,7007 GROVE RD,(352) 596-4306,Psychiatric,Voluntary non-profit - Private,216,144
104057,SPRINGBROOK HOSPITAL,7007 GROVE RD,(352) 596-4306,Psychiatric,Voluntary non-profit - Private,293,67
104057,SPRINGBROOK HOSPITAL,7007 GROVE RD,(352) 596-4306,Psychiatric,Voluntary non-profit - Private,329,31
104057,SPRINGBROOK HOSPITAL,7007 GROVE RD,(352) 596-4306,Psychiatric,Voluntary non-profit - Private,334,26
104057,SPRINGBROOK HOSPITAL,7007 GROVE RD,(352) 596-4306,Psychiatric,Voluntary non-profit - Private,285,75
104057,SPRINGBROOK HOSPITAL,7007 GROVE RD,(352) 596-4306,Psychiatric,Voluntary non-profit - Private,278,82
104057,SPRINGBROOK HOSPITAL,7007 GROVE RD,(352) 596-4306,Psychiatric,Voluntary non-profit - Private,315,45
104057,SPRINGBROOK HOSPITAL,7007 GROVE RD,(352) 596-4306,Psychiatric,Voluntary non-profit - Private,273,87
104057,SPRINGBROOK HOSPITAL,7007 GROVE RD,(352) 596-4306,Psychiatric,Voluntary non-profit - Private,252,108
104057,SPRINGBROOK HOSPITAL,7007 GROVE RD,(352) 596-4306,Psychiatric,Voluntary non-profit - Private,271,89
104057,SPRINGBROOK HOSPITAL,7007 GROVE RD,(352) 596-4306,Psychiatric,Voluntary non-profit - Private,330,30
104057,SPRINGBROOK HOSPITAL,7007 GROVE RD,(352) 596-4306,Psychiatric,Voluntary non-profit - Private,267,93
104057,SPRINGBROOK HOSPITAL,7007 GROVE RD,(352) 596-4306,Psychiatric,Voluntary non-profit - Private,313,47
104057,SPRINGBROOK HOSPITAL,7007 GROVE RD,(352) 596-4306,Psychiatric,Voluntary non-profit - Private,231,129
104057,SPRINGBROOK HOSPITAL,7007 GROVE RD,(352) 596-4306,Psychiatric,Voluntary non-profit - Private,246,114
104057,SPRINGBROOK HOSPITAL,7007 GROVE RD,(352) 596-4306,Psychiatric,Voluntary non-profit - Private,265,95
104057,SPRINGBROOK HOSPITAL,7007 GROVE RD,(352) 596-4306,Psychiatric,Voluntary non-profit - Private,311,49
104057,SPRINGBROOK HOSPITAL,7007 GROVE RD,(352) 596-4306,Psychiatric,Voluntary non-profit - Private,314,46
104057,SPRINGBROOK HOSPITAL,7007 GROVE RD,(352) 596-4306,Psychiatric,Voluntary non-profit - Private,290,70
104057,SPRINGBROOK HOSPITAL,7007 GROVE RD,(352) 596-4306,Psychiatric,Voluntary non-profit - Private,316,44
104057,SPRINGBROOK HOSPITAL,7007 GROVE RD,(352) 596-4306,Psychiatric,Voluntary non-profit - Private,325,35
104057,SPRINGBROOK HOSPITAL,7007 GROVE RD,(352) 596-4306,Psychiatric,Voluntary non-profit - Private,332,28
104057,SPRINGBROOK HOSPITAL,7007 GROVE RD,(352) 596-4306,Psychiatric,Voluntary non-profit - Private,243,117
104057,SPRINGBROOK HOSPITAL,7007 GROVE RD,(352) 596-4306,Psychiatric,Voluntary non-profit - Private,217,143
104057,SPRINGBROOK HOSPITAL,7007 GROVE RD,(352) 596-4306,Psychiatric,Voluntary non-profit - Private,276,84
104057,SPRINGBROOK HOSPITAL,7007 GROVE RD,(352) 596-4306,Psychiatric,Voluntary non-profit - Private,338,22
104057,SPRINGBROOK HOSPITAL,7007 GROVE RD,(352) 596-4306,Psychiatric,Voluntary non-profit - Private,303,57
104057,SPRINGBROOK HOSPITAL,7007 GROVE RD,(352) 596-4306,Psychiatric,Voluntary non-profit - Private,324,36
104057,SPRINGBROOK HOSPITAL,7007 GROVE RD,(352) 596-4306,Psychiatric,Voluntary non-profit - Private,279,81
104057,SPRINGBROOK HOSPITAL,7007 GROVE RD,(352) 596-4306,Psychiatric,Voluntary non-profit - Private,315,45
104057,SPRINGBROOK HOSPITAL,7007 GROVE RD,(352) 596-4306,Psychiatric,Voluntary non-profit - Private,267,93
104057,SPRINGBROOK HOSPITAL,7007 GROVE RD,(352) 596-4306,Psychiatric,Voluntary non-profit - Private,334,26
104057,SPRINGBROOK HOSPITAL,7007 GROVE RD,(352) 596-4306,Psychiatric,Voluntary non-profit - Private,317,43
104057,SPRINGBROOK HOSPITAL,7007 GROVE RD,(352) 596-4306,Psychiatric,Voluntary non-profit - Private,238,122
104057,SPRINGBROOK HOSPITAL,7007 GROVE RD,(352) 596-4306,Psychiatric,Voluntary non-profit - Private,216,144
104057,SPRINGBROOK HOSPITAL,7007 GROVE RD,(352) 596-4306,Psychiatric,Voluntary non-profit - Private,275,85
104057,SPRINGBROOK HOSPITAL,7007 GROVE RD,(352) 596-4306,Psychiatric,Voluntary non-profit - Private,249,111
104057,SPRINGBROOK HOSPITAL,7007 GROVE RD,(352) 596-4306,Psychiatric,Voluntary non-profit - Private,246,114
104057,SPRINGBROOK HOSPITAL,7007 GROVE RD,(352) 596-4306,Psychiatric,Voluntary non-profit - Private,292,68
104057,SPRINGBROOK HOSPITAL,7007 GROVE RD,(352) 596-4306,Psychiatric,Voluntary non-profit - Private,308,52
104057,SPRINGBROOK HOSPITAL,7007 GROVE RD,(352) 596-4306,Psychiatric,Voluntary non-profit - Private,283,77
104057,SPRINGBROOK HOSPITAL,7007 GROVE RD,(352) 596-4306,Psychiatric,Voluntary non-profit - Private,225,135
104057,SPRINGBROOK HOSPITAL,7007 GROVE RD,(352) 596-4306,Psychiatric,Voluntary non-profit - Private,270,90
104057,SPRINGBROOK HOSPITAL,7007 GROVE RD,(352) 596-4306,Psychiatric,Voluntary non-profit - Private,291,69
104057,SPRINGBROOK HOSPITAL,7007 GROVE RD,(352) 596-4306,Psychiatric,Voluntary non-profit - Private,269,91
104057,SPRINGBROOK HOSPITAL,7007 GROVE RD,(352) 596-4306,Psychiatric,Voluntary non-profit - Private,328,32
104057,SPRINGBROOK HOSPITAL,7007 GROVE RD,(352) 596-4306,Psychiatric,Voluntary non-profit - Private,234,126
104057,SPRINGBROOK HOSPITAL,7007 GROVE RD,(352) 596-4306,Psychiatric,Voluntary non-profit - Private,316,44
104057,SPRINGBROOK HOSPITAL,7007 GROVE RD,(352) 596-4306,Psychiatric,Voluntary non-profit - Private,288,72
104057,SPRINGBROOK HOSPITAL,7007 GROVE RD,(352) 596-4306,Psychiatric,Voluntary non-profit - Private,293,67
104057,SPRINGBROOK HOSPITAL,7007 GROVE RD,(352) 596-4306,Psychiatric,Voluntary non-profit - Private,273,87
104057,SPRINGBROOK HOSPITAL,7007 GROVE RD,(352) 596-4306,Psychiatric,Voluntary non-profit - Private,273,87
104057,SPRINGBROOK HOSPITAL,7007 GROVE RD,(352) 596-4306,Psychiatric,Voluntary non-profit - Private,331,29
104057,SPRINGBROOK HOSPITAL,7007 GROVE RD,(352) 596-4306,Psychiatric,Voluntary non-profit - Private,250,110
104057,SPRINGBROOK HOSPITAL,7007 GROVE RD,(352) 596-4306,Psychiatric,Voluntary non-profit - Private,277,83
104057,SPRINGBROOK HOSPITAL,7007 GROVE RD,(352) 596-4306,Psychiatric,Voluntary non-profit - Private,286,74
104057,SPRINGBROOK HOSPITAL,7007 GROVE RD,(352) 596-4306,Psychiatric,Voluntary non-profit - Private,313,47
104057,SPRINGBROOK HOSPITAL,7007 GROVE RD,(352) 596-4306,Psychiatric,Voluntary non-profit - Private,242,118
104057,SPRINGBROOK HOSPITAL,7007 GROVE RD,(352) 596-4306,Psychiatric,Voluntary non-profit - Private,325,35
104057,SPRINGBROOK HOSPITAL,7007 GROVE RD,(352) 596-4306,Psychiatric,Voluntary non-profit - Private,282,78
104057,SPRINGBROOK HOSPITAL,7007 GROVE RD,(352) 596-4306,Psychiatric,Voluntary non-profit - Private,337,23
104057,SPRINGBROOK HOSPITAL,7007 GROVE RD,(352) 596-4306,Psychiatric,Voluntary non-profit - Private,331,29
104057,SPRINGBROOK HOSPITAL,7007 GROVE RD,(352) 596-4306,Psychiatric,Voluntary non-profit - Private,337,23
104057,SPRINGBROOK HOSPITAL,7007 GROVE RD,(352) 596-4306,Psychiatric,Voluntary non-profit - Private,341,19
104057,SPRINGBROOK HOSPITAL,7007 GROVE RD,(352) 596-4306,Psychiatric,Voluntary non-profit - Private,288,72
104057,SPRINGBROOK HOSPITAL,7007 GROVE RD,(352) 596-4306,Psychiatric,Voluntary non-profit - Private,296,64
104057,SPRINGBROOK HOSPITAL,7007 GROVE RD,(352) 596-4306,Psychiatric,Voluntary non-profit - Private,321,39
104057,SPRINGBROOK HOSPITAL,7007 GROVE RD,(352) 596-4306,Psychiatric,Voluntary non-profit - Private,337,23
104057,SPRINGBROOK HOSPITAL,7007 GROVE RD,(352) 596-4306,Psychiatric,Voluntary non-profit - Private,257,103
104057,SPRINGBROOK HOSPITAL,7007 GROVE RD,(352) 596-4306,Psychiatric,Voluntary non-profit - Private,333,27
104057,SPRINGBROOK HOSPITAL,7007 GROVE RD,(352) 596-4306,Psychiatric,Voluntary non-profit - Private,304,56
104057,SPRINGBROOK HOSPITAL,7007 GROVE RD,(352) 596-4306,Psychiatric,Voluntary non-profit - Private,279,81
104057,SPRINGBROOK HOSPITAL,7007 GROVE RD,(352) 596-4306,Psychiatric,Voluntary non-profit - Private,254,106
104057,SPRINGBROOK HOSPITAL,7007 GROVE RD,(352) 596-4306,Psychiatric,Voluntary non-profit - Private,251,109
104057,SPRINGBROOK HOSPITAL,7007 GROVE RD,(352) 596-4306,Psychiatric,Voluntary non-profit - Private,257,103
104057,SPRINGBROOK HOSPITAL,7007 GROVE RD,(352) 596-4306,Psychiatric,Voluntary non-profit - Private,250,110
104057,SPRINGBROOK HOSPITAL,7007 GROVE RD,(352) 596-4306,Psychiatric,Voluntary non-profit - Private,231,129
104057,SPRINGBROOK HOSPITAL,7007 GROVE RD,(352) 596-4306,Psychiatric,Voluntary non-profit - Private,237,123
104057,SPRINGBROOK HOSPITAL,7007 GROVE RD,(352) 596-4306,Psychiatric,Voluntary non-profit - Private,218,142
104057,SPRINGBROOK HOSPITAL,7007 GROVE RD,(352) 596-4306,Psychiatric,Voluntary non-profit - Private,252,108
104057,SPRINGBROOK HOSPITAL,7007 GROVE RD,(352) 596-4306,Psychiatric,Voluntary non-profit - Private,311,49
104057,SPRINGBROOK HOSPITAL,7007 GROVE RD,(352) 596-4306,Psychiatric,Voluntary non-profit - Private,230,130
104057,SPRINGBROOK HOSPITAL,7007 GROVE RD,(352) 596-4306,Psychiatric,Voluntary non-profit - Private,304,56
104057,SPRINGBROOK HOSPITAL,7007 GROVE RD,(352) 596-4306,Psychiatric,Voluntary non-profit - Private,253,107
104057,SPRINGBROOK HOSPITAL,7007 GROVE RD,(352) 596-4306,Psychiatric,Voluntary non-profit - Private,295,65
104057,SPRINGBROOK HOSPITAL,7007 GROVE RD,(352) 596-4306,Psychiatric,Voluntary non-profit - Private,306,54
104057,SPRINGBROOK HOSPITAL,7007 GROVE RD,(352) 596-4306,Psychiatric,Voluntary non-profit - Private,269,91
104057,SPRINGBROOK HOSPITAL,7007 GROVE RD,(352) 596-4306,Psychiatric,Voluntary non-profit - Private,263,97
104057,SPRINGBROOK HOSPITAL,7007 GROVE RD,(352) 596-4306,Psychiatric,Voluntary non-profit - Private,305,55
104057,SPRINGBROOK HOSPITAL,7007 GROVE RD,(352) 596-4306,Psychiatric,Voluntary non-profit - Private,331,29
104057,SPRINGBROOK HOSPITAL,7007 GROVE RD,(352) 596-4306,Psychiatric,Voluntary non-profit - Private,263,97
104057,SPRINGBROOK HOSPITAL,7007 GROVE RD,(352) 596-4306,Psychiatric,Voluntary non-profit - Private,320,40
104057,SPRINGBROOK HOSPITAL,7007 GROVE RD,(352) 596-4306,Psychiatric,Voluntary non-profit - Private,232,128
104057,SPRINGBROOK HOSPITAL,7007 GROVE RD,(352) 596-4306,Psychiatric,Voluntary non-profit - Private,216,144
104057,SPRINGBROOK HOSPITAL,7007 GROVE RD,(352) 596-4306,Psychiatric,Voluntary non-profit - Private,298,62
104057,SPRINGBROOK HOSPITAL,7007 GROVE RD,(352) 596-4306,Psychiatric,Voluntary non-profit - Private,303,57
104057,SPRINGBROOK HOSPITAL,7007 GROVE RD,(352) 596-4306,Psychiatric,Voluntary non-profit - Private,263,97
104057,SPRINGBROOK HOSPITAL,7007 GROVE RD,(352) 596-4306,Psychiatric,Voluntary non-profit - Private,271,89
104057,SPRINGBROOK HOSPITAL,7007 GROVE RD,(352) 596-4306,Psychiatric,Voluntary non-profit - Private,305,55
104057,SPRINGBROOK HOSPITAL,7007 GROVE RD,(352) 596-4306,Psychiatric,Voluntary non-profit - Private,288,72
104057,SPRINGBROOK HOSPITAL,7007 GROVE RD,(352) 596-4306,Psychiatric,Voluntary non-profit - Private,220,140
104057,SPRINGBROOK HOSPITAL,7007 GROVE RD,(352) 596-4306,Psychiatric,Voluntary non-profit - Private,221,139
104057,SPRINGBROOK HOSPITAL,7007 GROVE RD,(352) 596-4306,Psychiatric,Voluntary non-profit - Private,301,59
104057,SPRINGBROOK HOSPITAL,7007 GROVE RD,(352) 596-4306,Psychiatric,Voluntary non-profit - Private,248,112
104057,SPRINGBROOK HOSPITAL,7007 GROVE RD,(352) 596-4306,Psychiatric,Voluntary non-profit - Private,283,77
104057,SPRINGBROOK HOSPITAL,7007 GROVE RD,(352) 596-4306,Psychiatric,Voluntary non-profit - Private,329,31
104057,SPRINGBROOK HOSPITAL,7007 GROVE RD,(352) 596-4306,Psychiatric,Voluntary non-profit - Private,296,64
104057,SPRINGBROOK HOSPITAL,7007 GROVE RD,(352) 596-4306,Psychiatric,Voluntary non-profit - Private,307,53
104057,SPRINGBROOK HOSPITAL,7007 GROVE RD,(352) 596-4306,Psychiatric,Voluntary non-profit - Private,223,137
104057,SPRINGBROOK HOSPITAL,7007 GROVE RD,(352) 596-4306,Psychiatric,Voluntary non-profit - Private,330,30
104057,SPRINGBROOK HOSPITAL,7007 GROVE RD,(352) 596-4306,Psychiatric,Voluntary non-profit - Private,269,91
