Facility ID,Facility Name,Address,Telephone Number,Hospital Type,Hospital Ownership,Active Beds,Inactive Beds
104076,UNIVERSITY BEHAVIORAL CENTER,2500 DISCOVERY DRIVE,(407) 281-7000,Psychiatric,Voluntary non-profit - Private,262,166
104076,UNIVERSITY BEHAVIORAL CENTER,2500 DISCOVERY DRIVE,(407) 281-7000,Psychiatric,Voluntary non-profit - Private,319,109
104076,UNIVERSITY BEHAVIORAL CENTER,2500 DISCOVERY DRIVE,(407) 281-7000,Psychiatric,Voluntary non-profit - Private,386,42
104076,UNIVERSITY BEHAVIORAL CENTER,2500 DISCOVERY DRIVE,(407) 281-7000,Psychiatric,Voluntary non-profit - Private,402,26
104076,UNIVERSITY BEHAVIORAL CENTER,2500 DISCOVERY DRIVE,(407) 281-7000,Psychiatric,Voluntary non-profit - Private,395,33
104076,UNIVERSITY BEHAVIORAL CENTER,2500 DISCOVERY DRIVE,(407) 281-7000,Psychiatric,Voluntary non-profit - Private,336,92
104076,UNIVERSITY BEHAVIORAL CENTER,2500 DISCOVERY DRIVE,(407) 281-7000,Psychiatric,Voluntary non-profit - Private,312,116
104076,UNIVERSITY BEHAVIORAL CENTER,2500 DISCOVERY DRIVE,(407) 281-7000,Psychiatric,Voluntary non-profit - Private,298,130
104076,UNIVERSITY BEHAVIORAL CENTER,2500 DISCOVERY DRIVE,(407) 281-7000,Psychiatric,Voluntary non-profit - Private,307,121
104076,UNIVERSITY BEHAVIORAL CENTER,2500 DISCOVERY DRIVE,(407) 281-7000,Psychiatric,Voluntary non-profit - Private,401,27
104076,UNIVERSITY BEHAVIORAL CENTER,2500 DISCOVERY DRIVE,(407) 281-7000,Psychiatric,Voluntary non-profit - Private,261,167
104076,UNIVERSITY BEHAVIORAL CENTER,2500 DISCOVERY DRIVE,(407) 281-7000,Psychiatric,Voluntary non-profit - Private,263,165
104076,UNIVERSITY BEHAVIORAL CENTER,2500 DISCOVERY DRIVE,(407) 281-7000,Psychiatric,Voluntary non-profit - Private,258,170
104076,UNIVERSITY BEHAVIORAL CENTER,2500 DISCOVERY DRIVE,(407) 281-7000,Psychiatric,Voluntary non-profit - Private,363,65
104076,UNIVERSITY BEHAVIORAL CENTER,2500 DISCOVERY DRIVE,(407) 281-7000,Psychiatric,Voluntary non-profit - Private,360,68
104076,UNIVERSITY BEHAVIORAL CENTER,2500 DISCOVERY DRIVE,(407) 281-7000,Psychiatric,Voluntary non-profit - Private,312,116
104076,UNIVERSITY BEHAVIORAL CENTER,2500 DISCOVERY DRIVE,(407) 281-7000,Psychiatric,Voluntary non-profit - Private,393,35
104076,UNIVERSITY BEHAVIORAL CENTER,2500 DISCOVERY DRIVE,(407) 281-7000,Psychiatric,Voluntary non-profit - Private,352,76
104076,UNIVERSITY BEHAVIORAL CENTER,2500 DISCOVERY DRIVE,(407) 281-7000,Psychiatric,Voluntary non-profit - Private,331,97
104076,UNIVERSITY BEHAVIORAL CENTER,2500 DISCOVERY DRIVE,(407) 281-7000,Psychiatric,Voluntary non-profit - Private,282,146
104076,UNIVERSITY BEHAVIORAL CENTER,2500 DISCOVERY DRIVE,(407) 281-7000,Psychiatric,Voluntary non-profit - Private,290,138
104076,UNIVERSITY BEHAVIORAL CENTER,2500 DISCOVERY DRIVE,(407) 281-7000,Psychiatric,Voluntary non-profit - Private,324,104
104076,UNIVERSITY BEHAVIORAL CENTER,2500 DISCOVERY DRIVE,(407) 281-7000,Psychiatric,Voluntary non-profit - Private,321,107
104076,UNIVERSITY BEHAVIORAL CENTER,2500 DISCOVERY DRIVE,(407) 281-7000,Psychiatric,Voluntary non-profit - Private,399,29
104076,UNIVERSITY BEHAVIORAL CENTER,2500 DISCOVERY DRIVE,(407) 281-7000,Psychiatric,Voluntary non-profit - Private,320,108
104076,UNIVERSITY BEHAVIORAL CENTER,2500 DISCOVERY DRIVE,(407) 281-7000,Psychiatric,Voluntary non-profit - Private,397,31
104076,UNIVERSITY BEHAVIORAL CENTER,2500 DISCOVERY DRIVE,(407) 281-7000,Psychiatric,Voluntary non-profit - Private,268,160
104076,UNIVERSITY BEHAVIORAL CENTER,2500 DISCOVERY DRIVE,(407) 281-7000,Psychiatric,Voluntary non-profit - Private,282,146
104076,UNIVERSITY BEHAVIORAL CENTER,2500 DISCOVERY DRIVE,(407) 281-7000,Psychiatric,Voluntary non-profit - Private,266,162
104076,UNIVERSITY BEHAVIORAL CENTER,2500 DISCOVERY DRIVE,(407) 281-7000,Psychiatric,Voluntary non-profit - Private,377,51
104076,UNIVERSITY BEHAVIORAL CENTER,2500 DISCOVERY DRIVE,(407) 281-7000,Psychiatric,Voluntary non-profit - Private,262,166
104076,UNIVERSITY BEHAVIORAL CENTER,2500 DISCOVERY DRIVE,(407) 281-7000,Psychiatric,Voluntary non-profit - Private,396,32
104076,UNIVERSITY BEHAVIORAL CENTER,2500 DISCOVERY DRIVE,(407) 281-7000,Psychiatric,Voluntary non-profit - Private,279,149
104076,UNIVERSITY BEHAVIORAL CENTER,2500 DISCOVERY DRIVE,(407) 281-7000,Psychiatric,Voluntary non-profit - Private,279,149
104076,UNIVERSITY BEHAVIORAL CENTER,2500 DISCOVERY DRIVE,(407) 281-7000,Psychiatric,Voluntary non-profit - Private,326,102
104076,UNIVERSITY BEHAVIORAL CENTER,2500 DISCOVERY DRIVE,(407) 281-7000,Psychiatric,Voluntary non-profit - Private,376,52
104076,UNIVERSITY BEHAVIORAL CENTER,2500 DISCOVERY DRIVE,(407) 281-7000,Psychiatric,Voluntary non-profit - Private,259,169
104076,UNIVERSITY BEHAVIORAL CENTER,2500 DISCOVERY DRIVE,(407) 281-7000,Psychiatric,Voluntary non-profit - Private,267,161
104076,UNIVERSITY BEHAVIORAL CENTER,2500 DISCOVERY DRIVE,(407) 281-7000,Psychiatric,Voluntary non-profit - Private,367,61
104076,UNIVERSITY BEHAVIORAL CENTER,2500 DISCOVERY DRIVE,(407) 281-7000,Psychiatric,Voluntary non-profit - Private,366,62
104076,UNIVERSITY BEHAVIORAL CENTER,2500 DISCOVERY DRIVE,(407) 281-7000,Psychiatric,Voluntary non-profit - Private,308,120
104076,UNIVERSITY BEHAVIORAL CENTER,2500 DISCOVERY DRIVE,(407) 281-7000,Psychiatric,Voluntary non-profit - Private,401,27
104076,UNIVERSITY BEHAVIORAL CENTER,2500 DISCOVERY DRIVE,(407) 281-7000,Psychiatric,Voluntary non-profit - Private,289,139
104076,UNIVERSITY BEHAVIORAL CENTER,2500 DISCOVERY DRIVE,(407) 281-7000,Psychiatric,Voluntary non-profit - Private,339,89
104076,UNIVERSITY BEHAVIORAL CENTER,2500 DISCOVERY DRIVE,(407) 281-7000,Psychiatric,Voluntary non-profit - Private,356,72
104076,UNIVERSITY BEHAVIORAL CENTER,2500 DISCOVERY DRIVE,(407) 281-7000,Psychiatric,Voluntary non-profit - Private,323,105
104076,UNIVERSITY BEHAVIORAL CENTER,2500 DISCOVERY DRIVE,(407) 281-7000,Psychiatric,Voluntary non-profit - Private,359,69
104076,UNIVERSITY BEHAVIORAL CENTER,2500 DISCOVERY DRIVE,(407) 281-7000,Psychiatric,Voluntary non-profit - Private,288,140
104076,UNIVERSITY BEHAVIORAL CENTER,2500 DISCOVERY DRIVE,(407) 281-7000,Psychiatric,Voluntary non-profit - Private,269,159
104076,UNIVERSITY BEHAVIORAL CENTER,2500 DISCOVERY DRIVE,(407) 281-7000,Psychiatric,Voluntary non-profit - Private,285,143
104076,UNIVERSITY BEHAVIORAL CENTER,2500 DISCOVERY DRIVE,(407) 281-7000,Psychiatric,Voluntary non-profit - Private,297,131
104076,UNIVERSITY BEHAVIORAL CENTER,2500 DISCOVERY DRIVE,(407) 281-7000,Psychiatric,Voluntary non-profit - Private,342,86
104076,UNIVERSITY BEHAVIORAL CENTER,2500 DISCOVERY DRIVE,(407) 281-7000,Psychiatric,Voluntary non-profit - Private,294,134
104076,UNIVERSITY BEHAVIORAL CENTER,2500 DISCOVERY DRIVE,(407) 281-7000,Psychiatric,Voluntary non-profit - Private,261,167
104076,UNIVERSITY BEHAVIORAL CENTER,2500 DISCOVERY DRIVE,(407) 281-7000,Psychiatric,Voluntary non-profit - Private,267,161
104076,UNIVERSITY BEHAVIORAL CENTER,2500 DISCOVERY DRIVE,(407) 281-7000,Psychiatric,Voluntary non-profit - Private,312,116
104076,UNIVERSITY BEHAVIORAL CENTER,2500 DISCOVERY DRIVE,(407) 281-7000,Psychiatric,Voluntary non-profit - Private,339,89
104076,UNIVERSITY BEHAVIORAL CENTER,2500 DISCOVERY DRIVE,(407) 281-7000,Psychiatric,Voluntary non-profit - Private,257,171
104076,UNIVERSITY BEHAVIORAL CENTER,2500 DISCOVERY DRIVE,(407) 281-7000,Psychiatric,Voluntary non-profit - Private,341,87
104076,UNIVERSITY BEHAVIORAL CENTER,2500 DISCOVERY DRIVE,(407) 281-7000,Psychiatric,Voluntary non-profit - Private,283,145
104076,UNIVERSITY BEHAVIORAL CENTER,2500 DISCOVERY DRIVE,(407) 281-7000,Psychiatric,Voluntary non-profit - Private,283,145
104076,UNIVERSITY BEHAVIORAL CENTER,2500 DISCOVERY DRIVE,(407) 281-7000,Psychiatric,Voluntary non-profit - Private,384,44
104076,UNIVERSITY BEHAVIORAL CENTER,2500 DISCOVERY DRIVE,(407) 281-7000,Psychiatric,Voluntary non-profit - Private,382,46
104076,UNIVERSITY BEHAVIORAL CENTER,2500 DISCOVERY DRIVE,(407) 281-7000,Psychiatric,Voluntary non-profit - Private,393,35
104076,UNIVERSITY BEHAVIORAL CENTER,2500 DISCOVERY DRIVE,(407) 281-7000,Psychiatric,Voluntary non-profit - Private,290,138
104076,UNIVERSITY BEHAVIORAL CENTER,2500 DISCOVERY DRIVE,(407) 281-7000,Psychiatric,Voluntary non-profit - Private,298,130
104076,UNIVERSITY BEHAVIORAL CENTER,2500 DISCOVERY DRIVE,(407) 281-7000,Psychiatric,Voluntary non-profit - Private,291,137
104076,UNIVERSITY BEHAVIORAL CENTER,2500 DISCOVERY DRIVE,(407) 281-7000,Psychiatric,Voluntary non-profit - Private,338,90
104076,UNIVERSITY BEHAVIORAL CENTER,2500 DISCOVERY DRIVE,(407) 281-7000,Psychiatric,Voluntary non-profit - Private,263,165
104076,UNIVERSITY BEHAVIORAL CENTER,2500 DISCOVERY DRIVE,(407) 281-7000,Psychiatric,Voluntary non-profit - Private,292,136
104076,UNIVERSITY BEHAVIORAL CENTER,2500 DISCOVERY DRIVE,(407) 281-7000,Psychiatric,Voluntary non-profit - Private,403,25
104076,UNIVERSITY BEHAVIORAL CENTER,2500 DISCOVERY DRIVE,(407) 281-7000,Psychiatric,Voluntary non-profit - Private,299,129
104076,UNIVERSITY BEHAVIORAL CENTER,2500 DISCOVERY DRIVE,(407) 281-7000,Psychiatric,Voluntary non-profit - Private,354,74
104076,UNIVERSITY BEHAVIORAL CENTER,2500 DISCOVERY DRIVE,(407) 281-7000,Psychiatric,Voluntary non-profit - Private,391,37
104076,UNIVERSITY BEHAVIORAL CENTER,2500 DISCOVERY DRIVE,(407) 281-7000,Psychiatric,Voluntary non-profit - Private,296,132
104076,UNIVERSITY BEHAVIORAL CENTER,2500 DISCOVERY DRIVE,(407) 281-7000,Psychiatric,Voluntary non-profit - Private,306,122
104076,UNIVERSITY BEHAVIORAL CENTER,2500 DISCOVERY DRIVE,(407) 281-7000,Psychiatric,Voluntary non-profit - Private,350,78
104076,UNIVERSITY BEHAVIORAL CENTER,2500 DISCOVERY DRIVE,(407) 281-7000,Psychiatric,Voluntary non-profit - Private,262,166
104076,UNIVERSITY BEHAVIORAL CENTER,2500 DISCOVERY DRIVE,(407) 281-7000,Psychiatric,Voluntary non-profit - Private,282,146
104076,UNIVERSITY BEHAVIORAL CENTER,2500 DISCOVERY DRIVE,(407) 281-7000,Psychiatric,Voluntary non-profit - Private,338,90
104076,UNIVERSITY BEHAVIORAL CENTER,2500 DISCOVERY DRIVE,(407) 281-7000,Psychiatric,Voluntary non-profit - Private,342,86
104076,UNIVERSITY BEHAVIORAL CENTER,2500 DISCOVERY DRIVE,(407) 281-7000,Psychiatric,Voluntary non-profit - Private,266,162
104076,UNIVERSITY BEHAVIORAL CENTER,2500 DISCOVERY DRIVE,(407) 281-7000,Psychiatric,Voluntary non-profit - Private,323,105
104076,UNIVERSITY BEHAVIORAL CENTER,2500 DISCOVERY DRIVE,(407) 281-7000,Psychiatric,Voluntary non-profit - Private,326,102
104076,UNIVERSITY BEHAVIORAL CENTER,2500 DISCOVERY DRIVE,(407) 281-7000,Psychiatric,Voluntary non-profit - Private,264,164
104076,UNIVERSITY BEHAVIORAL CENTER,2500 DISCOVERY DRIVE,(407) 281-7000,Psychiatric,Voluntary non-profit - Private,320,108
104076,UNIVERSITY BEHAVIORAL CENTER,2500 DISCOVERY DRIVE,(407) 281-7000,Psychiatric,Voluntary non-profit - Private,275,153
104076,UNIVERSITY BEHAVIORAL CENTER,2500 DISCOVERY DRIVE,(407) 281-7000,Psychiatric,Voluntary non-profit - Private,366,62
104076,UNIVERSITY BEHAVIORAL CENTER,2500 DISCOVERY DRIVE,(407) 281-7000,Psychiatric,Voluntary non-profit - Private,309,119
104076,UNIVERSITY BEHAVIORAL CENTER,2500 DISCOVERY DRIVE,(407) 281-7000,Psychiatric,Voluntary non-profit - Private,384,44
104076,UNIVERSITY BEHAVIORAL CENTER,2500 DISCOVERY DRIVE,(407) 281-7000,Psychiatric,Voluntary non-profit - Private,313,115
104076,UNIVERSITY BEHAVIORAL CENTER,2500 DISCOVERY DRIVE,(407) 281-7000,Psychiatric,Voluntary non-profit - Private,269,159
104076,UNIVERSITY BEHAVIORAL CENTER,2500 DISCOVERY DRIVE,(407) 281-7000,Psychiatric,Voluntary non-profit - Private,406,22
104076,UNIVERSITY BEHAVIORAL CENTER,2500 DISCOVERY DRIVE,(407) 281-7000,Psychiatric,Voluntary non-profit - Private,377,51
104076,UNIVERSITY BEHAVIORAL CENTER,2500 DISCOVERY DRIVE,(407) 281-7000,Psychiatric,Voluntary non-profit - Private,388,40
104076,UNIVERSITY BEHAVIORAL CENTER,2500 DISCOVERY DRIVE,(407) 281-7000,Psychiatric,Voluntary non-profit - Private,283,145
104076,UNIVERSITY BEHAVIORAL CENTER,2500 DISCOVERY DRIVE,(407) 281-7000,Psychiatric,Voluntary non-profit - Private,291,137
104076,UNIVERSITY BEHAVIORAL CENTER,2500 DISCOVERY DRIVE,(407) 281-7000,Psychiatric,Voluntary non-profit - Private,406,22
104076,UNIVERSITY BEHAVIORAL CENTER,2500 DISCOVERY DRIVE,(407) 281-7000,Psychiatric,Voluntary non-profit - Private,381,47
104076,UNIVERSITY BEHAVIORAL CENTER,2500 DISCOVERY DRIVE,(407) 281-7000,Psychiatric,Voluntary non-profit - Private,334,94
104076,UNIVERSITY BEHAVIORAL CENTER,2500 DISCOVERY DRIVE,(407) 281-7000,Psychiatric,Voluntary non-profit - Private,402,26
104076,UNIVERSITY BEHAVIORAL CENTER,2500 DISCOVERY DRIVE,(407) 281-7000,Psychiatric,Voluntary non-profit - Private,279,149
104076,UNIVERSITY BEHAVIORAL CENTER,2500 DISCOVERY DRIVE,(407) 281-7000,Psychiatric,Voluntary non-profit - Private,360,68
104076,UNIVERSITY BEHAVIORAL CENTER,2500 DISCOVERY DRIVE,(407) 281-7000,Psychiatric,Voluntary non-profit - Private,362,66
104076,UNIVERSITY BEHAVIORAL CENTER,2500 DISCOVERY DRIVE,(407) 281-7000,Psychiatric,Voluntary non-profit - Private,389,39
104076,UNIVERSITY BEHAVIORAL CENTER,2500 DISCOVERY DRIVE,(407) 281-7000,Psychiatric,Voluntary non-profit - Private,321,107
104076,UNIVERSITY BEHAVIORAL CENTER,2500 DISCOVERY DRIVE,(407) 281-7000,Psychiatric,Voluntary non-profit - Private,333,95
104076,UNIVERSITY BEHAVIORAL CENTER,2500 DISCOVERY DRIVE,(407) 281-7000,Psychiatric,Voluntary non-profit - Private,258,170
104076,UNIVERSITY BEHAVIORAL CENTER,2500 DISCOVERY DRIVE,(407) 281-7000,Psychiatric,Voluntary non-profit - Private,266,162
104076,UNIVERSITY BEHAVIORAL CENTER,2500 DISCOVERY DRIVE,(407) 281-7000,Psychiatric,Voluntary non-profit - Private,334,94
104076,UNIVERSITY BEHAVIORAL CENTER,2500 DISCOVERY DRIVE,(407) 281-7000,Psychiatric,Voluntary non-profit - Private,361,67
104076,UNIVERSITY BEHAVIORAL CENTER,2500 DISCOVERY DRIVE,(407) 281-7000,Psychiatric,Voluntary non-profit - Private,396,32
104076,UNIVERSITY BEHAVIORAL CENTER,2500 DISCOVERY DRIVE,(407) 281-7000,Psychiatric,Voluntary non-profit - Private,259,169
104076,UNIVERSITY BEHAVIORAL CENTER,2500 DISCOVERY DRIVE,(407) 281-7000,Psychiatric,Voluntary non-profit - Private,338,90
104076,UNIVERSITY BEHAVIORAL CENTER,2500 DISCOVERY DRIVE,(407) 281-7000,Psychiatric,Voluntary non-profit - Private,269,159
104076,UNIVERSITY BEHAVIORAL CENTER,2500 DISCOVERY DRIVE,(407) 281-7000,Psychiatric,Voluntary non-profit - Private,324,104
104076,UNIVERSITY BEHAVIORAL CENTER,2500 DISCOVERY DRIVE,(407) 281-7000,Psychiatric,Voluntary non-profit - Private,337,91
104076,UNIVERSITY BEHAVIORAL CENTER,2500 DISCOVERY DRIVE,(407) 281-7000,Psychiatric,Voluntary non-profit - Private,314,114
104076,UNIVERSITY BEHAVIORAL CENTER,2500 DISCOVERY DRIVE,(407) 281-7000,Psychiatric,Voluntary non-profit - Private,340,88
104076,UNIVERSITY BEHAVIORAL CENTER,2500 DISCOVERY DRIVE,(407) 281-7000,Psychiatric,Voluntary non-profit - Private,299,129
104076,UNIVERSITY BEHAVIORAL CENTER,2500 DISCOVERY DRIVE,(407) 281-7000,Psychiatric,Voluntary non-profit - Private,298,130
104076,UNIVERSITY BEHAVIORAL CENTER,2500 DISCOVERY DRIVE,(407) 281-7000,Psychiatric,Voluntary non-profit - Private,317,111
104076,UNIVERSITY BEHAVIORAL CENTER,2500 DISCOVERY DRIVE,(407) 281-7000,Psychiatric,Voluntary non-profit - Private,263,165
104076,UNIVERSITY BEHAVIORAL CENTER,2500 DISCOVERY DRIVE,(407) 281-7000,Psychiatric,Voluntary non-profit - Private,367,61
104076,UNIVERSITY BEHAVIORAL CENTER,2500 DISCOVERY DRIVE,(407) 281-7000,Psychiatric,Voluntary non-profit - Private,367,61
104076,UNIVERSITY BEHAVIORAL CENTER,2500 DISCOVERY DRIVE,(407) 281-7000,Psychiatric,Voluntary non-profit - Private,327,101
104076,UNIVERSITY BEHAVIORAL CENTER,2500 DISCOVERY DRIVE,(407) 281-7000,Psychiatric,Voluntary non-profit - Private,313,115
104076,UNIVERSITY BEHAVIORAL CENTER,2500 DISCOVERY DRIVE,(407) 281-7000,Psychiatric,Voluntary non-profit - Private,331,97
104076,UNIVERSITY BEHAVIORAL CENTER,2500 DISCOVERY DRIVE,(407) 281-7000,Psychiatric,Voluntary non-profit - Private,307,121
104076,UNIVERSITY BEHAVIORAL CENTER,2500 DISCOVERY DRIVE,(407) 281-7000,Psychiatric,Voluntary non-profit - Private,260,168
104076,UNIVERSITY BEHAVIORAL CENTER,2500 DISCOVERY DRIVE,(407) 281-7000,Psychiatric,Voluntary non-profit - Private,316,112
104076,UNIVERSITY BEHAVIORAL CENTER,2500 DISCOVERY DRIVE,(407) 281-7000,Psychiatric,Voluntary non-profit - Private,259,169
104076,UNIVERSITY BEHAVIORAL CENTER,2500 DISCOVERY DRIVE,(407) 281-7000,Psychiatric,Voluntary non-profit - Private,332,96
104076,UNIVERSITY BEHAVIORAL CENTER,2500 DISCOVERY DRIVE,(407) 281-7000,Psychiatric,Voluntary non-profit - Private,261,167
104076,UNIVERSITY BEHAVIORAL CENTER,2500 DISCOVERY DRIVE,(407) 281-7000,Psychiatric,Voluntary non-profit - Private,370,58
104076,UNIVERSITY BEHAVIORAL CENTER,2500 DISCOVERY DRIVE,(407) 281-7000,Psychiatric,Voluntary non-profit - Private,345,83
104076,UNIVERSITY BEHAVIORAL CENTER,2500 DISCOVERY DRIVE,(407) 281-7000,Psychiatric,Voluntary non-profit - Private,344,84
104076,UNIVERSITY BEHAVIORAL CENTER,2500 DISCOVERY DRIVE,(407) 281-7000,Psychiatric,Voluntary non-profit - Private,317,111
104076,UNIVERSITY BEHAVIORAL CENTER,2500 DISCOVERY DRIVE,(407) 281-7000,Psychiatric,Voluntary non-profit - Private,362,66
104076,UNIVERSITY BEHAVIORAL CENTER,2500 DISCOVERY DRIVE,(407) 281-7000,Psychiatric,Voluntary non-profit - Private,316,112
104076,UNIVERSITY BEHAVIORAL CENTER,2500 DISCOVERY DRIVE,(407) 281-7000,Psychiatric,Voluntary non-profit - Private,356,72
104076,UNIVERSITY BEHAVIORAL CENTER,2500 DISCOVERY DRIVE,(407) 281-7000,Psychiatric,Voluntary non-profit - Private,389,39
104076,UNIVERSITY BEHAVIORAL CENTER,2500 DISCOVERY DRIVE,(407) 281-7000,Psychiatric,Voluntary non-profit - Private,262,166
104076,UNIVERSITY BEHAVIORAL CENTER,2500 DISCOVERY DRIVE,(407) 281-7000,Psychiatric,Voluntary non-profit - Private,331,97
104076,UNIVERSITY BEHAVIORAL CENTER,2500 DISCOVERY DRIVE,(407) 281-7000,Psychiatric,Voluntary non-profit - Private,401,27
104076,UNIVERSITY BEHAVIORAL CENTER,2500 DISCOVERY DRIVE,(407) 281-7000,Psychiatric,Voluntary non-profit - Private,353,75
104076,UNIVERSITY BEHAVIORAL CENTER,2500 DISCOVERY DRIVE,(407) 281-7000,Psychiatric,Voluntary non-profit - Private,325,103
104076,UNIVERSITY BEHAVIORAL CENTER,2500 DISCOVERY DRIVE,(407) 281-7000,Psychiatric,Voluntary non-profit - Private,347,81
104076,UNIVERSITY BEHAVIORAL CENTER,2500 DISCOVERY DRIVE,(407) 281-7000,Psychiatric,Voluntary non-profit - Private,283,145
104076,UNIVERSITY BEHAVIORAL CENTER,2500 DISCOVERY DRIVE,(407) 281-7000,Psychiatric,Voluntary non-profit - Private,280,148
104076,UNIVERSITY BEHAVIORAL CENTER,2500 DISCOVERY DRIVE,(407) 281-7000,Psychiatric,Voluntary non-profit - Private,361,67
104076,UNIVERSITY BEHAVIORAL CENTER,2500 DISCOVERY DRIVE,(407) 281-7000,Psychiatric,Voluntary non-profit - Private,365,63
104076,UNIVERSITY BEHAVIORAL CENTER,2500 DISCOVERY DRIVE,(407) 281-7000,Psychiatric,Voluntary non-profit - Private,391,37
104076,UNIVERSITY BEHAVIORAL CENTER,2500 DISCOVERY DRIVE,(407) 281-7000,Psychiatric,Voluntary non-profit - Private,372,56
104076,UNIVERSITY BEHAVIORAL CENTER,2500 DISCOVERY DRIVE,(407) 281-7000,Psychiatric,Voluntary non-profit - Private,404,24
104076,UNIVERSITY BEHAVIORAL CENTER,2500 DISCOVERY DRIVE,(407) 281-7000,Psychiatric,Voluntary non-profit - Private,271,157
104076,UNIVERSITY BEHAVIORAL CENTER,2500 DISCOVERY DRIVE,(407) 281-7000,Psychiatric,Voluntary non-profit - Private,303,125
104076,UNIVERSITY BEHAVIORAL CENTER,2500 DISCOVERY DRIVE,(407) 281-7000,Psychiatric,Voluntary non-profit - Private,289,139
104076,UNIVERSITY BEHAVIORAL CENTER,2500 DISCOVERY DRIVE,(407) 281-7000,Psychiatric,Voluntary non-profit - Private,311,117
104076,UNIVERSITY BEHAVIORAL CENTER,2500 DISCOVERY DRIVE,(407) 281-7000,Psychiatric,Voluntary non-profit - Private,316,112
104076,UNIVERSITY BEHAVIORAL CENTER,2500 DISCOVERY DRIVE,(407) 281-7000,Psychiatric,Voluntary non-profit - Private,270,158
104076,UNIVERSITY BEHAVIORAL CENTER,2500 DISCOVERY DRIVE,(407) 281-7000,Psychiatric,Voluntary non-profit - Private,300,128
104076,UNIVERSITY BEHAVIORAL CENTER,2500 DISCOVERY DRIVE,(407) 281-7000,Psychiatric,Voluntary non-profit - Private,320,108
104076,UNIVERSITY BEHAVIORAL CENTER,2500 DISCOVERY DRIVE,(407) 281-7000,Psychiatric,Voluntary non-profit - Private,373,55
104076,UNIVERSITY BEHAVIORAL CENTER,2500 DISCOVERY DRIVE,(407) 281-7000,Psychiatric,Voluntary non-profit - Private,271,157
104076,UNIVERSITY BEHAVIORAL CENTER,2500 DISCOVERY DRIVE,(407) 281-7000,Psychiatric,Voluntary non-profit - Private,327,101
104076,UNIVERSITY BEHAVIORAL CENTER,2500 DISCOVERY DRIVE,(407) 281-7000,Psychiatric,Voluntary non-profit - Private,403,25
104076,UNIVERSITY BEHAVIORAL CENTER,2500 DISCOVERY DRIVE,(407) 281-7000,Psychiatric,Voluntary non-profit - Private,290,138
104076,UNIVERSITY BEHAVIORAL CENTER,2500 DISCOVERY DRIVE,(407) 281-7000,Psychiatric,Voluntary non-profit - Private,260,168
104076,UNIVERSITY BEHAVIORAL CENTER,2500 DISCOVERY DRIVE,(407) 281-7000,Psychiatric,Voluntary non-profit - Private,347,81
104076,UNIVERSITY BEHAVIORAL CENTER,2500 DISCOVERY DRIVE,(407) 281-7000,Psychiatric,Voluntary non-profit - Private,350,78
104076,UNIVERSITY BEHAVIORAL CENTER,2500 DISCOVERY DRIVE,(407) 281-7000,Psychiatric,Voluntary non-profit - Private,365,63
104076,UNIVERSITY BEHAVIORAL CENTER,2500 DISCOVERY DRIVE,(407) 281-7000,Psychiatric,Voluntary non-profit - Private,403,25
104076,UNIVERSITY BEHAVIORAL CENTER,2500 DISCOVERY DRIVE,(407) 281-7000,Psychiatric,Voluntary non-profit - Private,366,62
104076,UNIVERSITY BEHAVIORAL CENTER,2500 DISCOVERY DRIVE,(407) 281-7000,Psychiatric,Voluntary non-profit - Private,394,34
104076,UNIVERSITY BEHAVIORAL CENTER,2500 DISCOVERY DRIVE,(407) 281-7000,Psychiatric,Voluntary non-profit - Private,268,160
104076,UNIVERSITY BEHAVIORAL CENTER,2500 DISCOVERY DRIVE,(407) 281-7000,Psychiatric,Voluntary non-profit - Private,357,71
104076,UNIVERSITY BEHAVIORAL CENTER,2500 DISCOVERY DRIVE,(407) 281-7000,Psychiatric,Voluntary non-profit - Private,350,78
104076,UNIVERSITY BEHAVIORAL CENTER,2500 DISCOVERY DRIVE,(407) 281-7000,Psychiatric,Voluntary non-profit - Private,393,35
104076,UNIVERSITY BEHAVIORAL CENTER,2500 DISCOVERY DRIVE,(407) 281-7000,Psychiatric,Voluntary non-profit - Private,322,106
104076,UNIVERSITY BEHAVIORAL CENTER,2500 DISCOVERY DRIVE,(407) 281-7000,Psychiatric,Voluntary non-profit - Private,354,74
104076,UNIVERSITY BEHAVIORAL CENTER,2500 DISCOVERY DRIVE,(407) 281-7000,Psychiatric,Voluntary non-profit - Private,379,49
104076,UNIVERSITY BEHAVIORAL CENTER,2500 DISCOVERY DRIVE,(407) 281-7000,Psychiatric,Voluntary non-profit - Private,399,29
104076,UNIVERSITY BEHAVIORAL CENTER,2500 DISCOVERY DRIVE,(407) 281-7000,Psychiatric,Voluntary non-profit - Private,261,167
104076,UNIVERSITY BEHAVIORAL CENTER,2500 DISCOVERY DRIVE,(407) 281-7000,Psychiatric,Voluntary non-profit - Private,403,25
104076,UNIVERSITY BEHAVIORAL CENTER,2500 DISCOVERY DRIVE,(407) 281-7000,Psychiatric,Voluntary non-profit - Private,353,75
104076,UNIVERSITY BEHAVIORAL CENTER,2500 DISCOVERY DRIVE,(407) 281-7000,Psychiatric,Voluntary non-profit - Private,296,132
104076,UNIVERSITY BEHAVIORAL CENTER,2500 DISCOVERY DRIVE,(407) 281-7000,Psychiatric,Voluntary non-profit - Private,368,60
104076,UNIVERSITY BEHAVIORAL CENTER,2500 DISCOVERY DRIVE,(407) 281-7000,Psychiatric,Voluntary non-profit - Private,274,154
104076,UNIVERSITY BEHAVIORAL CENTER,2500 DISCOVERY DRIVE,(407) 281-7000,Psychiatric,Voluntary non-profit - Private,339,89
104076,UNIVERSITY BEHAVIORAL CENTER,2500 DISCOVERY DRIVE,(407) 281-7000,Psychiatric,Voluntary non-profit - Private,317,111
104076,UNIVERSITY BEHAVIORAL CENTER,2500 DISCOVERY DRIVE,(407) 281-7000,Psychiatric,Voluntary non-profit - Private,363,65
104076,UNIVERSITY BEHAVIORAL CENTER,2500 DISCOVERY DRIVE,(407) 281-7000,Psychiatric,Voluntary non-profit - Private,341,87
104076,UNIVERSITY BEHAVIORAL CENTER,2500 DISCOVERY DRIVE,(407) 281-7000,Psychiatric,Voluntary non-profit - Private,281,147
104076,UNIVERSITY BEHAVIORAL CENTER,2500 DISCOVERY DRIVE,(407) 281-7000,Psychiatric,Voluntary non-profit - Private,298,130
104076,UNIVERSITY BEHAVIORAL CENTER,2500 DISCOVERY DRIVE,(407) 281-7000,Psychiatric,Voluntary non-profit - Private,270,158
104076,UNIVERSITY BEHAVIORAL CENTER,2500 DISCOVERY DRIVE,(407) 281-7000,Psychiatric,Voluntary non-profit - Private,352,76
104076,UNIVERSITY BEHAVIORAL CENTER,2500 DISCOVERY DRIVE,(407) 281-7000,Psychiatric,Voluntary non-profit - Private,394,34
104076,UNIVERSITY BEHAVIORAL CENTER,2500 DISCOVERY DRIVE,(407) 281-7000,Psychiatric,Voluntary non-profit - Private,404,24
104076,UNIVERSITY BEHAVIORAL CENTER,2500 DISCOVERY DRIVE,(407) 281-7000,Psychiatric,Voluntary non-profit - Private,264,164
104076,UNIVERSITY BEHAVIORAL CENTER,2500 DISCOVERY DRIVE,(407) 281-7000,Psychiatric,Voluntary non-profit - Private,378,50
104076,UNIVERSITY BEHAVIORAL CENTER,2500 DISCOVERY DRIVE,(407) 281-7000,Psychiatric,Voluntary non-profit - Private,373,55
104076,UNIVERSITY BEHAVIORAL CENTER,2500 DISCOVERY DRIVE,(407) 281-7000,Psychiatric,Voluntary non-profit - Private,404,24
104076,UNIVERSITY BEHAVIORAL CENTER,2500 DISCOVERY DRIVE,(407) 281-7000,Psychiatric,Voluntary non-profit - Private,352,76
104076,UNIVERSITY BEHAVIORAL CENTER,2500 DISCOVERY DRIVE,(407) 281-7000,Psychiatric,Voluntary non-profit - Private,309,119
104076,UNIVERSITY BEHAVIORAL CENTER,2500 DISCOVERY DRIVE,(407) 281-7000,Psychiatric,Voluntary non-profit - Private,274,154
104076,UNIVERSITY BEHAVIORAL CENTER,2500 DISCOVERY DRIVE,(407) 281-7000,Psychiatric,Voluntary non-profit - Private,300,128
104076,UNIVERSITY BEHAVIORAL CENTER,2500 DISCOVERY DRIVE,(407) 281-7000,Psychiatric,Voluntary non-profit - Private,375,53
104076,UNIVERSITY BEHAVIORAL CENTER,2500 DISCOVERY DRIVE,(407) 281-7000,Psychiatric,Voluntary non-profit - Private,275,153
104076,UNIVERSITY BEHAVIORAL CENTER,2500 DISCOVERY DRIVE,(407) 281-7000,Psychiatric,Voluntary non-profit - Private,263,165
104076,UNIVERSITY BEHAVIORAL CENTER,2500 DISCOVERY DRIVE,(407) 281-7000,Psychiatric,Voluntary non-profit - Private,405,23
104076,UNIVERSITY BEHAVIORAL CENTER,2500 DISCOVERY DRIVE,(407) 281-7000,Psychiatric,Voluntary non-profit - Private,315,113
104076,UNIVERSITY BEHAVIORAL CENTER,2500 DISCOVERY DRIVE,(407) 281-7000,Psychiatric,Voluntary non-profit - Private,264,164
104076,UNIVERSITY BEHAVIORAL CENTER,2500 DISCOVERY DRIVE,(407) 281-7000,Psychiatric,Voluntary non-profit - Private,373,55
104076,UNIVERSITY BEHAVIORAL CENTER,2500 DISCOVERY DRIVE,(407) 281-7000,Psychiatric,Voluntary non-profit - Private,335,93
104076,UNIVERSITY BEHAVIORAL CENTER,2500 DISCOVERY DRIVE,(407) 281-7000,Psychiatric,Voluntary non-profit - Private,275,153
104076,UNIVERSITY BEHAVIORAL CENTER,2500 DISCOVERY DRIVE,(407) 281-7000,Psychiatric,Voluntary non-profit - Private,352,76
104076,UNIVERSITY BEHAVIORAL CENTER,2500 DISCOVERY DRIVE,(407) 281-7000,Psychiatric,Voluntary non-profit - Private,371,57
104076,UNIVERSITY BEHAVIORAL CENTER,2500 DISCOVERY DRIVE,(407) 281-7000,Psychiatric,Voluntary non-profit - Private,334,94
104076,UNIVERSITY BEHAVIORAL CENTER,2500 DISCOVERY DRIVE,(407) 281-7000,Psychiatric,Voluntary non-profit - Private,311,117
104076,UNIVERSITY BEHAVIORAL CENTER,2500 DISCOVERY DRIVE,(407) 281-7000,Psychiatric,Voluntary non-profit - Private,344,84
104076,UNIVERSITY BEHAVIORAL CENTER,2500 DISCOVERY DRIVE,(407) 281-7000,Psychiatric,Voluntary non-profit - Private,364,64
104076,UNIVERSITY BEHAVIORAL CENTER,2500 DISCOVERY DRIVE,(407) 281-7000,Psychiatric,Voluntary non-profit - Private,330,98
104076,UNIVERSITY BEHAVIORAL CENTER,2500 DISCOVERY DRIVE,(407) 281-7000,Psychiatric,Voluntary non-profit - Private,374,54
104076,UNIVERSITY BEHAVIORAL CENTER,2500 DISCOVERY DRIVE,(407) 281-7000,Psychiatric,Voluntary non-profit - Private,376,52
104076,UNIVERSITY BEHAVIORAL CENTER,2500 DISCOVERY DRIVE,(407) 281-7000,Psychiatric,Voluntary non-profit - Private,257,171
104076,UNIVERSITY BEHAVIORAL CENTER,2500 DISCOVERY DRIVE,(407) 281-7000,Psychiatric,Voluntary non-profit - Private,304,124
104076,UNIVERSITY BEHAVIORAL CENTER,2500 DISCOVERY DRIVE,(407) 281-7000,Psychiatric,Voluntary non-profit - Private,373,55
104076,UNIVERSITY BEHAVIORAL CENTER,2500 DISCOVERY DRIVE,(407) 281-7000,Psychiatric,Voluntary non-profit - Private,359,69
104076,UNIVERSITY BEHAVIORAL CENTER,2500 DISCOVERY DRIVE,(407) 281-7000,Psychiatric,Voluntary non-profit - Private,371,57
104076,UNIVERSITY BEHAVIORAL CENTER,2500 DISCOVERY DRIVE,(407) 281-7000,Psychiatric,Voluntary non-profit - Private,359,69
104076,UNIVERSITY BEHAVIORAL CENTER,2500 DISCOVERY DRIVE,(407) 281-7000,Psychiatric,Voluntary non-profit - Private,359,69
104076,UNIVERSITY BEHAVIORAL CENTER,2500 DISCOVERY DRIVE,(407) 281-7000,Psychiatric,Voluntary non-profit - Private,405,23
104076,UNIVERSITY BEHAVIORAL CENTER,2500 DISCOVERY DRIVE,(407) 281-7000,Psychiatric,Voluntary non-profit - Private,301,127
104076,UNIVERSITY BEHAVIORAL CENTER,2500 DISCOVERY DRIVE,(407) 281-7000,Psychiatric,Voluntary non-profit - Private,291,137
104076,UNIVERSITY BEHAVIORAL CENTER,2500 DISCOVERY DRIVE,(407) 281-7000,Psychiatric,Voluntary non-profit - Private,285,143
104076,UNIVERSITY BEHAVIORAL CENTER,2500 DISCOVERY DRIVE,(407) 281-7000,Psychiatric,Voluntary non-profit - Private,332,96
104076,UNIVERSITY BEHAVIORAL CENTER,2500 DISCOVERY DRIVE,(407) 281-7000,Psychiatric,Voluntary non-profit - Private,399,29
104076,UNIVERSITY BEHAVIORAL CENTER,2500 DISCOVERY DRIVE,(407) 281-7000,Psychiatric,Voluntary non-profit - Private,261,167
104076,UNIVERSITY BEHAVIORAL CENTER,2500 DISCOVERY DRIVE,(407) 281-7000,Psychiatric,Voluntary non-profit - Private,280,148
104076,UNIVERSITY BEHAVIORAL CENTER,2500 DISCOVERY DRIVE,(407) 281-7000,Psychiatric,Voluntary non-profit - Private,304,124
104076,UNIVERSITY BEHAVIORAL CENTER,2500 DISCOVERY DRIVE,(407) 281-7000,Psychiatric,Voluntary non-profit - Private,378,50
104076,UNIVERSITY BEHAVIORAL CENTER,2500 DISCOVERY DRIVE,(407) 281-7000,Psychiatric,Voluntary non-profit - Private,397,31
104076,UNIVERSITY BEHAVIORAL CENTER,2500 DISCOVERY DRIVE,(407) 281-7000,Psychiatric,Voluntary non-profit - Private,350,78
104076,UNIVERSITY BEHAVIORAL CENTER,2500 DISCOVERY DRIVE,(407) 281-7000,Psychiatric,Voluntary non-profit - Private,266,162
104076,UNIVERSITY BEHAVIORAL CENTER,2500 DISCOVERY DRIVE,(407) 281-7000,Psychiatric,Voluntary non-profit - Private,304,124
104076,UNIVERSITY BEHAVIORAL CENTER,2500 DISCOVERY DRIVE,(407) 281-7000,Psychiatric,Voluntary non-profit - Private,313,115
104076,UNIVERSITY BEHAVIORAL CENTER,2500 DISCOVERY DRIVE,(407) 281-7000,Psychiatric,Voluntary non-profit - Private,263,165
104076,UNIVERSITY BEHAVIORAL CENTER,2500 DISCOVERY DRIVE,(407) 281-7000,Psychiatric,Voluntary non-profit - Private,352,76
104076,UNIVERSITY BEHAVIORAL CENTER,2500 DISCOVERY DRIVE,(407) 281-7000,Psychiatric,Voluntary non-profit - Private,364,64
104076,UNIVERSITY BEHAVIORAL CENTER,2500 DISCOVERY DRIVE,(407) 281-7000,Psychiatric,Voluntary non-profit - Private,264,164
104076,UNIVERSITY BEHAVIORAL CENTER,2500 DISCOVERY DRIVE,(407) 281-7000,Psychiatric,Voluntary non-profit - Private,393,35
104076,UNIVERSITY BEHAVIORAL CENTER,2500 DISCOVERY DRIVE,(407) 281-7000,Psychiatric,Voluntary non-profit - Private,369,59
104076,UNIVERSITY BEHAVIORAL CENTER,2500 DISCOVERY DRIVE,(407) 281-7000,Psychiatric,Voluntary non-profit - Private,347,81
104076,UNIVERSITY BEHAVIORAL CENTER,2500 DISCOVERY DRIVE,(407) 281-7000,Psychiatric,Voluntary non-profit - Private,390,38
104076,UNIVERSITY BEHAVIORAL CENTER,2500 DISCOVERY DRIVE,(407) 281-7000,Psychiatric,Voluntary non-profit - Private,286,142
104076,UNIVERSITY BEHAVIORAL CENTER,2500 DISCOVERY DRIVE,(407) 281-7000,Psychiatric,Voluntary non-profit - Private,387,41
104076,UNIVERSITY BEHAVIORAL CENTER,2500 DISCOVERY DRIVE,(407) 281-7000,Psychiatric,Voluntary non-profit - Private,304,124
104076,UNIVERSITY BEHAVIORAL CENTER,2500 DISCOVERY DRIVE,(407) 281-7000,Psychiatric,Voluntary non-profit - Private,261,167
104076,UNIVERSITY BEHAVIORAL CENTER,2500 DISCOVERY DRIVE,(407) 281-7000,Psychiatric,Voluntary non-profit - Private,357,71
104076,UNIVERSITY BEHAVIORAL CENTER,2500 DISCOVERY DRIVE,(407) 281-7000,Psychiatric,Voluntary non-profit - Private,317,111
104076,UNIVERSITY BEHAVIORAL CENTER,2500 DISCOVERY DRIVE,(407) 281-7000,Psychiatric,Voluntary non-profit - Private,318,110
104076,UNIVERSITY BEHAVIORAL CENTER,2500 DISCOVERY DRIVE,(407) 281-7000,Psychiatric,Voluntary non-profit - Private,316,112
104076,UNIVERSITY BEHAVIORAL CENTER,2500 DISCOVERY DRIVE,(407) 281-7000,Psychiatric,Voluntary non-profit - Private,350,78
104076,UNIVERSITY BEHAVIORAL CENTER,2500 DISCOVERY DRIVE,(407) 281-7000,Psychiatric,Voluntary non-profit - Private,267,161
104076,UNIVERSITY BEHAVIORAL CENTER,2500 DISCOVERY DRIVE,(407) 281-7000,Psychiatric,Voluntary non-profit - Private,366,62
104076,UNIVERSITY BEHAVIORAL CENTER,2500 DISCOVERY DRIVE,(407) 281-7000,Psychiatric,Voluntary non-profit - Private,382,46
104076,UNIVERSITY BEHAVIORAL CENTER,2500 DISCOVERY DRIVE,(407) 281-7000,Psychiatric,Voluntary non-profit - Private,358,70
104076,UNIVERSITY BEHAVIORAL CENTER,2500 DISCOVERY DRIVE,(407) 281-7000,Psychiatric,Voluntary non-profit - Private,327,101
104076,UNIVERSITY BEHAVIORAL CENTER,2500 DISCOVERY DRIVE,(407) 281-7000,Psychiatric,Voluntary non-profit - Private,310,118
104076,UNIVERSITY BEHAVIORAL CENTER,2500 DISCOVERY DRIVE,(407) 281-7000,Psychiatric,Voluntary non-profit - Private,318,110
104076,UNIVERSITY BEHAVIORAL CENTER,2500 DISCOVERY DRIVE,(407) 281-7000,Psychiatric,Voluntary non-profit - Private,403,25
104076,UNIVERSITY BEHAVIORAL CENTER,2500 DISCOVERY DRIVE,(407) 281-7000,Psychiatric,Voluntary non-profit - Private,403,25
104076,UNIVERSITY BEHAVIORAL CENTER,2500 DISCOVERY DRIVE,(407) 281-7000,Psychiatric,Voluntary non-profit - Private,365,63
104076,UNIVERSITY BEHAVIORAL CENTER,2500 DISCOVERY DRIVE,(407) 281-7000,Psychiatric,Voluntary non-profit - Private,371,57
104076,UNIVERSITY BEHAVIORAL CENTER,2500 DISCOVERY DRIVE,(407) 281-7000,Psychiatric,Voluntary non-profit - Private,386,42
104076,UNIVERSITY BEHAVIORAL CENTER,2500 DISCOVERY DRIVE,(407) 281-7000,Psychiatric,Voluntary non-profit - Private,275,153
104076,UNIVERSITY BEHAVIORAL CENTER,2500 DISCOVERY DRIVE,(407) 281-7000,Psychiatric,Voluntary non-profit - Private,299,129
104076,UNIVERSITY BEHAVIORAL CENTER,2500 DISCOVERY DRIVE,(407) 281-7000,Psychiatric,Voluntary non-profit - Private,337,91
104076,UNIVERSITY BEHAVIORAL CENTER,2500 DISCOVERY DRIVE,(407) 281-7000,Psychiatric,Voluntary non-profit - Private,261,167
104076,UNIVERSITY BEHAVIORAL CENTER,2500 DISCOVERY DRIVE,(407) 281-7000,Psychiatric,Voluntary non-profit - Private,302,126
104076,UNIVERSITY BEHAVIORAL CENTER,2500 DISCOVERY DRIVE,(407) 281-7000,Psychiatric,Voluntary non-profit - Private,315,113
104076,UNIVERSITY BEHAVIORAL CENTER,2500 DISCOVERY DRIVE,(407) 281-7000,Psychiatric,Voluntary non-profit - Private,406,22
104076,UNIVERSITY BEHAVIORAL CENTER,2500 DISCOVERY DRIVE,(407) 281-7000,Psychiatric,Voluntary non-profit - Private,328,100
104076,UNIVERSITY BEHAVIORAL CENTER,2500 DISCOVERY DRIVE,(407) 281-7000,Psychiatric,Voluntary non-profit - Private,390,38
104076,UNIVERSITY BEHAVIORAL CENTER,2500 DISCOVERY DRIVE,(407) 281-7000,Psychiatric,Voluntary non-profit - Private,262,166
104076,UNIVERSITY BEHAVIORAL CENTER,2500 DISCOVERY DRIVE,(407) 281-7000,Psychiatric,Voluntary non-profit - Private,285,143
104076,UNIVERSITY BEHAVIORAL CENTER,2500 DISCOVERY DRIVE,(407) 281-7000,Psychiatric,Voluntary non-profit - Private,281,147
104076,UNIVERSITY BEHAVIORAL CENTER,2500 DISCOVERY DRIVE,(407) 281-7000,Psychiatric,Voluntary non-profit - Private,340,88
104076,UNIVERSITY BEHAVIORAL CENTER,2500 DISCOVERY DRIVE,(407) 281-7000,Psychiatric,Voluntary non-profit - Private,390,38
104076,UNIVERSITY BEHAVIORAL CENTER,2500 DISCOVERY DRIVE,(407) 281-7000,Psychiatric,Voluntary non-profit - Private,386,42
104076,UNIVERSITY BEHAVIORAL CENTER,2500 DISCOVERY DRIVE,(407) 281-7000,Psychiatric,Voluntary non-profit - Private,336,92
104076,UNIVERSITY BEHAVIORAL CENTER,2500 DISCOVERY DRIVE,(407) 281-7000,Psychiatric,Voluntary non-profit - Private,369,59
104076,UNIVERSITY BEHAVIORAL CENTER,2500 DISCOVERY DRIVE,(407) 281-7000,Psychiatric,Voluntary non-profit - Private,397,31
104076,UNIVERSITY BEHAVIORAL CENTER,2500 DISCOVERY DRIVE,(407) 281-7000,Psychiatric,Voluntary non-profit - Private,264,164
104076,UNIVERSITY BEHAVIORAL CENTER,2500 DISCOVERY DRIVE,(407) 281-7000,Psychiatric,Voluntary non-profit - Private,377,51
104076,UNIVERSITY BEHAVIORAL CENTER,2500 DISCOVERY DRIVE,(407) 281-7000,Psychiatric,Voluntary non-profit - Private,325,103
104076,UNIVERSITY BEHAVIORAL CENTER,2500 DISCOVERY DRIVE,(407) 281-7000,Psychiatric,Voluntary non-profit - Private,366,62
104076,UNIVERSITY BEHAVIORAL CENTER,2500 DISCOVERY DRIVE,(407) 281-7000,Psychiatric,Voluntary non-profit - Private,275,153
104076,UNIVERSITY BEHAVIORAL CENTER,2500 DISCOVERY DRIVE,(407) 281-7000,Psychiatric,Voluntary non-profit - Private,343,85
104076,UNIVERSITY BEHAVIORAL CENTER,2500 DISCOVERY DRIVE,(407) 281-7000,Psychiatric,Voluntary non-profit - Private,321,107
104076,UNIVERSITY BEHAVIORAL CENTER,2500 DISCOVERY DRIVE,(407) 281-7000,Psychiatric,Voluntary non-profit - Private,372,56
104076,UNIVERSITY BEHAVIORAL CENTER,2500 DISCOVERY DRIVE,(407) 281-7000,Psychiatric,Voluntary non-profit - Private,305,123
104076,UNIVERSITY BEHAVIORAL CENTER,2500 DISCOVERY DRIVE,(407) 281-7000,Psychiatric,Voluntary non-profit - Private,352,76
104076,UNIVERSITY BEHAVIORAL CENTER,2500 DISCOVERY DRIVE,(407) 281-7000,Psychiatric,Voluntary non-profit - Private,348,80
104076,UNIVERSITY BEHAVIORAL CENTER,2500 DISCOVERY DRIVE,(407) 281-7000,Psychiatric,Voluntary non-profit - Private,370,58
104076,UNIVERSITY BEHAVIORAL CENTER,2500 DISCOVERY DRIVE,(407) 281-7000,Psychiatric,Voluntary non-profit - Private,302,126
104076,UNIVERSITY BEHAVIORAL CENTER,2500 DISCOVERY DRIVE,(407) 281-7000,Psychiatric,Voluntary non-profit - Private,277,151
104076,UNIVERSITY BEHAVIORAL CENTER,2500 DISCOVERY DRIVE,(407) 281-7000,Psychiatric,Voluntary non-profit - Private,349,79
104076,UNIVERSITY BEHAVIORAL CENTER,2500 DISCOVERY DRIVE,(407) 281-7000,Psychiatric,Voluntary non-profit - Private,281,147
104076,UNIVERSITY BEHAVIORAL CENTER,2500 DISCOVERY DRIVE,(407) 281-7000,Psychiatric,Voluntary non-profit - Private,323,105
104076,UNIVERSITY BEHAVIORAL CENTER,2500 DISCOVERY DRIVE,(407) 281-7000,Psychiatric,Voluntary non-profit - Private,262,166
104076,UNIVERSITY BEHAVIORAL CENTER,2500 DISCOVERY DRIVE,(407) 281-7000,Psychiatric,Voluntary non-profit - Private,380,48
104076,UNIVERSITY BEHAVIORAL CENTER,2500 DISCOVERY DRIVE,(407) 281-7000,Psychiatric,Voluntary non-profit - Private,331,97
104076,UNIVERSITY BEHAVIORAL CENTER,2500 DISCOVERY DRIVE,(407) 281-7000,Psychiatric,Voluntary non-profit - Private,348,80
104076,UNIVERSITY BEHAVIORAL CENTER,2500 DISCOVERY DRIVE,(407) 281-7000,Psychiatric,Voluntary non-profit - Private,279,149
104076,UNIVERSITY BEHAVIORAL CENTER,2500 DISCOVERY DRIVE,(407) 281-7000,Psychiatric,Voluntary non-profit - Private,303,125
104076,UNIVERSITY BEHAVIORAL CENTER,2500 DISCOVERY DRIVE,(407) 281-7000,Psychiatric,Voluntary non-profit - Private,296,132
104076,UNIVERSITY BEHAVIORAL CENTER,2500 DISCOVERY DRIVE,(407) 281-7000,Psychiatric,Voluntary non-profit - Private,269,159
104076,UNIVERSITY BEHAVIORAL CENTER,2500 DISCOVERY DRIVE,(407) 281-7000,Psychiatric,Voluntary non-profit - Private,288,140
104076,UNIVERSITY BEHAVIORAL CENTER,2500 DISCOVERY DRIVE,(407) 281-7000,Psychiatric,Voluntary non-profit - Private,379,49
104076,UNIVERSITY BEHAVIORAL CENTER,2500 DISCOVERY DRIVE,(407) 281-7000,Psychiatric,Voluntary non-profit - Private,393,35
104076,UNIVERSITY BEHAVIORAL CENTER,2500 DISCOVERY DRIVE,(407) 281-7000,Psychiatric,Voluntary non-profit - Private,298,130
104076,UNIVERSITY BEHAVIORAL CENTER,2500 DISCOVERY DRIVE,(407) 281-7000,Psychiatric,Voluntary non-profit - Private,290,138
104076,UNIVERSITY BEHAVIORAL CENTER,2500 DISCOVERY DRIVE,(407) 281-7000,Psychiatric,Voluntary non-profit - Private,393,35
104076,UNIVERSITY BEHAVIORAL CENTER,2500 DISCOVERY DRIVE,(407) 281-7000,Psychiatric,Voluntary non-profit - Private,271,157
104076,UNIVERSITY BEHAVIORAL CENTER,2500 DISCOVERY DRIVE,(407) 281-7000,Psychiatric,Voluntary non-profit - Private,346,82
104076,UNIVERSITY BEHAVIORAL CENTER,2500 DISCOVERY DRIVE,(407) 281-7000,Psychiatric,Voluntary non-profit - Private,381,47
104076,UNIVERSITY BEHAVIORAL CENTER,2500 DISCOVERY DRIVE,(407) 281-7000,Psychiatric,Voluntary non-profit - Private,385,43
104076,UNIVERSITY BEHAVIORAL CENTER,2500 DISCOVERY DRIVE,(407) 281-7000,Psychiatric,Voluntary non-profit - Private,338,90
104076,UNIVERSITY BEHAVIORAL CENTER,2500 DISCOVERY DRIVE,(407) 281-7000,Psychiatric,Voluntary non-profit - Private,280,148
104076,UNIVERSITY BEHAVIORAL CENTER,2500 DISCOVERY DRIVE,(407) 281-7000,Psychiatric,Voluntary non-profit - Private,359,69
104076,UNIVERSITY BEHAVIORAL CENTER,2500 DISCOVERY DRIVE,(407) 281-7000,Psychiatric,Voluntary non-profit - Private,309,119
104076,UNIVERSITY BEHAVIORAL CENTER,2500 DISCOVERY DRIVE,(407) 281-7000,Psychiatric,Voluntary non-profit - Private,261,167
104076,UNIVERSITY BEHAVIORAL CENTER,2500 DISCOVERY DRIVE,(407) 281-7000,Psychiatric,Voluntary non-profit - Private,266,162
104076,UNIVERSITY BEHAVIORAL CENTER,2500 DISCOVERY DRIVE,(407) 281-7000,Psychiatric,Voluntary non-profit - Private,306,122
104076,UNIVERSITY BEHAVIORAL CENTER,2500 DISCOVERY DRIVE,(407) 281-7000,Psychiatric,Voluntary non-profit - Private,270,158
104076,UNIVERSITY BEHAVIORAL CENTER,2500 DISCOVERY DRIVE,(407) 281-7000,Psychiatric,Voluntary non-profit - Private,402,26
104076,UNIVERSITY BEHAVIORAL CENTER,2500 DISCOVERY DRIVE,(407) 281-7000,Psychiatric,Voluntary non-profit - Private,317,111
104076,UNIVERSITY BEHAVIORAL CENTER,2500 DISCOVERY DRIVE,(407) 281-7000,Psychiatric,Voluntary non-profit - Private,273,155
104076,UNIVERSITY BEHAVIORAL CENTER,2500 DISCOVERY DRIVE,(407) 281-7000,Psychiatric,Voluntary non-profit - Private,401,27
104076,UNIVERSITY BEHAVIORAL CENTER,2500 DISCOVERY DRIVE,(407) 281-7000,Psychiatric,Voluntary non-profit - Private,335,93
104076,UNIVERSITY BEHAVIORAL CENTER,2500 DISCOVERY DRIVE,(407) 281-7000,Psychiatric,Voluntary non-profit - Private,405,23
104076,UNIVERSITY BEHAVIORAL CENTER,2500 DISCOVERY DRIVE,(407) 281-7000,Psychiatric,Voluntary non-profit - Private,265,163
104076,UNIVERSITY BEHAVIORAL CENTER,2500 DISCOVERY DRIVE,(407) 281-7000,Psychiatric,Voluntary non-profit - Private,376,52
104076,UNIVERSITY BEHAVIORAL CENTER,2500 DISCOVERY DRIVE,(407) 281-7000,Psychiatric,Voluntary non-profit - Private,293,135
104076,UNIVERSITY BEHAVIORAL CENTER,2500 DISCOVERY DRIVE,(407) 281-7000,Psychiatric,Voluntary non-profit - Private,258,170
104076,UNIVERSITY BEHAVIORAL CENTER,2500 DISCOVERY DRIVE,(407) 281-7000,Psychiatric,Voluntary non-profit - Private,386,42
104076,UNIVERSITY BEHAVIORAL CENTER,2500 DISCOVERY DRIVE,(407) 281-7000,Psychiatric,Voluntary non-profit - Private,346,82
104076,UNIVERSITY BEHAVIORAL CENTER,2500 DISCOVERY DRIVE,(407) 281-7000,Psychiatric,Voluntary non-profit - Private,387,41
104076,UNIVERSITY BEHAVIORAL CENTER,2500 DISCOVERY DRIVE,(407) 281-7000,Psychiatric,Voluntary non-profit - Private,380,48
104076,UNIVERSITY BEHAVIORAL CENTER,2500 DISCOVERY DRIVE,(407) 281-7000,Psychiatric,Voluntary non-profit - Private,352,76
104076,UNIVERSITY BEHAVIORAL CENTER,2500 DISCOVERY DRIVE,(407) 281-7000,Psychiatric,Voluntary non-profit - Private,352,76
104076,UNIVERSITY BEHAVIORAL CENTER,2500 DISCOVERY DRIVE,(407) 281-7000,Psychiatric,Voluntary non-profit - Private,305,123
104076,UNIVERSITY BEHAVIORAL CENTER,2500 DISCOVERY DRIVE,(407) 281-7000,Psychiatric,Voluntary non-profit - Private,319,109
104076,UNIVERSITY BEHAVIORAL CENTER,2500 DISCOVERY DRIVE,(407) 281-7000,Psychiatric,Voluntary non-profit - Private,352,76
104076,UNIVERSITY BEHAVIORAL CENTER,2500 DISCOVERY DRIVE,(407) 281-7000,Psychiatric,Voluntary non-profit - Private,307,121
104076,UNIVERSITY BEHAVIORAL CENTER,2500 DISCOVERY DRIVE,(407) 281-7000,Psychiatric,Voluntary non-profit - Private,330,98
104076,UNIVERSITY BEHAVIORAL CENTER,2500 DISCOVERY DRIVE,(407) 281-7000,Psychiatric,Voluntary non-profit - Private,370,58
104076,UNIVERSITY BEHAVIORAL CENTER,2500 DISCOVERY DRIVE,(407) 281-7000,Psychiatric,Voluntary non-profit - Private,383,45
104076,UNIVERSITY BEHAVIORAL CENTER,2500 DISCOVERY DRIVE,(407) 281-7000,Psychiatric,Voluntary non-profit - Private,375,53
104076,UNIVERSITY BEHAVIORAL CENTER,2500 DISCOVERY DRIVE,(407) 281-7000,Psychiatric,Voluntary non-profit - Private,259,169
104076,UNIVERSITY BEHAVIORAL CENTER,2500 DISCOVERY DRIVE,(407) 281-7000,Psychiatric,Voluntary non-profit - Private,402,26
104076,UNIVERSITY BEHAVIORAL CENTER,2500 DISCOVERY DRIVE,(407) 281-7000,Psychiatric,Voluntary non-profit - Private,342,86
104076,UNIVERSITY BEHAVIORAL CENTER,2500 DISCOVERY DRIVE,(407) 281-7000,Psychiatric,Voluntary non-profit - Private,402,26
