Facility ID,Facility Name,Address,Telephone Number,Hospital Type,Hospital Ownership,Active Beds,Inactive Beds
110074,PIEDMONT ATHENS REGIONAL MEDICAL CENTER,1199 PRINCE AVENUE,(706) 475-7000,Acute Care Hospitals,Voluntary non-profit - Other,297,130
110074,PIEDMONT ATHENS REGIONAL MEDICAL CENTER,1199 PRINCE AVENUE,(706) 475-7000,Acute Care Hospitals,Voluntary non-profit - Other,386,41
110074,PIEDMONT ATHENS REGIONAL MEDICAL CENTER,1199 PRINCE AVENUE,(706) 475-7000,Acute Care Hospitals,Voluntary non-profit - Other,266,161
110074,PIEDMONT ATHENS REGIONAL MEDICAL CENTER,1199 PRINCE AVENUE,(706) 475-7000,Acute Care Hospitals,Voluntary non-profit - Other,320,107
110074,PIEDMONT ATHENS REGIONAL MEDICAL CENTER,1199 PRINCE AVENUE,(706) 475-7000,Acute Care Hospitals,Voluntary non-profit - Other,311,116
110074,PIEDMONT ATHENS REGIONAL MEDICAL CENTER,1199 PRINCE AVENUE,(706) 475-7000,Acute Care Hospitals,Voluntary non-profit - Other,376,51
110074,PIEDMONT ATHENS REGIONAL MEDICAL CENTER,1199 PRINCE AVENUE,(706) 475-7000,Acute Care Hospitals,Voluntary non-profit - Other,265,162
110074,PIEDMONT ATHENS REGIONAL MEDICAL CENTER,1199 PRINCE AVENUE,(706) 475-7000,Acute Care Hospitals,Voluntary non-profit - Other,357,70
110074,PIEDMONT ATHENS REGIONAL MEDICAL CENTER,1199 PRINCE AVENUE,(706) 475-7000,Acute Care Hospitals,Voluntary non-profit - Other,325,102
110074,PIEDMONT ATHENS REGIONAL MEDICAL CENTER,1199 PRINCE AVENUE,(706) 475-7000,Acute Care Hospitals,Voluntary non-profit - Other,395,32
110074,PIEDMONT ATHENS REGIONAL MEDICAL CENTER,1199 PRINCE AVENUE,(706) 475-7000,Acute Care Hospitals,Voluntary non-profit - Other,294,133
110074,PIEDMONT ATHENS REGIONAL MEDICAL CENTER,1199 PRINCE AVENUE,(706) 475-7000,Acute Care Hospitals,Voluntary non-profit - Other,387,40
110074,PIEDMONT ATHENS REGIONAL MEDICAL CENTER,1199 PRINCE AVENUE,(706) 475-7000,Acute Care Hospitals,Voluntary non-profit - Other,282,145
110074,PIEDMONT ATHENS REGIONAL MEDICAL CENTER,1199 PRINCE AVENUE,(706) 475-7000,Acute Care Hospitals,Voluntary non-profit - Other,358,69
110074,PIEDMONT ATHENS REGIONAL MEDICAL CENTER,1199 PRINCE AVENUE,(706) 475-7000,Acute Care Hospitals,Voluntary non-profit - Other,330,97
110074,PIEDMONT ATHENS REGIONAL MEDICAL CENTER,1199 PRINCE AVENUE,(706) 475-7000,Acute Care Hospitals,Voluntary non-profit - Other,395,32
110074,PIEDMONT ATHENS REGIONAL MEDICAL CENTER,1199 PRINCE AVENUE,(706) 475-7000,Acute Care Hospitals,Voluntary non-profit - Other,315,112
110074,PIEDMONT ATHENS REGIONAL MEDICAL CENTER,1199 PRINCE AVENUE,(706) 475-7000,Acute Care Hospitals,Voluntary non-profit - Other,332,95
110074,PIEDMONT ATHENS REGIONAL MEDICAL CENTER,1199 PRINCE AVENUE,(706) 475-7000,Acute Care Hospitals,Voluntary non-profit - Other,388,39
110074,PIEDMONT ATHENS REGIONAL MEDICAL CENTER,1199 PRINCE AVENUE,(706) 475-7000,Acute Care Hospitals,Voluntary non-profit - Other,375,52
110074,PIEDMONT ATHENS REGIONAL MEDICAL CENTER,1199 PRINCE AVENUE,(706) 475-7000,Acute Care Hospitals,Voluntary non-profit - Other,318,109
110074,PIEDMONT ATHENS REGIONAL MEDICAL CENTER,1199 PRINCE AVENUE,(706) 475-7000,Acute Care Hospitals,Voluntary non-profit - Other,373,54
110074,PIEDMONT ATHENS REGIONAL MEDICAL CENTER,1199 PRINCE AVENUE,(706) 475-7000,Acute Care Hospitals,Voluntary non-profit - Other,402,25
110074,PIEDMONT ATHENS REGIONAL MEDICAL CENTER,1199 PRINCE AVENUE,(706) 475-7000,Acute Care Hospitals,Voluntary non-profit - Other,404,23
110074,PIEDMONT ATHENS REGIONAL MEDICAL CENTER,1199 PRINCE AVENUE,(706) 475-7000,Acute Care Hospitals,Voluntary non-profit - Other,280,147
110074,PIEDMONT ATHENS REGIONAL MEDICAL CENTER,1199 PRINCE AVENUE,(706) 475-7000,Acute Care Hospitals,Voluntary non-profit - Other,293,134
110074,PIEDMONT ATHENS REGIONAL MEDICAL CENTER,1199 PRINCE AVENUE,(706) 475-7000,Acute Care Hospitals,Voluntary non-profit - Other,297,130
110074,PIEDMONT ATHENS REGIONAL MEDICAL CENTER,1199 PRINCE AVENUE,(706) 475-7000,Acute Care Hospitals,Voluntary non-profit - Other,405,22
110074,PIEDMONT ATHENS REGIONAL MEDICAL CENTER,1199 PRINCE AVENUE,(706) 475-7000,Acute Care Hospitals,Voluntary non-profit - Other,369,58
110074,PIEDMONT ATHENS REGIONAL MEDICAL CENTER,1199 PRINCE AVENUE,(706) 475-7000,Acute Care Hospitals,Voluntary non-profit - Other,270,157
110074,PIEDMONT ATHENS REGIONAL MEDICAL CENTER,1199 PRINCE AVENUE,(706) 475-7000,Acute Care Hospitals,Voluntary non-profit - Other,280,147
110074,PIEDMONT ATHENS REGIONAL MEDICAL CENTER,1199 PRINCE AVENUE,(706) 475-7000,Acute Care Hospitals,Voluntary non-profit - Other,400,27
110074,PIEDMONT ATHENS REGIONAL MEDICAL CENTER,1199 PRINCE AVENUE,(706) 475-7000,Acute Care Hospitals,Voluntary non-profit - Other,334,93
110074,PIEDMONT ATHENS REGIONAL MEDICAL CENTER,1199 PRINCE AVENUE,(706) 475-7000,Acute Care Hospitals,Voluntary non-profit - Other,371,56
110074,PIEDMONT ATHENS REGIONAL MEDICAL CENTER,1199 PRINCE AVENUE,(706) 475-7000,Acute Care Hospitals,Voluntary non-profit - Other,293,134
110074,PIEDMONT ATHENS REGIONAL MEDICAL CENTER,1199 PRINCE AVENUE,(706) 475-7000,Acute Care Hospitals,Voluntary non-profit - Other,300,127
110074,PIEDMONT ATHENS REGIONAL MEDICAL CENTER,1199 PRINCE AVENUE,(706) 475-7000,Acute Care Hospitals,Voluntary non-profit - Other,349,78
110074,PIEDMONT ATHENS REGIONAL MEDICAL CENTER,1199 PRINCE AVENUE,(706) 475-7000,Acute Care Hospitals,Voluntary non-profit - Other,332,95
110074,PIEDMONT ATHENS REGIONAL MEDICAL CENTER,1199 PRINCE AVENUE,(706) 475-7000,Acute Care Hospitals,Voluntary non-profit - Other,361,66
110074,PIEDMONT ATHENS REGIONAL MEDICAL CENTER,1199 PRINCE AVENUE,(706) 475-7000,Acute Care Hospitals,Voluntary non-profit - Other,362,65
110074,PIEDMONT ATHENS REGIONAL MEDICAL CENTER,1199 PRINCE AVENUE,(706) 475-7000,Acute Care Hospitals,Voluntary non-profit - Other,323,104
110074,PIEDMONT ATHENS REGIONAL MEDICAL CENTER,1199 PRINCE AVENUE,(706) 475-7000,Acute Care Hospitals,Voluntary non-profit - Other,258,169
110074,PIEDMONT ATHENS REGIONAL MEDICAL CENTER,1199 PRINCE AVENUE,(706) 475-7000,Acute Care Hospitals,Voluntary non-profit - Other,399,28
110074,PIEDMONT ATHENS REGIONAL MEDICAL CENTER,1199 PRINCE AVENUE,(706) 475-7000,Acute Care Hospitals,Voluntary non-profit - Other,325,102
110074,PIEDMONT ATHENS REGIONAL MEDICAL CENTER,1199 PRINCE AVENUE,(706) 475-7000,Acute Care Hospitals,Voluntary non-profit - Other,278,149
110074,PIEDMONT ATHENS REGIONAL MEDICAL CENTER,1199 PRINCE AVENUE,(706) 475-7000,Acute Care Hospitals,Voluntary non-profit - Other,339,88
110074,PIEDMONT ATHENS REGIONAL MEDICAL CENTER,1199 PRINCE AVENUE,(706) 475-7000,Acute Care Hospitals,Voluntary non-profit - Other,396,31
110074,PIEDMONT ATHENS REGIONAL MEDICAL CENTER,1199 PRINCE AVENUE,(706) 475-7000,Acute Care Hospitals,Voluntary non-profit - Other,370,57
110074,PIEDMONT ATHENS REGIONAL MEDICAL CENTER,1199 PRINCE AVENUE,(706) 475-7000,Acute Care Hospitals,Voluntary non-profit - Other,396,31
110074,PIEDMONT ATHENS REGIONAL MEDICAL CENTER,1199 PRINCE AVENUE,(706) 475-7000,Acute Care Hospitals,Voluntary non-profit - Other,355,72
110074,PIEDMONT ATHENS REGIONAL MEDICAL CENTER,1199 PRINCE AVENUE,(706) 475-7000,Acute Care Hospitals,Voluntary non-profit - Other,268,159
110074,PIEDMONT ATHENS REGIONAL MEDICAL CENTER,1199 PRINCE AVENUE,(706) 475-7000,Acute Care Hospitals,Voluntary non-profit - Other,352,75
110074,PIEDMONT ATHENS REGIONAL MEDICAL CENTER,1199 PRINCE AVENUE,(706) 475-7000,Acute Care Hospitals,Voluntary non-profit - Other,384,43
110074,PIEDMONT ATHENS REGIONAL MEDICAL CENTER,1199 PRINCE AVENUE,(706) 475-7000,Acute Care Hospitals,Voluntary non-profit - Other,353,74
110074,PIEDMONT ATHENS REGIONAL MEDICAL CENTER,1199 PRINCE AVENUE,(706) 475-7000,Acute Care Hospitals,Voluntary non-profit - Other,398,29
110074,PIEDMONT ATHENS REGIONAL MEDICAL CENTER,1199 PRINCE AVENUE,(706) 475-7000,Acute Care Hospitals,Voluntary non-profit - Other,387,40
110074,PIEDMONT ATHENS REGIONAL MEDICAL CENTER,1199 PRINCE AVENUE,(706) 475-7000,Acute Care Hospitals,Voluntary non-profit - Other,322,105
110074,PIEDMONT ATHENS REGIONAL MEDICAL CENTER,1199 PRINCE AVENUE,(706) 475-7000,Acute Care Hospitals,Voluntary non-profit - Other,382,45
110074,PIEDMONT ATHENS REGIONAL MEDICAL CENTER,1199 PRINCE AVENUE,(706) 475-7000,Acute Care Hospitals,Voluntary non-profit - Other,390,37
110074,PIEDMONT ATHENS REGIONAL MEDICAL CENTER,1199 PRINCE AVENUE,(706) 475-7000,Acute Care Hospitals,Voluntary non-profit - Other,264,163
110074,PIEDMONT ATHENS REGIONAL MEDICAL CENTER,1199 PRINCE AVENUE,(706) 475-7000,Acute Care Hospitals,Voluntary non-profit - Other,298,129
110074,PIEDMONT ATHENS REGIONAL MEDICAL CENTER,1199 PRINCE AVENUE,(706) 475-7000,Acute Care Hospitals,Voluntary non-profit - Other,385,42
110074,PIEDMONT ATHENS REGIONAL MEDICAL CENTER,1199 PRINCE AVENUE,(706) 475-7000,Acute Care Hospitals,Voluntary non-profit - Other,274,153
110074,PIEDMONT ATHENS REGIONAL MEDICAL CENTER,1199 PRINCE AVENUE,(706) 475-7000,Acute Care Hospitals,Voluntary non-profit - Other,297,130
110074,PIEDMONT ATHENS REGIONAL MEDICAL CENTER,1199 PRINCE AVENUE,(706) 475-7000,Acute Care Hospitals,Voluntary non-profit - Other,368,59
110074,PIEDMONT ATHENS REGIONAL MEDICAL CENTER,1199 PRINCE AVENUE,(706) 475-7000,Acute Care Hospitals,Voluntary non-profit - Other,274,153
110074,PIEDMONT ATHENS REGIONAL MEDICAL CENTER,1199 PRINCE AVENUE,(706) 475-7000,Acute Care Hospitals,Voluntary non-profit - Other,380,47
110074,PIEDMONT ATHENS REGIONAL MEDICAL CENTER,1199 PRINCE AVENUE,(706) 475-7000,Acute Care Hospitals,Voluntary non-profit - Other,369,58
110074,PIEDMONT ATHENS REGIONAL MEDICAL CENTER,1199 PRINCE AVENUE,(706) 475-7000,Acute Care Hospitals,Voluntary non-profit - Other,292,135
110074,PIEDMONT ATHENS REGIONAL MEDICAL CENTER,1199 PRINCE AVENUE,(706) 475-7000,Acute Care Hospitals,Voluntary non-profit - Other,274,153
110074,PIEDMONT ATHENS REGIONAL MEDICAL CENTER,1199 PRINCE AVENUE,(706) 475-7000,Acute Care Hospitals,Voluntary non-profit - Other,386,41
110074,PIEDMONT ATHENS REGIONAL MEDICAL CENTER,1199 PRINCE AVENUE,(706) 475-7000,Acute Care Hospitals,Voluntary non-profit - Other,264,163
110074,PIEDMONT ATHENS REGIONAL MEDICAL CENTER,1199 PRINCE AVENUE,(706) 475-7000,Acute Care Hospitals,Voluntary non-profit - Other,324,103
110074,PIEDMONT ATHENS REGIONAL MEDICAL CENTER,1199 PRINCE AVENUE,(706) 475-7000,Acute Care Hospitals,Voluntary non-profit - Other,314,113
110074,PIEDMONT ATHENS REGIONAL MEDICAL CENTER,1199 PRINCE AVENUE,(706) 475-7000,Acute Care Hospitals,Voluntary non-profit - Other,348,79
110074,PIEDMONT ATHENS REGIONAL MEDICAL CENTER,1199 PRINCE AVENUE,(706) 475-7000,Acute Care Hospitals,Voluntary non-profit - Other,383,44
110074,PIEDMONT ATHENS REGIONAL MEDICAL CENTER,1199 PRINCE AVENUE,(706) 475-7000,Acute Care Hospitals,Voluntary non-profit - Other,298,129
110074,PIEDMONT ATHENS REGIONAL MEDICAL CENTER,1199 PRINCE AVENUE,(706) 475-7000,Acute Care Hospitals,Voluntary non-profit - Other,268,159
110074,PIEDMONT ATHENS REGIONAL MEDICAL CENTER,1199 PRINCE AVENUE,(706) 475-7000,Acute Care Hospitals,Voluntary non-profit - Other,371,56
110074,PIEDMONT ATHENS REGIONAL MEDICAL CENTER,1199 PRINCE AVENUE,(706) 475-7000,Acute Care Hospitals,Voluntary non-profit - Other,329,98
110074,PIEDMONT ATHENS REGIONAL MEDICAL CENTER,1199 PRINCE AVENUE,(706) 475-7000,Acute Care Hospitals,Voluntary non-profit - Other,296,131
110074,PIEDMONT ATHENS REGIONAL MEDICAL CENTER,1199 PRINCE AVENUE,(706) 475-7000,Acute Care Hospitals,Voluntary non-profit - Other,310,117
110074,PIEDMONT ATHENS REGIONAL MEDICAL CENTER,1199 PRINCE AVENUE,(706) 475-7000,Acute Care Hospitals,Voluntary non-profit - Other,395,32
110074,PIEDMONT ATHENS REGIONAL MEDICAL CENTER,1199 PRINCE AVENUE,(706) 475-7000,Acute Care Hospitals,Voluntary non-profit - Other,257,170
110074,PIEDMONT ATHENS REGIONAL MEDICAL CENTER,1199 PRINCE AVENUE,(706) 475-7000,Acute Care Hospitals,Voluntary non-profit - Other,349,78
110074,PIEDMONT ATHENS REGIONAL MEDICAL CENTER,1199 PRINCE AVENUE,(706) 475-7000,Acute Care Hospitals,Voluntary non-profit - Other,275,152
110074,PIEDMONT ATHENS REGIONAL MEDICAL CENTER,1199 PRINCE AVENUE,(706) 475-7000,Acute Care Hospitals,Voluntary non-profit - Other,388,39
110074,PIEDMONT ATHENS REGIONAL MEDICAL CENTER,1199 PRINCE AVENUE,(706) 475-7000,Acute Care Hospitals,Voluntary non-profit - Other,345,82
110074,PIEDMONT ATHENS REGIONAL MEDICAL CENTER,1199 PRINCE AVENUE,(706) 475-7000,Acute Care Hospitals,Voluntary non-profit - Other,297,130
110074,PIEDMONT ATHENS REGIONAL MEDICAL CENTER,1199 PRINCE AVENUE,(706) 475-7000,Acute Care Hospitals,Voluntary non-profit - Other,351,76
110074,PIEDMONT ATHENS REGIONAL MEDICAL CENTER,1199 PRINCE AVENUE,(706) 475-7000,Acute Care Hospitals,Voluntary non-profit - Other,328,99
110074,PIEDMONT ATHENS REGIONAL MEDICAL CENTER,1199 PRINCE AVENUE,(706) 475-7000,Acute Care Hospitals,Voluntary non-profit - Other,336,91
110074,PIEDMONT ATHENS REGIONAL MEDICAL CENTER,1199 PRINCE AVENUE,(706) 475-7000,Acute Care Hospitals,Voluntary non-profit - Other,292,135
110074,PIEDMONT ATHENS REGIONAL MEDICAL CENTER,1199 PRINCE AVENUE,(706) 475-7000,Acute Care Hospitals,Voluntary non-profit - Other,388,39
110074,PIEDMONT ATHENS REGIONAL MEDICAL CENTER,1199 PRINCE AVENUE,(706) 475-7000,Acute Care Hospitals,Voluntary non-profit - Other,397,30
110074,PIEDMONT ATHENS REGIONAL MEDICAL CENTER,1199 PRINCE AVENUE,(706) 475-7000,Acute Care Hospitals,Voluntary non-profit - Other,372,55
110074,PIEDMONT ATHENS REGIONAL MEDICAL CENTER,1199 PRINCE AVENUE,(706) 475-7000,Acute Care Hospitals,Voluntary non-profit - Other,269,158
110074,PIEDMONT ATHENS REGIONAL MEDICAL CENTER,1199 PRINCE AVENUE,(706) 475-7000,Acute Care Hospitals,Voluntary non-profit - Other,393,34
110074,PIEDMONT ATHENS REGIONAL MEDICAL CENTER,1199 PRINCE AVENUE,(706) 475-7000,Acute Care Hospitals,Voluntary non-profit - Other,318,109
110074,PIEDMONT ATHENS REGIONAL MEDICAL CENTER,1199 PRINCE AVENUE,(706) 475-7000,Acute Care Hospitals,Voluntary non-profit - Other,313,114
110074,PIEDMONT ATHENS REGIONAL MEDICAL CENTER,1199 PRINCE AVENUE,(706) 475-7000,Acute Care Hospitals,Voluntary non-profit - Other,271,156
110074,PIEDMONT ATHENS REGIONAL MEDICAL CENTER,1199 PRINCE AVENUE,(706) 475-7000,Acute Care Hospitals,Voluntary non-profit - Other,367,60
110074,PIEDMONT ATHENS REGIONAL MEDICAL CENTER,1199 PRINCE AVENUE,(706) 475-7000,Acute Care Hospitals,Voluntary non-profit - Other,259,168
110074,PIEDMONT ATHENS REGIONAL MEDICAL CENTER,1199 PRINCE AVENUE,(706) 475-7000,Acute Care Hospitals,Voluntary non-profit - Other,370,57
110074,PIEDMONT ATHENS REGIONAL MEDICAL CENTER,1199 PRINCE AVENUE,(706) 475-7000,Acute Care Hospitals,Voluntary non-profit - Other,261,166
110074,PIEDMONT ATHENS REGIONAL MEDICAL CENTER,1199 PRINCE AVENUE,(706) 475-7000,Acute Care Hospitals,Voluntary non-profit - Other,276,151
110074,PIEDMONT ATHENS REGIONAL MEDICAL CENTER,1199 PRINCE AVENUE,(706) 475-7000,Acute Care Hospitals,Voluntary non-profit - Other,339,88
110074,PIEDMONT ATHENS REGIONAL MEDICAL CENTER,1199 PRINCE AVENUE,(706) 475-7000,Acute Care Hospitals,Voluntary non-profit - Other,327,100
110074,PIEDMONT ATHENS REGIONAL MEDICAL CENTER,1199 PRINCE AVENUE,(706) 475-7000,Acute Care Hospitals,Voluntary non-profit - Other,316,111
110074,PIEDMONT ATHENS REGIONAL MEDICAL CENTER,1199 PRINCE AVENUE,(706) 475-7000,Acute Care Hospitals,Voluntary non-profit - Other,372,55
110074,PIEDMONT ATHENS REGIONAL MEDICAL CENTER,1199 PRINCE AVENUE,(706) 475-7000,Acute Care Hospitals,Voluntary non-profit - Other,393,34
110074,PIEDMONT ATHENS REGIONAL MEDICAL CENTER,1199 PRINCE AVENUE,(706) 475-7000,Acute Care Hospitals,Voluntary non-profit - Other,266,161
110074,PIEDMONT ATHENS REGIONAL MEDICAL CENTER,1199 PRINCE AVENUE,(706) 475-7000,Acute Care Hospitals,Voluntary non-profit - Other,324,103
110074,PIEDMONT ATHENS REGIONAL MEDICAL CENTER,1199 PRINCE AVENUE,(706) 475-7000,Acute Care Hospitals,Voluntary non-profit - Other,316,111
110074,PIEDMONT ATHENS REGIONAL MEDICAL CENTER,1199 PRINCE AVENUE,(706) 475-7000,Acute Care Hospitals,Voluntary non-profit - Other,371,56
110074,PIEDMONT ATHENS REGIONAL MEDICAL CENTER,1199 PRINCE AVENUE,(706) 475-7000,Acute Care Hospitals,Voluntary non-profit - Other,274,153
110074,PIEDMONT ATHENS REGIONAL MEDICAL CENTER,1199 PRINCE AVENUE,(706) 475-7000,Acute Care Hospitals,Voluntary non-profit - Other,330,97
110074,PIEDMONT ATHENS REGIONAL MEDICAL CENTER,1199 PRINCE AVENUE,(706) 475-7000,Acute Care Hospitals,Voluntary non-profit - Other,307,120
110074,PIEDMONT ATHENS REGIONAL MEDICAL CENTER,1199 PRINCE AVENUE,(706) 475-7000,Acute Care Hospitals,Voluntary non-profit - Other,334,93
110074,PIEDMONT ATHENS REGIONAL MEDICAL CENTER,1199 PRINCE AVENUE,(706) 475-7000,Acute Care Hospitals,Voluntary non-profit - Other,370,57
110074,PIEDMONT ATHENS REGIONAL MEDICAL CENTER,1199 PRINCE AVENUE,(706) 475-7000,Acute Care Hospitals,Voluntary non-profit - Other,374,53
110074,PIEDMONT ATHENS REGIONAL MEDICAL CENTER,1199 PRINCE AVENUE,(706) 475-7000,Acute Care Hospitals,Voluntary non-profit - Other,268,159
110074,PIEDMONT ATHENS REGIONAL MEDICAL CENTER,1199 PRINCE AVENUE,(706) 475-7000,Acute Care Hospitals,Voluntary non-profit - Other,259,168
110074,PIEDMONT ATHENS REGIONAL MEDICAL CENTER,1199 PRINCE AVENUE,(706) 475-7000,Acute Care Hospitals,Voluntary non-profit - Other,390,37
110074,PIEDMONT ATHENS REGIONAL MEDICAL CENTER,1199 PRINCE AVENUE,(706) 475-7000,Acute Care Hospitals,Voluntary non-profit - Other,258,169
110074,PIEDMONT ATHENS REGIONAL MEDICAL CENTER,1199 PRINCE AVENUE,(706) 475-7000,Acute Care Hospitals,Voluntary non-profit - Other,405,22
110074,PIEDMONT ATHENS REGIONAL MEDICAL CENTER,1199 PRINCE AVENUE,(706) 475-7000,Acute Care Hospitals,Voluntary non-profit - Other,271,156
110074,PIEDMONT ATHENS REGIONAL MEDICAL CENTER,1199 PRINCE AVENUE,(706) 475-7000,Acute Care Hospitals,Voluntary non-profit - Other,256,171
110074,PIEDMONT ATHENS REGIONAL MEDICAL CENTER,1199 PRINCE AVENUE,(706) 475-7000,Acute Care Hospitals,Voluntary non-profit - Other,339,88
110074,PIEDMONT ATHENS REGIONAL MEDICAL CENTER,1199 PRINCE AVENUE,(706) 475-7000,Acute Care Hospitals,Voluntary non-profit - Other,321,106
110074,PIEDMONT ATHENS REGIONAL MEDICAL CENTER,1199 PRINCE AVENUE,(706) 475-7000,Acute Care Hospitals,Voluntary non-profit - Other,279,148
110074,PIEDMONT ATHENS REGIONAL MEDICAL CENTER,1199 PRINCE AVENUE,(706) 475-7000,Acute Care Hospitals,Voluntary non-profit - Other,382,45
110074,PIEDMONT ATHENS REGIONAL MEDICAL CENTER,1199 PRINCE AVENUE,(706) 475-7000,Acute Care Hospitals,Voluntary non-profit - Other,295,132
110074,PIEDMONT ATHENS REGIONAL MEDICAL CENTER,1199 PRINCE AVENUE,(706) 475-7000,Acute Care Hospitals,Voluntary non-profit - Other,282,145
110074,PIEDMONT ATHENS REGIONAL MEDICAL CENTER,1199 PRINCE AVENUE,(706) 475-7000,Acute Care Hospitals,Voluntary non-profit - Other,364,63
110074,PIEDMONT ATHENS REGIONAL MEDICAL CENTER,1199 PRINCE AVENUE,(706) 475-7000,Acute Care Hospitals,Voluntary non-profit - Other,264,163
110074,PIEDMONT ATHENS REGIONAL MEDICAL CENTER,1199 PRINCE AVENUE,(706) 475-7000,Acute Care Hospitals,Voluntary non-profit - Other,365,62
110074,PIEDMONT ATHENS REGIONAL MEDICAL CENTER,1199 PRINCE AVENUE,(706) 475-7000,Acute Care Hospitals,Voluntary non-profit - Other,277,150
110074,PIEDMONT ATHENS REGIONAL MEDICAL CENTER,1199 PRINCE AVENUE,(706) 475-7000,Acute Care Hospitals,Voluntary non-profit - Other,377,50
110074,PIEDMONT ATHENS REGIONAL MEDICAL CENTER,1199 PRINCE AVENUE,(706) 475-7000,Acute Care Hospitals,Voluntary non-profit - Other,278,149
110074,PIEDMONT ATHENS REGIONAL MEDICAL CENTER,1199 PRINCE AVENUE,(706) 475-7000,Acute Care Hospitals,Voluntary non-profit - Other,390,37
110074,PIEDMONT ATHENS REGIONAL MEDICAL CENTER,1199 PRINCE AVENUE,(706) 475-7000,Acute Care Hospitals,Voluntary non-profit - Other,288,139
110074,PIEDMONT ATHENS REGIONAL MEDICAL CENTER,1199 PRINCE AVENUE,(706) 475-7000,Acute Care Hospitals,Voluntary non-profit - Other,316,111
110074,PIEDMONT ATHENS REGIONAL MEDICAL CENTER,1199 PRINCE AVENUE,(706) 475-7000,Acute Care Hospitals,Voluntary non-profit - Other,264,163
110074,PIEDMONT ATHENS REGIONAL MEDICAL CENTER,1199 PRINCE AVENUE,(706) 475-7000,Acute Care Hospitals,Voluntary non-profit - Other,289,138
110074,PIEDMONT ATHENS REGIONAL MEDICAL CENTER,1199 PRINCE AVENUE,(706) 475-7000,Acute Care Hospitals,Voluntary non-profit - Other,304,123
110074,PIEDMONT ATHENS REGIONAL MEDICAL CENTER,1199 PRINCE AVENUE,(706) 475-7000,Acute Care Hospitals,Voluntary non-profit - Other,397,30
110074,PIEDMONT ATHENS REGIONAL MEDICAL CENTER,1199 PRINCE AVENUE,(706) 475-7000,Acute Care Hospitals,Voluntary non-profit - Other,369,58
110074,PIEDMONT ATHENS REGIONAL MEDICAL CENTER,1199 PRINCE AVENUE,(706) 475-7000,Acute Care Hospitals,Voluntary non-profit - Other,335,92
110074,PIEDMONT ATHENS REGIONAL MEDICAL CENTER,1199 PRINCE AVENUE,(706) 475-7000,Acute Care Hospitals,Voluntary non-profit - Other,287,140
110074,PIEDMONT ATHENS REGIONAL MEDICAL CENTER,1199 PRINCE AVENUE,(706) 475-7000,Acute Care Hospitals,Voluntary non-profit - Other,335,92
110074,PIEDMONT ATHENS REGIONAL MEDICAL CENTER,1199 PRINCE AVENUE,(706) 475-7000,Acute Care Hospitals,Voluntary non-profit - Other,388,39
110074,PIEDMONT ATHENS REGIONAL MEDICAL CENTER,1199 PRINCE AVENUE,(706) 475-7000,Acute Care Hospitals,Voluntary non-profit - Other,404,23
110074,PIEDMONT ATHENS REGIONAL MEDICAL CENTER,1199 PRINCE AVENUE,(706) 475-7000,Acute Care Hospitals,Voluntary non-profit - Other,358,69
110074,PIEDMONT ATHENS REGIONAL MEDICAL CENTER,1199 PRINCE AVENUE,(706) 475-7000,Acute Care Hospitals,Voluntary non-profit - Other,347,80
110074,PIEDMONT ATHENS REGIONAL MEDICAL CENTER,1199 PRINCE AVENUE,(706) 475-7000,Acute Care Hospitals,Voluntary non-profit - Other,345,82
110074,PIEDMONT ATHENS REGIONAL MEDICAL CENTER,1199 PRINCE AVENUE,(706) 475-7000,Acute Care Hospitals,Voluntary non-profit - Other,392,35
110074,PIEDMONT ATHENS REGIONAL MEDICAL CENTER,1199 PRINCE AVENUE,(706) 475-7000,Acute Care Hospitals,Voluntary non-profit - Other,340,87
110074,PIEDMONT ATHENS REGIONAL MEDICAL CENTER,1199 PRINCE AVENUE,(706) 475-7000,Acute Care Hospitals,Voluntary non-profit - Other,315,112
110074,PIEDMONT ATHENS REGIONAL MEDICAL CENTER,1199 PRINCE AVENUE,(706) 475-7000,Acute Care Hospitals,Voluntary non-profit - Other,374,53
110074,PIEDMONT ATHENS REGIONAL MEDICAL CENTER,1199 PRINCE AVENUE,(706) 475-7000,Acute Care Hospitals,Voluntary non-profit - Other,386,41
110074,PIEDMONT ATHENS REGIONAL MEDICAL CENTER,1199 PRINCE AVENUE,(706) 475-7000,Acute Care Hospitals,Voluntary non-profit - Other,338,89
110074,PIEDMONT ATHENS REGIONAL MEDICAL CENTER,1199 PRINCE AVENUE,(706) 475-7000,Acute Care Hospitals,Voluntary non-profit - Other,333,94
110074,PIEDMONT ATHENS REGIONAL MEDICAL CENTER,1199 PRINCE AVENUE,(706) 475-7000,Acute Care Hospitals,Voluntary non-profit - Other,287,140
110074,PIEDMONT ATHENS REGIONAL MEDICAL CENTER,1199 PRINCE AVENUE,(706) 475-7000,Acute Care Hospitals,Voluntary non-profit - Other,390,37
110074,PIEDMONT ATHENS REGIONAL MEDICAL CENTER,1199 PRINCE AVENUE,(706) 475-7000,Acute Care Hospitals,Voluntary non-profit - Other,269,158
110074,PIEDMONT ATHENS REGIONAL MEDICAL CENTER,1199 PRINCE AVENUE,(706) 475-7000,Acute Care Hospitals,Voluntary non-profit - Other,287,140
110074,PIEDMONT ATHENS REGIONAL MEDICAL CENTER,1199 PRINCE AVENUE,(706) 475-7000,Acute Care Hospitals,Voluntary non-profit - Other,366,61
110074,PIEDMONT ATHENS REGIONAL MEDICAL CENTER,1199 PRINCE AVENUE,(706) 475-7000,Acute Care Hospitals,Voluntary non-profit - Other,313,114
110074,PIEDMONT ATHENS REGIONAL MEDICAL CENTER,1199 PRINCE AVENUE,(706) 475-7000,Acute Care Hospitals,Voluntary non-profit - Other,277,150
110074,PIEDMONT ATHENS REGIONAL MEDICAL CENTER,1199 PRINCE AVENUE,(706) 475-7000,Acute Care Hospitals,Voluntary non-profit - Other,372,55
110074,PIEDMONT ATHENS REGIONAL MEDICAL CENTER,1199 PRINCE AVENUE,(706) 475-7000,Acute Care Hospitals,Voluntary non-profit - Other,331,96
110074,PIEDMONT ATHENS REGIONAL MEDICAL CENTER,1199 PRINCE AVENUE,(706) 475-7000,Acute Care Hospitals,Voluntary non-profit - Other,263,164
110074,PIEDMONT ATHENS REGIONAL MEDICAL CENTER,1199 PRINCE AVENUE,(706) 475-7000,Acute Care Hospitals,Voluntary non-profit - Other,327,100
110074,PIEDMONT ATHENS REGIONAL MEDICAL CENTER,1199 PRINCE AVENUE,(706) 475-7000,Acute Care Hospitals,Voluntary non-profit - Other,362,65
110074,PIEDMONT ATHENS REGIONAL MEDICAL CENTER,1199 PRINCE AVENUE,(706) 475-7000,Acute Care Hospitals,Voluntary non-profit - Other,371,56
110074,PIEDMONT ATHENS REGIONAL MEDICAL CENTER,1199 PRINCE AVENUE,(706) 475-7000,Acute Care Hospitals,Voluntary non-profit - Other,335,92
110074,PIEDMONT ATHENS REGIONAL MEDICAL CENTER,1199 PRINCE AVENUE,(706) 475-7000,Acute Care Hospitals,Voluntary non-profit - Other,283,144
110074,PIEDMONT ATHENS REGIONAL MEDICAL CENTER,1199 PRINCE AVENUE,(706) 475-7000,Acute Care Hospitals,Voluntary non-profit - Other,333,94
110074,PIEDMONT ATHENS REGIONAL MEDICAL CENTER,1199 PRINCE AVENUE,(706) 475-7000,Acute Care Hospitals,Voluntary non-profit - Other,297,130
110074,PIEDMONT ATHENS REGIONAL MEDICAL CENTER,1199 PRINCE AVENUE,(706) 475-7000,Acute Care Hospitals,Voluntary non-profit - Other,342,85
110074,PIEDMONT ATHENS REGIONAL MEDICAL CENTER,1199 PRINCE AVENUE,(706) 475-7000,Acute Care Hospitals,Voluntary non-profit - Other,375,52
110074,PIEDMONT ATHENS REGIONAL MEDICAL CENTER,1199 PRINCE AVENUE,(706) 475-7000,Acute Care Hospitals,Voluntary non-profit - Other,363,64
110074,PIEDMONT ATHENS REGIONAL MEDICAL CENTER,1199 PRINCE AVENUE,(706) 475-7000,Acute Care Hospitals,Voluntary non-profit - Other,389,38
110074,PIEDMONT ATHENS REGIONAL MEDICAL CENTER,1199 PRINCE AVENUE,(706) 475-7000,Acute Care Hospitals,Voluntary non-profit - Other,268,159
110074,PIEDMONT ATHENS REGIONAL MEDICAL CENTER,1199 PRINCE AVENUE,(706) 475-7000,Acute Care Hospitals,Voluntary non-profit - Other,361,66
110074,PIEDMONT ATHENS REGIONAL MEDICAL CENTER,1199 PRINCE AVENUE,(706) 475-7000,Acute Care Hospitals,Voluntary non-profit - Other,350,77
110074,PIEDMONT ATHENS REGIONAL MEDICAL CENTER,1199 PRINCE AVENUE,(706) 475-7000,Acute Care Hospitals,Voluntary non-profit - Other,310,117
110074,PIEDMONT ATHENS REGIONAL MEDICAL CENTER,1199 PRINCE AVENUE,(706) 475-7000,Acute Care Hospitals,Voluntary non-profit - Other,396,31
110074,PIEDMONT ATHENS REGIONAL MEDICAL CENTER,1199 PRINCE AVENUE,(706) 475-7000,Acute Care Hospitals,Voluntary non-profit - Other,357,70
110074,PIEDMONT ATHENS REGIONAL MEDICAL CENTER,1199 PRINCE AVENUE,(706) 475-7000,Acute Care Hospitals,Voluntary non-profit - Other,372,55
110074,PIEDMONT ATHENS REGIONAL MEDICAL CENTER,1199 PRINCE AVENUE,(706) 475-7000,Acute Care Hospitals,Voluntary non-profit - Other,347,80
110074,PIEDMONT ATHENS REGIONAL MEDICAL CENTER,1199 PRINCE AVENUE,(706) 475-7000,Acute Care Hospitals,Voluntary non-profit - Other,319,108
110074,PIEDMONT ATHENS REGIONAL MEDICAL CENTER,1199 PRINCE AVENUE,(706) 475-7000,Acute Care Hospitals,Voluntary non-profit - Other,339,88
110074,PIEDMONT ATHENS REGIONAL MEDICAL CENTER,1199 PRINCE AVENUE,(706) 475-7000,Acute Care Hospitals,Voluntary non-profit - Other,319,108
110074,PIEDMONT ATHENS REGIONAL MEDICAL CENTER,1199 PRINCE AVENUE,(706) 475-7000,Acute Care Hospitals,Voluntary non-profit - Other,300,127
110074,PIEDMONT ATHENS REGIONAL MEDICAL CENTER,1199 PRINCE AVENUE,(706) 475-7000,Acute Care Hospitals,Voluntary non-profit - Other,295,132
110074,PIEDMONT ATHENS REGIONAL MEDICAL CENTER,1199 PRINCE AVENUE,(706) 475-7000,Acute Care Hospitals,Voluntary non-profit - Other,340,87
110074,PIEDMONT ATHENS REGIONAL MEDICAL CENTER,1199 PRINCE AVENUE,(706) 475-7000,Acute Care Hospitals,Voluntary non-profit - Other,383,44
110074,PIEDMONT ATHENS REGIONAL MEDICAL CENTER,1199 PRINCE AVENUE,(706) 475-7000,Acute Care Hospitals,Voluntary non-profit - Other,261,166
110074,PIEDMONT ATHENS REGIONAL MEDICAL CENTER,1199 PRINCE AVENUE,(706) 475-7000,Acute Care Hospitals,Voluntary non-profit - Other,296,131
110074,PIEDMONT ATHENS REGIONAL MEDICAL CENTER,1199 PRINCE AVENUE,(706) 475-7000,Acute Care Hospitals,Voluntary non-profit - Other,258,169
110074,PIEDMONT ATHENS REGIONAL MEDICAL CENTER,1199 PRINCE AVENUE,(706) 475-7000,Acute Care Hospitals,Voluntary non-profit - Other,302,125
110074,PIEDMONT ATHENS REGIONAL MEDICAL CENTER,1199 PRINCE AVENUE,(706) 475-7000,Acute Care Hospitals,Voluntary non-profit - Other,276,151
110074,PIEDMONT ATHENS REGIONAL MEDICAL CENTER,1199 PRINCE AVENUE,(706) 475-7000,Acute Care Hospitals,Voluntary non-profit - Other,320,107
110074,PIEDMONT ATHENS REGIONAL MEDICAL CENTER,1199 PRINCE AVENUE,(706) 475-7000,Acute Care Hospitals,Voluntary non-profit - Other,286,141
110074,PIEDMONT ATHENS REGIONAL MEDICAL CENTER,1199 PRINCE AVENUE,(706) 475-7000,Acute Care Hospitals,Voluntary non-profit - Other,354,73
110074,PIEDMONT ATHENS REGIONAL MEDICAL CENTER,1199 PRINCE AVENUE,(706) 475-7000,Acute Care Hospitals,Voluntary non-profit - Other,379,48
110074,PIEDMONT ATHENS REGIONAL MEDICAL CENTER,1199 PRINCE AVENUE,(706) 475-7000,Acute Care Hospitals,Voluntary non-profit - Other,277,150
110074,PIEDMONT ATHENS REGIONAL MEDICAL CENTER,1199 PRINCE AVENUE,(706) 475-7000,Acute Care Hospitals,Voluntary non-profit - Other,302,125
110074,PIEDMONT ATHENS REGIONAL MEDICAL CENTER,1199 PRINCE AVENUE,(706) 475-7000,Acute Care Hospitals,Voluntary non-profit - Other,257,170
110074,PIEDMONT ATHENS REGIONAL MEDICAL CENTER,1199 PRINCE AVENUE,(706) 475-7000,Acute Care Hospitals,Voluntary non-profit - Other,317,110
110074,PIEDMONT ATHENS REGIONAL MEDICAL CENTER,1199 PRINCE AVENUE,(706) 475-7000,Acute Care Hospitals,Voluntary non-profit - Other,342,85
110074,PIEDMONT ATHENS REGIONAL MEDICAL CENTER,1199 PRINCE AVENUE,(706) 475-7000,Acute Care Hospitals,Voluntary non-profit - Other,346,81
110074,PIEDMONT ATHENS REGIONAL MEDICAL CENTER,1199 PRINCE AVENUE,(706) 475-7000,Acute Care Hospitals,Voluntary non-profit - Other,370,57
110074,PIEDMONT ATHENS REGIONAL MEDICAL CENTER,1199 PRINCE AVENUE,(706) 475-7000,Acute Care Hospitals,Voluntary non-profit - Other,356,71
110074,PIEDMONT ATHENS REGIONAL MEDICAL CENTER,1199 PRINCE AVENUE,(706) 475-7000,Acute Care Hospitals,Voluntary non-profit - Other,314,113
110074,PIEDMONT ATHENS REGIONAL MEDICAL CENTER,1199 PRINCE AVENUE,(706) 475-7000,Acute Care Hospitals,Voluntary non-profit - Other,354,73
110074,PIEDMONT ATHENS REGIONAL MEDICAL CENTER,1199 PRINCE AVENUE,(706) 475-7000,Acute Care Hospitals,Voluntary non-profit - Other,296,131
110074,PIEDMONT ATHENS REGIONAL MEDICAL CENTER,1199 PRINCE AVENUE,(706) 475-7000,Acute Care Hospitals,Voluntary non-profit - Other,356,71
110074,PIEDMONT ATHENS REGIONAL MEDICAL CENTER,1199 PRINCE AVENUE,(706) 475-7000,Acute Care Hospitals,Voluntary non-profit - Other,395,32
110074,PIEDMONT ATHENS REGIONAL MEDICAL CENTER,1199 PRINCE AVENUE,(706) 475-7000,Acute Care Hospitals,Voluntary non-profit - Other,355,72
110074,PIEDMONT ATHENS REGIONAL MEDICAL CENTER,1199 PRINCE AVENUE,(706) 475-7000,Acute Care Hospitals,Voluntary non-profit - Other,292,135
110074,PIEDMONT ATHENS REGIONAL MEDICAL CENTER,1199 PRINCE AVENUE,(706) 475-7000,Acute Care Hospitals,Voluntary non-profit - Other,335,92
110074,PIEDMONT ATHENS REGIONAL MEDICAL CENTER,1199 PRINCE AVENUE,(706) 475-7000,Acute Care Hospitals,Voluntary non-profit - Other,364,63
110074,PIEDMONT ATHENS REGIONAL MEDICAL CENTER,1199 PRINCE AVENUE,(706) 475-7000,Acute Care Hospitals,Voluntary non-profit - Other,373,54
110074,PIEDMONT ATHENS REGIONAL MEDICAL CENTER,1199 PRINCE AVENUE,(706) 475-7000,Acute Care Hospitals,Voluntary non-profit - Other,390,37
110074,PIEDMONT ATHENS REGIONAL MEDICAL CENTER,1199 PRINCE AVENUE,(706) 475-7000,Acute Care Hospitals,Voluntary non-profit - Other,373,54
110074,PIEDMONT ATHENS REGIONAL MEDICAL CENTER,1199 PRINCE AVENUE,(706) 475-7000,Acute Care Hospitals,Voluntary non-profit - Other,290,137
110074,PIEDMONT ATHENS REGIONAL MEDICAL CENTER,1199 PRINCE AVENUE,(706) 475-7000,Acute Care Hospitals,Voluntary non-profit - Other,352,75
110074,PIEDMONT ATHENS REGIONAL MEDICAL CENTER,1199 PRINCE AVENUE,(706) 475-7000,Acute Care Hospitals,Voluntary non-profit - Other,388,39
110074,PIEDMONT ATHENS REGIONAL MEDICAL CENTER,1199 PRINCE AVENUE,(706) 475-7000,Acute Care Hospitals,Voluntary non-profit - Other,372,55
110074,PIEDMONT ATHENS REGIONAL MEDICAL CENTER,1199 PRINCE AVENUE,(706) 475-7000,Acute Care Hospitals,Voluntary non-profit - Other,263,164
110074,PIEDMONT ATHENS REGIONAL MEDICAL CENTER,1199 PRINCE AVENUE,(706) 475-7000,Acute Care Hospitals,Voluntary non-profit - Other,326,101
110074,PIEDMONT ATHENS REGIONAL MEDICAL CENTER,1199 PRINCE AVENUE,(706) 475-7000,Acute Care Hospitals,Voluntary non-profit - Other,333,94
110074,PIEDMONT ATHENS REGIONAL MEDICAL CENTER,1199 PRINCE AVENUE,(706) 475-7000,Acute Care Hospitals,Voluntary non-profit - Other,379,48
110074,PIEDMONT ATHENS REGIONAL MEDICAL CENTER,1199 PRINCE AVENUE,(706) 475-7000,Acute Care Hospitals,Voluntary non-profit - Other,373,54
110074,PIEDMONT ATHENS REGIONAL MEDICAL CENTER,1199 PRINCE AVENUE,(706) 475-7000,Acute Care Hospitals,Voluntary non-profit - Other,311,116
110074,PIEDMONT ATHENS REGIONAL MEDICAL CENTER,1199 PRINCE AVENUE,(706) 475-7000,Acute Care Hospitals,Voluntary non-profit - Other,337,90
110074,PIEDMONT ATHENS REGIONAL MEDICAL CENTER,1199 PRINCE AVENUE,(706) 475-7000,Acute Care Hospitals,Voluntary non-profit - Other,290,137
110074,PIEDMONT ATHENS REGIONAL MEDICAL CENTER,1199 PRINCE AVENUE,(706) 475-7000,Acute Care Hospitals,Voluntary non-profit - Other,262,165
110074,PIEDMONT ATHENS REGIONAL MEDICAL CENTER,1199 PRINCE AVENUE,(706) 475-7000,Acute Care Hospitals,Voluntary non-profit - Other,319,108
110074,PIEDMONT ATHENS REGIONAL MEDICAL CENTER,1199 PRINCE AVENUE,(706) 475-7000,Acute Care Hospitals,Voluntary non-profit - Other,357,70
110074,PIEDMONT ATHENS REGIONAL MEDICAL CENTER,1199 PRINCE AVENUE,(706) 475-7000,Acute Care Hospitals,Voluntary non-profit - Other,335,92
110074,PIEDMONT ATHENS REGIONAL MEDICAL CENTER,1199 PRINCE AVENUE,(706) 475-7000,Acute Care Hospitals,Voluntary non-profit - Other,343,84
110074,PIEDMONT ATHENS REGIONAL MEDICAL CENTER,1199 PRINCE AVENUE,(706) 475-7000,Acute Care Hospitals,Voluntary non-profit - Other,280,147
110074,PIEDMONT ATHENS REGIONAL MEDICAL CENTER,1199 PRINCE AVENUE,(706) 475-7000,Acute Care Hospitals,Voluntary non-profit - Other,392,35
110074,PIEDMONT ATHENS REGIONAL MEDICAL CENTER,1199 PRINCE AVENUE,(706) 475-7000,Acute Care Hospitals,Voluntary non-profit - Other,363,64
110074,PIEDMONT ATHENS REGIONAL MEDICAL CENTER,1199 PRINCE AVENUE,(706) 475-7000,Acute Care Hospitals,Voluntary non-profit - Other,383,44
110074,PIEDMONT ATHENS REGIONAL MEDICAL CENTER,1199 PRINCE AVENUE,(706) 475-7000,Acute Care Hospitals,Voluntary non-profit - Other,382,45
110074,PIEDMONT ATHENS REGIONAL MEDICAL CENTER,1199 PRINCE AVENUE,(706) 475-7000,Acute Care Hospitals,Voluntary non-profit - Other,320,107
110074,PIEDMONT ATHENS REGIONAL MEDICAL CENTER,1199 PRINCE AVENUE,(706) 475-7000,Acute Care Hospitals,Voluntary non-profit - Other,376,51
110074,PIEDMONT ATHENS REGIONAL MEDICAL CENTER,1199 PRINCE AVENUE,(706) 475-7000,Acute Care Hospitals,Voluntary non-profit - Other,324,103
110074,PIEDMONT ATHENS REGIONAL MEDICAL CENTER,1199 PRINCE AVENUE,(706) 475-7000,Acute Care Hospitals,Voluntary non-profit - Other,334,93
110074,PIEDMONT ATHENS REGIONAL MEDICAL CENTER,1199 PRINCE AVENUE,(706) 475-7000,Acute Care Hospitals,Voluntary non-profit - Other,321,106
110074,PIEDMONT ATHENS REGIONAL MEDICAL CENTER,1199 PRINCE AVENUE,(706) 475-7000,Acute Care Hospitals,Voluntary non-profit - Other,277,150
110074,PIEDMONT ATHENS REGIONAL MEDICAL CENTER,1199 PRINCE AVENUE,(706) 475-7000,Acute Care Hospitals,Voluntary non-profit - Other,363,64
110074,PIEDMONT ATHENS REGIONAL MEDICAL CENTER,1199 PRINCE AVENUE,(706) 475-7000,Acute Care Hospitals,Voluntary non-profit - Other,284,143
110074,PIEDMONT ATHENS REGIONAL MEDICAL CENTER,1199 PRINCE AVENUE,(706) 475-7000,Acute Care Hospitals,Voluntary non-profit - Other,404,23
110074,PIEDMONT ATHENS REGIONAL MEDICAL CENTER,1199 PRINCE AVENUE,(706) 475-7000,Acute Care Hospitals,Voluntary non-profit - Other,404,23
110074,PIEDMONT ATHENS REGIONAL MEDICAL CENTER,1199 PRINCE AVENUE,(706) 475-7000,Acute Care Hospitals,Voluntary non-profit - Other,353,74
110074,PIEDMONT ATHENS REGIONAL MEDICAL CENTER,1199 PRINCE AVENUE,(706) 475-7000,Acute Care Hospitals,Voluntary non-profit - Other,311,116
110074,PIEDMONT ATHENS REGIONAL MEDICAL CENTER,1199 PRINCE AVENUE,(706) 475-7000,Acute Care Hospitals,Voluntary non-profit - Other,368,59
110074,PIEDMONT ATHENS REGIONAL MEDICAL CENTER,1199 PRINCE AVENUE,(706) 475-7000,Acute Care Hospitals,Voluntary non-profit - Other,286,141
110074,PIEDMONT ATHENS REGIONAL MEDICAL CENTER,1199 PRINCE AVENUE,(706) 475-7000,Acute Care Hospitals,Voluntary non-profit - Other,325,102
110074,PIEDMONT ATHENS REGIONAL MEDICAL CENTER,1199 PRINCE AVENUE,(706) 475-7000,Acute Care Hospitals,Voluntary non-profit - Other,404,23
110074,PIEDMONT ATHENS REGIONAL MEDICAL CENTER,1199 PRINCE AVENUE,(706) 475-7000,Acute Care Hospitals,Voluntary non-profit - Other,300,127
110074,PIEDMONT ATHENS REGIONAL MEDICAL CENTER,1199 PRINCE AVENUE,(706) 475-7000,Acute Care Hospitals,Voluntary non-profit - Other,301,126
110074,PIEDMONT ATHENS REGIONAL MEDICAL CENTER,1199 PRINCE AVENUE,(706) 475-7000,Acute Care Hospitals,Voluntary non-profit - Other,273,154
110074,PIEDMONT ATHENS REGIONAL MEDICAL CENTER,1199 PRINCE AVENUE,(706) 475-7000,Acute Care Hospitals,Voluntary non-profit - Other,384,43
110074,PIEDMONT ATHENS REGIONAL MEDICAL CENTER,1199 PRINCE AVENUE,(706) 475-7000,Acute Care Hospitals,Voluntary non-profit - Other,343,84
110074,PIEDMONT ATHENS REGIONAL MEDICAL CENTER,1199 PRINCE AVENUE,(706) 475-7000,Acute Care Hospitals,Voluntary non-profit - Other,355,72
110074,PIEDMONT ATHENS REGIONAL MEDICAL CENTER,1199 PRINCE AVENUE,(706) 475-7000,Acute Care Hospitals,Voluntary non-profit - Other,332,95
110074,PIEDMONT ATHENS REGIONAL MEDICAL CENTER,1199 PRINCE AVENUE,(706) 475-7000,Acute Care Hospitals,Voluntary non-profit - Other,340,87
110074,PIEDMONT ATHENS REGIONAL MEDICAL CENTER,1199 PRINCE AVENUE,(706) 475-7000,Acute Care Hospitals,Voluntary non-profit - Other,318,109
110074,PIEDMONT ATHENS REGIONAL MEDICAL CENTER,1199 PRINCE AVENUE,(706) 475-7000,Acute Care Hospitals,Voluntary non-profit - Other,384,43
110074,PIEDMONT ATHENS REGIONAL MEDICAL CENTER,1199 PRINCE AVENUE,(706) 475-7000,Acute Care Hospitals,Voluntary non-profit - Other,337,90
110074,PIEDMONT ATHENS REGIONAL MEDICAL CENTER,1199 PRINCE AVENUE,(706) 475-7000,Acute Care Hospitals,Voluntary non-profit - Other,363,64
110074,PIEDMONT ATHENS REGIONAL MEDICAL CENTER,1199 PRINCE AVENUE,(706) 475-7000,Acute Care Hospitals,Voluntary non-profit - Other,393,34
110074,PIEDMONT ATHENS REGIONAL MEDICAL CENTER,1199 PRINCE AVENUE,(706) 475-7000,Acute Care Hospitals,Voluntary non-profit - Other,356,71
110074,PIEDMONT ATHENS REGIONAL MEDICAL CENTER,1199 PRINCE AVENUE,(706) 475-7000,Acute Care Hospitals,Voluntary non-profit - Other,259,168
110074,PIEDMONT ATHENS REGIONAL MEDICAL CENTER,1199 PRINCE AVENUE,(706) 475-7000,Acute Care Hospitals,Voluntary non-profit - Other,400,27
110074,PIEDMONT ATHENS REGIONAL MEDICAL CENTER,1199 PRINCE AVENUE,(706) 475-7000,Acute Care Hospitals,Voluntary non-profit - Other,381,46
110074,PIEDMONT ATHENS REGIONAL MEDICAL CENTER,1199 PRINCE AVENUE,(706) 475-7000,Acute Care Hospitals,Voluntary non-profit - Other,277,150
110074,PIEDMONT ATHENS REGIONAL MEDICAL CENTER,1199 PRINCE AVENUE,(706) 475-7000,Acute Care Hospitals,Voluntary non-profit - Other,394,33
110074,PIEDMONT ATHENS REGIONAL MEDICAL CENTER,1199 PRINCE AVENUE,(706) 475-7000,Acute Care Hospitals,Voluntary non-profit - Other,331,96
110074,PIEDMONT ATHENS REGIONAL MEDICAL CENTER,1199 PRINCE AVENUE,(706) 475-7000,Acute Care Hospitals,Voluntary non-profit - Other,315,112
110074,PIEDMONT ATHENS REGIONAL MEDICAL CENTER,1199 PRINCE AVENUE,(706) 475-7000,Acute Care Hospitals,Voluntary non-profit - Other,337,90
110074,PIEDMONT ATHENS REGIONAL MEDICAL CENTER,1199 PRINCE AVENUE,(706) 475-7000,Acute Care Hospitals,Voluntary non-profit - Other,315,112
110074,PIEDMONT ATHENS REGIONAL MEDICAL CENTER,1199 PRINCE AVENUE,(706) 475-7000,Acute Care Hospitals,Voluntary non-profit - Other,365,62
110074,PIEDMONT ATHENS REGIONAL MEDICAL CENTER,1199 PRINCE AVENUE,(706) 475-7000,Acute Care Hospitals,Voluntary non-profit - Other,275,152
110074,PIEDMONT ATHENS REGIONAL MEDICAL CENTER,1199 PRINCE AVENUE,(706) 475-7000,Acute Care Hospitals,Voluntary non-profit - Other,301,126
110074,PIEDMONT ATHENS REGIONAL MEDICAL CENTER,1199 PRINCE AVENUE,(706) 475-7000,Acute Care Hospitals,Voluntary non-profit - Other,401,26
110074,PIEDMONT ATHENS REGIONAL MEDICAL CENTER,1199 PRINCE AVENUE,(706) 475-7000,Acute Care Hospitals,Voluntary non-profit - Other,282,145
110074,PIEDMONT ATHENS REGIONAL MEDICAL CENTER,1199 PRINCE AVENUE,(706) 475-7000,Acute Care Hospitals,Voluntary non-profit - Other,368,59
110074,PIEDMONT ATHENS REGIONAL MEDICAL CENTER,1199 PRINCE AVENUE,(706) 475-7000,Acute Care Hospitals,Voluntary non-profit - Other,365,62
110074,PIEDMONT ATHENS REGIONAL MEDICAL CENTER,1199 PRINCE AVENUE,(706) 475-7000,Acute Care Hospitals,Voluntary non-profit - Other,353,74
110074,PIEDMONT ATHENS REGIONAL MEDICAL CENTER,1199 PRINCE AVENUE,(706) 475-7000,Acute Care Hospitals,Voluntary non-profit - Other,384,43
110074,PIEDMONT ATHENS REGIONAL MEDICAL CENTER,1199 PRINCE AVENUE,(706) 475-7000,Acute Care Hospitals,Voluntary non-profit - Other,257,170
110074,PIEDMONT ATHENS REGIONAL MEDICAL CENTER,1199 PRINCE AVENUE,(706) 475-7000,Acute Care Hospitals,Voluntary non-profit - Other,261,166
110074,PIEDMONT ATHENS REGIONAL MEDICAL CENTER,1199 PRINCE AVENUE,(706) 475-7000,Acute Care Hospitals,Voluntary non-profit - Other,395,32
110074,PIEDMONT ATHENS REGIONAL MEDICAL CENTER,1199 PRINCE AVENUE,(706) 475-7000,Acute Care Hospitals,Voluntary non-profit - Other,333,94
110074,PIEDMONT ATHENS REGIONAL MEDICAL CENTER,1199 PRINCE AVENUE,(706) 475-7000,Acute Care Hospitals,Voluntary non-profit - Other,315,112
110074,PIEDMONT ATHENS REGIONAL MEDICAL CENTER,1199 PRINCE AVENUE,(706) 475-7000,Acute Care Hospitals,Voluntary non-profit - Other,341,86
110074,PIEDMONT ATHENS REGIONAL MEDICAL CENTER,1199 PRINCE AVENUE,(706) 475-7000,Acute Care Hospitals,Voluntary non-profit - Other,356,71
110074,PIEDMONT ATHENS REGIONAL MEDICAL CENTER,1199 PRINCE AVENUE,(706) 475-7000,Acute Care Hospitals,Voluntary non-profit - Other,339,88
110074,PIEDMONT ATHENS REGIONAL MEDICAL CENTER,1199 PRINCE AVENUE,(706) 475-7000,Acute Care Hospitals,Voluntary non-profit - Other,345,82
110074,PIEDMONT ATHENS REGIONAL MEDICAL CENTER,1199 PRINCE AVENUE,(706) 475-7000,Acute Care Hospitals,Voluntary non-profit - Other,377,50
110074,PIEDMONT ATHENS REGIONAL MEDICAL CENTER,1199 PRINCE AVENUE,(706) 475-7000,Acute Care Hospitals,Voluntary non-profit - Other,395,32
110074,PIEDMONT ATHENS REGIONAL MEDICAL CENTER,1199 PRINCE AVENUE,(706) 475-7000,Acute Care Hospitals,Voluntary non-profit - Other,321,106
110074,PIEDMONT ATHENS REGIONAL MEDICAL CENTER,1199 PRINCE AVENUE,(706) 475-7000,Acute Care Hospitals,Voluntary non-profit - Other,357,70
110074,PIEDMONT ATHENS REGIONAL MEDICAL CENTER,1199 PRINCE AVENUE,(706) 475-7000,Acute Care Hospitals,Voluntary non-profit - Other,276,151
110074,PIEDMONT ATHENS REGIONAL MEDICAL CENTER,1199 PRINCE AVENUE,(706) 475-7000,Acute Care Hospitals,Voluntary non-profit - Other,324,103
110074,PIEDMONT ATHENS REGIONAL MEDICAL CENTER,1199 PRINCE AVENUE,(706) 475-7000,Acute Care Hospitals,Voluntary non-profit - Other,390,37
110074,PIEDMONT ATHENS REGIONAL MEDICAL CENTER,1199 PRINCE AVENUE,(706) 475-7000,Acute Care Hospitals,Voluntary non-profit - Other,336,91
110074,PIEDMONT ATHENS REGIONAL MEDICAL CENTER,1199 PRINCE AVENUE,(706) 475-7000,Acute Care Hospitals,Voluntary non-profit - Other,369,58
110074,PIEDMONT ATHENS REGIONAL MEDICAL CENTER,1199 PRINCE AVENUE,(706) 475-7000,Acute Care Hospitals,Voluntary non-profit - Other,270,157
110074,PIEDMONT ATHENS REGIONAL MEDICAL CENTER,1199 PRINCE AVENUE,(706) 475-7000,Acute Care Hospitals,Voluntary non-profit - Other,262,165
110074,PIEDMONT ATHENS REGIONAL MEDICAL CENTER,1199 PRINCE AVENUE,(706) 475-7000,Acute Care Hospitals,Voluntary non-profit - Other,372,55
110074,PIEDMONT ATHENS REGIONAL MEDICAL CENTER,1199 PRINCE AVENUE,(706) 475-7000,Acute Care Hospitals,Voluntary non-profit - Other,292,135
110074,PIEDMONT ATHENS REGIONAL MEDICAL CENTER,1199 PRINCE AVENUE,(706) 475-7000,Acute Care Hospitals,Voluntary non-profit - Other,340,87
110074,PIEDMONT ATHENS REGIONAL MEDICAL CENTER,1199 PRINCE AVENUE,(706) 475-7000,Acute Care Hospitals,Voluntary non-profit - Other,331,96
110074,PIEDMONT ATHENS REGIONAL MEDICAL CENTER,1199 PRINCE AVENUE,(706) 475-7000,Acute Care Hospitals,Voluntary non-profit - Other,359,68
110074,PIEDMONT ATHENS REGIONAL MEDICAL CENTER,1199 PRINCE AVENUE,(706) 475-7000,Acute Care Hospitals,Voluntary non-profit - Other,333,94
110074,PIEDMONT ATHENS REGIONAL MEDICAL CENTER,1199 PRINCE AVENUE,(706) 475-7000,Acute Care Hospitals,Voluntary non-profit - Other,372,55
110074,PIEDMONT ATHENS REGIONAL MEDICAL CENTER,1199 PRINCE AVENUE,(706) 475-7000,Acute Care Hospitals,Voluntary non-profit - Other,324,103
110074,PIEDMONT ATHENS REGIONAL MEDICAL CENTER,1199 PRINCE AVENUE,(706) 475-7000,Acute Care Hospitals,Voluntary non-profit - Other,309,118
110074,PIEDMONT ATHENS REGIONAL MEDICAL CENTER,1199 PRINCE AVENUE,(706) 475-7000,Acute Care Hospitals,Voluntary non-profit - Other,330,97
110074,PIEDMONT ATHENS REGIONAL MEDICAL CENTER,1199 PRINCE AVENUE,(706) 475-7000,Acute Care Hospitals,Voluntary non-profit - Other,324,103
110074,PIEDMONT ATHENS REGIONAL MEDICAL CENTER,1199 PRINCE AVENUE,(706) 475-7000,Acute Care Hospitals,Voluntary non-profit - Other,263,164
110074,PIEDMONT ATHENS REGIONAL MEDICAL CENTER,1199 PRINCE AVENUE,(706) 475-7000,Acute Care Hospitals,Voluntary non-profit - Other,267,160
110074,PIEDMONT ATHENS REGIONAL MEDICAL CENTER,1199 PRINCE AVENUE,(706) 475-7000,Acute Care Hospitals,Voluntary non-profit - Other,345,82
110074,PIEDMONT ATHENS REGIONAL MEDICAL CENTER,1199 PRINCE AVENUE,(706) 475-7000,Acute Care Hospitals,Voluntary non-profit - Other,265,162
110074,PIEDMONT ATHENS REGIONAL MEDICAL CENTER,1199 PRINCE AVENUE,(706) 475-7000,Acute Care Hospitals,Voluntary non-profit - Other,360,67
110074,PIEDMONT ATHENS REGIONAL MEDICAL CENTER,1199 PRINCE AVENUE,(706) 475-7000,Acute Care Hospitals,Voluntary non-profit - Other,266,161
110074,PIEDMONT ATHENS REGIONAL MEDICAL CENTER,1199 PRINCE AVENUE,(706) 475-7000,Acute Care Hospitals,Voluntary non-profit - Other,339,88
110074,PIEDMONT ATHENS REGIONAL MEDICAL CENTER,1199 PRINCE AVENUE,(706) 475-7000,Acute Care Hospitals,Voluntary non-profit - Other,299,128
110074,PIEDMONT ATHENS REGIONAL MEDICAL CENTER,1199 PRINCE AVENUE,(706) 475-7000,Acute Care Hospitals,Voluntary non-profit - Other,355,72
110074,PIEDMONT ATHENS REGIONAL MEDICAL CENTER,1199 PRINCE AVENUE,(706) 475-7000,Acute Care Hospitals,Voluntary non-profit - Other,296,131
110074,PIEDMONT ATHENS REGIONAL MEDICAL CENTER,1199 PRINCE AVENUE,(706) 475-7000,Acute Care Hospitals,Voluntary non-profit - Other,288,139
110074,PIEDMONT ATHENS REGIONAL MEDICAL CENTER,1199 PRINCE AVENUE,(706) 475-7000,Acute Care Hospitals,Voluntary non-profit - Other,364,63
110074,PIEDMONT ATHENS REGIONAL MEDICAL CENTER,1199 PRINCE AVENUE,(706) 475-7000,Acute Care Hospitals,Voluntary non-profit - Other,340,87
110074,PIEDMONT ATHENS REGIONAL MEDICAL CENTER,1199 PRINCE AVENUE,(706) 475-7000,Acute Care Hospitals,Voluntary non-profit - Other,356,71
110074,PIEDMONT ATHENS REGIONAL MEDICAL CENTER,1199 PRINCE AVENUE,(706) 475-7000,Acute Care Hospitals,Voluntary non-profit - Other,374,53
110074,PIEDMONT ATHENS REGIONAL MEDICAL CENTER,1199 PRINCE AVENUE,(706) 475-7000,Acute Care Hospitals,Voluntary non-profit - Other,377,50
110074,PIEDMONT ATHENS REGIONAL MEDICAL CENTER,1199 PRINCE AVENUE,(706) 475-7000,Acute Care Hospitals,Voluntary non-profit - Other,259,168
110074,PIEDMONT ATHENS REGIONAL MEDICAL CENTER,1199 PRINCE AVENUE,(706) 475-7000,Acute Care Hospitals,Voluntary non-profit - Other,309,118
110074,PIEDMONT ATHENS REGIONAL MEDICAL CENTER,1199 PRINCE AVENUE,(706) 475-7000,Acute Care Hospitals,Voluntary non-profit - Other,328,99
110074,PIEDMONT ATHENS REGIONAL MEDICAL CENTER,1199 PRINCE AVENUE,(706) 475-7000,Acute Care Hospitals,Voluntary non-profit - Other,262,165
110074,PIEDMONT ATHENS REGIONAL MEDICAL CENTER,1199 PRINCE AVENUE,(706) 475-7000,Acute Care Hospitals,Voluntary non-profit - Other,314,113
110074,PIEDMONT ATHENS REGIONAL MEDICAL CENTER,1199 PRINCE AVENUE,(706) 475-7000,Acute Care Hospitals,Voluntary non-profit - Other,284,143
110074,PIEDMONT ATHENS REGIONAL MEDICAL CENTER,1199 PRINCE AVENUE,(706) 475-7000,Acute Care Hospitals,Voluntary non-profit - Other,332,95
110074,PIEDMONT ATHENS REGIONAL MEDICAL CENTER,1199 PRINCE AVENUE,(706) 475-7000,Acute Care Hospitals,Voluntary non-profit - Other,381,46
110074,PIEDMONT ATHENS REGIONAL MEDICAL CENTER,1199 PRINCE AVENUE,(706) 475-7000,Acute Care Hospitals,Voluntary non-profit - Other,374,53
110074,PIEDMONT ATHENS REGIONAL MEDICAL CENTER,1199 PRINCE AVENUE,(706) 475-7000,Acute Care Hospitals,Voluntary non-profit - Other,398,29
110074,PIEDMONT ATHENS REGIONAL MEDICAL CENTER,1199 PRINCE AVENUE,(706) 475-7000,Acute Care Hospitals,Voluntary non-profit - Other,378,49
110074,PIEDMONT ATHENS REGIONAL MEDICAL CENTER,1199 PRINCE AVENUE,(706) 475-7000,Acute Care Hospitals,Voluntary non-profit - Other,290,137
110074,PIEDMONT ATHENS REGIONAL MEDICAL CENTER,1199 PRINCE AVENUE,(706) 475-7000,Acute Care Hospitals,Voluntary non-profit - Other,286,141
110074,PIEDMONT ATHENS REGIONAL MEDICAL CENTER,1199 PRINCE AVENUE,(706) 475-7000,Acute Care Hospitals,Voluntary non-profit - Other,337,90
110074,PIEDMONT ATHENS REGIONAL MEDICAL CENTER,1199 PRINCE AVENUE,(706) 475-7000,Acute Care Hospitals,Voluntary non-profit - Other,268,159
110074,PIEDMONT ATHENS REGIONAL MEDICAL CENTER,1199 PRINCE AVENUE,(706) 475-7000,Acute Care Hospitals,Voluntary non-profit - Other,325,102
110074,PIEDMONT ATHENS REGIONAL MEDICAL CENTER,1199 PRINCE AVENUE,(706) 475-7000,Acute Care Hospitals,Voluntary non-profit - Other,319,108
110074,PIEDMONT ATHENS REGIONAL MEDICAL CENTER,1199 PRINCE AVENUE,(706) 475-7000,Acute Care Hospitals,Voluntary non-profit - Other,349,78
110074,PIEDMONT ATHENS REGIONAL MEDICAL CENTER,1199 PRINCE AVENUE,(706) 475-7000,Acute Care Hospitals,Voluntary non-profit - Other,335,92
110074,PIEDMONT ATHENS REGIONAL MEDICAL CENTER,1199 PRINCE AVENUE,(706) 475-7000,Acute Care Hospitals,Voluntary non-profit - Other,387,40
