Facility ID,Facility Name,Address,Telephone Number,Hospital Type,Hospital Ownership,Active Beds,Inactive Beds
110002,UPSON REGIONAL MEDICAL CENTER,801 W GORDON STREET,(706) 647-8111,Acute Care Hospitals,Voluntary non-profit - Other,350,54
110002,UPSON REGIONAL MEDICAL CENTER,801 W GORDON STREET,(706) 647-8111,Acute Care Hospitals,Voluntary non-profit - Other,302,102
110002,UPSON REGIONAL MEDICAL CENTER,801 W GORDON STREET,(706) 647-8111,Acute Care Hospitals,Voluntary non-profit - Other,352,52
110002,UPSON REGIONAL MEDICAL CENTER,801 W GORDON STREET,(706) 647-8111,Acute Care Hospitals,Voluntary non-profit - Other,275,129
110002,UPSON REGIONAL MEDICAL CENTER,801 W GORDON STREET,(706) 647-8111,Acute Care Hospitals,Voluntary non-profit - Other,373,31
110002,UPSON REGIONAL MEDICAL CENTER,801 W GORDON STREET,(706) 647-8111,Acute Care Hospitals,Voluntary non-profit - Other,305,99
110002,UPSON REGIONAL MEDICAL CENTER,801 W GORDON STREET,(706) 647-8111,Acute Care Hospitals,Voluntary non-profit - Other,253,151
110002,UPSON REGIONAL MEDICAL CENTER,801 W GORDON STREET,(706) 647-8111,Acute Care Hospitals,Voluntary non-profit - Other,366,38
110002,UPSON REGIONAL MEDICAL CENTER,801 W GORDON STREET,(706) 647-8111,Acute Care Hospitals,Voluntary non-profit - Other,244,160
110002,UPSON REGIONAL MEDICAL CENTER,801 W GORDON STREET,(706) 647-8111,Acute Care Hospitals,Voluntary non-profit - Other,349,55
110002,UPSON REGIONAL MEDICAL CENTER,801 W GORDON STREET,(706) 647-8111,Acute Care Hospitals,Voluntary non-profit - Other,380,24
110002,UPSON REGIONAL MEDICAL CENTER,801 W GORDON STREET,(706) 647-8111,Acute Care Hospitals,Voluntary non-profit - Other,287,117
110002,UPSON REGIONAL MEDICAL CENTER,801 W GORDON STREET,(706) 647-8111,Acute Care Hospitals,Voluntary non-profit - Other,245,159
110002,UPSON REGIONAL MEDICAL CENTER,801 W GORDON STREET,(706) 647-8111,Acute Care Hospitals,Voluntary non-profit - Other,275,129
110002,UPSON REGIONAL MEDICAL CENTER,801 W GORDON STREET,(706) 647-8111,Acute Care Hospitals,Voluntary non-profit - Other,363,41
110002,UPSON REGIONAL MEDICAL CENTER,801 W GORDON STREET,(706) 647-8111,Acute Care Hospitals,Voluntary non-profit - Other,317,87
110002,UPSON REGIONAL MEDICAL CENTER,801 W GORDON STREET,(706) 647-8111,Acute Care Hospitals,Voluntary non-profit - Other,290,114
110002,UPSON REGIONAL MEDICAL CENTER,801 W GORDON STREET,(706) 647-8111,Acute Care Hospitals,Voluntary non-profit - Other,382,22
110002,UPSON REGIONAL MEDICAL CENTER,801 W GORDON STREET,(706) 647-8111,Acute Care Hospitals,Voluntary non-profit - Other,258,146
110002,UPSON REGIONAL MEDICAL CENTER,801 W GORDON STREET,(706) 647-8111,Acute Care Hospitals,Voluntary non-profit - Other,359,45
110002,UPSON REGIONAL MEDICAL CENTER,801 W GORDON STREET,(706) 647-8111,Acute Care Hospitals,Voluntary non-profit - Other,260,144
110002,UPSON REGIONAL MEDICAL CENTER,801 W GORDON STREET,(706) 647-8111,Acute Care Hospitals,Voluntary non-profit - Other,309,95
110002,UPSON REGIONAL MEDICAL CENTER,801 W GORDON STREET,(706) 647-8111,Acute Care Hospitals,Voluntary non-profit - Other,372,32
110002,UPSON REGIONAL MEDICAL CENTER,801 W GORDON STREET,(706) 647-8111,Acute Care Hospitals,Voluntary non-profit - Other,304,100
110002,UPSON REGIONAL MEDICAL CENTER,801 W GORDON STREET,(706) 647-8111,Acute Care Hospitals,Voluntary non-profit - Other,311,93
110002,UPSON REGIONAL MEDICAL CENTER,801 W GORDON STREET,(706) 647-8111,Acute Care Hospitals,Voluntary non-profit - Other,298,106
110002,UPSON REGIONAL MEDICAL CENTER,801 W GORDON STREET,(706) 647-8111,Acute Care Hospitals,Voluntary non-profit - Other,361,43
110002,UPSON REGIONAL MEDICAL CENTER,801 W GORDON STREET,(706) 647-8111,Acute Care Hospitals,Voluntary non-profit - Other,300,104
110002,UPSON REGIONAL MEDICAL CENTER,801 W GORDON STREET,(706) 647-8111,Acute Care Hospitals,Voluntary non-profit - Other,294,110
110002,UPSON REGIONAL MEDICAL CENTER,801 W GORDON STREET,(706) 647-8111,Acute Care Hospitals,Voluntary non-profit - Other,357,47
110002,UPSON REGIONAL MEDICAL CENTER,801 W GORDON STREET,(706) 647-8111,Acute Care Hospitals,Voluntary non-profit - Other,304,100
110002,UPSON REGIONAL MEDICAL CENTER,801 W GORDON STREET,(706) 647-8111,Acute Care Hospitals,Voluntary non-profit - Other,277,127
110002,UPSON REGIONAL MEDICAL CENTER,801 W GORDON STREET,(706) 647-8111,Acute Care Hospitals,Voluntary non-profit - Other,349,55
110002,UPSON REGIONAL MEDICAL CENTER,801 W GORDON STREET,(706) 647-8111,Acute Care Hospitals,Voluntary non-profit - Other,302,102
110002,UPSON REGIONAL MEDICAL CENTER,801 W GORDON STREET,(706) 647-8111,Acute Care Hospitals,Voluntary non-profit - Other,370,34
110002,UPSON REGIONAL MEDICAL CENTER,801 W GORDON STREET,(706) 647-8111,Acute Care Hospitals,Voluntary non-profit - Other,286,118
110002,UPSON REGIONAL MEDICAL CENTER,801 W GORDON STREET,(706) 647-8111,Acute Care Hospitals,Voluntary non-profit - Other,254,150
110002,UPSON REGIONAL MEDICAL CENTER,801 W GORDON STREET,(706) 647-8111,Acute Care Hospitals,Voluntary non-profit - Other,367,37
110002,UPSON REGIONAL MEDICAL CENTER,801 W GORDON STREET,(706) 647-8111,Acute Care Hospitals,Voluntary non-profit - Other,256,148
110002,UPSON REGIONAL MEDICAL CENTER,801 W GORDON STREET,(706) 647-8111,Acute Care Hospitals,Voluntary non-profit - Other,261,143
110002,UPSON REGIONAL MEDICAL CENTER,801 W GORDON STREET,(706) 647-8111,Acute Care Hospitals,Voluntary non-profit - Other,263,141
110002,UPSON REGIONAL MEDICAL CENTER,801 W GORDON STREET,(706) 647-8111,Acute Care Hospitals,Voluntary non-profit - Other,282,122
110002,UPSON REGIONAL MEDICAL CENTER,801 W GORDON STREET,(706) 647-8111,Acute Care Hospitals,Voluntary non-profit - Other,329,75
110002,UPSON REGIONAL MEDICAL CENTER,801 W GORDON STREET,(706) 647-8111,Acute Care Hospitals,Voluntary non-profit - Other,338,66
110002,UPSON REGIONAL MEDICAL CENTER,801 W GORDON STREET,(706) 647-8111,Acute Care Hospitals,Voluntary non-profit - Other,364,40
110002,UPSON REGIONAL MEDICAL CENTER,801 W GORDON STREET,(706) 647-8111,Acute Care Hospitals,Voluntary non-profit - Other,365,39
110002,UPSON REGIONAL MEDICAL CENTER,801 W GORDON STREET,(706) 647-8111,Acute Care Hospitals,Voluntary non-profit - Other,323,81
110002,UPSON REGIONAL MEDICAL CENTER,801 W GORDON STREET,(706) 647-8111,Acute Care Hospitals,Voluntary non-profit - Other,282,122
110002,UPSON REGIONAL MEDICAL CENTER,801 W GORDON STREET,(706) 647-8111,Acute Care Hospitals,Voluntary non-profit - Other,379,25
110002,UPSON REGIONAL MEDICAL CENTER,801 W GORDON STREET,(706) 647-8111,Acute Care Hospitals,Voluntary non-profit - Other,370,34
110002,UPSON REGIONAL MEDICAL CENTER,801 W GORDON STREET,(706) 647-8111,Acute Care Hospitals,Voluntary non-profit - Other,324,80
110002,UPSON REGIONAL MEDICAL CENTER,801 W GORDON STREET,(706) 647-8111,Acute Care Hospitals,Voluntary non-profit - Other,369,35
110002,UPSON REGIONAL MEDICAL CENTER,801 W GORDON STREET,(706) 647-8111,Acute Care Hospitals,Voluntary non-profit - Other,374,30
110002,UPSON REGIONAL MEDICAL CENTER,801 W GORDON STREET,(706) 647-8111,Acute Care Hospitals,Voluntary non-profit - Other,250,154
110002,UPSON REGIONAL MEDICAL CENTER,801 W GORDON STREET,(706) 647-8111,Acute Care Hospitals,Voluntary non-profit - Other,353,51
110002,UPSON REGIONAL MEDICAL CENTER,801 W GORDON STREET,(706) 647-8111,Acute Care Hospitals,Voluntary non-profit - Other,245,159
110002,UPSON REGIONAL MEDICAL CENTER,801 W GORDON STREET,(706) 647-8111,Acute Care Hospitals,Voluntary non-profit - Other,316,88
110002,UPSON REGIONAL MEDICAL CENTER,801 W GORDON STREET,(706) 647-8111,Acute Care Hospitals,Voluntary non-profit - Other,276,128
110002,UPSON REGIONAL MEDICAL CENTER,801 W GORDON STREET,(706) 647-8111,Acute Care Hospitals,Voluntary non-profit - Other,363,41
110002,UPSON REGIONAL MEDICAL CENTER,801 W GORDON STREET,(706) 647-8111,Acute Care Hospitals,Voluntary non-profit - Other,357,47
110002,UPSON REGIONAL MEDICAL CENTER,801 W GORDON STREET,(706) 647-8111,Acute Care Hospitals,Voluntary non-profit - Other,329,75
110002,UPSON REGIONAL MEDICAL CENTER,801 W GORDON STREET,(706) 647-8111,Acute Care Hospitals,Voluntary non-profit - Other,331,73
110002,UPSON REGIONAL MEDICAL CENTER,801 W GORDON STREET,(706) 647-8111,Acute Care Hospitals,Voluntary non-profit - Other,268,136
110002,UPSON REGIONAL MEDICAL CENTER,801 W GORDON STREET,(706) 647-8111,Acute Care Hospitals,Voluntary non-profit - Other,301,103
110002,UPSON REGIONAL MEDICAL CENTER,801 W GORDON STREET,(706) 647-8111,Acute Care Hospitals,Voluntary non-profit - Other,364,40
110002,UPSON REGIONAL MEDICAL CENTER,801 W GORDON STREET,(706) 647-8111,Acute Care Hospitals,Voluntary non-profit - Other,347,57
110002,UPSON REGIONAL MEDICAL CENTER,801 W GORDON STREET,(706) 647-8111,Acute Care Hospitals,Voluntary non-profit - Other,361,43
110002,UPSON REGIONAL MEDICAL CENTER,801 W GORDON STREET,(706) 647-8111,Acute Care Hospitals,Voluntary non-profit - Other,324,80
110002,UPSON REGIONAL MEDICAL CENTER,801 W GORDON STREET,(706) 647-8111,Acute Care Hospitals,Voluntary non-profit - Other,340,64
110002,UPSON REGIONAL MEDICAL CENTER,801 W GORDON STREET,(706) 647-8111,Acute Care Hospitals,Voluntary non-profit - Other,252,152
110002,UPSON REGIONAL MEDICAL CENTER,801 W GORDON STREET,(706) 647-8111,Acute Care Hospitals,Voluntary non-profit - Other,316,88
110002,UPSON REGIONAL MEDICAL CENTER,801 W GORDON STREET,(706) 647-8111,Acute Care Hospitals,Voluntary non-profit - Other,336,68
110002,UPSON REGIONAL MEDICAL CENTER,801 W GORDON STREET,(706) 647-8111,Acute Care Hospitals,Voluntary non-profit - Other,340,64
110002,UPSON REGIONAL MEDICAL CENTER,801 W GORDON STREET,(706) 647-8111,Acute Care Hospitals,Voluntary non-profit - Other,341,63
110002,UPSON REGIONAL MEDICAL CENTER,801 W GORDON STREET,(706) 647-8111,Acute Care Hospitals,Voluntary non-profit - Other,375,29
110002,UPSON REGIONAL MEDICAL CENTER,801 W GORDON STREET,(706) 647-8111,Acute Care Hospitals,Voluntary non-profit - Other,278,126
110002,UPSON REGIONAL MEDICAL CENTER,801 W GORDON STREET,(706) 647-8111,Acute Care Hospitals,Voluntary non-profit - Other,360,44
110002,UPSON REGIONAL MEDICAL CENTER,801 W GORDON STREET,(706) 647-8111,Acute Care Hospitals,Voluntary non-profit - Other,301,103
110002,UPSON REGIONAL MEDICAL CENTER,801 W GORDON STREET,(706) 647-8111,Acute Care Hospitals,Voluntary non-profit - Other,356,48
110002,UPSON REGIONAL MEDICAL CENTER,801 W GORDON STREET,(706) 647-8111,Acute Care Hospitals,Voluntary non-profit - Other,367,37
110002,UPSON REGIONAL MEDICAL CENTER,801 W GORDON STREET,(706) 647-8111,Acute Care Hospitals,Voluntary non-profit - Other,287,117
110002,UPSON REGIONAL MEDICAL CENTER,801 W GORDON STREET,(706) 647-8111,Acute Care Hospitals,Voluntary non-profit - Other,254,150
110002,UPSON REGIONAL MEDICAL CENTER,801 W GORDON STREET,(706) 647-8111,Acute Care Hospitals,Voluntary non-profit - Other,254,150
110002,UPSON REGIONAL MEDICAL CENTER,801 W GORDON STREET,(706) 647-8111,Acute Care Hospitals,Voluntary non-profit - Other,338,66
110002,UPSON REGIONAL MEDICAL CENTER,801 W GORDON STREET,(706) 647-8111,Acute Care Hospitals,Voluntary non-profit - Other,271,133
110002,UPSON REGIONAL MEDICAL CENTER,801 W GORDON STREET,(706) 647-8111,Acute Care Hospitals,Voluntary non-profit - Other,277,127
110002,UPSON REGIONAL MEDICAL CENTER,801 W GORDON STREET,(706) 647-8111,Acute Care Hospitals,Voluntary non-profit - Other,348,56
110002,UPSON REGIONAL MEDICAL CENTER,801 W GORDON STREET,(706) 647-8111,Acute Care Hospitals,Voluntary non-profit - Other,350,54
110002,UPSON REGIONAL MEDICAL CENTER,801 W GORDON STREET,(706) 647-8111,Acute Care Hospitals,Voluntary non-profit - Other,278,126
110002,UPSON REGIONAL MEDICAL CENTER,801 W GORDON STREET,(706) 647-8111,Acute Care Hospitals,Voluntary non-profit - Other,319,85
110002,UPSON REGIONAL MEDICAL CENTER,801 W GORDON STREET,(706) 647-8111,Acute Care Hospitals,Voluntary non-profit - Other,315,89
110002,UPSON REGIONAL MEDICAL CENTER,801 W GORDON STREET,(706) 647-8111,Acute Care Hospitals,Voluntary non-profit - Other,283,121
110002,UPSON REGIONAL MEDICAL CENTER,801 W GORDON STREET,(706) 647-8111,Acute Care Hospitals,Voluntary non-profit - Other,369,35
110002,UPSON REGIONAL MEDICAL CENTER,801 W GORDON STREET,(706) 647-8111,Acute Care Hospitals,Voluntary non-profit - Other,279,125
110002,UPSON REGIONAL MEDICAL CENTER,801 W GORDON STREET,(706) 647-8111,Acute Care Hospitals,Voluntary non-profit - Other,263,141
110002,UPSON REGIONAL MEDICAL CENTER,801 W GORDON STREET,(706) 647-8111,Acute Care Hospitals,Voluntary non-profit - Other,339,65
110002,UPSON REGIONAL MEDICAL CENTER,801 W GORDON STREET,(706) 647-8111,Acute Care Hospitals,Voluntary non-profit - Other,325,79
110002,UPSON REGIONAL MEDICAL CENTER,801 W GORDON STREET,(706) 647-8111,Acute Care Hospitals,Voluntary non-profit - Other,375,29
110002,UPSON REGIONAL MEDICAL CENTER,801 W GORDON STREET,(706) 647-8111,Acute Care Hospitals,Voluntary non-profit - Other,372,32
110002,UPSON REGIONAL MEDICAL CENTER,801 W GORDON STREET,(706) 647-8111,Acute Care Hospitals,Voluntary non-profit - Other,360,44
110002,UPSON REGIONAL MEDICAL CENTER,801 W GORDON STREET,(706) 647-8111,Acute Care Hospitals,Voluntary non-profit - Other,321,83
110002,UPSON REGIONAL MEDICAL CENTER,801 W GORDON STREET,(706) 647-8111,Acute Care Hospitals,Voluntary non-profit - Other,330,74
110002,UPSON REGIONAL MEDICAL CENTER,801 W GORDON STREET,(706) 647-8111,Acute Care Hospitals,Voluntary non-profit - Other,253,151
110002,UPSON REGIONAL MEDICAL CENTER,801 W GORDON STREET,(706) 647-8111,Acute Care Hospitals,Voluntary non-profit - Other,383,21
110002,UPSON REGIONAL MEDICAL CENTER,801 W GORDON STREET,(706) 647-8111,Acute Care Hospitals,Voluntary non-profit - Other,383,21
110002,UPSON REGIONAL MEDICAL CENTER,801 W GORDON STREET,(706) 647-8111,Acute Care Hospitals,Voluntary non-profit - Other,357,47
110002,UPSON REGIONAL MEDICAL CENTER,801 W GORDON STREET,(706) 647-8111,Acute Care Hospitals,Voluntary non-profit - Other,306,98
110002,UPSON REGIONAL MEDICAL CENTER,801 W GORDON STREET,(706) 647-8111,Acute Care Hospitals,Voluntary non-profit - Other,303,101
110002,UPSON REGIONAL MEDICAL CENTER,801 W GORDON STREET,(706) 647-8111,Acute Care Hospitals,Voluntary non-profit - Other,251,153
110002,UPSON REGIONAL MEDICAL CENTER,801 W GORDON STREET,(706) 647-8111,Acute Care Hospitals,Voluntary non-profit - Other,274,130
110002,UPSON REGIONAL MEDICAL CENTER,801 W GORDON STREET,(706) 647-8111,Acute Care Hospitals,Voluntary non-profit - Other,265,139
110002,UPSON REGIONAL MEDICAL CENTER,801 W GORDON STREET,(706) 647-8111,Acute Care Hospitals,Voluntary non-profit - Other,274,130
110002,UPSON REGIONAL MEDICAL CENTER,801 W GORDON STREET,(706) 647-8111,Acute Care Hospitals,Voluntary non-profit - Other,255,149
110002,UPSON REGIONAL MEDICAL CENTER,801 W GORDON STREET,(706) 647-8111,Acute Care Hospitals,Voluntary non-profit - Other,275,129
110002,UPSON REGIONAL MEDICAL CENTER,801 W GORDON STREET,(706) 647-8111,Acute Care Hospitals,Voluntary non-profit - Other,337,67
110002,UPSON REGIONAL MEDICAL CENTER,801 W GORDON STREET,(706) 647-8111,Acute Care Hospitals,Voluntary non-profit - Other,376,28
110002,UPSON REGIONAL MEDICAL CENTER,801 W GORDON STREET,(706) 647-8111,Acute Care Hospitals,Voluntary non-profit - Other,362,42
110002,UPSON REGIONAL MEDICAL CENTER,801 W GORDON STREET,(706) 647-8111,Acute Care Hospitals,Voluntary non-profit - Other,380,24
110002,UPSON REGIONAL MEDICAL CENTER,801 W GORDON STREET,(706) 647-8111,Acute Care Hospitals,Voluntary non-profit - Other,307,97
110002,UPSON REGIONAL MEDICAL CENTER,801 W GORDON STREET,(706) 647-8111,Acute Care Hospitals,Voluntary non-profit - Other,347,57
110002,UPSON REGIONAL MEDICAL CENTER,801 W GORDON STREET,(706) 647-8111,Acute Care Hospitals,Voluntary non-profit - Other,377,27
110002,UPSON REGIONAL MEDICAL CENTER,801 W GORDON STREET,(706) 647-8111,Acute Care Hospitals,Voluntary non-profit - Other,338,66
110002,UPSON REGIONAL MEDICAL CENTER,801 W GORDON STREET,(706) 647-8111,Acute Care Hospitals,Voluntary non-profit - Other,269,135
110002,UPSON REGIONAL MEDICAL CENTER,801 W GORDON STREET,(706) 647-8111,Acute Care Hospitals,Voluntary non-profit - Other,259,145
110002,UPSON REGIONAL MEDICAL CENTER,801 W GORDON STREET,(706) 647-8111,Acute Care Hospitals,Voluntary non-profit - Other,343,61
110002,UPSON REGIONAL MEDICAL CENTER,801 W GORDON STREET,(706) 647-8111,Acute Care Hospitals,Voluntary non-profit - Other,289,115
110002,UPSON REGIONAL MEDICAL CENTER,801 W GORDON STREET,(706) 647-8111,Acute Care Hospitals,Voluntary non-profit - Other,265,139
110002,UPSON REGIONAL MEDICAL CENTER,801 W GORDON STREET,(706) 647-8111,Acute Care Hospitals,Voluntary non-profit - Other,305,99
110002,UPSON REGIONAL MEDICAL CENTER,801 W GORDON STREET,(706) 647-8111,Acute Care Hospitals,Voluntary non-profit - Other,272,132
110002,UPSON REGIONAL MEDICAL CENTER,801 W GORDON STREET,(706) 647-8111,Acute Care Hospitals,Voluntary non-profit - Other,323,81
110002,UPSON REGIONAL MEDICAL CENTER,801 W GORDON STREET,(706) 647-8111,Acute Care Hospitals,Voluntary non-profit - Other,359,45
110002,UPSON REGIONAL MEDICAL CENTER,801 W GORDON STREET,(706) 647-8111,Acute Care Hospitals,Voluntary non-profit - Other,368,36
110002,UPSON REGIONAL MEDICAL CENTER,801 W GORDON STREET,(706) 647-8111,Acute Care Hospitals,Voluntary non-profit - Other,363,41
110002,UPSON REGIONAL MEDICAL CENTER,801 W GORDON STREET,(706) 647-8111,Acute Care Hospitals,Voluntary non-profit - Other,349,55
110002,UPSON REGIONAL MEDICAL CENTER,801 W GORDON STREET,(706) 647-8111,Acute Care Hospitals,Voluntary non-profit - Other,347,57
110002,UPSON REGIONAL MEDICAL CENTER,801 W GORDON STREET,(706) 647-8111,Acute Care Hospitals,Voluntary non-profit - Other,293,111
110002,UPSON REGIONAL MEDICAL CENTER,801 W GORDON STREET,(706) 647-8111,Acute Care Hospitals,Voluntary non-profit - Other,271,133
110002,UPSON REGIONAL MEDICAL CENTER,801 W GORDON STREET,(706) 647-8111,Acute Care Hospitals,Voluntary non-profit - Other,263,141
110002,UPSON REGIONAL MEDICAL CENTER,801 W GORDON STREET,(706) 647-8111,Acute Care Hospitals,Voluntary non-profit - Other,318,86
110002,UPSON REGIONAL MEDICAL CENTER,801 W GORDON STREET,(706) 647-8111,Acute Care Hospitals,Voluntary non-profit - Other,328,76
110002,UPSON REGIONAL MEDICAL CENTER,801 W GORDON STREET,(706) 647-8111,Acute Care Hospitals,Voluntary non-profit - Other,363,41
110002,UPSON REGIONAL MEDICAL CENTER,801 W GORDON STREET,(706) 647-8111,Acute Care Hospitals,Voluntary non-profit - Other,310,94
110002,UPSON REGIONAL MEDICAL CENTER,801 W GORDON STREET,(706) 647-8111,Acute Care Hospitals,Voluntary non-profit - Other,282,122
110002,UPSON REGIONAL MEDICAL CENTER,801 W GORDON STREET,(706) 647-8111,Acute Care Hospitals,Voluntary non-profit - Other,332,72
110002,UPSON REGIONAL MEDICAL CENTER,801 W GORDON STREET,(706) 647-8111,Acute Care Hospitals,Voluntary non-profit - Other,291,113
110002,UPSON REGIONAL MEDICAL CENTER,801 W GORDON STREET,(706) 647-8111,Acute Care Hospitals,Voluntary non-profit - Other,242,162
110002,UPSON REGIONAL MEDICAL CENTER,801 W GORDON STREET,(706) 647-8111,Acute Care Hospitals,Voluntary non-profit - Other,261,143
110002,UPSON REGIONAL MEDICAL CENTER,801 W GORDON STREET,(706) 647-8111,Acute Care Hospitals,Voluntary non-profit - Other,245,159
110002,UPSON REGIONAL MEDICAL CENTER,801 W GORDON STREET,(706) 647-8111,Acute Care Hospitals,Voluntary non-profit - Other,382,22
110002,UPSON REGIONAL MEDICAL CENTER,801 W GORDON STREET,(706) 647-8111,Acute Care Hospitals,Voluntary non-profit - Other,329,75
110002,UPSON REGIONAL MEDICAL CENTER,801 W GORDON STREET,(706) 647-8111,Acute Care Hospitals,Voluntary non-profit - Other,292,112
110002,UPSON REGIONAL MEDICAL CENTER,801 W GORDON STREET,(706) 647-8111,Acute Care Hospitals,Voluntary non-profit - Other,373,31
110002,UPSON REGIONAL MEDICAL CENTER,801 W GORDON STREET,(706) 647-8111,Acute Care Hospitals,Voluntary non-profit - Other,340,64
110002,UPSON REGIONAL MEDICAL CENTER,801 W GORDON STREET,(706) 647-8111,Acute Care Hospitals,Voluntary non-profit - Other,246,158
110002,UPSON REGIONAL MEDICAL CENTER,801 W GORDON STREET,(706) 647-8111,Acute Care Hospitals,Voluntary non-profit - Other,349,55
110002,UPSON REGIONAL MEDICAL CENTER,801 W GORDON STREET,(706) 647-8111,Acute Care Hospitals,Voluntary non-profit - Other,329,75
110002,UPSON REGIONAL MEDICAL CENTER,801 W GORDON STREET,(706) 647-8111,Acute Care Hospitals,Voluntary non-profit - Other,310,94
110002,UPSON REGIONAL MEDICAL CENTER,801 W GORDON STREET,(706) 647-8111,Acute Care Hospitals,Voluntary non-profit - Other,255,149
110002,UPSON REGIONAL MEDICAL CENTER,801 W GORDON STREET,(706) 647-8111,Acute Care Hospitals,Voluntary non-profit - Other,260,144
110002,UPSON REGIONAL MEDICAL CENTER,801 W GORDON STREET,(706) 647-8111,Acute Care Hospitals,Voluntary non-profit - Other,328,76
110002,UPSON REGIONAL MEDICAL CENTER,801 W GORDON STREET,(706) 647-8111,Acute Care Hospitals,Voluntary non-profit - Other,269,135
110002,UPSON REGIONAL MEDICAL CENTER,801 W GORDON STREET,(706) 647-8111,Acute Care Hospitals,Voluntary non-profit - Other,297,107
110002,UPSON REGIONAL MEDICAL CENTER,801 W GORDON STREET,(706) 647-8111,Acute Care Hospitals,Voluntary non-profit - Other,324,80
110002,UPSON REGIONAL MEDICAL CENTER,801 W GORDON STREET,(706) 647-8111,Acute Care Hospitals,Voluntary non-profit - Other,288,116
110002,UPSON REGIONAL MEDICAL CENTER,801 W GORDON STREET,(706) 647-8111,Acute Care Hospitals,Voluntary non-profit - Other,282,122
110002,UPSON REGIONAL MEDICAL CENTER,801 W GORDON STREET,(706) 647-8111,Acute Care Hospitals,Voluntary non-profit - Other,359,45
110002,UPSON REGIONAL MEDICAL CENTER,801 W GORDON STREET,(706) 647-8111,Acute Care Hospitals,Voluntary non-profit - Other,369,35
110002,UPSON REGIONAL MEDICAL CENTER,801 W GORDON STREET,(706) 647-8111,Acute Care Hospitals,Voluntary non-profit - Other,340,64
110002,UPSON REGIONAL MEDICAL CENTER,801 W GORDON STREET,(706) 647-8111,Acute Care Hospitals,Voluntary non-profit - Other,269,135
110002,UPSON REGIONAL MEDICAL CENTER,801 W GORDON STREET,(706) 647-8111,Acute Care Hospitals,Voluntary non-profit - Other,257,147
110002,UPSON REGIONAL MEDICAL CENTER,801 W GORDON STREET,(706) 647-8111,Acute Care Hospitals,Voluntary non-profit - Other,337,67
110002,UPSON REGIONAL MEDICAL CENTER,801 W GORDON STREET,(706) 647-8111,Acute Care Hospitals,Voluntary non-profit - Other,355,49
110002,UPSON REGIONAL MEDICAL CENTER,801 W GORDON STREET,(706) 647-8111,Acute Care Hospitals,Voluntary non-profit - Other,347,57
110002,UPSON REGIONAL MEDICAL CENTER,801 W GORDON STREET,(706) 647-8111,Acute Care Hospitals,Voluntary non-profit - Other,355,49
110002,UPSON REGIONAL MEDICAL CENTER,801 W GORDON STREET,(706) 647-8111,Acute Care Hospitals,Voluntary non-profit - Other,305,99
110002,UPSON REGIONAL MEDICAL CENTER,801 W GORDON STREET,(706) 647-8111,Acute Care Hospitals,Voluntary non-profit - Other,379,25
110002,UPSON REGIONAL MEDICAL CENTER,801 W GORDON STREET,(706) 647-8111,Acute Care Hospitals,Voluntary non-profit - Other,263,141
110002,UPSON REGIONAL MEDICAL CENTER,801 W GORDON STREET,(706) 647-8111,Acute Care Hospitals,Voluntary non-profit - Other,323,81
110002,UPSON REGIONAL MEDICAL CENTER,801 W GORDON STREET,(706) 647-8111,Acute Care Hospitals,Voluntary non-profit - Other,349,55
110002,UPSON REGIONAL MEDICAL CENTER,801 W GORDON STREET,(706) 647-8111,Acute Care Hospitals,Voluntary non-profit - Other,365,39
110002,UPSON REGIONAL MEDICAL CENTER,801 W GORDON STREET,(706) 647-8111,Acute Care Hospitals,Voluntary non-profit - Other,276,128
110002,UPSON REGIONAL MEDICAL CENTER,801 W GORDON STREET,(706) 647-8111,Acute Care Hospitals,Voluntary non-profit - Other,289,115
110002,UPSON REGIONAL MEDICAL CENTER,801 W GORDON STREET,(706) 647-8111,Acute Care Hospitals,Voluntary non-profit - Other,358,46
110002,UPSON REGIONAL MEDICAL CENTER,801 W GORDON STREET,(706) 647-8111,Acute Care Hospitals,Voluntary non-profit - Other,243,161
110002,UPSON REGIONAL MEDICAL CENTER,801 W GORDON STREET,(706) 647-8111,Acute Care Hospitals,Voluntary non-profit - Other,377,27
110002,UPSON REGIONAL MEDICAL CENTER,801 W GORDON STREET,(706) 647-8111,Acute Care Hospitals,Voluntary non-profit - Other,364,40
110002,UPSON REGIONAL MEDICAL CENTER,801 W GORDON STREET,(706) 647-8111,Acute Care Hospitals,Voluntary non-profit - Other,356,48
110002,UPSON REGIONAL MEDICAL CENTER,801 W GORDON STREET,(706) 647-8111,Acute Care Hospitals,Voluntary non-profit - Other,306,98
110002,UPSON REGIONAL MEDICAL CENTER,801 W GORDON STREET,(706) 647-8111,Acute Care Hospitals,Voluntary non-profit - Other,376,28
110002,UPSON REGIONAL MEDICAL CENTER,801 W GORDON STREET,(706) 647-8111,Acute Care Hospitals,Voluntary non-profit - Other,330,74
110002,UPSON REGIONAL MEDICAL CENTER,801 W GORDON STREET,(706) 647-8111,Acute Care Hospitals,Voluntary non-profit - Other,263,141
110002,UPSON REGIONAL MEDICAL CENTER,801 W GORDON STREET,(706) 647-8111,Acute Care Hospitals,Voluntary non-profit - Other,313,91
110002,UPSON REGIONAL MEDICAL CENTER,801 W GORDON STREET,(706) 647-8111,Acute Care Hospitals,Voluntary non-profit - Other,273,131
110002,UPSON REGIONAL MEDICAL CENTER,801 W GORDON STREET,(706) 647-8111,Acute Care Hospitals,Voluntary non-profit - Other,337,67
110002,UPSON REGIONAL MEDICAL CENTER,801 W GORDON STREET,(706) 647-8111,Acute Care Hospitals,Voluntary non-profit - Other,294,110
110002,UPSON REGIONAL MEDICAL CENTER,801 W GORDON STREET,(706) 647-8111,Acute Care Hospitals,Voluntary non-profit - Other,324,80
110002,UPSON REGIONAL MEDICAL CENTER,801 W GORDON STREET,(706) 647-8111,Acute Care Hospitals,Voluntary non-profit - Other,253,151
110002,UPSON REGIONAL MEDICAL CENTER,801 W GORDON STREET,(706) 647-8111,Acute Care Hospitals,Voluntary non-profit - Other,323,81
110002,UPSON REGIONAL MEDICAL CENTER,801 W GORDON STREET,(706) 647-8111,Acute Care Hospitals,Voluntary non-profit - Other,253,151
110002,UPSON REGIONAL MEDICAL CENTER,801 W GORDON STREET,(706) 647-8111,Acute Care Hospitals,Voluntary non-profit - Other,362,42
110002,UPSON REGIONAL MEDICAL CENTER,801 W GORDON STREET,(706) 647-8111,Acute Care Hospitals,Voluntary non-profit - Other,368,36
110002,UPSON REGIONAL MEDICAL CENTER,801 W GORDON STREET,(706) 647-8111,Acute Care Hospitals,Voluntary non-profit - Other,382,22
110002,UPSON REGIONAL MEDICAL CENTER,801 W GORDON STREET,(706) 647-8111,Acute Care Hospitals,Voluntary non-profit - Other,273,131
110002,UPSON REGIONAL MEDICAL CENTER,801 W GORDON STREET,(706) 647-8111,Acute Care Hospitals,Voluntary non-profit - Other,356,48
110002,UPSON REGIONAL MEDICAL CENTER,801 W GORDON STREET,(706) 647-8111,Acute Care Hospitals,Voluntary non-profit - Other,253,151
110002,UPSON REGIONAL MEDICAL CENTER,801 W GORDON STREET,(706) 647-8111,Acute Care Hospitals,Voluntary non-profit - Other,355,49
110002,UPSON REGIONAL MEDICAL CENTER,801 W GORDON STREET,(706) 647-8111,Acute Care Hospitals,Voluntary non-profit - Other,297,107
110002,UPSON REGIONAL MEDICAL CENTER,801 W GORDON STREET,(706) 647-8111,Acute Care Hospitals,Voluntary non-profit - Other,297,107
110002,UPSON REGIONAL MEDICAL CENTER,801 W GORDON STREET,(706) 647-8111,Acute Care Hospitals,Voluntary non-profit - Other,280,124
110002,UPSON REGIONAL MEDICAL CENTER,801 W GORDON STREET,(706) 647-8111,Acute Care Hospitals,Voluntary non-profit - Other,275,129
110002,UPSON REGIONAL MEDICAL CENTER,801 W GORDON STREET,(706) 647-8111,Acute Care Hospitals,Voluntary non-profit - Other,290,114
110002,UPSON REGIONAL MEDICAL CENTER,801 W GORDON STREET,(706) 647-8111,Acute Care Hospitals,Voluntary non-profit - Other,247,157
110002,UPSON REGIONAL MEDICAL CENTER,801 W GORDON STREET,(706) 647-8111,Acute Care Hospitals,Voluntary non-profit - Other,335,69
110002,UPSON REGIONAL MEDICAL CENTER,801 W GORDON STREET,(706) 647-8111,Acute Care Hospitals,Voluntary non-profit - Other,379,25
110002,UPSON REGIONAL MEDICAL CENTER,801 W GORDON STREET,(706) 647-8111,Acute Care Hospitals,Voluntary non-profit - Other,305,99
110002,UPSON REGIONAL MEDICAL CENTER,801 W GORDON STREET,(706) 647-8111,Acute Care Hospitals,Voluntary non-profit - Other,362,42
110002,UPSON REGIONAL MEDICAL CENTER,801 W GORDON STREET,(706) 647-8111,Acute Care Hospitals,Voluntary non-profit - Other,339,65
110002,UPSON REGIONAL MEDICAL CENTER,801 W GORDON STREET,(706) 647-8111,Acute Care Hospitals,Voluntary non-profit - Other,328,76
110002,UPSON REGIONAL MEDICAL CENTER,801 W GORDON STREET,(706) 647-8111,Acute Care Hospitals,Voluntary non-profit - Other,243,161
110002,UPSON REGIONAL MEDICAL CENTER,801 W GORDON STREET,(706) 647-8111,Acute Care Hospitals,Voluntary non-profit - Other,340,64
110002,UPSON REGIONAL MEDICAL CENTER,801 W GORDON STREET,(706) 647-8111,Acute Care Hospitals,Voluntary non-profit - Other,350,54
110002,UPSON REGIONAL MEDICAL CENTER,801 W GORDON STREET,(706) 647-8111,Acute Care Hospitals,Voluntary non-profit - Other,331,73
110002,UPSON REGIONAL MEDICAL CENTER,801 W GORDON STREET,(706) 647-8111,Acute Care Hospitals,Voluntary non-profit - Other,330,74
110002,UPSON REGIONAL MEDICAL CENTER,801 W GORDON STREET,(706) 647-8111,Acute Care Hospitals,Voluntary non-profit - Other,307,97
110002,UPSON REGIONAL MEDICAL CENTER,801 W GORDON STREET,(706) 647-8111,Acute Care Hospitals,Voluntary non-profit - Other,277,127
110002,UPSON REGIONAL MEDICAL CENTER,801 W GORDON STREET,(706) 647-8111,Acute Care Hospitals,Voluntary non-profit - Other,336,68
110002,UPSON REGIONAL MEDICAL CENTER,801 W GORDON STREET,(706) 647-8111,Acute Care Hospitals,Voluntary non-profit - Other,250,154
110002,UPSON REGIONAL MEDICAL CENTER,801 W GORDON STREET,(706) 647-8111,Acute Care Hospitals,Voluntary non-profit - Other,305,99
110002,UPSON REGIONAL MEDICAL CENTER,801 W GORDON STREET,(706) 647-8111,Acute Care Hospitals,Voluntary non-profit - Other,351,53
110002,UPSON REGIONAL MEDICAL CENTER,801 W GORDON STREET,(706) 647-8111,Acute Care Hospitals,Voluntary non-profit - Other,343,61
110002,UPSON REGIONAL MEDICAL CENTER,801 W GORDON STREET,(706) 647-8111,Acute Care Hospitals,Voluntary non-profit - Other,353,51
110002,UPSON REGIONAL MEDICAL CENTER,801 W GORDON STREET,(706) 647-8111,Acute Care Hospitals,Voluntary non-profit - Other,285,119
110002,UPSON REGIONAL MEDICAL CENTER,801 W GORDON STREET,(706) 647-8111,Acute Care Hospitals,Voluntary non-profit - Other,369,35
110002,UPSON REGIONAL MEDICAL CENTER,801 W GORDON STREET,(706) 647-8111,Acute Care Hospitals,Voluntary non-profit - Other,321,83
110002,UPSON REGIONAL MEDICAL CENTER,801 W GORDON STREET,(706) 647-8111,Acute Care Hospitals,Voluntary non-profit - Other,359,45
110002,UPSON REGIONAL MEDICAL CENTER,801 W GORDON STREET,(706) 647-8111,Acute Care Hospitals,Voluntary non-profit - Other,303,101
110002,UPSON REGIONAL MEDICAL CENTER,801 W GORDON STREET,(706) 647-8111,Acute Care Hospitals,Voluntary non-profit - Other,347,57
110002,UPSON REGIONAL MEDICAL CENTER,801 W GORDON STREET,(706) 647-8111,Acute Care Hospitals,Voluntary non-profit - Other,288,116
110002,UPSON REGIONAL MEDICAL CENTER,801 W GORDON STREET,(706) 647-8111,Acute Care Hospitals,Voluntary non-profit - Other,279,125
110002,UPSON REGIONAL MEDICAL CENTER,801 W GORDON STREET,(706) 647-8111,Acute Care Hospitals,Voluntary non-profit - Other,259,145
110002,UPSON REGIONAL MEDICAL CENTER,801 W GORDON STREET,(706) 647-8111,Acute Care Hospitals,Voluntary non-profit - Other,301,103
110002,UPSON REGIONAL MEDICAL CENTER,801 W GORDON STREET,(706) 647-8111,Acute Care Hospitals,Voluntary non-profit - Other,376,28
110002,UPSON REGIONAL MEDICAL CENTER,801 W GORDON STREET,(706) 647-8111,Acute Care Hospitals,Voluntary non-profit - Other,271,133
110002,UPSON REGIONAL MEDICAL CENTER,801 W GORDON STREET,(706) 647-8111,Acute Care Hospitals,Voluntary non-profit - Other,339,65
110002,UPSON REGIONAL MEDICAL CENTER,801 W GORDON STREET,(706) 647-8111,Acute Care Hospitals,Voluntary non-profit - Other,381,23
110002,UPSON REGIONAL MEDICAL CENTER,801 W GORDON STREET,(706) 647-8111,Acute Care Hospitals,Voluntary non-profit - Other,300,104
110002,UPSON REGIONAL MEDICAL CENTER,801 W GORDON STREET,(706) 647-8111,Acute Care Hospitals,Voluntary non-profit - Other,259,145
110002,UPSON REGIONAL MEDICAL CENTER,801 W GORDON STREET,(706) 647-8111,Acute Care Hospitals,Voluntary non-profit - Other,352,52
110002,UPSON REGIONAL MEDICAL CENTER,801 W GORDON STREET,(706) 647-8111,Acute Care Hospitals,Voluntary non-profit - Other,376,28
110002,UPSON REGIONAL MEDICAL CENTER,801 W GORDON STREET,(706) 647-8111,Acute Care Hospitals,Voluntary non-profit - Other,259,145
110002,UPSON REGIONAL MEDICAL CENTER,801 W GORDON STREET,(706) 647-8111,Acute Care Hospitals,Voluntary non-profit - Other,253,151
110002,UPSON REGIONAL MEDICAL CENTER,801 W GORDON STREET,(706) 647-8111,Acute Care Hospitals,Voluntary non-profit - Other,288,116
110002,UPSON REGIONAL MEDICAL CENTER,801 W GORDON STREET,(706) 647-8111,Acute Care Hospitals,Voluntary non-profit - Other,275,129
110002,UPSON REGIONAL MEDICAL CENTER,801 W GORDON STREET,(706) 647-8111,Acute Care Hospitals,Voluntary non-profit - Other,369,35
110002,UPSON REGIONAL MEDICAL CENTER,801 W GORDON STREET,(706) 647-8111,Acute Care Hospitals,Voluntary non-profit - Other,317,87
110002,UPSON REGIONAL MEDICAL CENTER,801 W GORDON STREET,(706) 647-8111,Acute Care Hospitals,Voluntary non-profit - Other,242,162
110002,UPSON REGIONAL MEDICAL CENTER,801 W GORDON STREET,(706) 647-8111,Acute Care Hospitals,Voluntary non-profit - Other,354,50
110002,UPSON REGIONAL MEDICAL CENTER,801 W GORDON STREET,(706) 647-8111,Acute Care Hospitals,Voluntary non-profit - Other,271,133
110002,UPSON REGIONAL MEDICAL CENTER,801 W GORDON STREET,(706) 647-8111,Acute Care Hospitals,Voluntary non-profit - Other,305,99
110002,UPSON REGIONAL MEDICAL CENTER,801 W GORDON STREET,(706) 647-8111,Acute Care Hospitals,Voluntary non-profit - Other,244,160
110002,UPSON REGIONAL MEDICAL CENTER,801 W GORDON STREET,(706) 647-8111,Acute Care Hospitals,Voluntary non-profit - Other,340,64
110002,UPSON REGIONAL MEDICAL CENTER,801 W GORDON STREET,(706) 647-8111,Acute Care Hospitals,Voluntary non-profit - Other,353,51
110002,UPSON REGIONAL MEDICAL CENTER,801 W GORDON STREET,(706) 647-8111,Acute Care Hospitals,Voluntary non-profit - Other,273,131
110002,UPSON REGIONAL MEDICAL CENTER,801 W GORDON STREET,(706) 647-8111,Acute Care Hospitals,Voluntary non-profit - Other,309,95
110002,UPSON REGIONAL MEDICAL CENTER,801 W GORDON STREET,(706) 647-8111,Acute Care Hospitals,Voluntary non-profit - Other,275,129
110002,UPSON REGIONAL MEDICAL CENTER,801 W GORDON STREET,(706) 647-8111,Acute Care Hospitals,Voluntary non-profit - Other,358,46
110002,UPSON REGIONAL MEDICAL CENTER,801 W GORDON STREET,(706) 647-8111,Acute Care Hospitals,Voluntary non-profit - Other,273,131
110002,UPSON REGIONAL MEDICAL CENTER,801 W GORDON STREET,(706) 647-8111,Acute Care Hospitals,Voluntary non-profit - Other,281,123
110002,UPSON REGIONAL MEDICAL CENTER,801 W GORDON STREET,(706) 647-8111,Acute Care Hospitals,Voluntary non-profit - Other,352,52
110002,UPSON REGIONAL MEDICAL CENTER,801 W GORDON STREET,(706) 647-8111,Acute Care Hospitals,Voluntary non-profit - Other,287,117
110002,UPSON REGIONAL MEDICAL CENTER,801 W GORDON STREET,(706) 647-8111,Acute Care Hospitals,Voluntary non-profit - Other,287,117
110002,UPSON REGIONAL MEDICAL CENTER,801 W GORDON STREET,(706) 647-8111,Acute Care Hospitals,Voluntary non-profit - Other,251,153
110002,UPSON REGIONAL MEDICAL CENTER,801 W GORDON STREET,(706) 647-8111,Acute Care Hospitals,Voluntary non-profit - Other,290,114
110002,UPSON REGIONAL MEDICAL CENTER,801 W GORDON STREET,(706) 647-8111,Acute Care Hospitals,Voluntary non-profit - Other,360,44
110002,UPSON REGIONAL MEDICAL CENTER,801 W GORDON STREET,(706) 647-8111,Acute Care Hospitals,Voluntary non-profit - Other,290,114
110002,UPSON REGIONAL MEDICAL CENTER,801 W GORDON STREET,(706) 647-8111,Acute Care Hospitals,Voluntary non-profit - Other,261,143
110002,UPSON REGIONAL MEDICAL CENTER,801 W GORDON STREET,(706) 647-8111,Acute Care Hospitals,Voluntary non-profit - Other,246,158
110002,UPSON REGIONAL MEDICAL CENTER,801 W GORDON STREET,(706) 647-8111,Acute Care Hospitals,Voluntary non-profit - Other,360,44
110002,UPSON REGIONAL MEDICAL CENTER,801 W GORDON STREET,(706) 647-8111,Acute Care Hospitals,Voluntary non-profit - Other,265,139
110002,UPSON REGIONAL MEDICAL CENTER,801 W GORDON STREET,(706) 647-8111,Acute Care Hospitals,Voluntary non-profit - Other,342,62
110002,UPSON REGIONAL MEDICAL CENTER,801 W GORDON STREET,(706) 647-8111,Acute Care Hospitals,Voluntary non-profit - Other,332,72
110002,UPSON REGIONAL MEDICAL CENTER,801 W GORDON STREET,(706) 647-8111,Acute Care Hospitals,Voluntary non-profit - Other,249,155
110002,UPSON REGIONAL MEDICAL CENTER,801 W GORDON STREET,(706) 647-8111,Acute Care Hospitals,Voluntary non-profit - Other,339,65
110002,UPSON REGIONAL MEDICAL CENTER,801 W GORDON STREET,(706) 647-8111,Acute Care Hospitals,Voluntary non-profit - Other,349,55
110002,UPSON REGIONAL MEDICAL CENTER,801 W GORDON STREET,(706) 647-8111,Acute Care Hospitals,Voluntary non-profit - Other,350,54
110002,UPSON REGIONAL MEDICAL CENTER,801 W GORDON STREET,(706) 647-8111,Acute Care Hospitals,Voluntary non-profit - Other,357,47
110002,UPSON REGIONAL MEDICAL CENTER,801 W GORDON STREET,(706) 647-8111,Acute Care Hospitals,Voluntary non-profit - Other,368,36
110002,UPSON REGIONAL MEDICAL CENTER,801 W GORDON STREET,(706) 647-8111,Acute Care Hospitals,Voluntary non-profit - Other,263,141
110002,UPSON REGIONAL MEDICAL CENTER,801 W GORDON STREET,(706) 647-8111,Acute Care Hospitals,Voluntary non-profit - Other,261,143
110002,UPSON REGIONAL MEDICAL CENTER,801 W GORDON STREET,(706) 647-8111,Acute Care Hospitals,Voluntary non-profit - Other,311,93
110002,UPSON REGIONAL MEDICAL CENTER,801 W GORDON STREET,(706) 647-8111,Acute Care Hospitals,Voluntary non-profit - Other,295,109
110002,UPSON REGIONAL MEDICAL CENTER,801 W GORDON STREET,(706) 647-8111,Acute Care Hospitals,Voluntary non-profit - Other,325,79
110002,UPSON REGIONAL MEDICAL CENTER,801 W GORDON STREET,(706) 647-8111,Acute Care Hospitals,Voluntary non-profit - Other,275,129
110002,UPSON REGIONAL MEDICAL CENTER,801 W GORDON STREET,(706) 647-8111,Acute Care Hospitals,Voluntary non-profit - Other,321,83
110002,UPSON REGIONAL MEDICAL CENTER,801 W GORDON STREET,(706) 647-8111,Acute Care Hospitals,Voluntary non-profit - Other,300,104
110002,UPSON REGIONAL MEDICAL CENTER,801 W GORDON STREET,(706) 647-8111,Acute Care Hospitals,Voluntary non-profit - Other,272,132
110002,UPSON REGIONAL MEDICAL CENTER,801 W GORDON STREET,(706) 647-8111,Acute Care Hospitals,Voluntary non-profit - Other,263,141
110002,UPSON REGIONAL MEDICAL CENTER,801 W GORDON STREET,(706) 647-8111,Acute Care Hospitals,Voluntary non-profit - Other,321,83
110002,UPSON REGIONAL MEDICAL CENTER,801 W GORDON STREET,(706) 647-8111,Acute Care Hospitals,Voluntary non-profit - Other,349,55
110002,UPSON REGIONAL MEDICAL CENTER,801 W GORDON STREET,(706) 647-8111,Acute Care Hospitals,Voluntary non-profit - Other,365,39
110002,UPSON REGIONAL MEDICAL CENTER,801 W GORDON STREET,(706) 647-8111,Acute Care Hospitals,Voluntary non-profit - Other,288,116
110002,UPSON REGIONAL MEDICAL CENTER,801 W GORDON STREET,(706) 647-8111,Acute Care Hospitals,Voluntary non-profit - Other,352,52
110002,UPSON REGIONAL MEDICAL CENTER,801 W GORDON STREET,(706) 647-8111,Acute Care Hospitals,Voluntary non-profit - Other,322,82
110002,UPSON REGIONAL MEDICAL CENTER,801 W GORDON STREET,(706) 647-8111,Acute Care Hospitals,Voluntary non-profit - Other,358,46
110002,UPSON REGIONAL MEDICAL CENTER,801 W GORDON STREET,(706) 647-8111,Acute Care Hospitals,Voluntary non-profit - Other,362,42
110002,UPSON REGIONAL MEDICAL CENTER,801 W GORDON STREET,(706) 647-8111,Acute Care Hospitals,Voluntary non-profit - Other,359,45
110002,UPSON REGIONAL MEDICAL CENTER,801 W GORDON STREET,(706) 647-8111,Acute Care Hospitals,Voluntary non-profit - Other,369,35
110002,UPSON REGIONAL MEDICAL CENTER,801 W GORDON STREET,(706) 647-8111,Acute Care Hospitals,Voluntary non-profit - Other,371,33
110002,UPSON REGIONAL MEDICAL CENTER,801 W GORDON STREET,(706) 647-8111,Acute Care Hospitals,Voluntary non-profit - Other,372,32
110002,UPSON REGIONAL MEDICAL CENTER,801 W GORDON STREET,(706) 647-8111,Acute Care Hospitals,Voluntary non-profit - Other,325,79
110002,UPSON REGIONAL MEDICAL CENTER,801 W GORDON STREET,(706) 647-8111,Acute Care Hospitals,Voluntary non-profit - Other,250,154
110002,UPSON REGIONAL MEDICAL CENTER,801 W GORDON STREET,(706) 647-8111,Acute Care Hospitals,Voluntary non-profit - Other,261,143
110002,UPSON REGIONAL MEDICAL CENTER,801 W GORDON STREET,(706) 647-8111,Acute Care Hospitals,Voluntary non-profit - Other,271,133
110002,UPSON REGIONAL MEDICAL CENTER,801 W GORDON STREET,(706) 647-8111,Acute Care Hospitals,Voluntary non-profit - Other,266,138
110002,UPSON REGIONAL MEDICAL CENTER,801 W GORDON STREET,(706) 647-8111,Acute Care Hospitals,Voluntary non-profit - Other,377,27
110002,UPSON REGIONAL MEDICAL CENTER,801 W GORDON STREET,(706) 647-8111,Acute Care Hospitals,Voluntary non-profit - Other,270,134
110002,UPSON REGIONAL MEDICAL CENTER,801 W GORDON STREET,(706) 647-8111,Acute Care Hospitals,Voluntary non-profit - Other,268,136
110002,UPSON REGIONAL MEDICAL CENTER,801 W GORDON STREET,(706) 647-8111,Acute Care Hospitals,Voluntary non-profit - Other,345,59
110002,UPSON REGIONAL MEDICAL CENTER,801 W GORDON STREET,(706) 647-8111,Acute Care Hospitals,Voluntary non-profit - Other,294,110
110002,UPSON REGIONAL MEDICAL CENTER,801 W GORDON STREET,(706) 647-8111,Acute Care Hospitals,Voluntary non-profit - Other,364,40
110002,UPSON REGIONAL MEDICAL CENTER,801 W GORDON STREET,(706) 647-8111,Acute Care Hospitals,Voluntary non-profit - Other,276,128
110002,UPSON REGIONAL MEDICAL CENTER,801 W GORDON STREET,(706) 647-8111,Acute Care Hospitals,Voluntary non-profit - Other,346,58
110002,UPSON REGIONAL MEDICAL CENTER,801 W GORDON STREET,(706) 647-8111,Acute Care Hospitals,Voluntary non-profit - Other,323,81
110002,UPSON REGIONAL MEDICAL CENTER,801 W GORDON STREET,(706) 647-8111,Acute Care Hospitals,Voluntary non-profit - Other,262,142
110002,UPSON REGIONAL MEDICAL CENTER,801 W GORDON STREET,(706) 647-8111,Acute Care Hospitals,Voluntary non-profit - Other,290,114
110002,UPSON REGIONAL MEDICAL CENTER,801 W GORDON STREET,(706) 647-8111,Acute Care Hospitals,Voluntary non-profit - Other,309,95
110002,UPSON REGIONAL MEDICAL CENTER,801 W GORDON STREET,(706) 647-8111,Acute Care Hospitals,Voluntary non-profit - Other,290,114
110002,UPSON REGIONAL MEDICAL CENTER,801 W GORDON STREET,(706) 647-8111,Acute Care Hospitals,Voluntary non-profit - Other,271,133
110002,UPSON REGIONAL MEDICAL CENTER,801 W GORDON STREET,(706) 647-8111,Acute Care Hospitals,Voluntary non-profit - Other,277,127
110002,UPSON REGIONAL MEDICAL CENTER,801 W GORDON STREET,(706) 647-8111,Acute Care Hospitals,Voluntary non-profit - Other,280,124
110002,UPSON REGIONAL MEDICAL CENTER,801 W GORDON STREET,(706) 647-8111,Acute Care Hospitals,Voluntary non-profit - Other,377,27
110002,UPSON REGIONAL MEDICAL CENTER,801 W GORDON STREET,(706) 647-8111,Acute Care Hospitals,Voluntary non-profit - Other,326,78
110002,UPSON REGIONAL MEDICAL CENTER,801 W GORDON STREET,(706) 647-8111,Acute Care Hospitals,Voluntary non-profit - Other,314,90
110002,UPSON REGIONAL MEDICAL CENTER,801 W GORDON STREET,(706) 647-8111,Acute Care Hospitals,Voluntary non-profit - Other,290,114
110002,UPSON REGIONAL MEDICAL CENTER,801 W GORDON STREET,(706) 647-8111,Acute Care Hospitals,Voluntary non-profit - Other,315,89
110002,UPSON REGIONAL MEDICAL CENTER,801 W GORDON STREET,(706) 647-8111,Acute Care Hospitals,Voluntary non-profit - Other,378,26
110002,UPSON REGIONAL MEDICAL CENTER,801 W GORDON STREET,(706) 647-8111,Acute Care Hospitals,Voluntary non-profit - Other,304,100
110002,UPSON REGIONAL MEDICAL CENTER,801 W GORDON STREET,(706) 647-8111,Acute Care Hospitals,Voluntary non-profit - Other,261,143
110002,UPSON REGIONAL MEDICAL CENTER,801 W GORDON STREET,(706) 647-8111,Acute Care Hospitals,Voluntary non-profit - Other,253,151
110002,UPSON REGIONAL MEDICAL CENTER,801 W GORDON STREET,(706) 647-8111,Acute Care Hospitals,Voluntary non-profit - Other,259,145
110002,UPSON REGIONAL MEDICAL CENTER,801 W GORDON STREET,(706) 647-8111,Acute Care Hospitals,Voluntary non-profit - Other,334,70
110002,UPSON REGIONAL MEDICAL CENTER,801 W GORDON STREET,(706) 647-8111,Acute Care Hospitals,Voluntary non-profit - Other,341,63
110002,UPSON REGIONAL MEDICAL CENTER,801 W GORDON STREET,(706) 647-8111,Acute Care Hospitals,Voluntary non-profit - Other,282,122
110002,UPSON REGIONAL MEDICAL CENTER,801 W GORDON STREET,(706) 647-8111,Acute Care Hospitals,Voluntary non-profit - Other,282,122
110002,UPSON REGIONAL MEDICAL CENTER,801 W GORDON STREET,(706) 647-8111,Acute Care Hospitals,Voluntary non-profit - Other,294,110
110002,UPSON REGIONAL MEDICAL CENTER,801 W GORDON STREET,(706) 647-8111,Acute Care Hospitals,Voluntary non-profit - Other,326,78
110002,UPSON REGIONAL MEDICAL CENTER,801 W GORDON STREET,(706) 647-8111,Acute Care Hospitals,Voluntary non-profit - Other,360,44
110002,UPSON REGIONAL MEDICAL CENTER,801 W GORDON STREET,(706) 647-8111,Acute Care Hospitals,Voluntary non-profit - Other,375,29
110002,UPSON REGIONAL MEDICAL CENTER,801 W GORDON STREET,(706) 647-8111,Acute Care Hospitals,Voluntary non-profit - Other,322,82
110002,UPSON REGIONAL MEDICAL CENTER,801 W GORDON STREET,(706) 647-8111,Acute Care Hospitals,Voluntary non-profit - Other,307,97
110002,UPSON REGIONAL MEDICAL CENTER,801 W GORDON STREET,(706) 647-8111,Acute Care Hospitals,Voluntary non-profit - Other,286,118
110002,UPSON REGIONAL MEDICAL CENTER,801 W GORDON STREET,(706) 647-8111,Acute Care Hospitals,Voluntary non-profit - Other,348,56
110002,UPSON REGIONAL MEDICAL CENTER,801 W GORDON STREET,(706) 647-8111,Acute Care Hospitals,Voluntary non-profit - Other,286,118
110002,UPSON REGIONAL MEDICAL CENTER,801 W GORDON STREET,(706) 647-8111,Acute Care Hospitals,Voluntary non-profit - Other,297,107
110002,UPSON REGIONAL MEDICAL CENTER,801 W GORDON STREET,(706) 647-8111,Acute Care Hospitals,Voluntary non-profit - Other,250,154
110002,UPSON REGIONAL MEDICAL CENTER,801 W GORDON STREET,(706) 647-8111,Acute Care Hospitals,Voluntary non-profit - Other,322,82
110002,UPSON REGIONAL MEDICAL CENTER,801 W GORDON STREET,(706) 647-8111,Acute Care Hospitals,Voluntary non-profit - Other,256,148
110002,UPSON REGIONAL MEDICAL CENTER,801 W GORDON STREET,(706) 647-8111,Acute Care Hospitals,Voluntary non-profit - Other,252,152
110002,UPSON REGIONAL MEDICAL CENTER,801 W GORDON STREET,(706) 647-8111,Acute Care Hospitals,Voluntary non-profit - Other,248,156
110002,UPSON REGIONAL MEDICAL CENTER,801 W GORDON STREET,(706) 647-8111,Acute Care Hospitals,Voluntary non-profit - Other,295,109
110002,UPSON REGIONAL MEDICAL CENTER,801 W GORDON STREET,(706) 647-8111,Acute Care Hospitals,Voluntary non-profit - Other,259,145
110002,UPSON REGIONAL MEDICAL CENTER,801 W GORDON STREET,(706) 647-8111,Acute Care Hospitals,Voluntary non-profit - Other,351,53
110002,UPSON REGIONAL MEDICAL CENTER,801 W GORDON STREET,(706) 647-8111,Acute Care Hospitals,Voluntary non-profit - Other,358,46
110002,UPSON REGIONAL MEDICAL CENTER,801 W GORDON STREET,(706) 647-8111,Acute Care Hospitals,Voluntary non-profit - Other,251,153
110002,UPSON REGIONAL MEDICAL CENTER,801 W GORDON STREET,(706) 647-8111,Acute Care Hospitals,Voluntary non-profit - Other,282,122
