Facility ID,Facility Name,Address,Telephone Number,Hospital Type,Hospital Ownership,Active Beds,Inactive Beds
110030,PIEDMONT CARTERSVILLE MEDICAL CENTER,960 JOE FRANK HARRIS PARKWAY,(470) 490-1000,Acute Care Hospitals,Voluntary non-profit - Private,226,140
110030,PIEDMONT CARTERSVILLE MEDICAL CENTER,960 JOE FRANK HARRIS PARKWAY,(470) 490-1000,Acute Care Hospitals,Voluntary non-profit - Private,318,48
110030,PIEDMONT CARTERSVILLE MEDICAL CENTER,960 JOE FRANK HARRIS PARKWAY,(470) 490-1000,Acute Care Hospitals,Voluntary non-profit - Private,270,96
110030,PIEDMONT CARTERSVILLE MEDICAL CENTER,960 JOE FRANK HARRIS PARKWAY,(470) 490-1000,Acute Care Hospitals,Voluntary non-profit - Private,225,141
110030,PIEDMONT CARTERSVILLE MEDICAL CENTER,960 JOE FRANK HARRIS PARKWAY,(470) 490-1000,Acute Care Hospitals,Voluntary non-profit - Private,229,137
110030,PIEDMONT CARTERSVILLE MEDICAL CENTER,960 JOE FRANK HARRIS PARKWAY,(470) 490-1000,Acute Care Hospitals,Voluntary non-profit - Private,277,89
110030,PIEDMONT CARTERSVILLE MEDICAL CENTER,960 JOE FRANK HARRIS PARKWAY,(470) 490-1000,Acute Care Hospitals,Voluntary non-profit - Private,236,130
110030,PIEDMONT CARTERSVILLE MEDICAL CENTER,960 JOE FRANK HARRIS PARKWAY,(470) 490-1000,Acute Care Hospitals,Voluntary non-profit - Private,298,68
110030,PIEDMONT CARTERSVILLE MEDICAL CENTER,960 JOE FRANK HARRIS PARKWAY,(470) 490-1000,Acute Care Hospitals,Voluntary non-profit - Private,345,21
110030,PIEDMONT CARTERSVILLE MEDICAL CENTER,960 JOE FRANK HARRIS PARKWAY,(470) 490-1000,Acute Care Hospitals,Voluntary non-profit - Private,317,49
110030,PIEDMONT CARTERSVILLE MEDICAL CENTER,960 JOE FRANK HARRIS PARKWAY,(470) 490-1000,Acute Care Hospitals,Voluntary non-profit - Private,329,37
110030,PIEDMONT CARTERSVILLE MEDICAL CENTER,960 JOE FRANK HARRIS PARKWAY,(470) 490-1000,Acute Care Hospitals,Voluntary non-profit - Private,284,82
110030,PIEDMONT CARTERSVILLE MEDICAL CENTER,960 JOE FRANK HARRIS PARKWAY,(470) 490-1000,Acute Care Hospitals,Voluntary non-profit - Private,277,89
110030,PIEDMONT CARTERSVILLE MEDICAL CENTER,960 JOE FRANK HARRIS PARKWAY,(470) 490-1000,Acute Care Hospitals,Voluntary non-profit - Private,263,103
110030,PIEDMONT CARTERSVILLE MEDICAL CENTER,960 JOE FRANK HARRIS PARKWAY,(470) 490-1000,Acute Care Hospitals,Voluntary non-profit - Private,230,136
110030,PIEDMONT CARTERSVILLE MEDICAL CENTER,960 JOE FRANK HARRIS PARKWAY,(470) 490-1000,Acute Care Hospitals,Voluntary non-profit - Private,290,76
110030,PIEDMONT CARTERSVILLE MEDICAL CENTER,960 JOE FRANK HARRIS PARKWAY,(470) 490-1000,Acute Care Hospitals,Voluntary non-profit - Private,325,41
110030,PIEDMONT CARTERSVILLE MEDICAL CENTER,960 JOE FRANK HARRIS PARKWAY,(470) 490-1000,Acute Care Hospitals,Voluntary non-profit - Private,255,111
110030,PIEDMONT CARTERSVILLE MEDICAL CENTER,960 JOE FRANK HARRIS PARKWAY,(470) 490-1000,Acute Care Hospitals,Voluntary non-profit - Private,232,134
110030,PIEDMONT CARTERSVILLE MEDICAL CENTER,960 JOE FRANK HARRIS PARKWAY,(470) 490-1000,Acute Care Hospitals,Voluntary non-profit - Private,296,70
110030,PIEDMONT CARTERSVILLE MEDICAL CENTER,960 JOE FRANK HARRIS PARKWAY,(470) 490-1000,Acute Care Hospitals,Voluntary non-profit - Private,224,142
110030,PIEDMONT CARTERSVILLE MEDICAL CENTER,960 JOE FRANK HARRIS PARKWAY,(470) 490-1000,Acute Care Hospitals,Voluntary non-profit - Private,295,71
110030,PIEDMONT CARTERSVILLE MEDICAL CENTER,960 JOE FRANK HARRIS PARKWAY,(470) 490-1000,Acute Care Hospitals,Voluntary non-profit - Private,259,107
110030,PIEDMONT CARTERSVILLE MEDICAL CENTER,960 JOE FRANK HARRIS PARKWAY,(470) 490-1000,Acute Care Hospitals,Voluntary non-profit - Private,330,36
110030,PIEDMONT CARTERSVILLE MEDICAL CENTER,960 JOE FRANK HARRIS PARKWAY,(470) 490-1000,Acute Care Hospitals,Voluntary non-profit - Private,280,86
110030,PIEDMONT CARTERSVILLE MEDICAL CENTER,960 JOE FRANK HARRIS PARKWAY,(470) 490-1000,Acute Care Hospitals,Voluntary non-profit - Private,293,73
110030,PIEDMONT CARTERSVILLE MEDICAL CENTER,960 JOE FRANK HARRIS PARKWAY,(470) 490-1000,Acute Care Hospitals,Voluntary non-profit - Private,270,96
110030,PIEDMONT CARTERSVILLE MEDICAL CENTER,960 JOE FRANK HARRIS PARKWAY,(470) 490-1000,Acute Care Hospitals,Voluntary non-profit - Private,346,20
110030,PIEDMONT CARTERSVILLE MEDICAL CENTER,960 JOE FRANK HARRIS PARKWAY,(470) 490-1000,Acute Care Hospitals,Voluntary non-profit - Private,274,92
110030,PIEDMONT CARTERSVILLE MEDICAL CENTER,960 JOE FRANK HARRIS PARKWAY,(470) 490-1000,Acute Care Hospitals,Voluntary non-profit - Private,297,69
110030,PIEDMONT CARTERSVILLE MEDICAL CENTER,960 JOE FRANK HARRIS PARKWAY,(470) 490-1000,Acute Care Hospitals,Voluntary non-profit - Private,278,88
110030,PIEDMONT CARTERSVILLE MEDICAL CENTER,960 JOE FRANK HARRIS PARKWAY,(470) 490-1000,Acute Care Hospitals,Voluntary non-profit - Private,299,67
110030,PIEDMONT CARTERSVILLE MEDICAL CENTER,960 JOE FRANK HARRIS PARKWAY,(470) 490-1000,Acute Care Hospitals,Voluntary non-profit - Private,321,45
110030,PIEDMONT CARTERSVILLE MEDICAL CENTER,960 JOE FRANK HARRIS PARKWAY,(470) 490-1000,Acute Care Hospitals,Voluntary non-profit - Private,262,104
110030,PIEDMONT CARTERSVILLE MEDICAL CENTER,960 JOE FRANK HARRIS PARKWAY,(470) 490-1000,Acute Care Hospitals,Voluntary non-profit - Private,336,30
110030,PIEDMONT CARTERSVILLE MEDICAL CENTER,960 JOE FRANK HARRIS PARKWAY,(470) 490-1000,Acute Care Hospitals,Voluntary non-profit - Private,228,138
110030,PIEDMONT CARTERSVILLE MEDICAL CENTER,960 JOE FRANK HARRIS PARKWAY,(470) 490-1000,Acute Care Hospitals,Voluntary non-profit - Private,220,146
110030,PIEDMONT CARTERSVILLE MEDICAL CENTER,960 JOE FRANK HARRIS PARKWAY,(470) 490-1000,Acute Care Hospitals,Voluntary non-profit - Private,321,45
110030,PIEDMONT CARTERSVILLE MEDICAL CENTER,960 JOE FRANK HARRIS PARKWAY,(470) 490-1000,Acute Care Hospitals,Voluntary non-profit - Private,327,39
110030,PIEDMONT CARTERSVILLE MEDICAL CENTER,960 JOE FRANK HARRIS PARKWAY,(470) 490-1000,Acute Care Hospitals,Voluntary non-profit - Private,317,49
110030,PIEDMONT CARTERSVILLE MEDICAL CENTER,960 JOE FRANK HARRIS PARKWAY,(470) 490-1000,Acute Care Hospitals,Voluntary non-profit - Private,280,86
110030,PIEDMONT CARTERSVILLE MEDICAL CENTER,960 JOE FRANK HARRIS PARKWAY,(470) 490-1000,Acute Care Hospitals,Voluntary non-profit - Private,286,80
110030,PIEDMONT CARTERSVILLE MEDICAL CENTER,960 JOE FRANK HARRIS PARKWAY,(470) 490-1000,Acute Care Hospitals,Voluntary non-profit - Private,253,113
110030,PIEDMONT CARTERSVILLE MEDICAL CENTER,960 JOE FRANK HARRIS PARKWAY,(470) 490-1000,Acute Care Hospitals,Voluntary non-profit - Private,273,93
110030,PIEDMONT CARTERSVILLE MEDICAL CENTER,960 JOE FRANK HARRIS PARKWAY,(470) 490-1000,Acute Care Hospitals,Voluntary non-profit - Private,294,72
110030,PIEDMONT CARTERSVILLE MEDICAL CENTER,960 JOE FRANK HARRIS PARKWAY,(470) 490-1000,Acute Care Hospitals,Voluntary non-profit - Private,296,70
110030,PIEDMONT CARTERSVILLE MEDICAL CENTER,960 JOE FRANK HARRIS PARKWAY,(470) 490-1000,Acute Care Hospitals,Voluntary non-profit - Private,307,59
110030,PIEDMONT CARTERSVILLE MEDICAL CENTER,960 JOE FRANK HARRIS PARKWAY,(470) 490-1000,Acute Care Hospitals,Voluntary non-profit - Private,259,107
110030,PIEDMONT CARTERSVILLE MEDICAL CENTER,960 JOE FRANK HARRIS PARKWAY,(470) 490-1000,Acute Care Hospitals,Voluntary non-profit - Private,248,118
110030,PIEDMONT CARTERSVILLE MEDICAL CENTER,960 JOE FRANK HARRIS PARKWAY,(470) 490-1000,Acute Care Hospitals,Voluntary non-profit - Private,322,44
110030,PIEDMONT CARTERSVILLE MEDICAL CENTER,960 JOE FRANK HARRIS PARKWAY,(470) 490-1000,Acute Care Hospitals,Voluntary non-profit - Private,267,99
110030,PIEDMONT CARTERSVILLE MEDICAL CENTER,960 JOE FRANK HARRIS PARKWAY,(470) 490-1000,Acute Care Hospitals,Voluntary non-profit - Private,238,128
110030,PIEDMONT CARTERSVILLE MEDICAL CENTER,960 JOE FRANK HARRIS PARKWAY,(470) 490-1000,Acute Care Hospitals,Voluntary non-profit - Private,276,90
110030,PIEDMONT CARTERSVILLE MEDICAL CENTER,960 JOE FRANK HARRIS PARKWAY,(470) 490-1000,Acute Care Hospitals,Voluntary non-profit - Private,266,100
110030,PIEDMONT CARTERSVILLE MEDICAL CENTER,960 JOE FRANK HARRIS PARKWAY,(470) 490-1000,Acute Care Hospitals,Voluntary non-profit - Private,307,59
110030,PIEDMONT CARTERSVILLE MEDICAL CENTER,960 JOE FRANK HARRIS PARKWAY,(470) 490-1000,Acute Care Hospitals,Voluntary non-profit - Private,298,68
110030,PIEDMONT CARTERSVILLE MEDICAL CENTER,960 JOE FRANK HARRIS PARKWAY,(470) 490-1000,Acute Care Hospitals,Voluntary non-profit - Private,283,83
110030,PIEDMONT CARTERSVILLE MEDICAL CENTER,960 JOE FRANK HARRIS PARKWAY,(470) 490-1000,Acute Care Hospitals,Voluntary non-profit - Private,258,108
110030,PIEDMONT CARTERSVILLE MEDICAL CENTER,960 JOE FRANK HARRIS PARKWAY,(470) 490-1000,Acute Care Hospitals,Voluntary non-profit - Private,245,121
110030,PIEDMONT CARTERSVILLE MEDICAL CENTER,960 JOE FRANK HARRIS PARKWAY,(470) 490-1000,Acute Care Hospitals,Voluntary non-profit - Private,275,91
110030,PIEDMONT CARTERSVILLE MEDICAL CENTER,960 JOE FRANK HARRIS PARKWAY,(470) 490-1000,Acute Care Hospitals,Voluntary non-profit - Private,238,128
110030,PIEDMONT CARTERSVILLE MEDICAL CENTER,960 JOE FRANK HARRIS PARKWAY,(470) 490-1000,Acute Care Hospitals,Voluntary non-profit - Private,254,112
110030,PIEDMONT CARTERSVILLE MEDICAL CENTER,960 JOE FRANK HARRIS PARKWAY,(470) 490-1000,Acute Care Hospitals,Voluntary non-profit - Private,248,118
110030,PIEDMONT CARTERSVILLE MEDICAL CENTER,960 JOE FRANK HARRIS PARKWAY,(470) 490-1000,Acute Care Hospitals,Voluntary non-profit - Private,324,42
110030,PIEDMONT CARTERSVILLE MEDICAL CENTER,960 JOE FRANK HARRIS PARKWAY,(470) 490-1000,Acute Care Hospitals,Voluntary non-profit - Private,257,109
110030,PIEDMONT CARTERSVILLE MEDICAL CENTER,960 JOE FRANK HARRIS PARKWAY,(470) 490-1000,Acute Care Hospitals,Voluntary non-profit - Private,234,132
110030,PIEDMONT CARTERSVILLE MEDICAL CENTER,960 JOE FRANK HARRIS PARKWAY,(470) 490-1000,Acute Care Hospitals,Voluntary non-profit - Private,332,34
110030,PIEDMONT CARTERSVILLE MEDICAL CENTER,960 JOE FRANK HARRIS PARKWAY,(470) 490-1000,Acute Care Hospitals,Voluntary non-profit - Private,227,139
110030,PIEDMONT CARTERSVILLE MEDICAL CENTER,960 JOE FRANK HARRIS PARKWAY,(470) 490-1000,Acute Care Hospitals,Voluntary non-profit - Private,298,68
110030,PIEDMONT CARTERSVILLE MEDICAL CENTER,960 JOE FRANK HARRIS PARKWAY,(470) 490-1000,Acute Care Hospitals,Voluntary non-profit - Private,219,147
110030,PIEDMONT CARTERSVILLE MEDICAL CENTER,960 JOE FRANK HARRIS PARKWAY,(470) 490-1000,Acute Care Hospitals,Voluntary non-profit - Private,280,86
110030,PIEDMONT CARTERSVILLE MEDICAL CENTER,960 JOE FRANK HARRIS PARKWAY,(470) 490-1000,Acute Care Hospitals,Voluntary non-profit - Private,238,128
110030,PIEDMONT CARTERSVILLE MEDICAL CENTER,960 JOE FRANK HARRIS PARKWAY,(470) 490-1000,Acute Care Hospitals,Voluntary non-profit - Private,322,44
110030,PIEDMONT CARTERSVILLE MEDICAL CENTER,960 JOE FRANK HARRIS PARKWAY,(470) 490-1000,Acute Care Hospitals,Voluntary non-profit - Private,336,30
110030,PIEDMONT CARTERSVILLE MEDICAL CENTER,960 JOE FRANK HARRIS PARKWAY,(470) 490-1000,Acute Care Hospitals,Voluntary non-profit - Private,278,88
110030,PIEDMONT CARTERSVILLE MEDICAL CENTER,960 JOE FRANK HARRIS PARKWAY,(470) 490-1000,Acute Care Hospitals,Voluntary non-profit - Private,327,39
110030,PIEDMONT CARTERSVILLE MEDICAL CENTER,960 JOE FRANK HARRIS PARKWAY,(470) 490-1000,Acute Care Hospitals,Voluntary non-profit - Private,273,93
110030,PIEDMONT CARTERSVILLE MEDICAL CENTER,960 JOE FRANK HARRIS PARKWAY,(470) 490-1000,Acute Care Hospitals,Voluntary non-profit - Private,309,57
110030,PIEDMONT CARTERSVILLE MEDICAL CENTER,960 JOE FRANK HARRIS PARKWAY,(470) 490-1000,Acute Care Hospitals,Voluntary non-profit - Private,347,19
110030,PIEDMONT CARTERSVILLE MEDICAL CENTER,960 JOE FRANK HARRIS PARKWAY,(470) 490-1000,Acute Care Hospitals,Voluntary non-profit - Private,338,28
110030,PIEDMONT CARTERSVILLE MEDICAL CENTER,960 JOE FRANK HARRIS PARKWAY,(470) 490-1000,Acute Care Hospitals,Voluntary non-profit - Private,248,118
110030,PIEDMONT CARTERSVILLE MEDICAL CENTER,960 JOE FRANK HARRIS PARKWAY,(470) 490-1000,Acute Care Hospitals,Voluntary non-profit - Private,281,85
110030,PIEDMONT CARTERSVILLE MEDICAL CENTER,960 JOE FRANK HARRIS PARKWAY,(470) 490-1000,Acute Care Hospitals,Voluntary non-profit - Private,254,112
110030,PIEDMONT CARTERSVILLE MEDICAL CENTER,960 JOE FRANK HARRIS PARKWAY,(470) 490-1000,Acute Care Hospitals,Voluntary non-profit - Private,271,95
110030,PIEDMONT CARTERSVILLE MEDICAL CENTER,960 JOE FRANK HARRIS PARKWAY,(470) 490-1000,Acute Care Hospitals,Voluntary non-profit - Private,260,106
110030,PIEDMONT CARTERSVILLE MEDICAL CENTER,960 JOE FRANK HARRIS PARKWAY,(470) 490-1000,Acute Care Hospitals,Voluntary non-profit - Private,266,100
110030,PIEDMONT CARTERSVILLE MEDICAL CENTER,960 JOE FRANK HARRIS PARKWAY,(470) 490-1000,Acute Care Hospitals,Voluntary non-profit - Private,235,131
110030,PIEDMONT CARTERSVILLE MEDICAL CENTER,960 JOE FRANK HARRIS PARKWAY,(470) 490-1000,Acute Care Hospitals,Voluntary non-profit - Private,257,109
110030,PIEDMONT CARTERSVILLE MEDICAL CENTER,960 JOE FRANK HARRIS PARKWAY,(470) 490-1000,Acute Care Hospitals,Voluntary non-profit - Private,291,75
110030,PIEDMONT CARTERSVILLE MEDICAL CENTER,960 JOE FRANK HARRIS PARKWAY,(470) 490-1000,Acute Care Hospitals,Voluntary non-profit - Private,293,73
110030,PIEDMONT CARTERSVILLE MEDICAL CENTER,960 JOE FRANK HARRIS PARKWAY,(470) 490-1000,Acute Care Hospitals,Voluntary non-profit - Private,243,123
110030,PIEDMONT CARTERSVILLE MEDICAL CENTER,960 JOE FRANK HARRIS PARKWAY,(470) 490-1000,Acute Care Hospitals,Voluntary non-profit - Private,240,126
110030,PIEDMONT CARTERSVILLE MEDICAL CENTER,960 JOE FRANK HARRIS PARKWAY,(470) 490-1000,Acute Care Hospitals,Voluntary non-profit - Private,324,42
110030,PIEDMONT CARTERSVILLE MEDICAL CENTER,960 JOE FRANK HARRIS PARKWAY,(470) 490-1000,Acute Care Hospitals,Voluntary non-profit - Private,294,72
110030,PIEDMONT CARTERSVILLE MEDICAL CENTER,960 JOE FRANK HARRIS PARKWAY,(470) 490-1000,Acute Care Hospitals,Voluntary non-profit - Private,252,114
110030,PIEDMONT CARTERSVILLE MEDICAL CENTER,960 JOE FRANK HARRIS PARKWAY,(470) 490-1000,Acute Care Hospitals,Voluntary non-profit - Private,261,105
110030,PIEDMONT CARTERSVILLE MEDICAL CENTER,960 JOE FRANK HARRIS PARKWAY,(470) 490-1000,Acute Care Hospitals,Voluntary non-profit - Private,261,105
110030,PIEDMONT CARTERSVILLE MEDICAL CENTER,960 JOE FRANK HARRIS PARKWAY,(470) 490-1000,Acute Care Hospitals,Voluntary non-profit - Private,239,127
110030,PIEDMONT CARTERSVILLE MEDICAL CENTER,960 JOE FRANK HARRIS PARKWAY,(470) 490-1000,Acute Care Hospitals,Voluntary non-profit - Private,264,102
110030,PIEDMONT CARTERSVILLE MEDICAL CENTER,960 JOE FRANK HARRIS PARKWAY,(470) 490-1000,Acute Care Hospitals,Voluntary non-profit - Private,343,23
110030,PIEDMONT CARTERSVILLE MEDICAL CENTER,960 JOE FRANK HARRIS PARKWAY,(470) 490-1000,Acute Care Hospitals,Voluntary non-profit - Private,335,31
110030,PIEDMONT CARTERSVILLE MEDICAL CENTER,960 JOE FRANK HARRIS PARKWAY,(470) 490-1000,Acute Care Hospitals,Voluntary non-profit - Private,308,58
110030,PIEDMONT CARTERSVILLE MEDICAL CENTER,960 JOE FRANK HARRIS PARKWAY,(470) 490-1000,Acute Care Hospitals,Voluntary non-profit - Private,247,119
110030,PIEDMONT CARTERSVILLE MEDICAL CENTER,960 JOE FRANK HARRIS PARKWAY,(470) 490-1000,Acute Care Hospitals,Voluntary non-profit - Private,343,23
110030,PIEDMONT CARTERSVILLE MEDICAL CENTER,960 JOE FRANK HARRIS PARKWAY,(470) 490-1000,Acute Care Hospitals,Voluntary non-profit - Private,323,43
110030,PIEDMONT CARTERSVILLE MEDICAL CENTER,960 JOE FRANK HARRIS PARKWAY,(470) 490-1000,Acute Care Hospitals,Voluntary non-profit - Private,294,72
110030,PIEDMONT CARTERSVILLE MEDICAL CENTER,960 JOE FRANK HARRIS PARKWAY,(470) 490-1000,Acute Care Hospitals,Voluntary non-profit - Private,322,44
110030,PIEDMONT CARTERSVILLE MEDICAL CENTER,960 JOE FRANK HARRIS PARKWAY,(470) 490-1000,Acute Care Hospitals,Voluntary non-profit - Private,242,124
110030,PIEDMONT CARTERSVILLE MEDICAL CENTER,960 JOE FRANK HARRIS PARKWAY,(470) 490-1000,Acute Care Hospitals,Voluntary non-profit - Private,219,147
110030,PIEDMONT CARTERSVILLE MEDICAL CENTER,960 JOE FRANK HARRIS PARKWAY,(470) 490-1000,Acute Care Hospitals,Voluntary non-profit - Private,302,64
110030,PIEDMONT CARTERSVILLE MEDICAL CENTER,960 JOE FRANK HARRIS PARKWAY,(470) 490-1000,Acute Care Hospitals,Voluntary non-profit - Private,258,108
110030,PIEDMONT CARTERSVILLE MEDICAL CENTER,960 JOE FRANK HARRIS PARKWAY,(470) 490-1000,Acute Care Hospitals,Voluntary non-profit - Private,241,125
110030,PIEDMONT CARTERSVILLE MEDICAL CENTER,960 JOE FRANK HARRIS PARKWAY,(470) 490-1000,Acute Care Hospitals,Voluntary non-profit - Private,333,33
110030,PIEDMONT CARTERSVILLE MEDICAL CENTER,960 JOE FRANK HARRIS PARKWAY,(470) 490-1000,Acute Care Hospitals,Voluntary non-profit - Private,332,34
110030,PIEDMONT CARTERSVILLE MEDICAL CENTER,960 JOE FRANK HARRIS PARKWAY,(470) 490-1000,Acute Care Hospitals,Voluntary non-profit - Private,254,112
110030,PIEDMONT CARTERSVILLE MEDICAL CENTER,960 JOE FRANK HARRIS PARKWAY,(470) 490-1000,Acute Care Hospitals,Voluntary non-profit - Private,329,37
110030,PIEDMONT CARTERSVILLE MEDICAL CENTER,960 JOE FRANK HARRIS PARKWAY,(470) 490-1000,Acute Care Hospitals,Voluntary non-profit - Private,312,54
110030,PIEDMONT CARTERSVILLE MEDICAL CENTER,960 JOE FRANK HARRIS PARKWAY,(470) 490-1000,Acute Care Hospitals,Voluntary non-profit - Private,239,127
110030,PIEDMONT CARTERSVILLE MEDICAL CENTER,960 JOE FRANK HARRIS PARKWAY,(470) 490-1000,Acute Care Hospitals,Voluntary non-profit - Private,325,41
110030,PIEDMONT CARTERSVILLE MEDICAL CENTER,960 JOE FRANK HARRIS PARKWAY,(470) 490-1000,Acute Care Hospitals,Voluntary non-profit - Private,267,99
110030,PIEDMONT CARTERSVILLE MEDICAL CENTER,960 JOE FRANK HARRIS PARKWAY,(470) 490-1000,Acute Care Hospitals,Voluntary non-profit - Private,303,63
110030,PIEDMONT CARTERSVILLE MEDICAL CENTER,960 JOE FRANK HARRIS PARKWAY,(470) 490-1000,Acute Care Hospitals,Voluntary non-profit - Private,283,83
110030,PIEDMONT CARTERSVILLE MEDICAL CENTER,960 JOE FRANK HARRIS PARKWAY,(470) 490-1000,Acute Care Hospitals,Voluntary non-profit - Private,219,147
110030,PIEDMONT CARTERSVILLE MEDICAL CENTER,960 JOE FRANK HARRIS PARKWAY,(470) 490-1000,Acute Care Hospitals,Voluntary non-profit - Private,225,141
110030,PIEDMONT CARTERSVILLE MEDICAL CENTER,960 JOE FRANK HARRIS PARKWAY,(470) 490-1000,Acute Care Hospitals,Voluntary non-profit - Private,308,58
110030,PIEDMONT CARTERSVILLE MEDICAL CENTER,960 JOE FRANK HARRIS PARKWAY,(470) 490-1000,Acute Care Hospitals,Voluntary non-profit - Private,224,142
110030,PIEDMONT CARTERSVILLE MEDICAL CENTER,960 JOE FRANK HARRIS PARKWAY,(470) 490-1000,Acute Care Hospitals,Voluntary non-profit - Private,235,131
110030,PIEDMONT CARTERSVILLE MEDICAL CENTER,960 JOE FRANK HARRIS PARKWAY,(470) 490-1000,Acute Care Hospitals,Voluntary non-profit - Private,296,70
110030,PIEDMONT CARTERSVILLE MEDICAL CENTER,960 JOE FRANK HARRIS PARKWAY,(470) 490-1000,Acute Care Hospitals,Voluntary non-profit - Private,323,43
110030,PIEDMONT CARTERSVILLE MEDICAL CENTER,960 JOE FRANK HARRIS PARKWAY,(470) 490-1000,Acute Care Hospitals,Voluntary non-profit - Private,322,44
110030,PIEDMONT CARTERSVILLE MEDICAL CENTER,960 JOE FRANK HARRIS PARKWAY,(470) 490-1000,Acute Care Hospitals,Voluntary non-profit - Private,294,72
110030,PIEDMONT CARTERSVILLE MEDICAL CENTER,960 JOE FRANK HARRIS PARKWAY,(470) 490-1000,Acute Care Hospitals,Voluntary non-profit - Private,257,109
110030,PIEDMONT CARTERSVILLE MEDICAL CENTER,960 JOE FRANK HARRIS PARKWAY,(470) 490-1000,Acute Care Hospitals,Voluntary non-profit - Private,333,33
110030,PIEDMONT CARTERSVILLE MEDICAL CENTER,960 JOE FRANK HARRIS PARKWAY,(470) 490-1000,Acute Care Hospitals,Voluntary non-profit - Private,227,139
110030,PIEDMONT CARTERSVILLE MEDICAL CENTER,960 JOE FRANK HARRIS PARKWAY,(470) 490-1000,Acute Care Hospitals,Voluntary non-profit - Private,240,126
110030,PIEDMONT CARTERSVILLE MEDICAL CENTER,960 JOE FRANK HARRIS PARKWAY,(470) 490-1000,Acute Care Hospitals,Voluntary non-profit - Private,345,21
110030,PIEDMONT CARTERSVILLE MEDICAL CENTER,960 JOE FRANK HARRIS PARKWAY,(470) 490-1000,Acute Care Hospitals,Voluntary non-profit - Private,257,109
110030,PIEDMONT CARTERSVILLE MEDICAL CENTER,960 JOE FRANK HARRIS PARKWAY,(470) 490-1000,Acute Care Hospitals,Voluntary non-profit - Private,309,57
110030,PIEDMONT CARTERSVILLE MEDICAL CENTER,960 JOE FRANK HARRIS PARKWAY,(470) 490-1000,Acute Care Hospitals,Voluntary non-profit - Private,279,87
110030,PIEDMONT CARTERSVILLE MEDICAL CENTER,960 JOE FRANK HARRIS PARKWAY,(470) 490-1000,Acute Care Hospitals,Voluntary non-profit - Private,330,36
110030,PIEDMONT CARTERSVILLE MEDICAL CENTER,960 JOE FRANK HARRIS PARKWAY,(470) 490-1000,Acute Care Hospitals,Voluntary non-profit - Private,311,55
110030,PIEDMONT CARTERSVILLE MEDICAL CENTER,960 JOE FRANK HARRIS PARKWAY,(470) 490-1000,Acute Care Hospitals,Voluntary non-profit - Private,267,99
110030,PIEDMONT CARTERSVILLE MEDICAL CENTER,960 JOE FRANK HARRIS PARKWAY,(470) 490-1000,Acute Care Hospitals,Voluntary non-profit - Private,228,138
110030,PIEDMONT CARTERSVILLE MEDICAL CENTER,960 JOE FRANK HARRIS PARKWAY,(470) 490-1000,Acute Care Hospitals,Voluntary non-profit - Private,252,114
110030,PIEDMONT CARTERSVILLE MEDICAL CENTER,960 JOE FRANK HARRIS PARKWAY,(470) 490-1000,Acute Care Hospitals,Voluntary non-profit - Private,296,70
110030,PIEDMONT CARTERSVILLE MEDICAL CENTER,960 JOE FRANK HARRIS PARKWAY,(470) 490-1000,Acute Care Hospitals,Voluntary non-profit - Private,241,125
110030,PIEDMONT CARTERSVILLE MEDICAL CENTER,960 JOE FRANK HARRIS PARKWAY,(470) 490-1000,Acute Care Hospitals,Voluntary non-profit - Private,303,63
110030,PIEDMONT CARTERSVILLE MEDICAL CENTER,960 JOE FRANK HARRIS PARKWAY,(470) 490-1000,Acute Care Hospitals,Voluntary non-profit - Private,237,129
110030,PIEDMONT CARTERSVILLE MEDICAL CENTER,960 JOE FRANK HARRIS PARKWAY,(470) 490-1000,Acute Care Hospitals,Voluntary non-profit - Private,244,122
110030,PIEDMONT CARTERSVILLE MEDICAL CENTER,960 JOE FRANK HARRIS PARKWAY,(470) 490-1000,Acute Care Hospitals,Voluntary non-profit - Private,242,124
110030,PIEDMONT CARTERSVILLE MEDICAL CENTER,960 JOE FRANK HARRIS PARKWAY,(470) 490-1000,Acute Care Hospitals,Voluntary non-profit - Private,249,117
110030,PIEDMONT CARTERSVILLE MEDICAL CENTER,960 JOE FRANK HARRIS PARKWAY,(470) 490-1000,Acute Care Hospitals,Voluntary non-profit - Private,235,131
110030,PIEDMONT CARTERSVILLE MEDICAL CENTER,960 JOE FRANK HARRIS PARKWAY,(470) 490-1000,Acute Care Hospitals,Voluntary non-profit - Private,243,123
110030,PIEDMONT CARTERSVILLE MEDICAL CENTER,960 JOE FRANK HARRIS PARKWAY,(470) 490-1000,Acute Care Hospitals,Voluntary non-profit - Private,272,94
110030,PIEDMONT CARTERSVILLE MEDICAL CENTER,960 JOE FRANK HARRIS PARKWAY,(470) 490-1000,Acute Care Hospitals,Voluntary non-profit - Private,278,88
110030,PIEDMONT CARTERSVILLE MEDICAL CENTER,960 JOE FRANK HARRIS PARKWAY,(470) 490-1000,Acute Care Hospitals,Voluntary non-profit - Private,278,88
110030,PIEDMONT CARTERSVILLE MEDICAL CENTER,960 JOE FRANK HARRIS PARKWAY,(470) 490-1000,Acute Care Hospitals,Voluntary non-profit - Private,344,22
110030,PIEDMONT CARTERSVILLE MEDICAL CENTER,960 JOE FRANK HARRIS PARKWAY,(470) 490-1000,Acute Care Hospitals,Voluntary non-profit - Private,265,101
110030,PIEDMONT CARTERSVILLE MEDICAL CENTER,960 JOE FRANK HARRIS PARKWAY,(470) 490-1000,Acute Care Hospitals,Voluntary non-profit - Private,275,91
110030,PIEDMONT CARTERSVILLE MEDICAL CENTER,960 JOE FRANK HARRIS PARKWAY,(470) 490-1000,Acute Care Hospitals,Voluntary non-profit - Private,257,109
110030,PIEDMONT CARTERSVILLE MEDICAL CENTER,960 JOE FRANK HARRIS PARKWAY,(470) 490-1000,Acute Care Hospitals,Voluntary non-profit - Private,257,109
110030,PIEDMONT CARTERSVILLE MEDICAL CENTER,960 JOE FRANK HARRIS PARKWAY,(470) 490-1000,Acute Care Hospitals,Voluntary non-profit - Private,233,133
110030,PIEDMONT CARTERSVILLE MEDICAL CENTER,960 JOE FRANK HARRIS PARKWAY,(470) 490-1000,Acute Care Hospitals,Voluntary non-profit - Private,263,103
110030,PIEDMONT CARTERSVILLE MEDICAL CENTER,960 JOE FRANK HARRIS PARKWAY,(470) 490-1000,Acute Care Hospitals,Voluntary non-profit - Private,334,32
110030,PIEDMONT CARTERSVILLE MEDICAL CENTER,960 JOE FRANK HARRIS PARKWAY,(470) 490-1000,Acute Care Hospitals,Voluntary non-profit - Private,246,120
110030,PIEDMONT CARTERSVILLE MEDICAL CENTER,960 JOE FRANK HARRIS PARKWAY,(470) 490-1000,Acute Care Hospitals,Voluntary non-profit - Private,221,145
110030,PIEDMONT CARTERSVILLE MEDICAL CENTER,960 JOE FRANK HARRIS PARKWAY,(470) 490-1000,Acute Care Hospitals,Voluntary non-profit - Private,323,43
110030,PIEDMONT CARTERSVILLE MEDICAL CENTER,960 JOE FRANK HARRIS PARKWAY,(470) 490-1000,Acute Care Hospitals,Voluntary non-profit - Private,238,128
110030,PIEDMONT CARTERSVILLE MEDICAL CENTER,960 JOE FRANK HARRIS PARKWAY,(470) 490-1000,Acute Care Hospitals,Voluntary non-profit - Private,286,80
110030,PIEDMONT CARTERSVILLE MEDICAL CENTER,960 JOE FRANK HARRIS PARKWAY,(470) 490-1000,Acute Care Hospitals,Voluntary non-profit - Private,326,40
110030,PIEDMONT CARTERSVILLE MEDICAL CENTER,960 JOE FRANK HARRIS PARKWAY,(470) 490-1000,Acute Care Hospitals,Voluntary non-profit - Private,336,30
110030,PIEDMONT CARTERSVILLE MEDICAL CENTER,960 JOE FRANK HARRIS PARKWAY,(470) 490-1000,Acute Care Hospitals,Voluntary non-profit - Private,234,132
110030,PIEDMONT CARTERSVILLE MEDICAL CENTER,960 JOE FRANK HARRIS PARKWAY,(470) 490-1000,Acute Care Hospitals,Voluntary non-profit - Private,274,92
110030,PIEDMONT CARTERSVILLE MEDICAL CENTER,960 JOE FRANK HARRIS PARKWAY,(470) 490-1000,Acute Care Hospitals,Voluntary non-profit - Private,297,69
110030,PIEDMONT CARTERSVILLE MEDICAL CENTER,960 JOE FRANK HARRIS PARKWAY,(470) 490-1000,Acute Care Hospitals,Voluntary non-profit - Private,310,56
110030,PIEDMONT CARTERSVILLE MEDICAL CENTER,960 JOE FRANK HARRIS PARKWAY,(470) 490-1000,Acute Care Hospitals,Voluntary non-profit - Private,279,87
110030,PIEDMONT CARTERSVILLE MEDICAL CENTER,960 JOE FRANK HARRIS PARKWAY,(470) 490-1000,Acute Care Hospitals,Voluntary non-profit - Private,305,61
110030,PIEDMONT CARTERSVILLE MEDICAL CENTER,960 JOE FRANK HARRIS PARKWAY,(470) 490-1000,Acute Care Hospitals,Voluntary non-profit - Private,302,64
110030,PIEDMONT CARTERSVILLE MEDICAL CENTER,960 JOE FRANK HARRIS PARKWAY,(470) 490-1000,Acute Care Hospitals,Voluntary non-profit - Private,329,37
110030,PIEDMONT CARTERSVILLE MEDICAL CENTER,960 JOE FRANK HARRIS PARKWAY,(470) 490-1000,Acute Care Hospitals,Voluntary non-profit - Private,281,85
110030,PIEDMONT CARTERSVILLE MEDICAL CENTER,960 JOE FRANK HARRIS PARKWAY,(470) 490-1000,Acute Care Hospitals,Voluntary non-profit - Private,321,45
110030,PIEDMONT CARTERSVILLE MEDICAL CENTER,960 JOE FRANK HARRIS PARKWAY,(470) 490-1000,Acute Care Hospitals,Voluntary non-profit - Private,290,76
110030,PIEDMONT CARTERSVILLE MEDICAL CENTER,960 JOE FRANK HARRIS PARKWAY,(470) 490-1000,Acute Care Hospitals,Voluntary non-profit - Private,241,125
110030,PIEDMONT CARTERSVILLE MEDICAL CENTER,960 JOE FRANK HARRIS PARKWAY,(470) 490-1000,Acute Care Hospitals,Voluntary non-profit - Private,263,103
110030,PIEDMONT CARTERSVILLE MEDICAL CENTER,960 JOE FRANK HARRIS PARKWAY,(470) 490-1000,Acute Care Hospitals,Voluntary non-profit - Private,313,53
110030,PIEDMONT CARTERSVILLE MEDICAL CENTER,960 JOE FRANK HARRIS PARKWAY,(470) 490-1000,Acute Care Hospitals,Voluntary non-profit - Private,303,63
110030,PIEDMONT CARTERSVILLE MEDICAL CENTER,960 JOE FRANK HARRIS PARKWAY,(470) 490-1000,Acute Care Hospitals,Voluntary non-profit - Private,315,51
110030,PIEDMONT CARTERSVILLE MEDICAL CENTER,960 JOE FRANK HARRIS PARKWAY,(470) 490-1000,Acute Care Hospitals,Voluntary non-profit - Private,241,125
110030,PIEDMONT CARTERSVILLE MEDICAL CENTER,960 JOE FRANK HARRIS PARKWAY,(470) 490-1000,Acute Care Hospitals,Voluntary non-profit - Private,266,100
110030,PIEDMONT CARTERSVILLE MEDICAL CENTER,960 JOE FRANK HARRIS PARKWAY,(470) 490-1000,Acute Care Hospitals,Voluntary non-profit - Private,303,63
110030,PIEDMONT CARTERSVILLE MEDICAL CENTER,960 JOE FRANK HARRIS PARKWAY,(470) 490-1000,Acute Care Hospitals,Voluntary non-profit - Private,313,53
110030,PIEDMONT CARTERSVILLE MEDICAL CENTER,960 JOE FRANK HARRIS PARKWAY,(470) 490-1000,Acute Care Hospitals,Voluntary non-profit - Private,261,105
110030,PIEDMONT CARTERSVILLE MEDICAL CENTER,960 JOE FRANK HARRIS PARKWAY,(470) 490-1000,Acute Care Hospitals,Voluntary non-profit - Private,277,89
110030,PIEDMONT CARTERSVILLE MEDICAL CENTER,960 JOE FRANK HARRIS PARKWAY,(470) 490-1000,Acute Care Hospitals,Voluntary non-profit - Private,302,64
110030,PIEDMONT CARTERSVILLE MEDICAL CENTER,960 JOE FRANK HARRIS PARKWAY,(470) 490-1000,Acute Care Hospitals,Voluntary non-profit - Private,228,138
110030,PIEDMONT CARTERSVILLE MEDICAL CENTER,960 JOE FRANK HARRIS PARKWAY,(470) 490-1000,Acute Care Hospitals,Voluntary non-profit - Private,238,128
110030,PIEDMONT CARTERSVILLE MEDICAL CENTER,960 JOE FRANK HARRIS PARKWAY,(470) 490-1000,Acute Care Hospitals,Voluntary non-profit - Private,290,76
110030,PIEDMONT CARTERSVILLE MEDICAL CENTER,960 JOE FRANK HARRIS PARKWAY,(470) 490-1000,Acute Care Hospitals,Voluntary non-profit - Private,235,131
110030,PIEDMONT CARTERSVILLE MEDICAL CENTER,960 JOE FRANK HARRIS PARKWAY,(470) 490-1000,Acute Care Hospitals,Voluntary non-profit - Private,245,121
110030,PIEDMONT CARTERSVILLE MEDICAL CENTER,960 JOE FRANK HARRIS PARKWAY,(470) 490-1000,Acute Care Hospitals,Voluntary non-profit - Private,336,30
110030,PIEDMONT CARTERSVILLE MEDICAL CENTER,960 JOE FRANK HARRIS PARKWAY,(470) 490-1000,Acute Care Hospitals,Voluntary non-profit - Private,250,116
110030,PIEDMONT CARTERSVILLE MEDICAL CENTER,960 JOE FRANK HARRIS PARKWAY,(470) 490-1000,Acute Care Hospitals,Voluntary non-profit - Private,308,58
110030,PIEDMONT CARTERSVILLE MEDICAL CENTER,960 JOE FRANK HARRIS PARKWAY,(470) 490-1000,Acute Care Hospitals,Voluntary non-profit - Private,311,55
110030,PIEDMONT CARTERSVILLE MEDICAL CENTER,960 JOE FRANK HARRIS PARKWAY,(470) 490-1000,Acute Care Hospitals,Voluntary non-profit - Private,258,108
110030,PIEDMONT CARTERSVILLE MEDICAL CENTER,960 JOE FRANK HARRIS PARKWAY,(470) 490-1000,Acute Care Hospitals,Voluntary non-profit - Private,286,80
110030,PIEDMONT CARTERSVILLE MEDICAL CENTER,960 JOE FRANK HARRIS PARKWAY,(470) 490-1000,Acute Care Hospitals,Voluntary non-profit - Private,272,94
110030,PIEDMONT CARTERSVILLE MEDICAL CENTER,960 JOE FRANK HARRIS PARKWAY,(470) 490-1000,Acute Care Hospitals,Voluntary non-profit - Private,335,31
110030,PIEDMONT CARTERSVILLE MEDICAL CENTER,960 JOE FRANK HARRIS PARKWAY,(470) 490-1000,Acute Care Hospitals,Voluntary non-profit - Private,309,57
110030,PIEDMONT CARTERSVILLE MEDICAL CENTER,960 JOE FRANK HARRIS PARKWAY,(470) 490-1000,Acute Care Hospitals,Voluntary non-profit - Private,223,143
110030,PIEDMONT CARTERSVILLE MEDICAL CENTER,960 JOE FRANK HARRIS PARKWAY,(470) 490-1000,Acute Care Hospitals,Voluntary non-profit - Private,285,81
110030,PIEDMONT CARTERSVILLE MEDICAL CENTER,960 JOE FRANK HARRIS PARKWAY,(470) 490-1000,Acute Care Hospitals,Voluntary non-profit - Private,305,61
110030,PIEDMONT CARTERSVILLE MEDICAL CENTER,960 JOE FRANK HARRIS PARKWAY,(470) 490-1000,Acute Care Hospitals,Voluntary non-profit - Private,344,22
110030,PIEDMONT CARTERSVILLE MEDICAL CENTER,960 JOE FRANK HARRIS PARKWAY,(470) 490-1000,Acute Care Hospitals,Voluntary non-profit - Private,269,97
110030,PIEDMONT CARTERSVILLE MEDICAL CENTER,960 JOE FRANK HARRIS PARKWAY,(470) 490-1000,Acute Care Hospitals,Voluntary non-profit - Private,245,121
110030,PIEDMONT CARTERSVILLE MEDICAL CENTER,960 JOE FRANK HARRIS PARKWAY,(470) 490-1000,Acute Care Hospitals,Voluntary non-profit - Private,262,104
110030,PIEDMONT CARTERSVILLE MEDICAL CENTER,960 JOE FRANK HARRIS PARKWAY,(470) 490-1000,Acute Care Hospitals,Voluntary non-profit - Private,294,72
110030,PIEDMONT CARTERSVILLE MEDICAL CENTER,960 JOE FRANK HARRIS PARKWAY,(470) 490-1000,Acute Care Hospitals,Voluntary non-profit - Private,308,58
110030,PIEDMONT CARTERSVILLE MEDICAL CENTER,960 JOE FRANK HARRIS PARKWAY,(470) 490-1000,Acute Care Hospitals,Voluntary non-profit - Private,295,71
110030,PIEDMONT CARTERSVILLE MEDICAL CENTER,960 JOE FRANK HARRIS PARKWAY,(470) 490-1000,Acute Care Hospitals,Voluntary non-profit - Private,225,141
110030,PIEDMONT CARTERSVILLE MEDICAL CENTER,960 JOE FRANK HARRIS PARKWAY,(470) 490-1000,Acute Care Hospitals,Voluntary non-profit - Private,244,122
110030,PIEDMONT CARTERSVILLE MEDICAL CENTER,960 JOE FRANK HARRIS PARKWAY,(470) 490-1000,Acute Care Hospitals,Voluntary non-profit - Private,250,116
110030,PIEDMONT CARTERSVILLE MEDICAL CENTER,960 JOE FRANK HARRIS PARKWAY,(470) 490-1000,Acute Care Hospitals,Voluntary non-profit - Private,223,143
110030,PIEDMONT CARTERSVILLE MEDICAL CENTER,960 JOE FRANK HARRIS PARKWAY,(470) 490-1000,Acute Care Hospitals,Voluntary non-profit - Private,261,105
110030,PIEDMONT CARTERSVILLE MEDICAL CENTER,960 JOE FRANK HARRIS PARKWAY,(470) 490-1000,Acute Care Hospitals,Voluntary non-profit - Private,305,61
110030,PIEDMONT CARTERSVILLE MEDICAL CENTER,960 JOE FRANK HARRIS PARKWAY,(470) 490-1000,Acute Care Hospitals,Voluntary non-profit - Private,334,32
110030,PIEDMONT CARTERSVILLE MEDICAL CENTER,960 JOE FRANK HARRIS PARKWAY,(470) 490-1000,Acute Care Hospitals,Voluntary non-profit - Private,337,29
110030,PIEDMONT CARTERSVILLE MEDICAL CENTER,960 JOE FRANK HARRIS PARKWAY,(470) 490-1000,Acute Care Hospitals,Voluntary non-profit - Private,303,63
110030,PIEDMONT CARTERSVILLE MEDICAL CENTER,960 JOE FRANK HARRIS PARKWAY,(470) 490-1000,Acute Care Hospitals,Voluntary non-profit - Private,268,98
110030,PIEDMONT CARTERSVILLE MEDICAL CENTER,960 JOE FRANK HARRIS PARKWAY,(470) 490-1000,Acute Care Hospitals,Voluntary non-profit - Private,238,128
110030,PIEDMONT CARTERSVILLE MEDICAL CENTER,960 JOE FRANK HARRIS PARKWAY,(470) 490-1000,Acute Care Hospitals,Voluntary non-profit - Private,241,125
110030,PIEDMONT CARTERSVILLE MEDICAL CENTER,960 JOE FRANK HARRIS PARKWAY,(470) 490-1000,Acute Care Hospitals,Voluntary non-profit - Private,317,49
110030,PIEDMONT CARTERSVILLE MEDICAL CENTER,960 JOE FRANK HARRIS PARKWAY,(470) 490-1000,Acute Care Hospitals,Voluntary non-profit - Private,235,131
110030,PIEDMONT CARTERSVILLE MEDICAL CENTER,960 JOE FRANK HARRIS PARKWAY,(470) 490-1000,Acute Care Hospitals,Voluntary non-profit - Private,283,83
110030,PIEDMONT CARTERSVILLE MEDICAL CENTER,960 JOE FRANK HARRIS PARKWAY,(470) 490-1000,Acute Care Hospitals,Voluntary non-profit - Private,261,105
110030,PIEDMONT CARTERSVILLE MEDICAL CENTER,960 JOE FRANK HARRIS PARKWAY,(470) 490-1000,Acute Care Hospitals,Voluntary non-profit - Private,320,46
110030,PIEDMONT CARTERSVILLE MEDICAL CENTER,960 JOE FRANK HARRIS PARKWAY,(470) 490-1000,Acute Care Hospitals,Voluntary non-profit - Private,317,49
110030,PIEDMONT CARTERSVILLE MEDICAL CENTER,960 JOE FRANK HARRIS PARKWAY,(470) 490-1000,Acute Care Hospitals,Voluntary non-profit - Private,318,48
110030,PIEDMONT CARTERSVILLE MEDICAL CENTER,960 JOE FRANK HARRIS PARKWAY,(470) 490-1000,Acute Care Hospitals,Voluntary non-profit - Private,300,66
110030,PIEDMONT CARTERSVILLE MEDICAL CENTER,960 JOE FRANK HARRIS PARKWAY,(470) 490-1000,Acute Care Hospitals,Voluntary non-profit - Private,334,32
110030,PIEDMONT CARTERSVILLE MEDICAL CENTER,960 JOE FRANK HARRIS PARKWAY,(470) 490-1000,Acute Care Hospitals,Voluntary non-profit - Private,285,81
110030,PIEDMONT CARTERSVILLE MEDICAL CENTER,960 JOE FRANK HARRIS PARKWAY,(470) 490-1000,Acute Care Hospitals,Voluntary non-profit - Private,306,60
110030,PIEDMONT CARTERSVILLE MEDICAL CENTER,960 JOE FRANK HARRIS PARKWAY,(470) 490-1000,Acute Care Hospitals,Voluntary non-profit - Private,337,29
110030,PIEDMONT CARTERSVILLE MEDICAL CENTER,960 JOE FRANK HARRIS PARKWAY,(470) 490-1000,Acute Care Hospitals,Voluntary non-profit - Private,328,38
110030,PIEDMONT CARTERSVILLE MEDICAL CENTER,960 JOE FRANK HARRIS PARKWAY,(470) 490-1000,Acute Care Hospitals,Voluntary non-profit - Private,280,86
110030,PIEDMONT CARTERSVILLE MEDICAL CENTER,960 JOE FRANK HARRIS PARKWAY,(470) 490-1000,Acute Care Hospitals,Voluntary non-profit - Private,267,99
110030,PIEDMONT CARTERSVILLE MEDICAL CENTER,960 JOE FRANK HARRIS PARKWAY,(470) 490-1000,Acute Care Hospitals,Voluntary non-profit - Private,293,73
110030,PIEDMONT CARTERSVILLE MEDICAL CENTER,960 JOE FRANK HARRIS PARKWAY,(470) 490-1000,Acute Care Hospitals,Voluntary non-profit - Private,244,122
110030,PIEDMONT CARTERSVILLE MEDICAL CENTER,960 JOE FRANK HARRIS PARKWAY,(470) 490-1000,Acute Care Hospitals,Voluntary non-profit - Private,236,130
110030,PIEDMONT CARTERSVILLE MEDICAL CENTER,960 JOE FRANK HARRIS PARKWAY,(470) 490-1000,Acute Care Hospitals,Voluntary non-profit - Private,297,69
110030,PIEDMONT CARTERSVILLE MEDICAL CENTER,960 JOE FRANK HARRIS PARKWAY,(470) 490-1000,Acute Care Hospitals,Voluntary non-profit - Private,292,74
110030,PIEDMONT CARTERSVILLE MEDICAL CENTER,960 JOE FRANK HARRIS PARKWAY,(470) 490-1000,Acute Care Hospitals,Voluntary non-profit - Private,237,129
110030,PIEDMONT CARTERSVILLE MEDICAL CENTER,960 JOE FRANK HARRIS PARKWAY,(470) 490-1000,Acute Care Hospitals,Voluntary non-profit - Private,276,90
110030,PIEDMONT CARTERSVILLE MEDICAL CENTER,960 JOE FRANK HARRIS PARKWAY,(470) 490-1000,Acute Care Hospitals,Voluntary non-profit - Private,288,78
110030,PIEDMONT CARTERSVILLE MEDICAL CENTER,960 JOE FRANK HARRIS PARKWAY,(470) 490-1000,Acute Care Hospitals,Voluntary non-profit - Private,333,33
110030,PIEDMONT CARTERSVILLE MEDICAL CENTER,960 JOE FRANK HARRIS PARKWAY,(470) 490-1000,Acute Care Hospitals,Voluntary non-profit - Private,344,22
110030,PIEDMONT CARTERSVILLE MEDICAL CENTER,960 JOE FRANK HARRIS PARKWAY,(470) 490-1000,Acute Care Hospitals,Voluntary non-profit - Private,232,134
110030,PIEDMONT CARTERSVILLE MEDICAL CENTER,960 JOE FRANK HARRIS PARKWAY,(470) 490-1000,Acute Care Hospitals,Voluntary non-profit - Private,332,34
110030,PIEDMONT CARTERSVILLE MEDICAL CENTER,960 JOE FRANK HARRIS PARKWAY,(470) 490-1000,Acute Care Hospitals,Voluntary non-profit - Private,277,89
110030,PIEDMONT CARTERSVILLE MEDICAL CENTER,960 JOE FRANK HARRIS PARKWAY,(470) 490-1000,Acute Care Hospitals,Voluntary non-profit - Private,225,141
110030,PIEDMONT CARTERSVILLE MEDICAL CENTER,960 JOE FRANK HARRIS PARKWAY,(470) 490-1000,Acute Care Hospitals,Voluntary non-profit - Private,220,146
110030,PIEDMONT CARTERSVILLE MEDICAL CENTER,960 JOE FRANK HARRIS PARKWAY,(470) 490-1000,Acute Care Hospitals,Voluntary non-profit - Private,333,33
110030,PIEDMONT CARTERSVILLE MEDICAL CENTER,960 JOE FRANK HARRIS PARKWAY,(470) 490-1000,Acute Care Hospitals,Voluntary non-profit - Private,302,64
110030,PIEDMONT CARTERSVILLE MEDICAL CENTER,960 JOE FRANK HARRIS PARKWAY,(470) 490-1000,Acute Care Hospitals,Voluntary non-profit - Private,235,131
110030,PIEDMONT CARTERSVILLE MEDICAL CENTER,960 JOE FRANK HARRIS PARKWAY,(470) 490-1000,Acute Care Hospitals,Voluntary non-profit - Private,330,36
110030,PIEDMONT CARTERSVILLE MEDICAL CENTER,960 JOE FRANK HARRIS PARKWAY,(470) 490-1000,Acute Care Hospitals,Voluntary non-profit - Private,293,73
110030,PIEDMONT CARTERSVILLE MEDICAL CENTER,960 JOE FRANK HARRIS PARKWAY,(470) 490-1000,Acute Care Hospitals,Voluntary non-profit - Private,279,87
110030,PIEDMONT CARTERSVILLE MEDICAL CENTER,960 JOE FRANK HARRIS PARKWAY,(470) 490-1000,Acute Care Hospitals,Voluntary non-profit - Private,284,82
110030,PIEDMONT CARTERSVILLE MEDICAL CENTER,960 JOE FRANK HARRIS PARKWAY,(470) 490-1000,Acute Care Hospitals,Voluntary non-profit - Private,261,105
110030,PIEDMONT CARTERSVILLE MEDICAL CENTER,960 JOE FRANK HARRIS PARKWAY,(470) 490-1000,Acute Care Hospitals,Voluntary non-profit - Private,296,70
110030,PIEDMONT CARTERSVILLE MEDICAL CENTER,960 JOE FRANK HARRIS PARKWAY,(470) 490-1000,Acute Care Hospitals,Voluntary non-profit - Private,251,115
110030,PIEDMONT CARTERSVILLE MEDICAL CENTER,960 JOE FRANK HARRIS PARKWAY,(470) 490-1000,Acute Care Hospitals,Voluntary non-profit - Private,221,145
110030,PIEDMONT CARTERSVILLE MEDICAL CENTER,960 JOE FRANK HARRIS PARKWAY,(470) 490-1000,Acute Care Hospitals,Voluntary non-profit - Private,323,43
110030,PIEDMONT CARTERSVILLE MEDICAL CENTER,960 JOE FRANK HARRIS PARKWAY,(470) 490-1000,Acute Care Hospitals,Voluntary non-profit - Private,285,81
110030,PIEDMONT CARTERSVILLE MEDICAL CENTER,960 JOE FRANK HARRIS PARKWAY,(470) 490-1000,Acute Care Hospitals,Voluntary non-profit - Private,270,96
110030,PIEDMONT CARTERSVILLE MEDICAL CENTER,960 JOE FRANK HARRIS PARKWAY,(470) 490-1000,Acute Care Hospitals,Voluntary non-profit - Private,227,139
110030,PIEDMONT CARTERSVILLE MEDICAL CENTER,960 JOE FRANK HARRIS PARKWAY,(470) 490-1000,Acute Care Hospitals,Voluntary non-profit - Private,299,67
110030,PIEDMONT CARTERSVILLE MEDICAL CENTER,960 JOE FRANK HARRIS PARKWAY,(470) 490-1000,Acute Care Hospitals,Voluntary non-profit - Private,256,110
110030,PIEDMONT CARTERSVILLE MEDICAL CENTER,960 JOE FRANK HARRIS PARKWAY,(470) 490-1000,Acute Care Hospitals,Voluntary non-profit - Private,341,25
110030,PIEDMONT CARTERSVILLE MEDICAL CENTER,960 JOE FRANK HARRIS PARKWAY,(470) 490-1000,Acute Care Hospitals,Voluntary non-profit - Private,319,47
110030,PIEDMONT CARTERSVILLE MEDICAL CENTER,960 JOE FRANK HARRIS PARKWAY,(470) 490-1000,Acute Care Hospitals,Voluntary non-profit - Private,240,126
110030,PIEDMONT CARTERSVILLE MEDICAL CENTER,960 JOE FRANK HARRIS PARKWAY,(470) 490-1000,Acute Care Hospitals,Voluntary non-profit - Private,247,119
110030,PIEDMONT CARTERSVILLE MEDICAL CENTER,960 JOE FRANK HARRIS PARKWAY,(470) 490-1000,Acute Care Hospitals,Voluntary non-profit - Private,336,30
110030,PIEDMONT CARTERSVILLE MEDICAL CENTER,960 JOE FRANK HARRIS PARKWAY,(470) 490-1000,Acute Care Hospitals,Voluntary non-profit - Private,282,84
110030,PIEDMONT CARTERSVILLE MEDICAL CENTER,960 JOE FRANK HARRIS PARKWAY,(470) 490-1000,Acute Care Hospitals,Voluntary non-profit - Private,244,122
110030,PIEDMONT CARTERSVILLE MEDICAL CENTER,960 JOE FRANK HARRIS PARKWAY,(470) 490-1000,Acute Care Hospitals,Voluntary non-profit - Private,231,135
110030,PIEDMONT CARTERSVILLE MEDICAL CENTER,960 JOE FRANK HARRIS PARKWAY,(470) 490-1000,Acute Care Hospitals,Voluntary non-profit - Private,253,113
110030,PIEDMONT CARTERSVILLE MEDICAL CENTER,960 JOE FRANK HARRIS PARKWAY,(470) 490-1000,Acute Care Hospitals,Voluntary non-profit - Private,337,29
110030,PIEDMONT CARTERSVILLE MEDICAL CENTER,960 JOE FRANK HARRIS PARKWAY,(470) 490-1000,Acute Care Hospitals,Voluntary non-profit - Private,284,82
110030,PIEDMONT CARTERSVILLE MEDICAL CENTER,960 JOE FRANK HARRIS PARKWAY,(470) 490-1000,Acute Care Hospitals,Voluntary non-profit - Private,339,27
110030,PIEDMONT CARTERSVILLE MEDICAL CENTER,960 JOE FRANK HARRIS PARKWAY,(470) 490-1000,Acute Care Hospitals,Voluntary non-profit - Private,220,146
110030,PIEDMONT CARTERSVILLE MEDICAL CENTER,960 JOE FRANK HARRIS PARKWAY,(470) 490-1000,Acute Care Hospitals,Voluntary non-profit - Private,320,46
110030,PIEDMONT CARTERSVILLE MEDICAL CENTER,960 JOE FRANK HARRIS PARKWAY,(470) 490-1000,Acute Care Hospitals,Voluntary non-profit - Private,232,134
110030,PIEDMONT CARTERSVILLE MEDICAL CENTER,960 JOE FRANK HARRIS PARKWAY,(470) 490-1000,Acute Care Hospitals,Voluntary non-profit - Private,344,22
110030,PIEDMONT CARTERSVILLE MEDICAL CENTER,960 JOE FRANK HARRIS PARKWAY,(470) 490-1000,Acute Care Hospitals,Voluntary non-profit - Private,283,83
110030,PIEDMONT CARTERSVILLE MEDICAL CENTER,960 JOE FRANK HARRIS PARKWAY,(470) 490-1000,Acute Care Hospitals,Voluntary non-profit - Private,343,23
110030,PIEDMONT CARTERSVILLE MEDICAL CENTER,960 JOE FRANK HARRIS PARKWAY,(470) 490-1000,Acute Care Hospitals,Voluntary non-profit - Private,258,108
110030,PIEDMONT CARTERSVILLE MEDICAL CENTER,960 JOE FRANK HARRIS PARKWAY,(470) 490-1000,Acute Care Hospitals,Voluntary non-profit - Private,302,64
110030,PIEDMONT CARTERSVILLE MEDICAL CENTER,960 JOE FRANK HARRIS PARKWAY,(470) 490-1000,Acute Care Hospitals,Voluntary non-profit - Private,297,69
110030,PIEDMONT CARTERSVILLE MEDICAL CENTER,960 JOE FRANK HARRIS PARKWAY,(470) 490-1000,Acute Care Hospitals,Voluntary non-profit - Private,303,63
110030,PIEDMONT CARTERSVILLE MEDICAL CENTER,960 JOE FRANK HARRIS PARKWAY,(470) 490-1000,Acute Care Hospitals,Voluntary non-profit - Private,305,61
110030,PIEDMONT CARTERSVILLE MEDICAL CENTER,960 JOE FRANK HARRIS PARKWAY,(470) 490-1000,Acute Care Hospitals,Voluntary non-profit - Private,304,62
110030,PIEDMONT CARTERSVILLE MEDICAL CENTER,960 JOE FRANK HARRIS PARKWAY,(470) 490-1000,Acute Care Hospitals,Voluntary non-profit - Private,301,65
110030,PIEDMONT CARTERSVILLE MEDICAL CENTER,960 JOE FRANK HARRIS PARKWAY,(470) 490-1000,Acute Care Hospitals,Voluntary non-profit - Private,220,146
110030,PIEDMONT CARTERSVILLE MEDICAL CENTER,960 JOE FRANK HARRIS PARKWAY,(470) 490-1000,Acute Care Hospitals,Voluntary non-profit - Private,344,22
110030,PIEDMONT CARTERSVILLE MEDICAL CENTER,960 JOE FRANK HARRIS PARKWAY,(470) 490-1000,Acute Care Hospitals,Voluntary non-profit - Private,330,36
110030,PIEDMONT CARTERSVILLE MEDICAL CENTER,960 JOE FRANK HARRIS PARKWAY,(470) 490-1000,Acute Care Hospitals,Voluntary non-profit - Private,242,124
110030,PIEDMONT CARTERSVILLE MEDICAL CENTER,960 JOE FRANK HARRIS PARKWAY,(470) 490-1000,Acute Care Hospitals,Voluntary non-profit - Private,314,52
110030,PIEDMONT CARTERSVILLE MEDICAL CENTER,960 JOE FRANK HARRIS PARKWAY,(470) 490-1000,Acute Care Hospitals,Voluntary non-profit - Private,317,49
110030,PIEDMONT CARTERSVILLE MEDICAL CENTER,960 JOE FRANK HARRIS PARKWAY,(470) 490-1000,Acute Care Hospitals,Voluntary non-profit - Private,251,115
110030,PIEDMONT CARTERSVILLE MEDICAL CENTER,960 JOE FRANK HARRIS PARKWAY,(470) 490-1000,Acute Care Hospitals,Voluntary non-profit - Private,269,97
110030,PIEDMONT CARTERSVILLE MEDICAL CENTER,960 JOE FRANK HARRIS PARKWAY,(470) 490-1000,Acute Care Hospitals,Voluntary non-profit - Private,256,110
110030,PIEDMONT CARTERSVILLE MEDICAL CENTER,960 JOE FRANK HARRIS PARKWAY,(470) 490-1000,Acute Care Hospitals,Voluntary non-profit - Private,266,100
110030,PIEDMONT CARTERSVILLE MEDICAL CENTER,960 JOE FRANK HARRIS PARKWAY,(470) 490-1000,Acute Care Hospitals,Voluntary non-profit - Private,331,35
110030,PIEDMONT CARTERSVILLE MEDICAL CENTER,960 JOE FRANK HARRIS PARKWAY,(470) 490-1000,Acute Care Hospitals,Voluntary non-profit - Private,294,72
110030,PIEDMONT CARTERSVILLE MEDICAL CENTER,960 JOE FRANK HARRIS PARKWAY,(470) 490-1000,Acute Care Hospitals,Voluntary non-profit - Private,318,48
110030,PIEDMONT CARTERSVILLE MEDICAL CENTER,960 JOE FRANK HARRIS PARKWAY,(470) 490-1000,Acute Care Hospitals,Voluntary non-profit - Private,273,93
110030,PIEDMONT CARTERSVILLE MEDICAL CENTER,960 JOE FRANK HARRIS PARKWAY,(470) 490-1000,Acute Care Hospitals,Voluntary non-profit - Private,262,104
110030,PIEDMONT CARTERSVILLE MEDICAL CENTER,960 JOE FRANK HARRIS PARKWAY,(470) 490-1000,Acute Care Hospitals,Voluntary non-profit - Private,278,88
110030,PIEDMONT CARTERSVILLE MEDICAL CENTER,960 JOE FRANK HARRIS PARKWAY,(470) 490-1000,Acute Care Hospitals,Voluntary non-profit - Private,258,108
110030,PIEDMONT CARTERSVILLE MEDICAL CENTER,960 JOE FRANK HARRIS PARKWAY,(470) 490-1000,Acute Care Hospitals,Voluntary non-profit - Private,329,37
110030,PIEDMONT CARTERSVILLE MEDICAL CENTER,960 JOE FRANK HARRIS PARKWAY,(470) 490-1000,Acute Care Hospitals,Voluntary non-profit - Private,308,58
110030,PIEDMONT CARTERSVILLE MEDICAL CENTER,960 JOE FRANK HARRIS PARKWAY,(470) 490-1000,Acute Care Hospitals,Voluntary non-profit - Private,260,106
110030,PIEDMONT CARTERSVILLE MEDICAL CENTER,960 JOE FRANK HARRIS PARKWAY,(470) 490-1000,Acute Care Hospitals,Voluntary non-profit - Private,308,58
110030,PIEDMONT CARTERSVILLE MEDICAL CENTER,960 JOE FRANK HARRIS PARKWAY,(470) 490-1000,Acute Care Hospitals,Voluntary non-profit - Private,273,93
110030,PIEDMONT CARTERSVILLE MEDICAL CENTER,960 JOE FRANK HARRIS PARKWAY,(470) 490-1000,Acute Care Hospitals,Voluntary non-profit - Private,264,102
110030,PIEDMONT CARTERSVILLE MEDICAL CENTER,960 JOE FRANK HARRIS PARKWAY,(470) 490-1000,Acute Care Hospitals,Voluntary non-profit - Private,252,114
110030,PIEDMONT CARTERSVILLE MEDICAL CENTER,960 JOE FRANK HARRIS PARKWAY,(470) 490-1000,Acute Care Hospitals,Voluntary non-profit - Private,314,52
110030,PIEDMONT CARTERSVILLE MEDICAL CENTER,960 JOE FRANK HARRIS PARKWAY,(470) 490-1000,Acute Care Hospitals,Voluntary non-profit - Private,305,61
110030,PIEDMONT CARTERSVILLE MEDICAL CENTER,960 JOE FRANK HARRIS PARKWAY,(470) 490-1000,Acute Care Hospitals,Voluntary non-profit - Private,312,54
110030,PIEDMONT CARTERSVILLE MEDICAL CENTER,960 JOE FRANK HARRIS PARKWAY,(470) 490-1000,Acute Care Hospitals,Voluntary non-profit - Private,311,55
110030,PIEDMONT CARTERSVILLE MEDICAL CENTER,960 JOE FRANK HARRIS PARKWAY,(470) 490-1000,Acute Care Hospitals,Voluntary non-profit - Private,279,87
110030,PIEDMONT CARTERSVILLE MEDICAL CENTER,960 JOE FRANK HARRIS PARKWAY,(470) 490-1000,Acute Care Hospitals,Voluntary non-profit - Private,327,39
110030,PIEDMONT CARTERSVILLE MEDICAL CENTER,960 JOE FRANK HARRIS PARKWAY,(470) 490-1000,Acute Care Hospitals,Voluntary non-profit - Private,313,53
110030,PIEDMONT CARTERSVILLE MEDICAL CENTER,960 JOE FRANK HARRIS PARKWAY,(470) 490-1000,Acute Care Hospitals,Voluntary non-profit - Private,243,123
110030,PIEDMONT CARTERSVILLE MEDICAL CENTER,960 JOE FRANK HARRIS PARKWAY,(470) 490-1000,Acute Care Hospitals,Voluntary non-profit - Private,344,22
110030,PIEDMONT CARTERSVILLE MEDICAL CENTER,960 JOE FRANK HARRIS PARKWAY,(470) 490-1000,Acute Care Hospitals,Voluntary non-profit - Private,232,134
110030,PIEDMONT CARTERSVILLE MEDICAL CENTER,960 JOE FRANK HARRIS PARKWAY,(470) 490-1000,Acute Care Hospitals,Voluntary non-profit - Private,338,28
110030,PIEDMONT CARTERSVILLE MEDICAL CENTER,960 JOE FRANK HARRIS PARKWAY,(470) 490-1000,Acute Care Hospitals,Voluntary non-profit - Private,253,113
110030,PIEDMONT CARTERSVILLE MEDICAL CENTER,960 JOE FRANK HARRIS PARKWAY,(470) 490-1000,Acute Care Hospitals,Voluntary non-profit - Private,320,46
110030,PIEDMONT CARTERSVILLE MEDICAL CENTER,960 JOE FRANK HARRIS PARKWAY,(470) 490-1000,Acute Care Hospitals,Voluntary non-profit - Private,332,34
110030,PIEDMONT CARTERSVILLE MEDICAL CENTER,960 JOE FRANK HARRIS PARKWAY,(470) 490-1000,Acute Care Hospitals,Voluntary non-profit - Private,260,106
110030,PIEDMONT CARTERSVILLE MEDICAL CENTER,960 JOE FRANK HARRIS PARKWAY,(470) 490-1000,Acute Care Hospitals,Voluntary non-profit - Private,321,45
110030,PIEDMONT CARTERSVILLE MEDICAL CENTER,960 JOE FRANK HARRIS PARKWAY,(470) 490-1000,Acute Care Hospitals,Voluntary non-profit - Private,294,72
110030,PIEDMONT CARTERSVILLE MEDICAL CENTER,960 JOE FRANK HARRIS PARKWAY,(470) 490-1000,Acute Care Hospitals,Voluntary non-profit - Private,327,39
110030,PIEDMONT CARTERSVILLE MEDICAL CENTER,960 JOE FRANK HARRIS PARKWAY,(470) 490-1000,Acute Care Hospitals,Voluntary non-profit - Private,332,34
110030,PIEDMONT CARTERSVILLE MEDICAL CENTER,960 JOE FRANK HARRIS PARKWAY,(470) 490-1000,Acute Care Hospitals,Voluntary non-profit - Private,265,101
110030,PIEDMONT CARTERSVILLE MEDICAL CENTER,960 JOE FRANK HARRIS PARKWAY,(470) 490-1000,Acute Care Hospitals,Voluntary non-profit - Private,258,108
110030,PIEDMONT CARTERSVILLE MEDICAL CENTER,960 JOE FRANK HARRIS PARKWAY,(470) 490-1000,Acute Care Hospitals,Voluntary non-profit - Private,243,123
110030,PIEDMONT CARTERSVILLE MEDICAL CENTER,960 JOE FRANK HARRIS PARKWAY,(470) 490-1000,Acute Care Hospitals,Voluntary non-profit - Private,343,23
110030,PIEDMONT CARTERSVILLE MEDICAL CENTER,960 JOE FRANK HARRIS PARKWAY,(470) 490-1000,Acute Care Hospitals,Voluntary non-profit - Private,315,51
110030,PIEDMONT CARTERSVILLE MEDICAL CENTER,960 JOE FRANK HARRIS PARKWAY,(470) 490-1000,Acute Care Hospitals,Voluntary non-profit - Private,267,99
110030,PIEDMONT CARTERSVILLE MEDICAL CENTER,960 JOE FRANK HARRIS PARKWAY,(470) 490-1000,Acute Care Hospitals,Voluntary non-profit - Private,344,22
110030,PIEDMONT CARTERSVILLE MEDICAL CENTER,960 JOE FRANK HARRIS PARKWAY,(470) 490-1000,Acute Care Hospitals,Voluntary non-profit - Private,262,104
110030,PIEDMONT CARTERSVILLE MEDICAL CENTER,960 JOE FRANK HARRIS PARKWAY,(470) 490-1000,Acute Care Hospitals,Voluntary non-profit - Private,330,36
110030,PIEDMONT CARTERSVILLE MEDICAL CENTER,960 JOE FRANK HARRIS PARKWAY,(470) 490-1000,Acute Care Hospitals,Voluntary non-profit - Private,303,63
110030,PIEDMONT CARTERSVILLE MEDICAL CENTER,960 JOE FRANK HARRIS PARKWAY,(470) 490-1000,Acute Care Hospitals,Voluntary non-profit - Private,297,69
110030,PIEDMONT CARTERSVILLE MEDICAL CENTER,960 JOE FRANK HARRIS PARKWAY,(470) 490-1000,Acute Care Hospitals,Voluntary non-profit - Private,301,65
110030,PIEDMONT CARTERSVILLE MEDICAL CENTER,960 JOE FRANK HARRIS PARKWAY,(470) 490-1000,Acute Care Hospitals,Voluntary non-profit - Private,345,21
110030,PIEDMONT CARTERSVILLE MEDICAL CENTER,960 JOE FRANK HARRIS PARKWAY,(470) 490-1000,Acute Care Hospitals,Voluntary non-profit - Private,224,142
110030,PIEDMONT CARTERSVILLE MEDICAL CENTER,960 JOE FRANK HARRIS PARKWAY,(470) 490-1000,Acute Care Hospitals,Voluntary non-profit - Private,246,120
110030,PIEDMONT CARTERSVILLE MEDICAL CENTER,960 JOE FRANK HARRIS PARKWAY,(470) 490-1000,Acute Care Hospitals,Voluntary non-profit - Private,309,57
110030,PIEDMONT CARTERSVILLE MEDICAL CENTER,960 JOE FRANK HARRIS PARKWAY,(470) 490-1000,Acute Care Hospitals,Voluntary non-profit - Private,256,110
110030,PIEDMONT CARTERSVILLE MEDICAL CENTER,960 JOE FRANK HARRIS PARKWAY,(470) 490-1000,Acute Care Hospitals,Voluntary non-profit - Private,316,50
110030,PIEDMONT CARTERSVILLE MEDICAL CENTER,960 JOE FRANK HARRIS PARKWAY,(470) 490-1000,Acute Care Hospitals,Voluntary non-profit - Private,283,83
110030,PIEDMONT CARTERSVILLE MEDICAL CENTER,960 JOE FRANK HARRIS PARKWAY,(470) 490-1000,Acute Care Hospitals,Voluntary non-profit - Private,311,55
