Facility ID,Facility Name,Address,Telephone Number,Hospital Type,Hospital Ownership,Active Beds,Inactive Beds
110128,MEMORIAL HEALTH MEADOWS HOSPITAL,ONE MEADOWS PARKWAY,(912) 535-5828,Acute Care Hospitals,Proprietary,157,53
110128,MEMORIAL HEALTH MEADOWS HOSPITAL,ONE MEADOWS PARKWAY,(912) 535-5828,Acute Care Hospitals,Proprietary,128,82
110128,MEMORIAL HEALTH MEADOWS HOSPITAL,ONE MEADOWS PARKWAY,(912) 535-5828,Acute Care Hospitals,Proprietary,135,75
110128,MEMORIAL HEALTH MEADOWS HOSPITAL,ONE MEADOWS PARKWAY,(912) 535-5828,Acute Care Hospitals,Proprietary,146,64
110128,MEMORIAL HEALTH MEADOWS HOSPITAL,ONE MEADOWS PARKWAY,(912) 535-5828,Acute Care Hospitals,Proprietary,187,23
110128,MEMORIAL HEALTH MEADOWS HOSPITAL,ONE MEADOWS PARKWAY,(912) 535-5828,Acute Care Hospitals,Proprietary,161,49
110128,MEMORIAL HEALTH MEADOWS HOSPITAL,ONE MEADOWS PARKWAY,(912) 535-5828,Acute Care Hospitals,Proprietary,129,81
110128,MEMORIAL HEALTH MEADOWS HOSPITAL,ONE MEADOWS PARKWAY,(912) 535-5828,Acute Care Hospitals,Proprietary,187,23
110128,MEMORIAL HEALTH MEADOWS HOSPITAL,ONE MEADOWS PARKWAY,(912) 535-5828,Acute Care Hospitals,Proprietary,158,52
110128,MEMORIAL HEALTH MEADOWS HOSPITAL,ONE MEADOWS PARKWAY,(912) 535-5828,Acute Care Hospitals,Proprietary,196,14
110128,MEMORIAL HEALTH MEADOWS HOSPITAL,ONE MEADOWS PARKWAY,(912) 535-5828,Acute Care Hospitals,Proprietary,153,57
110128,MEMORIAL HEALTH MEADOWS HOSPITAL,ONE MEADOWS PARKWAY,(912) 535-5828,Acute Care Hospitals,Proprietary,168,42
110128,MEMORIAL HEALTH MEADOWS HOSPITAL,ONE MEADOWS PARKWAY,(912) 535-5828,Acute Care Hospitals,Proprietary,150,60
110128,MEMORIAL HEALTH MEADOWS HOSPITAL,ONE MEADOWS PARKWAY,(912) 535-5828,Acute Care Hospitals,Proprietary,130,80
110128,MEMORIAL HEALTH MEADOWS HOSPITAL,ONE MEADOWS PARKWAY,(912) 535-5828,Acute Care Hospitals,Proprietary,177,33
110128,MEMORIAL HEALTH MEADOWS HOSPITAL,ONE MEADOWS PARKWAY,(912) 535-5828,Acute Care Hospitals,Proprietary,132,78
110128,MEMORIAL HEALTH MEADOWS HOSPITAL,ONE MEADOWS PARKWAY,(912) 535-5828,Acute Care Hospitals,Proprietary,166,44
110128,MEMORIAL HEALTH MEADOWS HOSPITAL,ONE MEADOWS PARKWAY,(912) 535-5828,Acute Care Hospitals,Proprietary,151,59
110128,MEMORIAL HEALTH MEADOWS HOSPITAL,ONE MEADOWS PARKWAY,(912) 535-5828,Acute Care Hospitals,Proprietary,153,57
110128,MEMORIAL HEALTH MEADOWS HOSPITAL,ONE MEADOWS PARKWAY,(912) 535-5828,Acute Care Hospitals,Proprietary,196,14
110128,MEMORIAL HEALTH MEADOWS HOSPITAL,ONE MEADOWS PARKWAY,(912) 535-5828,Acute Care Hospitals,Proprietary,135,75
110128,MEMORIAL HEALTH MEADOWS HOSPITAL,ONE MEADOWS PARKWAY,(912) 535-5828,Acute Care Hospitals,Proprietary,170,40
110128,MEMORIAL HEALTH MEADOWS HOSPITAL,ONE MEADOWS PARKWAY,(912) 535-5828,Acute Care Hospitals,Proprietary,170,40
110128,MEMORIAL HEALTH MEADOWS HOSPITAL,ONE MEADOWS PARKWAY,(912) 535-5828,Acute Care Hospitals,Proprietary,135,75
110128,MEMORIAL HEALTH MEADOWS HOSPITAL,ONE MEADOWS PARKWAY,(912) 535-5828,Acute Care Hospitals,Proprietary,127,83
110128,MEMORIAL HEALTH MEADOWS HOSPITAL,ONE MEADOWS PARKWAY,(912) 535-5828,Acute Care Hospitals,Proprietary,172,38
110128,MEMORIAL HEALTH MEADOWS HOSPITAL,ONE MEADOWS PARKWAY,(912) 535-5828,Acute Care Hospitals,Proprietary,165,45
110128,MEMORIAL HEALTH MEADOWS HOSPITAL,ONE MEADOWS PARKWAY,(912) 535-5828,Acute Care Hospitals,Proprietary,164,46
110128,MEMORIAL HEALTH MEADOWS HOSPITAL,ONE MEADOWS PARKWAY,(912) 535-5828,Acute Care Hospitals,Proprietary,179,31
110128,MEMORIAL HEALTH MEADOWS HOSPITAL,ONE MEADOWS PARKWAY,(912) 535-5828,Acute Care Hospitals,Proprietary,170,40
110128,MEMORIAL HEALTH MEADOWS HOSPITAL,ONE MEADOWS PARKWAY,(912) 535-5828,Acute Care Hospitals,Proprietary,177,33
110128,MEMORIAL HEALTH MEADOWS HOSPITAL,ONE MEADOWS PARKWAY,(912) 535-5828,Acute Care Hospitals,Proprietary,185,25
110128,MEMORIAL HEALTH MEADOWS HOSPITAL,ONE MEADOWS PARKWAY,(912) 535-5828,Acute Care Hospitals,Proprietary,126,84
110128,MEMORIAL HEALTH MEADOWS HOSPITAL,ONE MEADOWS PARKWAY,(912) 535-5828,Acute Care Hospitals,Proprietary,198,12
110128,MEMORIAL HEALTH MEADOWS HOSPITAL,ONE MEADOWS PARKWAY,(912) 535-5828,Acute Care Hospitals,Proprietary,191,19
110128,MEMORIAL HEALTH MEADOWS HOSPITAL,ONE MEADOWS PARKWAY,(912) 535-5828,Acute Care Hospitals,Proprietary,142,68
110128,MEMORIAL HEALTH MEADOWS HOSPITAL,ONE MEADOWS PARKWAY,(912) 535-5828,Acute Care Hospitals,Proprietary,166,44
110128,MEMORIAL HEALTH MEADOWS HOSPITAL,ONE MEADOWS PARKWAY,(912) 535-5828,Acute Care Hospitals,Proprietary,185,25
110128,MEMORIAL HEALTH MEADOWS HOSPITAL,ONE MEADOWS PARKWAY,(912) 535-5828,Acute Care Hospitals,Proprietary,185,25
110128,MEMORIAL HEALTH MEADOWS HOSPITAL,ONE MEADOWS PARKWAY,(912) 535-5828,Acute Care Hospitals,Proprietary,198,12
110128,MEMORIAL HEALTH MEADOWS HOSPITAL,ONE MEADOWS PARKWAY,(912) 535-5828,Acute Care Hospitals,Proprietary,135,75
110128,MEMORIAL HEALTH MEADOWS HOSPITAL,ONE MEADOWS PARKWAY,(912) 535-5828,Acute Care Hospitals,Proprietary,184,26
110128,MEMORIAL HEALTH MEADOWS HOSPITAL,ONE MEADOWS PARKWAY,(912) 535-5828,Acute Care Hospitals,Proprietary,180,30
110128,MEMORIAL HEALTH MEADOWS HOSPITAL,ONE MEADOWS PARKWAY,(912) 535-5828,Acute Care Hospitals,Proprietary,170,40
110128,MEMORIAL HEALTH MEADOWS HOSPITAL,ONE MEADOWS PARKWAY,(912) 535-5828,Acute Care Hospitals,Proprietary,158,52
110128,MEMORIAL HEALTH MEADOWS HOSPITAL,ONE MEADOWS PARKWAY,(912) 535-5828,Acute Care Hospitals,Proprietary,151,59
110128,MEMORIAL HEALTH MEADOWS HOSPITAL,ONE MEADOWS PARKWAY,(912) 535-5828,Acute Care Hospitals,Proprietary,188,22
110128,MEMORIAL HEALTH MEADOWS HOSPITAL,ONE MEADOWS PARKWAY,(912) 535-5828,Acute Care Hospitals,Proprietary,129,81
110128,MEMORIAL HEALTH MEADOWS HOSPITAL,ONE MEADOWS PARKWAY,(912) 535-5828,Acute Care Hospitals,Proprietary,156,54
110128,MEMORIAL HEALTH MEADOWS HOSPITAL,ONE MEADOWS PARKWAY,(912) 535-5828,Acute Care Hospitals,Proprietary,168,42
110128,MEMORIAL HEALTH MEADOWS HOSPITAL,ONE MEADOWS PARKWAY,(912) 535-5828,Acute Care Hospitals,Proprietary,145,65
110128,MEMORIAL HEALTH MEADOWS HOSPITAL,ONE MEADOWS PARKWAY,(912) 535-5828,Acute Care Hospitals,Proprietary,153,57
110128,MEMORIAL HEALTH MEADOWS HOSPITAL,ONE MEADOWS PARKWAY,(912) 535-5828,Acute Care Hospitals,Proprietary,149,61
110128,MEMORIAL HEALTH MEADOWS HOSPITAL,ONE MEADOWS PARKWAY,(912) 535-5828,Acute Care Hospitals,Proprietary,130,80
110128,MEMORIAL HEALTH MEADOWS HOSPITAL,ONE MEADOWS PARKWAY,(912) 535-5828,Acute Care Hospitals,Proprietary,143,67
110128,MEMORIAL HEALTH MEADOWS HOSPITAL,ONE MEADOWS PARKWAY,(912) 535-5828,Acute Care Hospitals,Proprietary,129,81
110128,MEMORIAL HEALTH MEADOWS HOSPITAL,ONE MEADOWS PARKWAY,(912) 535-5828,Acute Care Hospitals,Proprietary,183,27
110128,MEMORIAL HEALTH MEADOWS HOSPITAL,ONE MEADOWS PARKWAY,(912) 535-5828,Acute Care Hospitals,Proprietary,143,67
110128,MEMORIAL HEALTH MEADOWS HOSPITAL,ONE MEADOWS PARKWAY,(912) 535-5828,Acute Care Hospitals,Proprietary,149,61
110128,MEMORIAL HEALTH MEADOWS HOSPITAL,ONE MEADOWS PARKWAY,(912) 535-5828,Acute Care Hospitals,Proprietary,166,44
110128,MEMORIAL HEALTH MEADOWS HOSPITAL,ONE MEADOWS PARKWAY,(912) 535-5828,Acute Care Hospitals,Proprietary,171,39
110128,MEMORIAL HEALTH MEADOWS HOSPITAL,ONE MEADOWS PARKWAY,(912) 535-5828,Acute Care Hospitals,Proprietary,143,67
110128,MEMORIAL HEALTH MEADOWS HOSPITAL,ONE MEADOWS PARKWAY,(912) 535-5828,Acute Care Hospitals,Proprietary,189,21
110128,MEMORIAL HEALTH MEADOWS HOSPITAL,ONE MEADOWS PARKWAY,(912) 535-5828,Acute Care Hospitals,Proprietary,181,29
110128,MEMORIAL HEALTH MEADOWS HOSPITAL,ONE MEADOWS PARKWAY,(912) 535-5828,Acute Care Hospitals,Proprietary,166,44
110128,MEMORIAL HEALTH MEADOWS HOSPITAL,ONE MEADOWS PARKWAY,(912) 535-5828,Acute Care Hospitals,Proprietary,187,23
110128,MEMORIAL HEALTH MEADOWS HOSPITAL,ONE MEADOWS PARKWAY,(912) 535-5828,Acute Care Hospitals,Proprietary,164,46
110128,MEMORIAL HEALTH MEADOWS HOSPITAL,ONE MEADOWS PARKWAY,(912) 535-5828,Acute Care Hospitals,Proprietary,142,68
110128,MEMORIAL HEALTH MEADOWS HOSPITAL,ONE MEADOWS PARKWAY,(912) 535-5828,Acute Care Hospitals,Proprietary,142,68
110128,MEMORIAL HEALTH MEADOWS HOSPITAL,ONE MEADOWS PARKWAY,(912) 535-5828,Acute Care Hospitals,Proprietary,172,38
110128,MEMORIAL HEALTH MEADOWS HOSPITAL,ONE MEADOWS PARKWAY,(912) 535-5828,Acute Care Hospitals,Proprietary,163,47
110128,MEMORIAL HEALTH MEADOWS HOSPITAL,ONE MEADOWS PARKWAY,(912) 535-5828,Acute Care Hospitals,Proprietary,131,79
110128,MEMORIAL HEALTH MEADOWS HOSPITAL,ONE MEADOWS PARKWAY,(912) 535-5828,Acute Care Hospitals,Proprietary,146,64
110128,MEMORIAL HEALTH MEADOWS HOSPITAL,ONE MEADOWS PARKWAY,(912) 535-5828,Acute Care Hospitals,Proprietary,128,82
110128,MEMORIAL HEALTH MEADOWS HOSPITAL,ONE MEADOWS PARKWAY,(912) 535-5828,Acute Care Hospitals,Proprietary,139,71
110128,MEMORIAL HEALTH MEADOWS HOSPITAL,ONE MEADOWS PARKWAY,(912) 535-5828,Acute Care Hospitals,Proprietary,141,69
110128,MEMORIAL HEALTH MEADOWS HOSPITAL,ONE MEADOWS PARKWAY,(912) 535-5828,Acute Care Hospitals,Proprietary,142,68
110128,MEMORIAL HEALTH MEADOWS HOSPITAL,ONE MEADOWS PARKWAY,(912) 535-5828,Acute Care Hospitals,Proprietary,136,74
110128,MEMORIAL HEALTH MEADOWS HOSPITAL,ONE MEADOWS PARKWAY,(912) 535-5828,Acute Care Hospitals,Proprietary,134,76
110128,MEMORIAL HEALTH MEADOWS HOSPITAL,ONE MEADOWS PARKWAY,(912) 535-5828,Acute Care Hospitals,Proprietary,179,31
110128,MEMORIAL HEALTH MEADOWS HOSPITAL,ONE MEADOWS PARKWAY,(912) 535-5828,Acute Care Hospitals,Proprietary,142,68
110128,MEMORIAL HEALTH MEADOWS HOSPITAL,ONE MEADOWS PARKWAY,(912) 535-5828,Acute Care Hospitals,Proprietary,143,67
110128,MEMORIAL HEALTH MEADOWS HOSPITAL,ONE MEADOWS PARKWAY,(912) 535-5828,Acute Care Hospitals,Proprietary,151,59
110128,MEMORIAL HEALTH MEADOWS HOSPITAL,ONE MEADOWS PARKWAY,(912) 535-5828,Acute Care Hospitals,Proprietary,130,80
110128,MEMORIAL HEALTH MEADOWS HOSPITAL,ONE MEADOWS PARKWAY,(912) 535-5828,Acute Care Hospitals,Proprietary,165,45
110128,MEMORIAL HEALTH MEADOWS HOSPITAL,ONE MEADOWS PARKWAY,(912) 535-5828,Acute Care Hospitals,Proprietary,176,34
110128,MEMORIAL HEALTH MEADOWS HOSPITAL,ONE MEADOWS PARKWAY,(912) 535-5828,Acute Care Hospitals,Proprietary,199,11
110128,MEMORIAL HEALTH MEADOWS HOSPITAL,ONE MEADOWS PARKWAY,(912) 535-5828,Acute Care Hospitals,Proprietary,164,46
110128,MEMORIAL HEALTH MEADOWS HOSPITAL,ONE MEADOWS PARKWAY,(912) 535-5828,Acute Care Hospitals,Proprietary,130,80
110128,MEMORIAL HEALTH MEADOWS HOSPITAL,ONE MEADOWS PARKWAY,(912) 535-5828,Acute Care Hospitals,Proprietary,161,49
110128,MEMORIAL HEALTH MEADOWS HOSPITAL,ONE MEADOWS PARKWAY,(912) 535-5828,Acute Care Hospitals,Proprietary,142,68
110128,MEMORIAL HEALTH MEADOWS HOSPITAL,ONE MEADOWS PARKWAY,(912) 535-5828,Acute Care Hospitals,Proprietary,156,54
110128,MEMORIAL HEALTH MEADOWS HOSPITAL,ONE MEADOWS PARKWAY,(912) 535-5828,Acute Care Hospitals,Proprietary,146,64
110128,MEMORIAL HEALTH MEADOWS HOSPITAL,ONE MEADOWS PARKWAY,(912) 535-5828,Acute Care Hospitals,Proprietary,186,24
110128,MEMORIAL HEALTH MEADOWS HOSPITAL,ONE MEADOWS PARKWAY,(912) 535-5828,Acute Care Hospitals,Proprietary,148,62
110128,MEMORIAL HEALTH MEADOWS HOSPITAL,ONE MEADOWS PARKWAY,(912) 535-5828,Acute Care Hospitals,Proprietary,145,65
110128,MEMORIAL HEALTH MEADOWS HOSPITAL,ONE MEADOWS PARKWAY,(912) 535-5828,Acute Care Hospitals,Proprietary,167,43
110128,MEMORIAL HEALTH MEADOWS HOSPITAL,ONE MEADOWS PARKWAY,(912) 535-5828,Acute Care Hospitals,Proprietary,185,25
110128,MEMORIAL HEALTH MEADOWS HOSPITAL,ONE MEADOWS PARKWAY,(912) 535-5828,Acute Care Hospitals,Proprietary,146,64
110128,MEMORIAL HEALTH MEADOWS HOSPITAL,ONE MEADOWS PARKWAY,(912) 535-5828,Acute Care Hospitals,Proprietary,168,42
110128,MEMORIAL HEALTH MEADOWS HOSPITAL,ONE MEADOWS PARKWAY,(912) 535-5828,Acute Care Hospitals,Proprietary,128,82
110128,MEMORIAL HEALTH MEADOWS HOSPITAL,ONE MEADOWS PARKWAY,(912) 535-5828,Acute Care Hospitals,Proprietary,154,56
110128,MEMORIAL HEALTH MEADOWS HOSPITAL,ONE MEADOWS PARKWAY,(912) 535-5828,Acute Care Hospitals,Proprietary,158,52
110128,MEMORIAL HEALTH MEADOWS HOSPITAL,ONE MEADOWS PARKWAY,(912) 535-5828,Acute Care Hospitals,Proprietary,129,81
110128,MEMORIAL HEALTH MEADOWS HOSPITAL,ONE MEADOWS PARKWAY,(912) 535-5828,Acute Care Hospitals,Proprietary,157,53
110128,MEMORIAL HEALTH MEADOWS HOSPITAL,ONE MEADOWS PARKWAY,(912) 535-5828,Acute Care Hospitals,Proprietary,169,41
110128,MEMORIAL HEALTH MEADOWS HOSPITAL,ONE MEADOWS PARKWAY,(912) 535-5828,Acute Care Hospitals,Proprietary,144,66
110128,MEMORIAL HEALTH MEADOWS HOSPITAL,ONE MEADOWS PARKWAY,(912) 535-5828,Acute Care Hospitals,Proprietary,198,12
110128,MEMORIAL HEALTH MEADOWS HOSPITAL,ONE MEADOWS PARKWAY,(912) 535-5828,Acute Care Hospitals,Proprietary,160,50
110128,MEMORIAL HEALTH MEADOWS HOSPITAL,ONE MEADOWS PARKWAY,(912) 535-5828,Acute Care Hospitals,Proprietary,142,68
110128,MEMORIAL HEALTH MEADOWS HOSPITAL,ONE MEADOWS PARKWAY,(912) 535-5828,Acute Care Hospitals,Proprietary,144,66
110128,MEMORIAL HEALTH MEADOWS HOSPITAL,ONE MEADOWS PARKWAY,(912) 535-5828,Acute Care Hospitals,Proprietary,170,40
110128,MEMORIAL HEALTH MEADOWS HOSPITAL,ONE MEADOWS PARKWAY,(912) 535-5828,Acute Care Hospitals,Proprietary,153,57
110128,MEMORIAL HEALTH MEADOWS HOSPITAL,ONE MEADOWS PARKWAY,(912) 535-5828,Acute Care Hospitals,Proprietary,135,75
110128,MEMORIAL HEALTH MEADOWS HOSPITAL,ONE MEADOWS PARKWAY,(912) 535-5828,Acute Care Hospitals,Proprietary,162,48
110128,MEMORIAL HEALTH MEADOWS HOSPITAL,ONE MEADOWS PARKWAY,(912) 535-5828,Acute Care Hospitals,Proprietary,137,73
110128,MEMORIAL HEALTH MEADOWS HOSPITAL,ONE MEADOWS PARKWAY,(912) 535-5828,Acute Care Hospitals,Proprietary,144,66
110128,MEMORIAL HEALTH MEADOWS HOSPITAL,ONE MEADOWS PARKWAY,(912) 535-5828,Acute Care Hospitals,Proprietary,133,77
110128,MEMORIAL HEALTH MEADOWS HOSPITAL,ONE MEADOWS PARKWAY,(912) 535-5828,Acute Care Hospitals,Proprietary,144,66
110128,MEMORIAL HEALTH MEADOWS HOSPITAL,ONE MEADOWS PARKWAY,(912) 535-5828,Acute Care Hospitals,Proprietary,145,65
110128,MEMORIAL HEALTH MEADOWS HOSPITAL,ONE MEADOWS PARKWAY,(912) 535-5828,Acute Care Hospitals,Proprietary,191,19
110128,MEMORIAL HEALTH MEADOWS HOSPITAL,ONE MEADOWS PARKWAY,(912) 535-5828,Acute Care Hospitals,Proprietary,179,31
110128,MEMORIAL HEALTH MEADOWS HOSPITAL,ONE MEADOWS PARKWAY,(912) 535-5828,Acute Care Hospitals,Proprietary,148,62
110128,MEMORIAL HEALTH MEADOWS HOSPITAL,ONE MEADOWS PARKWAY,(912) 535-5828,Acute Care Hospitals,Proprietary,187,23
110128,MEMORIAL HEALTH MEADOWS HOSPITAL,ONE MEADOWS PARKWAY,(912) 535-5828,Acute Care Hospitals,Proprietary,189,21
110128,MEMORIAL HEALTH MEADOWS HOSPITAL,ONE MEADOWS PARKWAY,(912) 535-5828,Acute Care Hospitals,Proprietary,197,13
110128,MEMORIAL HEALTH MEADOWS HOSPITAL,ONE MEADOWS PARKWAY,(912) 535-5828,Acute Care Hospitals,Proprietary,148,62
110128,MEMORIAL HEALTH MEADOWS HOSPITAL,ONE MEADOWS PARKWAY,(912) 535-5828,Acute Care Hospitals,Proprietary,156,54
110128,MEMORIAL HEALTH MEADOWS HOSPITAL,ONE MEADOWS PARKWAY,(912) 535-5828,Acute Care Hospitals,Proprietary,163,47
110128,MEMORIAL HEALTH MEADOWS HOSPITAL,ONE MEADOWS PARKWAY,(912) 535-5828,Acute Care Hospitals,Proprietary,149,61
110128,MEMORIAL HEALTH MEADOWS HOSPITAL,ONE MEADOWS PARKWAY,(912) 535-5828,Acute Care Hospitals,Proprietary,182,28
110128,MEMORIAL HEALTH MEADOWS HOSPITAL,ONE MEADOWS PARKWAY,(912) 535-5828,Acute Care Hospitals,Proprietary,193,17
110128,MEMORIAL HEALTH MEADOWS HOSPITAL,ONE MEADOWS PARKWAY,(912) 535-5828,Acute Care Hospitals,Proprietary,160,50
110128,MEMORIAL HEALTH MEADOWS HOSPITAL,ONE MEADOWS PARKWAY,(912) 535-5828,Acute Care Hospitals,Proprietary,157,53
110128,MEMORIAL HEALTH MEADOWS HOSPITAL,ONE MEADOWS PARKWAY,(912) 535-5828,Acute Care Hospitals,Proprietary,131,79
110128,MEMORIAL HEALTH MEADOWS HOSPITAL,ONE MEADOWS PARKWAY,(912) 535-5828,Acute Care Hospitals,Proprietary,143,67
110128,MEMORIAL HEALTH MEADOWS HOSPITAL,ONE MEADOWS PARKWAY,(912) 535-5828,Acute Care Hospitals,Proprietary,192,18
110128,MEMORIAL HEALTH MEADOWS HOSPITAL,ONE MEADOWS PARKWAY,(912) 535-5828,Acute Care Hospitals,Proprietary,170,40
110128,MEMORIAL HEALTH MEADOWS HOSPITAL,ONE MEADOWS PARKWAY,(912) 535-5828,Acute Care Hospitals,Proprietary,152,58
110128,MEMORIAL HEALTH MEADOWS HOSPITAL,ONE MEADOWS PARKWAY,(912) 535-5828,Acute Care Hospitals,Proprietary,193,17
110128,MEMORIAL HEALTH MEADOWS HOSPITAL,ONE MEADOWS PARKWAY,(912) 535-5828,Acute Care Hospitals,Proprietary,130,80
110128,MEMORIAL HEALTH MEADOWS HOSPITAL,ONE MEADOWS PARKWAY,(912) 535-5828,Acute Care Hospitals,Proprietary,190,20
110128,MEMORIAL HEALTH MEADOWS HOSPITAL,ONE MEADOWS PARKWAY,(912) 535-5828,Acute Care Hospitals,Proprietary,146,64
110128,MEMORIAL HEALTH MEADOWS HOSPITAL,ONE MEADOWS PARKWAY,(912) 535-5828,Acute Care Hospitals,Proprietary,169,41
110128,MEMORIAL HEALTH MEADOWS HOSPITAL,ONE MEADOWS PARKWAY,(912) 535-5828,Acute Care Hospitals,Proprietary,148,62
110128,MEMORIAL HEALTH MEADOWS HOSPITAL,ONE MEADOWS PARKWAY,(912) 535-5828,Acute Care Hospitals,Proprietary,151,59
110128,MEMORIAL HEALTH MEADOWS HOSPITAL,ONE MEADOWS PARKWAY,(912) 535-5828,Acute Care Hospitals,Proprietary,135,75
110128,MEMORIAL HEALTH MEADOWS HOSPITAL,ONE MEADOWS PARKWAY,(912) 535-5828,Acute Care Hospitals,Proprietary,130,80
110128,MEMORIAL HEALTH MEADOWS HOSPITAL,ONE MEADOWS PARKWAY,(912) 535-5828,Acute Care Hospitals,Proprietary,182,28
110128,MEMORIAL HEALTH MEADOWS HOSPITAL,ONE MEADOWS PARKWAY,(912) 535-5828,Acute Care Hospitals,Proprietary,168,42
110128,MEMORIAL HEALTH MEADOWS HOSPITAL,ONE MEADOWS PARKWAY,(912) 535-5828,Acute Care Hospitals,Proprietary,130,80
110128,MEMORIAL HEALTH MEADOWS HOSPITAL,ONE MEADOWS PARKWAY,(912) 535-5828,Acute Care Hospitals,Proprietary,173,37
110128,MEMORIAL HEALTH MEADOWS HOSPITAL,ONE MEADOWS PARKWAY,(912) 535-5828,Acute Care Hospitals,Proprietary,187,23
110128,MEMORIAL HEALTH MEADOWS HOSPITAL,ONE MEADOWS PARKWAY,(912) 535-5828,Acute Care Hospitals,Proprietary,177,33
110128,MEMORIAL HEALTH MEADOWS HOSPITAL,ONE MEADOWS PARKWAY,(912) 535-5828,Acute Care Hospitals,Proprietary,184,26
110128,MEMORIAL HEALTH MEADOWS HOSPITAL,ONE MEADOWS PARKWAY,(912) 535-5828,Acute Care Hospitals,Proprietary,178,32
110128,MEMORIAL HEALTH MEADOWS HOSPITAL,ONE MEADOWS PARKWAY,(912) 535-5828,Acute Care Hospitals,Proprietary,172,38
110128,MEMORIAL HEALTH MEADOWS HOSPITAL,ONE MEADOWS PARKWAY,(912) 535-5828,Acute Care Hospitals,Proprietary,179,31
110128,MEMORIAL HEALTH MEADOWS HOSPITAL,ONE MEADOWS PARKWAY,(912) 535-5828,Acute Care Hospitals,Proprietary,152,58
110128,MEMORIAL HEALTH MEADOWS HOSPITAL,ONE MEADOWS PARKWAY,(912) 535-5828,Acute Care Hospitals,Proprietary,134,76
110128,MEMORIAL HEALTH MEADOWS HOSPITAL,ONE MEADOWS PARKWAY,(912) 535-5828,Acute Care Hospitals,Proprietary,144,66
110128,MEMORIAL HEALTH MEADOWS HOSPITAL,ONE MEADOWS PARKWAY,(912) 535-5828,Acute Care Hospitals,Proprietary,161,49
110128,MEMORIAL HEALTH MEADOWS HOSPITAL,ONE MEADOWS PARKWAY,(912) 535-5828,Acute Care Hospitals,Proprietary,167,43
110128,MEMORIAL HEALTH MEADOWS HOSPITAL,ONE MEADOWS PARKWAY,(912) 535-5828,Acute Care Hospitals,Proprietary,168,42
110128,MEMORIAL HEALTH MEADOWS HOSPITAL,ONE MEADOWS PARKWAY,(912) 535-5828,Acute Care Hospitals,Proprietary,179,31
110128,MEMORIAL HEALTH MEADOWS HOSPITAL,ONE MEADOWS PARKWAY,(912) 535-5828,Acute Care Hospitals,Proprietary,149,61
110128,MEMORIAL HEALTH MEADOWS HOSPITAL,ONE MEADOWS PARKWAY,(912) 535-5828,Acute Care Hospitals,Proprietary,160,50
110128,MEMORIAL HEALTH MEADOWS HOSPITAL,ONE MEADOWS PARKWAY,(912) 535-5828,Acute Care Hospitals,Proprietary,159,51
110128,MEMORIAL HEALTH MEADOWS HOSPITAL,ONE MEADOWS PARKWAY,(912) 535-5828,Acute Care Hospitals,Proprietary,155,55
110128,MEMORIAL HEALTH MEADOWS HOSPITAL,ONE MEADOWS PARKWAY,(912) 535-5828,Acute Care Hospitals,Proprietary,171,39
110128,MEMORIAL HEALTH MEADOWS HOSPITAL,ONE MEADOWS PARKWAY,(912) 535-5828,Acute Care Hospitals,Proprietary,192,18
110128,MEMORIAL HEALTH MEADOWS HOSPITAL,ONE MEADOWS PARKWAY,(912) 535-5828,Acute Care Hospitals,Proprietary,143,67
110128,MEMORIAL HEALTH MEADOWS HOSPITAL,ONE MEADOWS PARKWAY,(912) 535-5828,Acute Care Hospitals,Proprietary,129,81
110128,MEMORIAL HEALTH MEADOWS HOSPITAL,ONE MEADOWS PARKWAY,(912) 535-5828,Acute Care Hospitals,Proprietary,173,37
110128,MEMORIAL HEALTH MEADOWS HOSPITAL,ONE MEADOWS PARKWAY,(912) 535-5828,Acute Care Hospitals,Proprietary,135,75
110128,MEMORIAL HEALTH MEADOWS HOSPITAL,ONE MEADOWS PARKWAY,(912) 535-5828,Acute Care Hospitals,Proprietary,172,38
110128,MEMORIAL HEALTH MEADOWS HOSPITAL,ONE MEADOWS PARKWAY,(912) 535-5828,Acute Care Hospitals,Proprietary,184,26
110128,MEMORIAL HEALTH MEADOWS HOSPITAL,ONE MEADOWS PARKWAY,(912) 535-5828,Acute Care Hospitals,Proprietary,154,56
110128,MEMORIAL HEALTH MEADOWS HOSPITAL,ONE MEADOWS PARKWAY,(912) 535-5828,Acute Care Hospitals,Proprietary,152,58
110128,MEMORIAL HEALTH MEADOWS HOSPITAL,ONE MEADOWS PARKWAY,(912) 535-5828,Acute Care Hospitals,Proprietary,140,70
110128,MEMORIAL HEALTH MEADOWS HOSPITAL,ONE MEADOWS PARKWAY,(912) 535-5828,Acute Care Hospitals,Proprietary,138,72
110128,MEMORIAL HEALTH MEADOWS HOSPITAL,ONE MEADOWS PARKWAY,(912) 535-5828,Acute Care Hospitals,Proprietary,135,75
110128,MEMORIAL HEALTH MEADOWS HOSPITAL,ONE MEADOWS PARKWAY,(912) 535-5828,Acute Care Hospitals,Proprietary,150,60
110128,MEMORIAL HEALTH MEADOWS HOSPITAL,ONE MEADOWS PARKWAY,(912) 535-5828,Acute Care Hospitals,Proprietary,194,16
110128,MEMORIAL HEALTH MEADOWS HOSPITAL,ONE MEADOWS PARKWAY,(912) 535-5828,Acute Care Hospitals,Proprietary,185,25
110128,MEMORIAL HEALTH MEADOWS HOSPITAL,ONE MEADOWS PARKWAY,(912) 535-5828,Acute Care Hospitals,Proprietary,155,55
110128,MEMORIAL HEALTH MEADOWS HOSPITAL,ONE MEADOWS PARKWAY,(912) 535-5828,Acute Care Hospitals,Proprietary,192,18
110128,MEMORIAL HEALTH MEADOWS HOSPITAL,ONE MEADOWS PARKWAY,(912) 535-5828,Acute Care Hospitals,Proprietary,190,20
110128,MEMORIAL HEALTH MEADOWS HOSPITAL,ONE MEADOWS PARKWAY,(912) 535-5828,Acute Care Hospitals,Proprietary,132,78
110128,MEMORIAL HEALTH MEADOWS HOSPITAL,ONE MEADOWS PARKWAY,(912) 535-5828,Acute Care Hospitals,Proprietary,149,61
110128,MEMORIAL HEALTH MEADOWS HOSPITAL,ONE MEADOWS PARKWAY,(912) 535-5828,Acute Care Hospitals,Proprietary,176,34
110128,MEMORIAL HEALTH MEADOWS HOSPITAL,ONE MEADOWS PARKWAY,(912) 535-5828,Acute Care Hospitals,Proprietary,169,41
110128,MEMORIAL HEALTH MEADOWS HOSPITAL,ONE MEADOWS PARKWAY,(912) 535-5828,Acute Care Hospitals,Proprietary,150,60
110128,MEMORIAL HEALTH MEADOWS HOSPITAL,ONE MEADOWS PARKWAY,(912) 535-5828,Acute Care Hospitals,Proprietary,154,56
110128,MEMORIAL HEALTH MEADOWS HOSPITAL,ONE MEADOWS PARKWAY,(912) 535-5828,Acute Care Hospitals,Proprietary,175,35
110128,MEMORIAL HEALTH MEADOWS HOSPITAL,ONE MEADOWS PARKWAY,(912) 535-5828,Acute Care Hospitals,Proprietary,154,56
110128,MEMORIAL HEALTH MEADOWS HOSPITAL,ONE MEADOWS PARKWAY,(912) 535-5828,Acute Care Hospitals,Proprietary,135,75
110128,MEMORIAL HEALTH MEADOWS HOSPITAL,ONE MEADOWS PARKWAY,(912) 535-5828,Acute Care Hospitals,Proprietary,166,44
110128,MEMORIAL HEALTH MEADOWS HOSPITAL,ONE MEADOWS PARKWAY,(912) 535-5828,Acute Care Hospitals,Proprietary,164,46
110128,MEMORIAL HEALTH MEADOWS HOSPITAL,ONE MEADOWS PARKWAY,(912) 535-5828,Acute Care Hospitals,Proprietary,148,62
110128,MEMORIAL HEALTH MEADOWS HOSPITAL,ONE MEADOWS PARKWAY,(912) 535-5828,Acute Care Hospitals,Proprietary,134,76
110128,MEMORIAL HEALTH MEADOWS HOSPITAL,ONE MEADOWS PARKWAY,(912) 535-5828,Acute Care Hospitals,Proprietary,137,73
110128,MEMORIAL HEALTH MEADOWS HOSPITAL,ONE MEADOWS PARKWAY,(912) 535-5828,Acute Care Hospitals,Proprietary,129,81
110128,MEMORIAL HEALTH MEADOWS HOSPITAL,ONE MEADOWS PARKWAY,(912) 535-5828,Acute Care Hospitals,Proprietary,148,62
110128,MEMORIAL HEALTH MEADOWS HOSPITAL,ONE MEADOWS PARKWAY,(912) 535-5828,Acute Care Hospitals,Proprietary,142,68
110128,MEMORIAL HEALTH MEADOWS HOSPITAL,ONE MEADOWS PARKWAY,(912) 535-5828,Acute Care Hospitals,Proprietary,193,17
110128,MEMORIAL HEALTH MEADOWS HOSPITAL,ONE MEADOWS PARKWAY,(912) 535-5828,Acute Care Hospitals,Proprietary,132,78
110128,MEMORIAL HEALTH MEADOWS HOSPITAL,ONE MEADOWS PARKWAY,(912) 535-5828,Acute Care Hospitals,Proprietary,183,27
110128,MEMORIAL HEALTH MEADOWS HOSPITAL,ONE MEADOWS PARKWAY,(912) 535-5828,Acute Care Hospitals,Proprietary,173,37
110128,MEMORIAL HEALTH MEADOWS HOSPITAL,ONE MEADOWS PARKWAY,(912) 535-5828,Acute Care Hospitals,Proprietary,154,56
110128,MEMORIAL HEALTH MEADOWS HOSPITAL,ONE MEADOWS PARKWAY,(912) 535-5828,Acute Care Hospitals,Proprietary,126,84
110128,MEMORIAL HEALTH MEADOWS HOSPITAL,ONE MEADOWS PARKWAY,(912) 535-5828,Acute Care Hospitals,Proprietary,156,54
110128,MEMORIAL HEALTH MEADOWS HOSPITAL,ONE MEADOWS PARKWAY,(912) 535-5828,Acute Care Hospitals,Proprietary,193,17
110128,MEMORIAL HEALTH MEADOWS HOSPITAL,ONE MEADOWS PARKWAY,(912) 535-5828,Acute Care Hospitals,Proprietary,191,19
110128,MEMORIAL HEALTH MEADOWS HOSPITAL,ONE MEADOWS PARKWAY,(912) 535-5828,Acute Care Hospitals,Proprietary,188,22
110128,MEMORIAL HEALTH MEADOWS HOSPITAL,ONE MEADOWS PARKWAY,(912) 535-5828,Acute Care Hospitals,Proprietary,153,57
110128,MEMORIAL HEALTH MEADOWS HOSPITAL,ONE MEADOWS PARKWAY,(912) 535-5828,Acute Care Hospitals,Proprietary,152,58
110128,MEMORIAL HEALTH MEADOWS HOSPITAL,ONE MEADOWS PARKWAY,(912) 535-5828,Acute Care Hospitals,Proprietary,162,48
110128,MEMORIAL HEALTH MEADOWS HOSPITAL,ONE MEADOWS PARKWAY,(912) 535-5828,Acute Care Hospitals,Proprietary,190,20
110128,MEMORIAL HEALTH MEADOWS HOSPITAL,ONE MEADOWS PARKWAY,(912) 535-5828,Acute Care Hospitals,Proprietary,186,24
110128,MEMORIAL HEALTH MEADOWS HOSPITAL,ONE MEADOWS PARKWAY,(912) 535-5828,Acute Care Hospitals,Proprietary,173,37
110128,MEMORIAL HEALTH MEADOWS HOSPITAL,ONE MEADOWS PARKWAY,(912) 535-5828,Acute Care Hospitals,Proprietary,161,49
110128,MEMORIAL HEALTH MEADOWS HOSPITAL,ONE MEADOWS PARKWAY,(912) 535-5828,Acute Care Hospitals,Proprietary,135,75
110128,MEMORIAL HEALTH MEADOWS HOSPITAL,ONE MEADOWS PARKWAY,(912) 535-5828,Acute Care Hospitals,Proprietary,173,37
110128,MEMORIAL HEALTH MEADOWS HOSPITAL,ONE MEADOWS PARKWAY,(912) 535-5828,Acute Care Hospitals,Proprietary,182,28
110128,MEMORIAL HEALTH MEADOWS HOSPITAL,ONE MEADOWS PARKWAY,(912) 535-5828,Acute Care Hospitals,Proprietary,150,60
110128,MEMORIAL HEALTH MEADOWS HOSPITAL,ONE MEADOWS PARKWAY,(912) 535-5828,Acute Care Hospitals,Proprietary,160,50
110128,MEMORIAL HEALTH MEADOWS HOSPITAL,ONE MEADOWS PARKWAY,(912) 535-5828,Acute Care Hospitals,Proprietary,181,29
110128,MEMORIAL HEALTH MEADOWS HOSPITAL,ONE MEADOWS PARKWAY,(912) 535-5828,Acute Care Hospitals,Proprietary,185,25
110128,MEMORIAL HEALTH MEADOWS HOSPITAL,ONE MEADOWS PARKWAY,(912) 535-5828,Acute Care Hospitals,Proprietary,196,14
110128,MEMORIAL HEALTH MEADOWS HOSPITAL,ONE MEADOWS PARKWAY,(912) 535-5828,Acute Care Hospitals,Proprietary,152,58
110128,MEMORIAL HEALTH MEADOWS HOSPITAL,ONE MEADOWS PARKWAY,(912) 535-5828,Acute Care Hospitals,Proprietary,193,17
110128,MEMORIAL HEALTH MEADOWS HOSPITAL,ONE MEADOWS PARKWAY,(912) 535-5828,Acute Care Hospitals,Proprietary,132,78
110128,MEMORIAL HEALTH MEADOWS HOSPITAL,ONE MEADOWS PARKWAY,(912) 535-5828,Acute Care Hospitals,Proprietary,149,61
110128,MEMORIAL HEALTH MEADOWS HOSPITAL,ONE MEADOWS PARKWAY,(912) 535-5828,Acute Care Hospitals,Proprietary,176,34
110128,MEMORIAL HEALTH MEADOWS HOSPITAL,ONE MEADOWS PARKWAY,(912) 535-5828,Acute Care Hospitals,Proprietary,138,72
110128,MEMORIAL HEALTH MEADOWS HOSPITAL,ONE MEADOWS PARKWAY,(912) 535-5828,Acute Care Hospitals,Proprietary,184,26
110128,MEMORIAL HEALTH MEADOWS HOSPITAL,ONE MEADOWS PARKWAY,(912) 535-5828,Acute Care Hospitals,Proprietary,140,70
110128,MEMORIAL HEALTH MEADOWS HOSPITAL,ONE MEADOWS PARKWAY,(912) 535-5828,Acute Care Hospitals,Proprietary,140,70
110128,MEMORIAL HEALTH MEADOWS HOSPITAL,ONE MEADOWS PARKWAY,(912) 535-5828,Acute Care Hospitals,Proprietary,145,65
110128,MEMORIAL HEALTH MEADOWS HOSPITAL,ONE MEADOWS PARKWAY,(912) 535-5828,Acute Care Hospitals,Proprietary,193,17
110128,MEMORIAL HEALTH MEADOWS HOSPITAL,ONE MEADOWS PARKWAY,(912) 535-5828,Acute Care Hospitals,Proprietary,134,76
110128,MEMORIAL HEALTH MEADOWS HOSPITAL,ONE MEADOWS PARKWAY,(912) 535-5828,Acute Care Hospitals,Proprietary,175,35
110128,MEMORIAL HEALTH MEADOWS HOSPITAL,ONE MEADOWS PARKWAY,(912) 535-5828,Acute Care Hospitals,Proprietary,149,61
110128,MEMORIAL HEALTH MEADOWS HOSPITAL,ONE MEADOWS PARKWAY,(912) 535-5828,Acute Care Hospitals,Proprietary,192,18
110128,MEMORIAL HEALTH MEADOWS HOSPITAL,ONE MEADOWS PARKWAY,(912) 535-5828,Acute Care Hospitals,Proprietary,177,33
110128,MEMORIAL HEALTH MEADOWS HOSPITAL,ONE MEADOWS PARKWAY,(912) 535-5828,Acute Care Hospitals,Proprietary,162,48
110128,MEMORIAL HEALTH MEADOWS HOSPITAL,ONE MEADOWS PARKWAY,(912) 535-5828,Acute Care Hospitals,Proprietary,178,32
110128,MEMORIAL HEALTH MEADOWS HOSPITAL,ONE MEADOWS PARKWAY,(912) 535-5828,Acute Care Hospitals,Proprietary,127,83
110128,MEMORIAL HEALTH MEADOWS HOSPITAL,ONE MEADOWS PARKWAY,(912) 535-5828,Acute Care Hospitals,Proprietary,172,38
110128,MEMORIAL HEALTH MEADOWS HOSPITAL,ONE MEADOWS PARKWAY,(912) 535-5828,Acute Care Hospitals,Proprietary,159,51
110128,MEMORIAL HEALTH MEADOWS HOSPITAL,ONE MEADOWS PARKWAY,(912) 535-5828,Acute Care Hospitals,Proprietary,183,27
110128,MEMORIAL HEALTH MEADOWS HOSPITAL,ONE MEADOWS PARKWAY,(912) 535-5828,Acute Care Hospitals,Proprietary,186,24
110128,MEMORIAL HEALTH MEADOWS HOSPITAL,ONE MEADOWS PARKWAY,(912) 535-5828,Acute Care Hospitals,Proprietary,181,29
110128,MEMORIAL HEALTH MEADOWS HOSPITAL,ONE MEADOWS PARKWAY,(912) 535-5828,Acute Care Hospitals,Proprietary,129,81
110128,MEMORIAL HEALTH MEADOWS HOSPITAL,ONE MEADOWS PARKWAY,(912) 535-5828,Acute Care Hospitals,Proprietary,195,15
110128,MEMORIAL HEALTH MEADOWS HOSPITAL,ONE MEADOWS PARKWAY,(912) 535-5828,Acute Care Hospitals,Proprietary,126,84
110128,MEMORIAL HEALTH MEADOWS HOSPITAL,ONE MEADOWS PARKWAY,(912) 535-5828,Acute Care Hospitals,Proprietary,185,25
110128,MEMORIAL HEALTH MEADOWS HOSPITAL,ONE MEADOWS PARKWAY,(912) 535-5828,Acute Care Hospitals,Proprietary,160,50
110128,MEMORIAL HEALTH MEADOWS HOSPITAL,ONE MEADOWS PARKWAY,(912) 535-5828,Acute Care Hospitals,Proprietary,194,16
110128,MEMORIAL HEALTH MEADOWS HOSPITAL,ONE MEADOWS PARKWAY,(912) 535-5828,Acute Care Hospitals,Proprietary,151,59
110128,MEMORIAL HEALTH MEADOWS HOSPITAL,ONE MEADOWS PARKWAY,(912) 535-5828,Acute Care Hospitals,Proprietary,179,31
110128,MEMORIAL HEALTH MEADOWS HOSPITAL,ONE MEADOWS PARKWAY,(912) 535-5828,Acute Care Hospitals,Proprietary,163,47
110128,MEMORIAL HEALTH MEADOWS HOSPITAL,ONE MEADOWS PARKWAY,(912) 535-5828,Acute Care Hospitals,Proprietary,193,17
110128,MEMORIAL HEALTH MEADOWS HOSPITAL,ONE MEADOWS PARKWAY,(912) 535-5828,Acute Care Hospitals,Proprietary,155,55
110128,MEMORIAL HEALTH MEADOWS HOSPITAL,ONE MEADOWS PARKWAY,(912) 535-5828,Acute Care Hospitals,Proprietary,133,77
110128,MEMORIAL HEALTH MEADOWS HOSPITAL,ONE MEADOWS PARKWAY,(912) 535-5828,Acute Care Hospitals,Proprietary,196,14
110128,MEMORIAL HEALTH MEADOWS HOSPITAL,ONE MEADOWS PARKWAY,(912) 535-5828,Acute Care Hospitals,Proprietary,174,36
110128,MEMORIAL HEALTH MEADOWS HOSPITAL,ONE MEADOWS PARKWAY,(912) 535-5828,Acute Care Hospitals,Proprietary,164,46
110128,MEMORIAL HEALTH MEADOWS HOSPITAL,ONE MEADOWS PARKWAY,(912) 535-5828,Acute Care Hospitals,Proprietary,177,33
110128,MEMORIAL HEALTH MEADOWS HOSPITAL,ONE MEADOWS PARKWAY,(912) 535-5828,Acute Care Hospitals,Proprietary,196,14
110128,MEMORIAL HEALTH MEADOWS HOSPITAL,ONE MEADOWS PARKWAY,(912) 535-5828,Acute Care Hospitals,Proprietary,189,21
110128,MEMORIAL HEALTH MEADOWS HOSPITAL,ONE MEADOWS PARKWAY,(912) 535-5828,Acute Care Hospitals,Proprietary,162,48
110128,MEMORIAL HEALTH MEADOWS HOSPITAL,ONE MEADOWS PARKWAY,(912) 535-5828,Acute Care Hospitals,Proprietary,155,55
110128,MEMORIAL HEALTH MEADOWS HOSPITAL,ONE MEADOWS PARKWAY,(912) 535-5828,Acute Care Hospitals,Proprietary,177,33
110128,MEMORIAL HEALTH MEADOWS HOSPITAL,ONE MEADOWS PARKWAY,(912) 535-5828,Acute Care Hospitals,Proprietary,183,27
110128,MEMORIAL HEALTH MEADOWS HOSPITAL,ONE MEADOWS PARKWAY,(912) 535-5828,Acute Care Hospitals,Proprietary,158,52
110128,MEMORIAL HEALTH MEADOWS HOSPITAL,ONE MEADOWS PARKWAY,(912) 535-5828,Acute Care Hospitals,Proprietary,161,49
110128,MEMORIAL HEALTH MEADOWS HOSPITAL,ONE MEADOWS PARKWAY,(912) 535-5828,Acute Care Hospitals,Proprietary,197,13
110128,MEMORIAL HEALTH MEADOWS HOSPITAL,ONE MEADOWS PARKWAY,(912) 535-5828,Acute Care Hospitals,Proprietary,167,43
110128,MEMORIAL HEALTH MEADOWS HOSPITAL,ONE MEADOWS PARKWAY,(912) 535-5828,Acute Care Hospitals,Proprietary,190,20
110128,MEMORIAL HEALTH MEADOWS HOSPITAL,ONE MEADOWS PARKWAY,(912) 535-5828,Acute Care Hospitals,Proprietary,138,72
110128,MEMORIAL HEALTH MEADOWS HOSPITAL,ONE MEADOWS PARKWAY,(912) 535-5828,Acute Care Hospitals,Proprietary,189,21
110128,MEMORIAL HEALTH MEADOWS HOSPITAL,ONE MEADOWS PARKWAY,(912) 535-5828,Acute Care Hospitals,Proprietary,141,69
110128,MEMORIAL HEALTH MEADOWS HOSPITAL,ONE MEADOWS PARKWAY,(912) 535-5828,Acute Care Hospitals,Proprietary,183,27
110128,MEMORIAL HEALTH MEADOWS HOSPITAL,ONE MEADOWS PARKWAY,(912) 535-5828,Acute Care Hospitals,Proprietary,157,53
110128,MEMORIAL HEALTH MEADOWS HOSPITAL,ONE MEADOWS PARKWAY,(912) 535-5828,Acute Care Hospitals,Proprietary,171,39
110128,MEMORIAL HEALTH MEADOWS HOSPITAL,ONE MEADOWS PARKWAY,(912) 535-5828,Acute Care Hospitals,Proprietary,171,39
110128,MEMORIAL HEALTH MEADOWS HOSPITAL,ONE MEADOWS PARKWAY,(912) 535-5828,Acute Care Hospitals,Proprietary,171,39
110128,MEMORIAL HEALTH MEADOWS HOSPITAL,ONE MEADOWS PARKWAY,(912) 535-5828,Acute Care Hospitals,Proprietary,144,66
110128,MEMORIAL HEALTH MEADOWS HOSPITAL,ONE MEADOWS PARKWAY,(912) 535-5828,Acute Care Hospitals,Proprietary,132,78
110128,MEMORIAL HEALTH MEADOWS HOSPITAL,ONE MEADOWS PARKWAY,(912) 535-5828,Acute Care Hospitals,Proprietary,167,43
110128,MEMORIAL HEALTH MEADOWS HOSPITAL,ONE MEADOWS PARKWAY,(912) 535-5828,Acute Care Hospitals,Proprietary,128,82
110128,MEMORIAL HEALTH MEADOWS HOSPITAL,ONE MEADOWS PARKWAY,(912) 535-5828,Acute Care Hospitals,Proprietary,176,34
110128,MEMORIAL HEALTH MEADOWS HOSPITAL,ONE MEADOWS PARKWAY,(912) 535-5828,Acute Care Hospitals,Proprietary,148,62
110128,MEMORIAL HEALTH MEADOWS HOSPITAL,ONE MEADOWS PARKWAY,(912) 535-5828,Acute Care Hospitals,Proprietary,159,51
110128,MEMORIAL HEALTH MEADOWS HOSPITAL,ONE MEADOWS PARKWAY,(912) 535-5828,Acute Care Hospitals,Proprietary,133,77
110128,MEMORIAL HEALTH MEADOWS HOSPITAL,ONE MEADOWS PARKWAY,(912) 535-5828,Acute Care Hospitals,Proprietary,146,64
110128,MEMORIAL HEALTH MEADOWS HOSPITAL,ONE MEADOWS PARKWAY,(912) 535-5828,Acute Care Hospitals,Proprietary,185,25
110128,MEMORIAL HEALTH MEADOWS HOSPITAL,ONE MEADOWS PARKWAY,(912) 535-5828,Acute Care Hospitals,Proprietary,185,25
110128,MEMORIAL HEALTH MEADOWS HOSPITAL,ONE MEADOWS PARKWAY,(912) 535-5828,Acute Care Hospitals,Proprietary,168,42
110128,MEMORIAL HEALTH MEADOWS HOSPITAL,ONE MEADOWS PARKWAY,(912) 535-5828,Acute Care Hospitals,Proprietary,149,61
110128,MEMORIAL HEALTH MEADOWS HOSPITAL,ONE MEADOWS PARKWAY,(912) 535-5828,Acute Care Hospitals,Proprietary,194,16
110128,MEMORIAL HEALTH MEADOWS HOSPITAL,ONE MEADOWS PARKWAY,(912) 535-5828,Acute Care Hospitals,Proprietary,165,45
110128,MEMORIAL HEALTH MEADOWS HOSPITAL,ONE MEADOWS PARKWAY,(912) 535-5828,Acute Care Hospitals,Proprietary,138,72
110128,MEMORIAL HEALTH MEADOWS HOSPITAL,ONE MEADOWS PARKWAY,(912) 535-5828,Acute Care Hospitals,Proprietary,132,78
110128,MEMORIAL HEALTH MEADOWS HOSPITAL,ONE MEADOWS PARKWAY,(912) 535-5828,Acute Care Hospitals,Proprietary,186,24
110128,MEMORIAL HEALTH MEADOWS HOSPITAL,ONE MEADOWS PARKWAY,(912) 535-5828,Acute Care Hospitals,Proprietary,167,43
110128,MEMORIAL HEALTH MEADOWS HOSPITAL,ONE MEADOWS PARKWAY,(912) 535-5828,Acute Care Hospitals,Proprietary,160,50
110128,MEMORIAL HEALTH MEADOWS HOSPITAL,ONE MEADOWS PARKWAY,(912) 535-5828,Acute Care Hospitals,Proprietary,189,21
110128,MEMORIAL HEALTH MEADOWS HOSPITAL,ONE MEADOWS PARKWAY,(912) 535-5828,Acute Care Hospitals,Proprietary,168,42
110128,MEMORIAL HEALTH MEADOWS HOSPITAL,ONE MEADOWS PARKWAY,(912) 535-5828,Acute Care Hospitals,Proprietary,137,73
110128,MEMORIAL HEALTH MEADOWS HOSPITAL,ONE MEADOWS PARKWAY,(912) 535-5828,Acute Care Hospitals,Proprietary,164,46
110128,MEMORIAL HEALTH MEADOWS HOSPITAL,ONE MEADOWS PARKWAY,(912) 535-5828,Acute Care Hospitals,Proprietary,194,16
110128,MEMORIAL HEALTH MEADOWS HOSPITAL,ONE MEADOWS PARKWAY,(912) 535-5828,Acute Care Hospitals,Proprietary,176,34
110128,MEMORIAL HEALTH MEADOWS HOSPITAL,ONE MEADOWS PARKWAY,(912) 535-5828,Acute Care Hospitals,Proprietary,127,83
110128,MEMORIAL HEALTH MEADOWS HOSPITAL,ONE MEADOWS PARKWAY,(912) 535-5828,Acute Care Hospitals,Proprietary,174,36
110128,MEMORIAL HEALTH MEADOWS HOSPITAL,ONE MEADOWS PARKWAY,(912) 535-5828,Acute Care Hospitals,Proprietary,170,40
110128,MEMORIAL HEALTH MEADOWS HOSPITAL,ONE MEADOWS PARKWAY,(912) 535-5828,Acute Care Hospitals,Proprietary,162,48
110128,MEMORIAL HEALTH MEADOWS HOSPITAL,ONE MEADOWS PARKWAY,(912) 535-5828,Acute Care Hospitals,Proprietary,194,16
110128,MEMORIAL HEALTH MEADOWS HOSPITAL,ONE MEADOWS PARKWAY,(912) 535-5828,Acute Care Hospitals,Proprietary,190,20
110128,MEMORIAL HEALTH MEADOWS HOSPITAL,ONE MEADOWS PARKWAY,(912) 535-5828,Acute Care Hospitals,Proprietary,127,83
110128,MEMORIAL HEALTH MEADOWS HOSPITAL,ONE MEADOWS PARKWAY,(912) 535-5828,Acute Care Hospitals,Proprietary,140,70
110128,MEMORIAL HEALTH MEADOWS HOSPITAL,ONE MEADOWS PARKWAY,(912) 535-5828,Acute Care Hospitals,Proprietary,170,40
110128,MEMORIAL HEALTH MEADOWS HOSPITAL,ONE MEADOWS PARKWAY,(912) 535-5828,Acute Care Hospitals,Proprietary,145,65
110128,MEMORIAL HEALTH MEADOWS HOSPITAL,ONE MEADOWS PARKWAY,(912) 535-5828,Acute Care Hospitals,Proprietary,185,25
110128,MEMORIAL HEALTH MEADOWS HOSPITAL,ONE MEADOWS PARKWAY,(912) 535-5828,Acute Care Hospitals,Proprietary,140,70
110128,MEMORIAL HEALTH MEADOWS HOSPITAL,ONE MEADOWS PARKWAY,(912) 535-5828,Acute Care Hospitals,Proprietary,169,41
110128,MEMORIAL HEALTH MEADOWS HOSPITAL,ONE MEADOWS PARKWAY,(912) 535-5828,Acute Care Hospitals,Proprietary,193,17
110128,MEMORIAL HEALTH MEADOWS HOSPITAL,ONE MEADOWS PARKWAY,(912) 535-5828,Acute Care Hospitals,Proprietary,149,61
110128,MEMORIAL HEALTH MEADOWS HOSPITAL,ONE MEADOWS PARKWAY,(912) 535-5828,Acute Care Hospitals,Proprietary,127,83
110128,MEMORIAL HEALTH MEADOWS HOSPITAL,ONE MEADOWS PARKWAY,(912) 535-5828,Acute Care Hospitals,Proprietary,126,84
110128,MEMORIAL HEALTH MEADOWS HOSPITAL,ONE MEADOWS PARKWAY,(912) 535-5828,Acute Care Hospitals,Proprietary,129,81
110128,MEMORIAL HEALTH MEADOWS HOSPITAL,ONE MEADOWS PARKWAY,(912) 535-5828,Acute Care Hospitals,Proprietary,167,43
110128,MEMORIAL HEALTH MEADOWS HOSPITAL,ONE MEADOWS PARKWAY,(912) 535-5828,Acute Care Hospitals,Proprietary,184,26
110128,MEMORIAL HEALTH MEADOWS HOSPITAL,ONE MEADOWS PARKWAY,(912) 535-5828,Acute Care Hospitals,Proprietary,128,82
110128,MEMORIAL HEALTH MEADOWS HOSPITAL,ONE MEADOWS PARKWAY,(912) 535-5828,Acute Care Hospitals,Proprietary,193,17
110128,MEMORIAL HEALTH MEADOWS HOSPITAL,ONE MEADOWS PARKWAY,(912) 535-5828,Acute Care Hospitals,Proprietary,185,25
110128,MEMORIAL HEALTH MEADOWS HOSPITAL,ONE MEADOWS PARKWAY,(912) 535-5828,Acute Care Hospitals,Proprietary,137,73
110128,MEMORIAL HEALTH MEADOWS HOSPITAL,ONE MEADOWS PARKWAY,(912) 535-5828,Acute Care Hospitals,Proprietary,128,82
110128,MEMORIAL HEALTH MEADOWS HOSPITAL,ONE MEADOWS PARKWAY,(912) 535-5828,Acute Care Hospitals,Proprietary,179,31
110128,MEMORIAL HEALTH MEADOWS HOSPITAL,ONE MEADOWS PARKWAY,(912) 535-5828,Acute Care Hospitals,Proprietary,173,37
110128,MEMORIAL HEALTH MEADOWS HOSPITAL,ONE MEADOWS PARKWAY,(912) 535-5828,Acute Care Hospitals,Proprietary,168,42
110128,MEMORIAL HEALTH MEADOWS HOSPITAL,ONE MEADOWS PARKWAY,(912) 535-5828,Acute Care Hospitals,Proprietary,142,68
110128,MEMORIAL HEALTH MEADOWS HOSPITAL,ONE MEADOWS PARKWAY,(912) 535-5828,Acute Care Hospitals,Proprietary,193,17
110128,MEMORIAL HEALTH MEADOWS HOSPITAL,ONE MEADOWS PARKWAY,(912) 535-5828,Acute Care Hospitals,Proprietary,143,67
110128,MEMORIAL HEALTH MEADOWS HOSPITAL,ONE MEADOWS PARKWAY,(912) 535-5828,Acute Care Hospitals,Proprietary,145,65
110128,MEMORIAL HEALTH MEADOWS HOSPITAL,ONE MEADOWS PARKWAY,(912) 535-5828,Acute Care Hospitals,Proprietary,177,33
110128,MEMORIAL HEALTH MEADOWS HOSPITAL,ONE MEADOWS PARKWAY,(912) 535-5828,Acute Care Hospitals,Proprietary,183,27
110128,MEMORIAL HEALTH MEADOWS HOSPITAL,ONE MEADOWS PARKWAY,(912) 535-5828,Acute Care Hospitals,Proprietary,189,21
110128,MEMORIAL HEALTH MEADOWS HOSPITAL,ONE MEADOWS PARKWAY,(912) 535-5828,Acute Care Hospitals,Proprietary,152,58
110128,MEMORIAL HEALTH MEADOWS HOSPITAL,ONE MEADOWS PARKWAY,(912) 535-5828,Acute Care Hospitals,Proprietary,137,73
110128,MEMORIAL HEALTH MEADOWS HOSPITAL,ONE MEADOWS PARKWAY,(912) 535-5828,Acute Care Hospitals,Proprietary,178,32
110128,MEMORIAL HEALTH MEADOWS HOSPITAL,ONE MEADOWS PARKWAY,(912) 535-5828,Acute Care Hospitals,Proprietary,160,50
110128,MEMORIAL HEALTH MEADOWS HOSPITAL,ONE MEADOWS PARKWAY,(912) 535-5828,Acute Care Hospitals,Proprietary,142,68
110128,MEMORIAL HEALTH MEADOWS HOSPITAL,ONE MEADOWS PARKWAY,(912) 535-5828,Acute Care Hospitals,Proprietary,179,31
110128,MEMORIAL HEALTH MEADOWS HOSPITAL,ONE MEADOWS PARKWAY,(912) 535-5828,Acute Care Hospitals,Proprietary,187,23
110128,MEMORIAL HEALTH MEADOWS HOSPITAL,ONE MEADOWS PARKWAY,(912) 535-5828,Acute Care Hospitals,Proprietary,136,74
110128,MEMORIAL HEALTH MEADOWS HOSPITAL,ONE MEADOWS PARKWAY,(912) 535-5828,Acute Care Hospitals,Proprietary,192,18
110128,MEMORIAL HEALTH MEADOWS HOSPITAL,ONE MEADOWS PARKWAY,(912) 535-5828,Acute Care Hospitals,Proprietary,150,60
110128,MEMORIAL HEALTH MEADOWS HOSPITAL,ONE MEADOWS PARKWAY,(912) 535-5828,Acute Care Hospitals,Proprietary,148,62
110128,MEMORIAL HEALTH MEADOWS HOSPITAL,ONE MEADOWS PARKWAY,(912) 535-5828,Acute Care Hospitals,Proprietary,156,54
110128,MEMORIAL HEALTH MEADOWS HOSPITAL,ONE MEADOWS PARKWAY,(912) 535-5828,Acute Care Hospitals,Proprietary,168,42
110128,MEMORIAL HEALTH MEADOWS HOSPITAL,ONE MEADOWS PARKWAY,(912) 535-5828,Acute Care Hospitals,Proprietary,147,63
110128,MEMORIAL HEALTH MEADOWS HOSPITAL,ONE MEADOWS PARKWAY,(912) 535-5828,Acute Care Hospitals,Proprietary,193,17
