Facility ID,Facility Name,Address,Telephone Number,Hospital Type,Hospital Ownership,Active Beds,Inactive Beds
110104,CRISP REGIONAL HOSPITAL,902 7TH STREET NORTH,(229) 276-3100,Acute Care Hospitals,Government - Hospital District or Authority,170,33
110104,CRISP REGIONAL HOSPITAL,902 7TH STREET NORTH,(229) 276-3100,Acute Care Hospitals,Government - Hospital District or Authority,175,28
110104,CRISP REGIONAL HOSPITAL,902 7TH STREET NORTH,(229) 276-3100,Acute Care Hospitals,Government - Hospital District or Authority,154,49
110104,CRISP REGIONAL HOSPITAL,902 7TH STREET NORTH,(229) 276-3100,Acute Care Hospitals,Government - Hospital District or Authority,149,54
110104,CRISP REGIONAL HOSPITAL,902 7TH STREET NORTH,(229) 276-3100,Acute Care Hospitals,Government - Hospital District or Authority,169,34
110104,CRISP REGIONAL HOSPITAL,902 7TH STREET NORTH,(229) 276-3100,Acute Care Hospitals,Government - Hospital District or Authority,144,59
110104,CRISP REGIONAL HOSPITAL,902 7TH STREET NORTH,(229) 276-3100,Acute Care Hospitals,Government - Hospital District or Authority,192,11
110104,CRISP REGIONAL HOSPITAL,902 7TH STREET NORTH,(229) 276-3100,Acute Care Hospitals,Government - Hospital District or Authority,164,39
110104,CRISP REGIONAL HOSPITAL,902 7TH STREET NORTH,(229) 276-3100,Acute Care Hospitals,Government - Hospital District or Authority,186,17
110104,CRISP REGIONAL HOSPITAL,902 7TH STREET NORTH,(229) 276-3100,Acute Care Hospitals,Government - Hospital District or Authority,169,34
110104,CRISP REGIONAL HOSPITAL,902 7TH STREET NORTH,(229) 276-3100,Acute Care Hospitals,Government - Hospital District or Authority,127,76
110104,CRISP REGIONAL HOSPITAL,902 7TH STREET NORTH,(229) 276-3100,Acute Care Hospitals,Government - Hospital District or Authority,192,11
110104,CRISP REGIONAL HOSPITAL,902 7TH STREET NORTH,(229) 276-3100,Acute Care Hospitals,Government - Hospital District or Authority,140,63
110104,CRISP REGIONAL HOSPITAL,902 7TH STREET NORTH,(229) 276-3100,Acute Care Hospitals,Government - Hospital District or Authority,161,42
110104,CRISP REGIONAL HOSPITAL,902 7TH STREET NORTH,(229) 276-3100,Acute Care Hospitals,Government - Hospital District or Authority,180,23
110104,CRISP REGIONAL HOSPITAL,902 7TH STREET NORTH,(229) 276-3100,Acute Care Hospitals,Government - Hospital District or Authority,146,57
110104,CRISP REGIONAL HOSPITAL,902 7TH STREET NORTH,(229) 276-3100,Acute Care Hospitals,Government - Hospital District or Authority,148,55
110104,CRISP REGIONAL HOSPITAL,902 7TH STREET NORTH,(229) 276-3100,Acute Care Hospitals,Government - Hospital District or Authority,158,45
110104,CRISP REGIONAL HOSPITAL,902 7TH STREET NORTH,(229) 276-3100,Acute Care Hospitals,Government - Hospital District or Authority,175,28
110104,CRISP REGIONAL HOSPITAL,902 7TH STREET NORTH,(229) 276-3100,Acute Care Hospitals,Government - Hospital District or Authority,151,52
110104,CRISP REGIONAL HOSPITAL,902 7TH STREET NORTH,(229) 276-3100,Acute Care Hospitals,Government - Hospital District or Authority,154,49
110104,CRISP REGIONAL HOSPITAL,902 7TH STREET NORTH,(229) 276-3100,Acute Care Hospitals,Government - Hospital District or Authority,129,74
110104,CRISP REGIONAL HOSPITAL,902 7TH STREET NORTH,(229) 276-3100,Acute Care Hospitals,Government - Hospital District or Authority,138,65
110104,CRISP REGIONAL HOSPITAL,902 7TH STREET NORTH,(229) 276-3100,Acute Care Hospitals,Government - Hospital District or Authority,128,75
110104,CRISP REGIONAL HOSPITAL,902 7TH STREET NORTH,(229) 276-3100,Acute Care Hospitals,Government - Hospital District or Authority,157,46
110104,CRISP REGIONAL HOSPITAL,902 7TH STREET NORTH,(229) 276-3100,Acute Care Hospitals,Government - Hospital District or Authority,190,13
110104,CRISP REGIONAL HOSPITAL,902 7TH STREET NORTH,(229) 276-3100,Acute Care Hospitals,Government - Hospital District or Authority,148,55
110104,CRISP REGIONAL HOSPITAL,902 7TH STREET NORTH,(229) 276-3100,Acute Care Hospitals,Government - Hospital District or Authority,153,50
110104,CRISP REGIONAL HOSPITAL,902 7TH STREET NORTH,(229) 276-3100,Acute Care Hospitals,Government - Hospital District or Authority,152,51
110104,CRISP REGIONAL HOSPITAL,902 7TH STREET NORTH,(229) 276-3100,Acute Care Hospitals,Government - Hospital District or Authority,192,11
110104,CRISP REGIONAL HOSPITAL,902 7TH STREET NORTH,(229) 276-3100,Acute Care Hospitals,Government - Hospital District or Authority,171,32
110104,CRISP REGIONAL HOSPITAL,902 7TH STREET NORTH,(229) 276-3100,Acute Care Hospitals,Government - Hospital District or Authority,185,18
110104,CRISP REGIONAL HOSPITAL,902 7TH STREET NORTH,(229) 276-3100,Acute Care Hospitals,Government - Hospital District or Authority,184,19
110104,CRISP REGIONAL HOSPITAL,902 7TH STREET NORTH,(229) 276-3100,Acute Care Hospitals,Government - Hospital District or Authority,145,58
110104,CRISP REGIONAL HOSPITAL,902 7TH STREET NORTH,(229) 276-3100,Acute Care Hospitals,Government - Hospital District or Authority,144,59
110104,CRISP REGIONAL HOSPITAL,902 7TH STREET NORTH,(229) 276-3100,Acute Care Hospitals,Government - Hospital District or Authority,161,42
110104,CRISP REGIONAL HOSPITAL,902 7TH STREET NORTH,(229) 276-3100,Acute Care Hospitals,Government - Hospital District or Authority,175,28
110104,CRISP REGIONAL HOSPITAL,902 7TH STREET NORTH,(229) 276-3100,Acute Care Hospitals,Government - Hospital District or Authority,184,19
110104,CRISP REGIONAL HOSPITAL,902 7TH STREET NORTH,(229) 276-3100,Acute Care Hospitals,Government - Hospital District or Authority,174,29
110104,CRISP REGIONAL HOSPITAL,902 7TH STREET NORTH,(229) 276-3100,Acute Care Hospitals,Government - Hospital District or Authority,134,69
110104,CRISP REGIONAL HOSPITAL,902 7TH STREET NORTH,(229) 276-3100,Acute Care Hospitals,Government - Hospital District or Authority,147,56
110104,CRISP REGIONAL HOSPITAL,902 7TH STREET NORTH,(229) 276-3100,Acute Care Hospitals,Government - Hospital District or Authority,163,40
110104,CRISP REGIONAL HOSPITAL,902 7TH STREET NORTH,(229) 276-3100,Acute Care Hospitals,Government - Hospital District or Authority,175,28
110104,CRISP REGIONAL HOSPITAL,902 7TH STREET NORTH,(229) 276-3100,Acute Care Hospitals,Government - Hospital District or Authority,142,61
110104,CRISP REGIONAL HOSPITAL,902 7TH STREET NORTH,(229) 276-3100,Acute Care Hospitals,Government - Hospital District or Authority,133,70
110104,CRISP REGIONAL HOSPITAL,902 7TH STREET NORTH,(229) 276-3100,Acute Care Hospitals,Government - Hospital District or Authority,146,57
110104,CRISP REGIONAL HOSPITAL,902 7TH STREET NORTH,(229) 276-3100,Acute Care Hospitals,Government - Hospital District or Authority,175,28
110104,CRISP REGIONAL HOSPITAL,902 7TH STREET NORTH,(229) 276-3100,Acute Care Hospitals,Government - Hospital District or Authority,161,42
110104,CRISP REGIONAL HOSPITAL,902 7TH STREET NORTH,(229) 276-3100,Acute Care Hospitals,Government - Hospital District or Authority,142,61
110104,CRISP REGIONAL HOSPITAL,902 7TH STREET NORTH,(229) 276-3100,Acute Care Hospitals,Government - Hospital District or Authority,125,78
110104,CRISP REGIONAL HOSPITAL,902 7TH STREET NORTH,(229) 276-3100,Acute Care Hospitals,Government - Hospital District or Authority,132,71
110104,CRISP REGIONAL HOSPITAL,902 7TH STREET NORTH,(229) 276-3100,Acute Care Hospitals,Government - Hospital District or Authority,162,41
110104,CRISP REGIONAL HOSPITAL,902 7TH STREET NORTH,(229) 276-3100,Acute Care Hospitals,Government - Hospital District or Authority,162,41
110104,CRISP REGIONAL HOSPITAL,902 7TH STREET NORTH,(229) 276-3100,Acute Care Hospitals,Government - Hospital District or Authority,166,37
110104,CRISP REGIONAL HOSPITAL,902 7TH STREET NORTH,(229) 276-3100,Acute Care Hospitals,Government - Hospital District or Authority,153,50
110104,CRISP REGIONAL HOSPITAL,902 7TH STREET NORTH,(229) 276-3100,Acute Care Hospitals,Government - Hospital District or Authority,165,38
110104,CRISP REGIONAL HOSPITAL,902 7TH STREET NORTH,(229) 276-3100,Acute Care Hospitals,Government - Hospital District or Authority,161,42
110104,CRISP REGIONAL HOSPITAL,902 7TH STREET NORTH,(229) 276-3100,Acute Care Hospitals,Government - Hospital District or Authority,155,48
110104,CRISP REGIONAL HOSPITAL,902 7TH STREET NORTH,(229) 276-3100,Acute Care Hospitals,Government - Hospital District or Authority,121,82
110104,CRISP REGIONAL HOSPITAL,902 7TH STREET NORTH,(229) 276-3100,Acute Care Hospitals,Government - Hospital District or Authority,145,58
110104,CRISP REGIONAL HOSPITAL,902 7TH STREET NORTH,(229) 276-3100,Acute Care Hospitals,Government - Hospital District or Authority,192,11
110104,CRISP REGIONAL HOSPITAL,902 7TH STREET NORTH,(229) 276-3100,Acute Care Hospitals,Government - Hospital District or Authority,177,26
110104,CRISP REGIONAL HOSPITAL,902 7TH STREET NORTH,(229) 276-3100,Acute Care Hospitals,Government - Hospital District or Authority,188,15
110104,CRISP REGIONAL HOSPITAL,902 7TH STREET NORTH,(229) 276-3100,Acute Care Hospitals,Government - Hospital District or Authority,182,21
110104,CRISP REGIONAL HOSPITAL,902 7TH STREET NORTH,(229) 276-3100,Acute Care Hospitals,Government - Hospital District or Authority,150,53
110104,CRISP REGIONAL HOSPITAL,902 7TH STREET NORTH,(229) 276-3100,Acute Care Hospitals,Government - Hospital District or Authority,150,53
110104,CRISP REGIONAL HOSPITAL,902 7TH STREET NORTH,(229) 276-3100,Acute Care Hospitals,Government - Hospital District or Authority,143,60
110104,CRISP REGIONAL HOSPITAL,902 7TH STREET NORTH,(229) 276-3100,Acute Care Hospitals,Government - Hospital District or Authority,132,71
110104,CRISP REGIONAL HOSPITAL,902 7TH STREET NORTH,(229) 276-3100,Acute Care Hospitals,Government - Hospital District or Authority,167,36
110104,CRISP REGIONAL HOSPITAL,902 7TH STREET NORTH,(229) 276-3100,Acute Care Hospitals,Government - Hospital District or Authority,167,36
110104,CRISP REGIONAL HOSPITAL,902 7TH STREET NORTH,(229) 276-3100,Acute Care Hospitals,Government - Hospital District or Authority,158,45
110104,CRISP REGIONAL HOSPITAL,902 7TH STREET NORTH,(229) 276-3100,Acute Care Hospitals,Government - Hospital District or Authority,141,62
110104,CRISP REGIONAL HOSPITAL,902 7TH STREET NORTH,(229) 276-3100,Acute Care Hospitals,Government - Hospital District or Authority,143,60
110104,CRISP REGIONAL HOSPITAL,902 7TH STREET NORTH,(229) 276-3100,Acute Care Hospitals,Government - Hospital District or Authority,142,61
110104,CRISP REGIONAL HOSPITAL,902 7TH STREET NORTH,(229) 276-3100,Acute Care Hospitals,Government - Hospital District or Authority,156,47
110104,CRISP REGIONAL HOSPITAL,902 7TH STREET NORTH,(229) 276-3100,Acute Care Hospitals,Government - Hospital District or Authority,167,36
110104,CRISP REGIONAL HOSPITAL,902 7TH STREET NORTH,(229) 276-3100,Acute Care Hospitals,Government - Hospital District or Authority,145,58
110104,CRISP REGIONAL HOSPITAL,902 7TH STREET NORTH,(229) 276-3100,Acute Care Hospitals,Government - Hospital District or Authority,146,57
110104,CRISP REGIONAL HOSPITAL,902 7TH STREET NORTH,(229) 276-3100,Acute Care Hospitals,Government - Hospital District or Authority,164,39
110104,CRISP REGIONAL HOSPITAL,902 7TH STREET NORTH,(229) 276-3100,Acute Care Hospitals,Government - Hospital District or Authority,148,55
110104,CRISP REGIONAL HOSPITAL,902 7TH STREET NORTH,(229) 276-3100,Acute Care Hospitals,Government - Hospital District or Authority,164,39
110104,CRISP REGIONAL HOSPITAL,902 7TH STREET NORTH,(229) 276-3100,Acute Care Hospitals,Government - Hospital District or Authority,162,41
110104,CRISP REGIONAL HOSPITAL,902 7TH STREET NORTH,(229) 276-3100,Acute Care Hospitals,Government - Hospital District or Authority,146,57
110104,CRISP REGIONAL HOSPITAL,902 7TH STREET NORTH,(229) 276-3100,Acute Care Hospitals,Government - Hospital District or Authority,128,75
110104,CRISP REGIONAL HOSPITAL,902 7TH STREET NORTH,(229) 276-3100,Acute Care Hospitals,Government - Hospital District or Authority,188,15
110104,CRISP REGIONAL HOSPITAL,902 7TH STREET NORTH,(229) 276-3100,Acute Care Hospitals,Government - Hospital District or Authority,156,47
110104,CRISP REGIONAL HOSPITAL,902 7TH STREET NORTH,(229) 276-3100,Acute Care Hospitals,Government - Hospital District or Authority,139,64
110104,CRISP REGIONAL HOSPITAL,902 7TH STREET NORTH,(229) 276-3100,Acute Care Hospitals,Government - Hospital District or Authority,158,45
110104,CRISP REGIONAL HOSPITAL,902 7TH STREET NORTH,(229) 276-3100,Acute Care Hospitals,Government - Hospital District or Authority,170,33
110104,CRISP REGIONAL HOSPITAL,902 7TH STREET NORTH,(229) 276-3100,Acute Care Hospitals,Government - Hospital District or Authority,168,35
110104,CRISP REGIONAL HOSPITAL,902 7TH STREET NORTH,(229) 276-3100,Acute Care Hospitals,Government - Hospital District or Authority,179,24
110104,CRISP REGIONAL HOSPITAL,902 7TH STREET NORTH,(229) 276-3100,Acute Care Hospitals,Government - Hospital District or Authority,165,38
110104,CRISP REGIONAL HOSPITAL,902 7TH STREET NORTH,(229) 276-3100,Acute Care Hospitals,Government - Hospital District or Authority,162,41
110104,CRISP REGIONAL HOSPITAL,902 7TH STREET NORTH,(229) 276-3100,Acute Care Hospitals,Government - Hospital District or Authority,140,63
110104,CRISP REGIONAL HOSPITAL,902 7TH STREET NORTH,(229) 276-3100,Acute Care Hospitals,Government - Hospital District or Authority,189,14
110104,CRISP REGIONAL HOSPITAL,902 7TH STREET NORTH,(229) 276-3100,Acute Care Hospitals,Government - Hospital District or Authority,128,75
110104,CRISP REGIONAL HOSPITAL,902 7TH STREET NORTH,(229) 276-3100,Acute Care Hospitals,Government - Hospital District or Authority,184,19
110104,CRISP REGIONAL HOSPITAL,902 7TH STREET NORTH,(229) 276-3100,Acute Care Hospitals,Government - Hospital District or Authority,168,35
110104,CRISP REGIONAL HOSPITAL,902 7TH STREET NORTH,(229) 276-3100,Acute Care Hospitals,Government - Hospital District or Authority,184,19
110104,CRISP REGIONAL HOSPITAL,902 7TH STREET NORTH,(229) 276-3100,Acute Care Hospitals,Government - Hospital District or Authority,132,71
110104,CRISP REGIONAL HOSPITAL,902 7TH STREET NORTH,(229) 276-3100,Acute Care Hospitals,Government - Hospital District or Authority,174,29
110104,CRISP REGIONAL HOSPITAL,902 7TH STREET NORTH,(229) 276-3100,Acute Care Hospitals,Government - Hospital District or Authority,137,66
110104,CRISP REGIONAL HOSPITAL,902 7TH STREET NORTH,(229) 276-3100,Acute Care Hospitals,Government - Hospital District or Authority,142,61
110104,CRISP REGIONAL HOSPITAL,902 7TH STREET NORTH,(229) 276-3100,Acute Care Hospitals,Government - Hospital District or Authority,157,46
110104,CRISP REGIONAL HOSPITAL,902 7TH STREET NORTH,(229) 276-3100,Acute Care Hospitals,Government - Hospital District or Authority,132,71
110104,CRISP REGIONAL HOSPITAL,902 7TH STREET NORTH,(229) 276-3100,Acute Care Hospitals,Government - Hospital District or Authority,133,70
110104,CRISP REGIONAL HOSPITAL,902 7TH STREET NORTH,(229) 276-3100,Acute Care Hospitals,Government - Hospital District or Authority,127,76
110104,CRISP REGIONAL HOSPITAL,902 7TH STREET NORTH,(229) 276-3100,Acute Care Hospitals,Government - Hospital District or Authority,165,38
110104,CRISP REGIONAL HOSPITAL,902 7TH STREET NORTH,(229) 276-3100,Acute Care Hospitals,Government - Hospital District or Authority,129,74
110104,CRISP REGIONAL HOSPITAL,902 7TH STREET NORTH,(229) 276-3100,Acute Care Hospitals,Government - Hospital District or Authority,149,54
110104,CRISP REGIONAL HOSPITAL,902 7TH STREET NORTH,(229) 276-3100,Acute Care Hospitals,Government - Hospital District or Authority,174,29
110104,CRISP REGIONAL HOSPITAL,902 7TH STREET NORTH,(229) 276-3100,Acute Care Hospitals,Government - Hospital District or Authority,169,34
110104,CRISP REGIONAL HOSPITAL,902 7TH STREET NORTH,(229) 276-3100,Acute Care Hospitals,Government - Hospital District or Authority,146,57
110104,CRISP REGIONAL HOSPITAL,902 7TH STREET NORTH,(229) 276-3100,Acute Care Hospitals,Government - Hospital District or Authority,137,66
110104,CRISP REGIONAL HOSPITAL,902 7TH STREET NORTH,(229) 276-3100,Acute Care Hospitals,Government - Hospital District or Authority,121,82
110104,CRISP REGIONAL HOSPITAL,902 7TH STREET NORTH,(229) 276-3100,Acute Care Hospitals,Government - Hospital District or Authority,176,27
110104,CRISP REGIONAL HOSPITAL,902 7TH STREET NORTH,(229) 276-3100,Acute Care Hospitals,Government - Hospital District or Authority,177,26
110104,CRISP REGIONAL HOSPITAL,902 7TH STREET NORTH,(229) 276-3100,Acute Care Hospitals,Government - Hospital District or Authority,166,37
110104,CRISP REGIONAL HOSPITAL,902 7TH STREET NORTH,(229) 276-3100,Acute Care Hospitals,Government - Hospital District or Authority,183,20
110104,CRISP REGIONAL HOSPITAL,902 7TH STREET NORTH,(229) 276-3100,Acute Care Hospitals,Government - Hospital District or Authority,169,34
110104,CRISP REGIONAL HOSPITAL,902 7TH STREET NORTH,(229) 276-3100,Acute Care Hospitals,Government - Hospital District or Authority,152,51
110104,CRISP REGIONAL HOSPITAL,902 7TH STREET NORTH,(229) 276-3100,Acute Care Hospitals,Government - Hospital District or Authority,174,29
110104,CRISP REGIONAL HOSPITAL,902 7TH STREET NORTH,(229) 276-3100,Acute Care Hospitals,Government - Hospital District or Authority,130,73
110104,CRISP REGIONAL HOSPITAL,902 7TH STREET NORTH,(229) 276-3100,Acute Care Hospitals,Government - Hospital District or Authority,188,15
110104,CRISP REGIONAL HOSPITAL,902 7TH STREET NORTH,(229) 276-3100,Acute Care Hospitals,Government - Hospital District or Authority,140,63
110104,CRISP REGIONAL HOSPITAL,902 7TH STREET NORTH,(229) 276-3100,Acute Care Hospitals,Government - Hospital District or Authority,170,33
110104,CRISP REGIONAL HOSPITAL,902 7TH STREET NORTH,(229) 276-3100,Acute Care Hospitals,Government - Hospital District or Authority,137,66
110104,CRISP REGIONAL HOSPITAL,902 7TH STREET NORTH,(229) 276-3100,Acute Care Hospitals,Government - Hospital District or Authority,146,57
110104,CRISP REGIONAL HOSPITAL,902 7TH STREET NORTH,(229) 276-3100,Acute Care Hospitals,Government - Hospital District or Authority,140,63
110104,CRISP REGIONAL HOSPITAL,902 7TH STREET NORTH,(229) 276-3100,Acute Care Hospitals,Government - Hospital District or Authority,155,48
110104,CRISP REGIONAL HOSPITAL,902 7TH STREET NORTH,(229) 276-3100,Acute Care Hospitals,Government - Hospital District or Authority,165,38
110104,CRISP REGIONAL HOSPITAL,902 7TH STREET NORTH,(229) 276-3100,Acute Care Hospitals,Government - Hospital District or Authority,152,51
110104,CRISP REGIONAL HOSPITAL,902 7TH STREET NORTH,(229) 276-3100,Acute Care Hospitals,Government - Hospital District or Authority,128,75
110104,CRISP REGIONAL HOSPITAL,902 7TH STREET NORTH,(229) 276-3100,Acute Care Hospitals,Government - Hospital District or Authority,167,36
110104,CRISP REGIONAL HOSPITAL,902 7TH STREET NORTH,(229) 276-3100,Acute Care Hospitals,Government - Hospital District or Authority,171,32
110104,CRISP REGIONAL HOSPITAL,902 7TH STREET NORTH,(229) 276-3100,Acute Care Hospitals,Government - Hospital District or Authority,125,78
110104,CRISP REGIONAL HOSPITAL,902 7TH STREET NORTH,(229) 276-3100,Acute Care Hospitals,Government - Hospital District or Authority,189,14
110104,CRISP REGIONAL HOSPITAL,902 7TH STREET NORTH,(229) 276-3100,Acute Care Hospitals,Government - Hospital District or Authority,162,41
110104,CRISP REGIONAL HOSPITAL,902 7TH STREET NORTH,(229) 276-3100,Acute Care Hospitals,Government - Hospital District or Authority,129,74
110104,CRISP REGIONAL HOSPITAL,902 7TH STREET NORTH,(229) 276-3100,Acute Care Hospitals,Government - Hospital District or Authority,153,50
110104,CRISP REGIONAL HOSPITAL,902 7TH STREET NORTH,(229) 276-3100,Acute Care Hospitals,Government - Hospital District or Authority,170,33
110104,CRISP REGIONAL HOSPITAL,902 7TH STREET NORTH,(229) 276-3100,Acute Care Hospitals,Government - Hospital District or Authority,141,62
110104,CRISP REGIONAL HOSPITAL,902 7TH STREET NORTH,(229) 276-3100,Acute Care Hospitals,Government - Hospital District or Authority,171,32
110104,CRISP REGIONAL HOSPITAL,902 7TH STREET NORTH,(229) 276-3100,Acute Care Hospitals,Government - Hospital District or Authority,180,23
110104,CRISP REGIONAL HOSPITAL,902 7TH STREET NORTH,(229) 276-3100,Acute Care Hospitals,Government - Hospital District or Authority,128,75
110104,CRISP REGIONAL HOSPITAL,902 7TH STREET NORTH,(229) 276-3100,Acute Care Hospitals,Government - Hospital District or Authority,179,24
110104,CRISP REGIONAL HOSPITAL,902 7TH STREET NORTH,(229) 276-3100,Acute Care Hospitals,Government - Hospital District or Authority,122,81
110104,CRISP REGIONAL HOSPITAL,902 7TH STREET NORTH,(229) 276-3100,Acute Care Hospitals,Government - Hospital District or Authority,125,78
110104,CRISP REGIONAL HOSPITAL,902 7TH STREET NORTH,(229) 276-3100,Acute Care Hospitals,Government - Hospital District or Authority,151,52
110104,CRISP REGIONAL HOSPITAL,902 7TH STREET NORTH,(229) 276-3100,Acute Care Hospitals,Government - Hospital District or Authority,126,77
110104,CRISP REGIONAL HOSPITAL,902 7TH STREET NORTH,(229) 276-3100,Acute Care Hospitals,Government - Hospital District or Authority,145,58
110104,CRISP REGIONAL HOSPITAL,902 7TH STREET NORTH,(229) 276-3100,Acute Care Hospitals,Government - Hospital District or Authority,125,78
110104,CRISP REGIONAL HOSPITAL,902 7TH STREET NORTH,(229) 276-3100,Acute Care Hospitals,Government - Hospital District or Authority,137,66
110104,CRISP REGIONAL HOSPITAL,902 7TH STREET NORTH,(229) 276-3100,Acute Care Hospitals,Government - Hospital District or Authority,159,44
110104,CRISP REGIONAL HOSPITAL,902 7TH STREET NORTH,(229) 276-3100,Acute Care Hospitals,Government - Hospital District or Authority,124,79
110104,CRISP REGIONAL HOSPITAL,902 7TH STREET NORTH,(229) 276-3100,Acute Care Hospitals,Government - Hospital District or Authority,137,66
110104,CRISP REGIONAL HOSPITAL,902 7TH STREET NORTH,(229) 276-3100,Acute Care Hospitals,Government - Hospital District or Authority,165,38
110104,CRISP REGIONAL HOSPITAL,902 7TH STREET NORTH,(229) 276-3100,Acute Care Hospitals,Government - Hospital District or Authority,151,52
110104,CRISP REGIONAL HOSPITAL,902 7TH STREET NORTH,(229) 276-3100,Acute Care Hospitals,Government - Hospital District or Authority,147,56
110104,CRISP REGIONAL HOSPITAL,902 7TH STREET NORTH,(229) 276-3100,Acute Care Hospitals,Government - Hospital District or Authority,150,53
110104,CRISP REGIONAL HOSPITAL,902 7TH STREET NORTH,(229) 276-3100,Acute Care Hospitals,Government - Hospital District or Authority,128,75
110104,CRISP REGIONAL HOSPITAL,902 7TH STREET NORTH,(229) 276-3100,Acute Care Hospitals,Government - Hospital District or Authority,172,31
110104,CRISP REGIONAL HOSPITAL,902 7TH STREET NORTH,(229) 276-3100,Acute Care Hospitals,Government - Hospital District or Authority,153,50
110104,CRISP REGIONAL HOSPITAL,902 7TH STREET NORTH,(229) 276-3100,Acute Care Hospitals,Government - Hospital District or Authority,171,32
110104,CRISP REGIONAL HOSPITAL,902 7TH STREET NORTH,(229) 276-3100,Acute Care Hospitals,Government - Hospital District or Authority,137,66
110104,CRISP REGIONAL HOSPITAL,902 7TH STREET NORTH,(229) 276-3100,Acute Care Hospitals,Government - Hospital District or Authority,188,15
110104,CRISP REGIONAL HOSPITAL,902 7TH STREET NORTH,(229) 276-3100,Acute Care Hospitals,Government - Hospital District or Authority,189,14
110104,CRISP REGIONAL HOSPITAL,902 7TH STREET NORTH,(229) 276-3100,Acute Care Hospitals,Government - Hospital District or Authority,174,29
110104,CRISP REGIONAL HOSPITAL,902 7TH STREET NORTH,(229) 276-3100,Acute Care Hospitals,Government - Hospital District or Authority,163,40
110104,CRISP REGIONAL HOSPITAL,902 7TH STREET NORTH,(229) 276-3100,Acute Care Hospitals,Government - Hospital District or Authority,131,72
110104,CRISP REGIONAL HOSPITAL,902 7TH STREET NORTH,(229) 276-3100,Acute Care Hospitals,Government - Hospital District or Authority,125,78
110104,CRISP REGIONAL HOSPITAL,902 7TH STREET NORTH,(229) 276-3100,Acute Care Hospitals,Government - Hospital District or Authority,156,47
110104,CRISP REGIONAL HOSPITAL,902 7TH STREET NORTH,(229) 276-3100,Acute Care Hospitals,Government - Hospital District or Authority,180,23
110104,CRISP REGIONAL HOSPITAL,902 7TH STREET NORTH,(229) 276-3100,Acute Care Hospitals,Government - Hospital District or Authority,182,21
110104,CRISP REGIONAL HOSPITAL,902 7TH STREET NORTH,(229) 276-3100,Acute Care Hospitals,Government - Hospital District or Authority,134,69
110104,CRISP REGIONAL HOSPITAL,902 7TH STREET NORTH,(229) 276-3100,Acute Care Hospitals,Government - Hospital District or Authority,140,63
110104,CRISP REGIONAL HOSPITAL,902 7TH STREET NORTH,(229) 276-3100,Acute Care Hospitals,Government - Hospital District or Authority,153,50
110104,CRISP REGIONAL HOSPITAL,902 7TH STREET NORTH,(229) 276-3100,Acute Care Hospitals,Government - Hospital District or Authority,191,12
110104,CRISP REGIONAL HOSPITAL,902 7TH STREET NORTH,(229) 276-3100,Acute Care Hospitals,Government - Hospital District or Authority,122,81
110104,CRISP REGIONAL HOSPITAL,902 7TH STREET NORTH,(229) 276-3100,Acute Care Hospitals,Government - Hospital District or Authority,190,13
110104,CRISP REGIONAL HOSPITAL,902 7TH STREET NORTH,(229) 276-3100,Acute Care Hospitals,Government - Hospital District or Authority,169,34
110104,CRISP REGIONAL HOSPITAL,902 7TH STREET NORTH,(229) 276-3100,Acute Care Hospitals,Government - Hospital District or Authority,132,71
110104,CRISP REGIONAL HOSPITAL,902 7TH STREET NORTH,(229) 276-3100,Acute Care Hospitals,Government - Hospital District or Authority,131,72
110104,CRISP REGIONAL HOSPITAL,902 7TH STREET NORTH,(229) 276-3100,Acute Care Hospitals,Government - Hospital District or Authority,173,30
110104,CRISP REGIONAL HOSPITAL,902 7TH STREET NORTH,(229) 276-3100,Acute Care Hospitals,Government - Hospital District or Authority,150,53
110104,CRISP REGIONAL HOSPITAL,902 7TH STREET NORTH,(229) 276-3100,Acute Care Hospitals,Government - Hospital District or Authority,162,41
110104,CRISP REGIONAL HOSPITAL,902 7TH STREET NORTH,(229) 276-3100,Acute Care Hospitals,Government - Hospital District or Authority,144,59
110104,CRISP REGIONAL HOSPITAL,902 7TH STREET NORTH,(229) 276-3100,Acute Care Hospitals,Government - Hospital District or Authority,158,45
110104,CRISP REGIONAL HOSPITAL,902 7TH STREET NORTH,(229) 276-3100,Acute Care Hospitals,Government - Hospital District or Authority,171,32
110104,CRISP REGIONAL HOSPITAL,902 7TH STREET NORTH,(229) 276-3100,Acute Care Hospitals,Government - Hospital District or Authority,159,44
110104,CRISP REGIONAL HOSPITAL,902 7TH STREET NORTH,(229) 276-3100,Acute Care Hospitals,Government - Hospital District or Authority,160,43
110104,CRISP REGIONAL HOSPITAL,902 7TH STREET NORTH,(229) 276-3100,Acute Care Hospitals,Government - Hospital District or Authority,158,45
110104,CRISP REGIONAL HOSPITAL,902 7TH STREET NORTH,(229) 276-3100,Acute Care Hospitals,Government - Hospital District or Authority,154,49
110104,CRISP REGIONAL HOSPITAL,902 7TH STREET NORTH,(229) 276-3100,Acute Care Hospitals,Government - Hospital District or Authority,192,11
110104,CRISP REGIONAL HOSPITAL,902 7TH STREET NORTH,(229) 276-3100,Acute Care Hospitals,Government - Hospital District or Authority,123,80
110104,CRISP REGIONAL HOSPITAL,902 7TH STREET NORTH,(229) 276-3100,Acute Care Hospitals,Government - Hospital District or Authority,126,77
110104,CRISP REGIONAL HOSPITAL,902 7TH STREET NORTH,(229) 276-3100,Acute Care Hospitals,Government - Hospital District or Authority,146,57
110104,CRISP REGIONAL HOSPITAL,902 7TH STREET NORTH,(229) 276-3100,Acute Care Hospitals,Government - Hospital District or Authority,144,59
110104,CRISP REGIONAL HOSPITAL,902 7TH STREET NORTH,(229) 276-3100,Acute Care Hospitals,Government - Hospital District or Authority,167,36
110104,CRISP REGIONAL HOSPITAL,902 7TH STREET NORTH,(229) 276-3100,Acute Care Hospitals,Government - Hospital District or Authority,164,39
110104,CRISP REGIONAL HOSPITAL,902 7TH STREET NORTH,(229) 276-3100,Acute Care Hospitals,Government - Hospital District or Authority,165,38
110104,CRISP REGIONAL HOSPITAL,902 7TH STREET NORTH,(229) 276-3100,Acute Care Hospitals,Government - Hospital District or Authority,141,62
110104,CRISP REGIONAL HOSPITAL,902 7TH STREET NORTH,(229) 276-3100,Acute Care Hospitals,Government - Hospital District or Authority,190,13
110104,CRISP REGIONAL HOSPITAL,902 7TH STREET NORTH,(229) 276-3100,Acute Care Hospitals,Government - Hospital District or Authority,183,20
110104,CRISP REGIONAL HOSPITAL,902 7TH STREET NORTH,(229) 276-3100,Acute Care Hospitals,Government - Hospital District or Authority,150,53
110104,CRISP REGIONAL HOSPITAL,902 7TH STREET NORTH,(229) 276-3100,Acute Care Hospitals,Government - Hospital District or Authority,189,14
110104,CRISP REGIONAL HOSPITAL,902 7TH STREET NORTH,(229) 276-3100,Acute Care Hospitals,Government - Hospital District or Authority,161,42
110104,CRISP REGIONAL HOSPITAL,902 7TH STREET NORTH,(229) 276-3100,Acute Care Hospitals,Government - Hospital District or Authority,183,20
110104,CRISP REGIONAL HOSPITAL,902 7TH STREET NORTH,(229) 276-3100,Acute Care Hospitals,Government - Hospital District or Authority,181,22
110104,CRISP REGIONAL HOSPITAL,902 7TH STREET NORTH,(229) 276-3100,Acute Care Hospitals,Government - Hospital District or Authority,137,66
110104,CRISP REGIONAL HOSPITAL,902 7TH STREET NORTH,(229) 276-3100,Acute Care Hospitals,Government - Hospital District or Authority,130,73
110104,CRISP REGIONAL HOSPITAL,902 7TH STREET NORTH,(229) 276-3100,Acute Care Hospitals,Government - Hospital District or Authority,141,62
110104,CRISP REGIONAL HOSPITAL,902 7TH STREET NORTH,(229) 276-3100,Acute Care Hospitals,Government - Hospital District or Authority,167,36
110104,CRISP REGIONAL HOSPITAL,902 7TH STREET NORTH,(229) 276-3100,Acute Care Hospitals,Government - Hospital District or Authority,126,77
110104,CRISP REGIONAL HOSPITAL,902 7TH STREET NORTH,(229) 276-3100,Acute Care Hospitals,Government - Hospital District or Authority,139,64
110104,CRISP REGIONAL HOSPITAL,902 7TH STREET NORTH,(229) 276-3100,Acute Care Hospitals,Government - Hospital District or Authority,163,40
110104,CRISP REGIONAL HOSPITAL,902 7TH STREET NORTH,(229) 276-3100,Acute Care Hospitals,Government - Hospital District or Authority,187,16
110104,CRISP REGIONAL HOSPITAL,902 7TH STREET NORTH,(229) 276-3100,Acute Care Hospitals,Government - Hospital District or Authority,126,77
110104,CRISP REGIONAL HOSPITAL,902 7TH STREET NORTH,(229) 276-3100,Acute Care Hospitals,Government - Hospital District or Authority,150,53
110104,CRISP REGIONAL HOSPITAL,902 7TH STREET NORTH,(229) 276-3100,Acute Care Hospitals,Government - Hospital District or Authority,124,79
110104,CRISP REGIONAL HOSPITAL,902 7TH STREET NORTH,(229) 276-3100,Acute Care Hospitals,Government - Hospital District or Authority,188,15
110104,CRISP REGIONAL HOSPITAL,902 7TH STREET NORTH,(229) 276-3100,Acute Care Hospitals,Government - Hospital District or Authority,143,60
110104,CRISP REGIONAL HOSPITAL,902 7TH STREET NORTH,(229) 276-3100,Acute Care Hospitals,Government - Hospital District or Authority,143,60
110104,CRISP REGIONAL HOSPITAL,902 7TH STREET NORTH,(229) 276-3100,Acute Care Hospitals,Government - Hospital District or Authority,171,32
110104,CRISP REGIONAL HOSPITAL,902 7TH STREET NORTH,(229) 276-3100,Acute Care Hospitals,Government - Hospital District or Authority,167,36
110104,CRISP REGIONAL HOSPITAL,902 7TH STREET NORTH,(229) 276-3100,Acute Care Hospitals,Government - Hospital District or Authority,159,44
110104,CRISP REGIONAL HOSPITAL,902 7TH STREET NORTH,(229) 276-3100,Acute Care Hospitals,Government - Hospital District or Authority,131,72
110104,CRISP REGIONAL HOSPITAL,902 7TH STREET NORTH,(229) 276-3100,Acute Care Hospitals,Government - Hospital District or Authority,131,72
110104,CRISP REGIONAL HOSPITAL,902 7TH STREET NORTH,(229) 276-3100,Acute Care Hospitals,Government - Hospital District or Authority,184,19
110104,CRISP REGIONAL HOSPITAL,902 7TH STREET NORTH,(229) 276-3100,Acute Care Hospitals,Government - Hospital District or Authority,163,40
110104,CRISP REGIONAL HOSPITAL,902 7TH STREET NORTH,(229) 276-3100,Acute Care Hospitals,Government - Hospital District or Authority,128,75
110104,CRISP REGIONAL HOSPITAL,902 7TH STREET NORTH,(229) 276-3100,Acute Care Hospitals,Government - Hospital District or Authority,150,53
110104,CRISP REGIONAL HOSPITAL,902 7TH STREET NORTH,(229) 276-3100,Acute Care Hospitals,Government - Hospital District or Authority,169,34
110104,CRISP REGIONAL HOSPITAL,902 7TH STREET NORTH,(229) 276-3100,Acute Care Hospitals,Government - Hospital District or Authority,161,42
110104,CRISP REGIONAL HOSPITAL,902 7TH STREET NORTH,(229) 276-3100,Acute Care Hospitals,Government - Hospital District or Authority,181,22
110104,CRISP REGIONAL HOSPITAL,902 7TH STREET NORTH,(229) 276-3100,Acute Care Hospitals,Government - Hospital District or Authority,145,58
110104,CRISP REGIONAL HOSPITAL,902 7TH STREET NORTH,(229) 276-3100,Acute Care Hospitals,Government - Hospital District or Authority,133,70
110104,CRISP REGIONAL HOSPITAL,902 7TH STREET NORTH,(229) 276-3100,Acute Care Hospitals,Government - Hospital District or Authority,191,12
110104,CRISP REGIONAL HOSPITAL,902 7TH STREET NORTH,(229) 276-3100,Acute Care Hospitals,Government - Hospital District or Authority,144,59
110104,CRISP REGIONAL HOSPITAL,902 7TH STREET NORTH,(229) 276-3100,Acute Care Hospitals,Government - Hospital District or Authority,152,51
110104,CRISP REGIONAL HOSPITAL,902 7TH STREET NORTH,(229) 276-3100,Acute Care Hospitals,Government - Hospital District or Authority,131,72
110104,CRISP REGIONAL HOSPITAL,902 7TH STREET NORTH,(229) 276-3100,Acute Care Hospitals,Government - Hospital District or Authority,176,27
110104,CRISP REGIONAL HOSPITAL,902 7TH STREET NORTH,(229) 276-3100,Acute Care Hospitals,Government - Hospital District or Authority,144,59
110104,CRISP REGIONAL HOSPITAL,902 7TH STREET NORTH,(229) 276-3100,Acute Care Hospitals,Government - Hospital District or Authority,185,18
110104,CRISP REGIONAL HOSPITAL,902 7TH STREET NORTH,(229) 276-3100,Acute Care Hospitals,Government - Hospital District or Authority,176,27
110104,CRISP REGIONAL HOSPITAL,902 7TH STREET NORTH,(229) 276-3100,Acute Care Hospitals,Government - Hospital District or Authority,187,16
110104,CRISP REGIONAL HOSPITAL,902 7TH STREET NORTH,(229) 276-3100,Acute Care Hospitals,Government - Hospital District or Authority,178,25
110104,CRISP REGIONAL HOSPITAL,902 7TH STREET NORTH,(229) 276-3100,Acute Care Hospitals,Government - Hospital District or Authority,142,61
110104,CRISP REGIONAL HOSPITAL,902 7TH STREET NORTH,(229) 276-3100,Acute Care Hospitals,Government - Hospital District or Authority,129,74
110104,CRISP REGIONAL HOSPITAL,902 7TH STREET NORTH,(229) 276-3100,Acute Care Hospitals,Government - Hospital District or Authority,138,65
110104,CRISP REGIONAL HOSPITAL,902 7TH STREET NORTH,(229) 276-3100,Acute Care Hospitals,Government - Hospital District or Authority,160,43
110104,CRISP REGIONAL HOSPITAL,902 7TH STREET NORTH,(229) 276-3100,Acute Care Hospitals,Government - Hospital District or Authority,154,49
110104,CRISP REGIONAL HOSPITAL,902 7TH STREET NORTH,(229) 276-3100,Acute Care Hospitals,Government - Hospital District or Authority,182,21
110104,CRISP REGIONAL HOSPITAL,902 7TH STREET NORTH,(229) 276-3100,Acute Care Hospitals,Government - Hospital District or Authority,152,51
110104,CRISP REGIONAL HOSPITAL,902 7TH STREET NORTH,(229) 276-3100,Acute Care Hospitals,Government - Hospital District or Authority,155,48
110104,CRISP REGIONAL HOSPITAL,902 7TH STREET NORTH,(229) 276-3100,Acute Care Hospitals,Government - Hospital District or Authority,170,33
110104,CRISP REGIONAL HOSPITAL,902 7TH STREET NORTH,(229) 276-3100,Acute Care Hospitals,Government - Hospital District or Authority,136,67
110104,CRISP REGIONAL HOSPITAL,902 7TH STREET NORTH,(229) 276-3100,Acute Care Hospitals,Government - Hospital District or Authority,158,45
110104,CRISP REGIONAL HOSPITAL,902 7TH STREET NORTH,(229) 276-3100,Acute Care Hospitals,Government - Hospital District or Authority,182,21
110104,CRISP REGIONAL HOSPITAL,902 7TH STREET NORTH,(229) 276-3100,Acute Care Hospitals,Government - Hospital District or Authority,134,69
110104,CRISP REGIONAL HOSPITAL,902 7TH STREET NORTH,(229) 276-3100,Acute Care Hospitals,Government - Hospital District or Authority,129,74
110104,CRISP REGIONAL HOSPITAL,902 7TH STREET NORTH,(229) 276-3100,Acute Care Hospitals,Government - Hospital District or Authority,176,27
110104,CRISP REGIONAL HOSPITAL,902 7TH STREET NORTH,(229) 276-3100,Acute Care Hospitals,Government - Hospital District or Authority,158,45
110104,CRISP REGIONAL HOSPITAL,902 7TH STREET NORTH,(229) 276-3100,Acute Care Hospitals,Government - Hospital District or Authority,181,22
110104,CRISP REGIONAL HOSPITAL,902 7TH STREET NORTH,(229) 276-3100,Acute Care Hospitals,Government - Hospital District or Authority,175,28
110104,CRISP REGIONAL HOSPITAL,902 7TH STREET NORTH,(229) 276-3100,Acute Care Hospitals,Government - Hospital District or Authority,146,57
110104,CRISP REGIONAL HOSPITAL,902 7TH STREET NORTH,(229) 276-3100,Acute Care Hospitals,Government - Hospital District or Authority,151,52
110104,CRISP REGIONAL HOSPITAL,902 7TH STREET NORTH,(229) 276-3100,Acute Care Hospitals,Government - Hospital District or Authority,146,57
110104,CRISP REGIONAL HOSPITAL,902 7TH STREET NORTH,(229) 276-3100,Acute Care Hospitals,Government - Hospital District or Authority,157,46
110104,CRISP REGIONAL HOSPITAL,902 7TH STREET NORTH,(229) 276-3100,Acute Care Hospitals,Government - Hospital District or Authority,148,55
110104,CRISP REGIONAL HOSPITAL,902 7TH STREET NORTH,(229) 276-3100,Acute Care Hospitals,Government - Hospital District or Authority,186,17
110104,CRISP REGIONAL HOSPITAL,902 7TH STREET NORTH,(229) 276-3100,Acute Care Hospitals,Government - Hospital District or Authority,141,62
110104,CRISP REGIONAL HOSPITAL,902 7TH STREET NORTH,(229) 276-3100,Acute Care Hospitals,Government - Hospital District or Authority,126,77
110104,CRISP REGIONAL HOSPITAL,902 7TH STREET NORTH,(229) 276-3100,Acute Care Hospitals,Government - Hospital District or Authority,165,38
110104,CRISP REGIONAL HOSPITAL,902 7TH STREET NORTH,(229) 276-3100,Acute Care Hospitals,Government - Hospital District or Authority,189,14
110104,CRISP REGIONAL HOSPITAL,902 7TH STREET NORTH,(229) 276-3100,Acute Care Hospitals,Government - Hospital District or Authority,170,33
110104,CRISP REGIONAL HOSPITAL,902 7TH STREET NORTH,(229) 276-3100,Acute Care Hospitals,Government - Hospital District or Authority,142,61
110104,CRISP REGIONAL HOSPITAL,902 7TH STREET NORTH,(229) 276-3100,Acute Care Hospitals,Government - Hospital District or Authority,185,18
110104,CRISP REGIONAL HOSPITAL,902 7TH STREET NORTH,(229) 276-3100,Acute Care Hospitals,Government - Hospital District or Authority,172,31
110104,CRISP REGIONAL HOSPITAL,902 7TH STREET NORTH,(229) 276-3100,Acute Care Hospitals,Government - Hospital District or Authority,153,50
110104,CRISP REGIONAL HOSPITAL,902 7TH STREET NORTH,(229) 276-3100,Acute Care Hospitals,Government - Hospital District or Authority,181,22
110104,CRISP REGIONAL HOSPITAL,902 7TH STREET NORTH,(229) 276-3100,Acute Care Hospitals,Government - Hospital District or Authority,190,13
110104,CRISP REGIONAL HOSPITAL,902 7TH STREET NORTH,(229) 276-3100,Acute Care Hospitals,Government - Hospital District or Authority,173,30
110104,CRISP REGIONAL HOSPITAL,902 7TH STREET NORTH,(229) 276-3100,Acute Care Hospitals,Government - Hospital District or Authority,159,44
110104,CRISP REGIONAL HOSPITAL,902 7TH STREET NORTH,(229) 276-3100,Acute Care Hospitals,Government - Hospital District or Authority,128,75
110104,CRISP REGIONAL HOSPITAL,902 7TH STREET NORTH,(229) 276-3100,Acute Care Hospitals,Government - Hospital District or Authority,150,53
110104,CRISP REGIONAL HOSPITAL,902 7TH STREET NORTH,(229) 276-3100,Acute Care Hospitals,Government - Hospital District or Authority,128,75
110104,CRISP REGIONAL HOSPITAL,902 7TH STREET NORTH,(229) 276-3100,Acute Care Hospitals,Government - Hospital District or Authority,183,20
110104,CRISP REGIONAL HOSPITAL,902 7TH STREET NORTH,(229) 276-3100,Acute Care Hospitals,Government - Hospital District or Authority,139,64
110104,CRISP REGIONAL HOSPITAL,902 7TH STREET NORTH,(229) 276-3100,Acute Care Hospitals,Government - Hospital District or Authority,137,66
110104,CRISP REGIONAL HOSPITAL,902 7TH STREET NORTH,(229) 276-3100,Acute Care Hospitals,Government - Hospital District or Authority,158,45
110104,CRISP REGIONAL HOSPITAL,902 7TH STREET NORTH,(229) 276-3100,Acute Care Hospitals,Government - Hospital District or Authority,131,72
110104,CRISP REGIONAL HOSPITAL,902 7TH STREET NORTH,(229) 276-3100,Acute Care Hospitals,Government - Hospital District or Authority,151,52
110104,CRISP REGIONAL HOSPITAL,902 7TH STREET NORTH,(229) 276-3100,Acute Care Hospitals,Government - Hospital District or Authority,165,38
110104,CRISP REGIONAL HOSPITAL,902 7TH STREET NORTH,(229) 276-3100,Acute Care Hospitals,Government - Hospital District or Authority,166,37
110104,CRISP REGIONAL HOSPITAL,902 7TH STREET NORTH,(229) 276-3100,Acute Care Hospitals,Government - Hospital District or Authority,190,13
110104,CRISP REGIONAL HOSPITAL,902 7TH STREET NORTH,(229) 276-3100,Acute Care Hospitals,Government - Hospital District or Authority,163,40
110104,CRISP REGIONAL HOSPITAL,902 7TH STREET NORTH,(229) 276-3100,Acute Care Hospitals,Government - Hospital District or Authority,177,26
110104,CRISP REGIONAL HOSPITAL,902 7TH STREET NORTH,(229) 276-3100,Acute Care Hospitals,Government - Hospital District or Authority,129,74
110104,CRISP REGIONAL HOSPITAL,902 7TH STREET NORTH,(229) 276-3100,Acute Care Hospitals,Government - Hospital District or Authority,169,34
110104,CRISP REGIONAL HOSPITAL,902 7TH STREET NORTH,(229) 276-3100,Acute Care Hospitals,Government - Hospital District or Authority,167,36
110104,CRISP REGIONAL HOSPITAL,902 7TH STREET NORTH,(229) 276-3100,Acute Care Hospitals,Government - Hospital District or Authority,143,60
110104,CRISP REGIONAL HOSPITAL,902 7TH STREET NORTH,(229) 276-3100,Acute Care Hospitals,Government - Hospital District or Authority,131,72
110104,CRISP REGIONAL HOSPITAL,902 7TH STREET NORTH,(229) 276-3100,Acute Care Hospitals,Government - Hospital District or Authority,178,25
110104,CRISP REGIONAL HOSPITAL,902 7TH STREET NORTH,(229) 276-3100,Acute Care Hospitals,Government - Hospital District or Authority,146,57
110104,CRISP REGIONAL HOSPITAL,902 7TH STREET NORTH,(229) 276-3100,Acute Care Hospitals,Government - Hospital District or Authority,185,18
110104,CRISP REGIONAL HOSPITAL,902 7TH STREET NORTH,(229) 276-3100,Acute Care Hospitals,Government - Hospital District or Authority,146,57
110104,CRISP REGIONAL HOSPITAL,902 7TH STREET NORTH,(229) 276-3100,Acute Care Hospitals,Government - Hospital District or Authority,169,34
110104,CRISP REGIONAL HOSPITAL,902 7TH STREET NORTH,(229) 276-3100,Acute Care Hospitals,Government - Hospital District or Authority,151,52
110104,CRISP REGIONAL HOSPITAL,902 7TH STREET NORTH,(229) 276-3100,Acute Care Hospitals,Government - Hospital District or Authority,154,49
110104,CRISP REGIONAL HOSPITAL,902 7TH STREET NORTH,(229) 276-3100,Acute Care Hospitals,Government - Hospital District or Authority,121,82
110104,CRISP REGIONAL HOSPITAL,902 7TH STREET NORTH,(229) 276-3100,Acute Care Hospitals,Government - Hospital District or Authority,165,38
110104,CRISP REGIONAL HOSPITAL,902 7TH STREET NORTH,(229) 276-3100,Acute Care Hospitals,Government - Hospital District or Authority,136,67
110104,CRISP REGIONAL HOSPITAL,902 7TH STREET NORTH,(229) 276-3100,Acute Care Hospitals,Government - Hospital District or Authority,185,18
110104,CRISP REGIONAL HOSPITAL,902 7TH STREET NORTH,(229) 276-3100,Acute Care Hospitals,Government - Hospital District or Authority,189,14
110104,CRISP REGIONAL HOSPITAL,902 7TH STREET NORTH,(229) 276-3100,Acute Care Hospitals,Government - Hospital District or Authority,152,51
110104,CRISP REGIONAL HOSPITAL,902 7TH STREET NORTH,(229) 276-3100,Acute Care Hospitals,Government - Hospital District or Authority,163,40
110104,CRISP REGIONAL HOSPITAL,902 7TH STREET NORTH,(229) 276-3100,Acute Care Hospitals,Government - Hospital District or Authority,185,18
110104,CRISP REGIONAL HOSPITAL,902 7TH STREET NORTH,(229) 276-3100,Acute Care Hospitals,Government - Hospital District or Authority,183,20
110104,CRISP REGIONAL HOSPITAL,902 7TH STREET NORTH,(229) 276-3100,Acute Care Hospitals,Government - Hospital District or Authority,177,26
110104,CRISP REGIONAL HOSPITAL,902 7TH STREET NORTH,(229) 276-3100,Acute Care Hospitals,Government - Hospital District or Authority,143,60
110104,CRISP REGIONAL HOSPITAL,902 7TH STREET NORTH,(229) 276-3100,Acute Care Hospitals,Government - Hospital District or Authority,183,20
110104,CRISP REGIONAL HOSPITAL,902 7TH STREET NORTH,(229) 276-3100,Acute Care Hospitals,Government - Hospital District or Authority,181,22
110104,CRISP REGIONAL HOSPITAL,902 7TH STREET NORTH,(229) 276-3100,Acute Care Hospitals,Government - Hospital District or Authority,153,50
110104,CRISP REGIONAL HOSPITAL,902 7TH STREET NORTH,(229) 276-3100,Acute Care Hospitals,Government - Hospital District or Authority,124,79
110104,CRISP REGIONAL HOSPITAL,902 7TH STREET NORTH,(229) 276-3100,Acute Care Hospitals,Government - Hospital District or Authority,191,12
110104,CRISP REGIONAL HOSPITAL,902 7TH STREET NORTH,(229) 276-3100,Acute Care Hospitals,Government - Hospital District or Authority,135,68
110104,CRISP REGIONAL HOSPITAL,902 7TH STREET NORTH,(229) 276-3100,Acute Care Hospitals,Government - Hospital District or Authority,169,34
110104,CRISP REGIONAL HOSPITAL,902 7TH STREET NORTH,(229) 276-3100,Acute Care Hospitals,Government - Hospital District or Authority,160,43
110104,CRISP REGIONAL HOSPITAL,902 7TH STREET NORTH,(229) 276-3100,Acute Care Hospitals,Government - Hospital District or Authority,151,52
110104,CRISP REGIONAL HOSPITAL,902 7TH STREET NORTH,(229) 276-3100,Acute Care Hospitals,Government - Hospital District or Authority,122,81
110104,CRISP REGIONAL HOSPITAL,902 7TH STREET NORTH,(229) 276-3100,Acute Care Hospitals,Government - Hospital District or Authority,156,47
110104,CRISP REGIONAL HOSPITAL,902 7TH STREET NORTH,(229) 276-3100,Acute Care Hospitals,Government - Hospital District or Authority,142,61
110104,CRISP REGIONAL HOSPITAL,902 7TH STREET NORTH,(229) 276-3100,Acute Care Hospitals,Government - Hospital District or Authority,140,63
110104,CRISP REGIONAL HOSPITAL,902 7TH STREET NORTH,(229) 276-3100,Acute Care Hospitals,Government - Hospital District or Authority,169,34
110104,CRISP REGIONAL HOSPITAL,902 7TH STREET NORTH,(229) 276-3100,Acute Care Hospitals,Government - Hospital District or Authority,145,58
110104,CRISP REGIONAL HOSPITAL,902 7TH STREET NORTH,(229) 276-3100,Acute Care Hospitals,Government - Hospital District or Authority,147,56
110104,CRISP REGIONAL HOSPITAL,902 7TH STREET NORTH,(229) 276-3100,Acute Care Hospitals,Government - Hospital District or Authority,139,64
110104,CRISP REGIONAL HOSPITAL,902 7TH STREET NORTH,(229) 276-3100,Acute Care Hospitals,Government - Hospital District or Authority,143,60
110104,CRISP REGIONAL HOSPITAL,902 7TH STREET NORTH,(229) 276-3100,Acute Care Hospitals,Government - Hospital District or Authority,192,11
110104,CRISP REGIONAL HOSPITAL,902 7TH STREET NORTH,(229) 276-3100,Acute Care Hospitals,Government - Hospital District or Authority,169,34
110104,CRISP REGIONAL HOSPITAL,902 7TH STREET NORTH,(229) 276-3100,Acute Care Hospitals,Government - Hospital District or Authority,190,13
110104,CRISP REGIONAL HOSPITAL,902 7TH STREET NORTH,(229) 276-3100,Acute Care Hospitals,Government - Hospital District or Authority,146,57
110104,CRISP REGIONAL HOSPITAL,902 7TH STREET NORTH,(229) 276-3100,Acute Care Hospitals,Government - Hospital District or Authority,138,65
110104,CRISP REGIONAL HOSPITAL,902 7TH STREET NORTH,(229) 276-3100,Acute Care Hospitals,Government - Hospital District or Authority,150,53
110104,CRISP REGIONAL HOSPITAL,902 7TH STREET NORTH,(229) 276-3100,Acute Care Hospitals,Government - Hospital District or Authority,149,54
110104,CRISP REGIONAL HOSPITAL,902 7TH STREET NORTH,(229) 276-3100,Acute Care Hospitals,Government - Hospital District or Authority,155,48
110104,CRISP REGIONAL HOSPITAL,902 7TH STREET NORTH,(229) 276-3100,Acute Care Hospitals,Government - Hospital District or Authority,139,64
110104,CRISP REGIONAL HOSPITAL,902 7TH STREET NORTH,(229) 276-3100,Acute Care Hospitals,Government - Hospital District or Authority,153,50
110104,CRISP REGIONAL HOSPITAL,902 7TH STREET NORTH,(229) 276-3100,Acute Care Hospitals,Government - Hospital District or Authority,137,66
110104,CRISP REGIONAL HOSPITAL,902 7TH STREET NORTH,(229) 276-3100,Acute Care Hospitals,Government - Hospital District or Authority,157,46
110104,CRISP REGIONAL HOSPITAL,902 7TH STREET NORTH,(229) 276-3100,Acute Care Hospitals,Government - Hospital District or Authority,141,62
110104,CRISP REGIONAL HOSPITAL,902 7TH STREET NORTH,(229) 276-3100,Acute Care Hospitals,Government - Hospital District or Authority,123,80
110104,CRISP REGIONAL HOSPITAL,902 7TH STREET NORTH,(229) 276-3100,Acute Care Hospitals,Government - Hospital District or Authority,168,35
110104,CRISP REGIONAL HOSPITAL,902 7TH STREET NORTH,(229) 276-3100,Acute Care Hospitals,Government - Hospital District or Authority,150,53
110104,CRISP REGIONAL HOSPITAL,902 7TH STREET NORTH,(229) 276-3100,Acute Care Hospitals,Government - Hospital District or Authority,159,44
110104,CRISP REGIONAL HOSPITAL,902 7TH STREET NORTH,(229) 276-3100,Acute Care Hospitals,Government - Hospital District or Authority,148,55
110104,CRISP REGIONAL HOSPITAL,902 7TH STREET NORTH,(229) 276-3100,Acute Care Hospitals,Government - Hospital District or Authority,186,17
110104,CRISP REGIONAL HOSPITAL,902 7TH STREET NORTH,(229) 276-3100,Acute Care Hospitals,Government - Hospital District or Authority,127,76
110104,CRISP REGIONAL HOSPITAL,902 7TH STREET NORTH,(229) 276-3100,Acute Care Hospitals,Government - Hospital District or Authority,185,18
110104,CRISP REGIONAL HOSPITAL,902 7TH STREET NORTH,(229) 276-3100,Acute Care Hospitals,Government - Hospital District or Authority,162,41
110104,CRISP REGIONAL HOSPITAL,902 7TH STREET NORTH,(229) 276-3100,Acute Care Hospitals,Government - Hospital District or Authority,182,21
110104,CRISP REGIONAL HOSPITAL,902 7TH STREET NORTH,(229) 276-3100,Acute Care Hospitals,Government - Hospital District or Authority,139,64
110104,CRISP REGIONAL HOSPITAL,902 7TH STREET NORTH,(229) 276-3100,Acute Care Hospitals,Government - Hospital District or Authority,173,30
110104,CRISP REGIONAL HOSPITAL,902 7TH STREET NORTH,(229) 276-3100,Acute Care Hospitals,Government - Hospital District or Authority,167,36
