Facility ID,Facility Name,Address,Telephone Number,Hospital Type,Hospital Ownership,Active Beds,Inactive Beds
110109,EMANUEL MEDICAL CENTER,117 KITE ROAD,(478) 289-1304,Acute Care Hospitals,Government - Hospital District or Authority,189,108
110109,EMANUEL MEDICAL CENTER,117 KITE ROAD,(478) 289-1304,Acute Care Hospitals,Government - Hospital District or Authority,191,106
110109,EMANUEL MEDICAL CENTER,117 KITE ROAD,(478) 289-1304,Acute Care Hospitals,Government - Hospital District or Authority,201,96
110109,EMANUEL MEDICAL CENTER,117 KITE ROAD,(478) 289-1304,Acute Care Hospitals,Government - Hospital District or Authority,262,35
110109,EMANUEL MEDICAL CENTER,117 KITE ROAD,(478) 289-1304,Acute Care Hospitals,Government - Hospital District or Authority,248,49
110109,EMANUEL MEDICAL CENTER,117 KITE ROAD,(478) 289-1304,Acute Care Hospitals,Government - Hospital District or Authority,216,81
110109,EMANUEL MEDICAL CENTER,117 KITE ROAD,(478) 289-1304,Acute Care Hospitals,Government - Hospital District or Authority,230,67
110109,EMANUEL MEDICAL CENTER,117 KITE ROAD,(478) 289-1304,Acute Care Hospitals,Government - Hospital District or Authority,239,58
110109,EMANUEL MEDICAL CENTER,117 KITE ROAD,(478) 289-1304,Acute Care Hospitals,Government - Hospital District or Authority,267,30
110109,EMANUEL MEDICAL CENTER,117 KITE ROAD,(478) 289-1304,Acute Care Hospitals,Government - Hospital District or Authority,236,61
110109,EMANUEL MEDICAL CENTER,117 KITE ROAD,(478) 289-1304,Acute Care Hospitals,Government - Hospital District or Authority,238,59
110109,EMANUEL MEDICAL CENTER,117 KITE ROAD,(478) 289-1304,Acute Care Hospitals,Government - Hospital District or Authority,280,17
110109,EMANUEL MEDICAL CENTER,117 KITE ROAD,(478) 289-1304,Acute Care Hospitals,Government - Hospital District or Authority,266,31
110109,EMANUEL MEDICAL CENTER,117 KITE ROAD,(478) 289-1304,Acute Care Hospitals,Government - Hospital District or Authority,220,77
110109,EMANUEL MEDICAL CENTER,117 KITE ROAD,(478) 289-1304,Acute Care Hospitals,Government - Hospital District or Authority,281,16
110109,EMANUEL MEDICAL CENTER,117 KITE ROAD,(478) 289-1304,Acute Care Hospitals,Government - Hospital District or Authority,281,16
110109,EMANUEL MEDICAL CENTER,117 KITE ROAD,(478) 289-1304,Acute Care Hospitals,Government - Hospital District or Authority,271,26
110109,EMANUEL MEDICAL CENTER,117 KITE ROAD,(478) 289-1304,Acute Care Hospitals,Government - Hospital District or Authority,210,87
110109,EMANUEL MEDICAL CENTER,117 KITE ROAD,(478) 289-1304,Acute Care Hospitals,Government - Hospital District or Authority,240,57
110109,EMANUEL MEDICAL CENTER,117 KITE ROAD,(478) 289-1304,Acute Care Hospitals,Government - Hospital District or Authority,224,73
110109,EMANUEL MEDICAL CENTER,117 KITE ROAD,(478) 289-1304,Acute Care Hospitals,Government - Hospital District or Authority,236,61
110109,EMANUEL MEDICAL CENTER,117 KITE ROAD,(478) 289-1304,Acute Care Hospitals,Government - Hospital District or Authority,189,108
110109,EMANUEL MEDICAL CENTER,117 KITE ROAD,(478) 289-1304,Acute Care Hospitals,Government - Hospital District or Authority,245,52
110109,EMANUEL MEDICAL CENTER,117 KITE ROAD,(478) 289-1304,Acute Care Hospitals,Government - Hospital District or Authority,189,108
110109,EMANUEL MEDICAL CENTER,117 KITE ROAD,(478) 289-1304,Acute Care Hospitals,Government - Hospital District or Authority,195,102
110109,EMANUEL MEDICAL CENTER,117 KITE ROAD,(478) 289-1304,Acute Care Hospitals,Government - Hospital District or Authority,211,86
110109,EMANUEL MEDICAL CENTER,117 KITE ROAD,(478) 289-1304,Acute Care Hospitals,Government - Hospital District or Authority,242,55
110109,EMANUEL MEDICAL CENTER,117 KITE ROAD,(478) 289-1304,Acute Care Hospitals,Government - Hospital District or Authority,181,116
110109,EMANUEL MEDICAL CENTER,117 KITE ROAD,(478) 289-1304,Acute Care Hospitals,Government - Hospital District or Authority,253,44
110109,EMANUEL MEDICAL CENTER,117 KITE ROAD,(478) 289-1304,Acute Care Hospitals,Government - Hospital District or Authority,182,115
110109,EMANUEL MEDICAL CENTER,117 KITE ROAD,(478) 289-1304,Acute Care Hospitals,Government - Hospital District or Authority,179,118
110109,EMANUEL MEDICAL CENTER,117 KITE ROAD,(478) 289-1304,Acute Care Hospitals,Government - Hospital District or Authority,187,110
110109,EMANUEL MEDICAL CENTER,117 KITE ROAD,(478) 289-1304,Acute Care Hospitals,Government - Hospital District or Authority,255,42
110109,EMANUEL MEDICAL CENTER,117 KITE ROAD,(478) 289-1304,Acute Care Hospitals,Government - Hospital District or Authority,257,40
110109,EMANUEL MEDICAL CENTER,117 KITE ROAD,(478) 289-1304,Acute Care Hospitals,Government - Hospital District or Authority,214,83
110109,EMANUEL MEDICAL CENTER,117 KITE ROAD,(478) 289-1304,Acute Care Hospitals,Government - Hospital District or Authority,235,62
110109,EMANUEL MEDICAL CENTER,117 KITE ROAD,(478) 289-1304,Acute Care Hospitals,Government - Hospital District or Authority,193,104
110109,EMANUEL MEDICAL CENTER,117 KITE ROAD,(478) 289-1304,Acute Care Hospitals,Government - Hospital District or Authority,224,73
110109,EMANUEL MEDICAL CENTER,117 KITE ROAD,(478) 289-1304,Acute Care Hospitals,Government - Hospital District or Authority,223,74
110109,EMANUEL MEDICAL CENTER,117 KITE ROAD,(478) 289-1304,Acute Care Hospitals,Government - Hospital District or Authority,219,78
110109,EMANUEL MEDICAL CENTER,117 KITE ROAD,(478) 289-1304,Acute Care Hospitals,Government - Hospital District or Authority,201,96
110109,EMANUEL MEDICAL CENTER,117 KITE ROAD,(478) 289-1304,Acute Care Hospitals,Government - Hospital District or Authority,242,55
110109,EMANUEL MEDICAL CENTER,117 KITE ROAD,(478) 289-1304,Acute Care Hospitals,Government - Hospital District or Authority,264,33
110109,EMANUEL MEDICAL CENTER,117 KITE ROAD,(478) 289-1304,Acute Care Hospitals,Government - Hospital District or Authority,200,97
110109,EMANUEL MEDICAL CENTER,117 KITE ROAD,(478) 289-1304,Acute Care Hospitals,Government - Hospital District or Authority,179,118
110109,EMANUEL MEDICAL CENTER,117 KITE ROAD,(478) 289-1304,Acute Care Hospitals,Government - Hospital District or Authority,181,116
110109,EMANUEL MEDICAL CENTER,117 KITE ROAD,(478) 289-1304,Acute Care Hospitals,Government - Hospital District or Authority,280,17
110109,EMANUEL MEDICAL CENTER,117 KITE ROAD,(478) 289-1304,Acute Care Hospitals,Government - Hospital District or Authority,201,96
110109,EMANUEL MEDICAL CENTER,117 KITE ROAD,(478) 289-1304,Acute Care Hospitals,Government - Hospital District or Authority,233,64
110109,EMANUEL MEDICAL CENTER,117 KITE ROAD,(478) 289-1304,Acute Care Hospitals,Government - Hospital District or Authority,277,20
110109,EMANUEL MEDICAL CENTER,117 KITE ROAD,(478) 289-1304,Acute Care Hospitals,Government - Hospital District or Authority,254,43
110109,EMANUEL MEDICAL CENTER,117 KITE ROAD,(478) 289-1304,Acute Care Hospitals,Government - Hospital District or Authority,268,29
110109,EMANUEL MEDICAL CENTER,117 KITE ROAD,(478) 289-1304,Acute Care Hospitals,Government - Hospital District or Authority,179,118
110109,EMANUEL MEDICAL CENTER,117 KITE ROAD,(478) 289-1304,Acute Care Hospitals,Government - Hospital District or Authority,242,55
110109,EMANUEL MEDICAL CENTER,117 KITE ROAD,(478) 289-1304,Acute Care Hospitals,Government - Hospital District or Authority,214,83
110109,EMANUEL MEDICAL CENTER,117 KITE ROAD,(478) 289-1304,Acute Care Hospitals,Government - Hospital District or Authority,242,55
110109,EMANUEL MEDICAL CENTER,117 KITE ROAD,(478) 289-1304,Acute Care Hospitals,Government - Hospital District or Authority,256,41
110109,EMANUEL MEDICAL CENTER,117 KITE ROAD,(478) 289-1304,Acute Care Hospitals,Government - Hospital District or Authority,219,78
110109,EMANUEL MEDICAL CENTER,117 KITE ROAD,(478) 289-1304,Acute Care Hospitals,Government - Hospital District or Authority,228,69
110109,EMANUEL MEDICAL CENTER,117 KITE ROAD,(478) 289-1304,Acute Care Hospitals,Government - Hospital District or Authority,230,67
110109,EMANUEL MEDICAL CENTER,117 KITE ROAD,(478) 289-1304,Acute Care Hospitals,Government - Hospital District or Authority,266,31
110109,EMANUEL MEDICAL CENTER,117 KITE ROAD,(478) 289-1304,Acute Care Hospitals,Government - Hospital District or Authority,243,54
110109,EMANUEL MEDICAL CENTER,117 KITE ROAD,(478) 289-1304,Acute Care Hospitals,Government - Hospital District or Authority,183,114
110109,EMANUEL MEDICAL CENTER,117 KITE ROAD,(478) 289-1304,Acute Care Hospitals,Government - Hospital District or Authority,203,94
110109,EMANUEL MEDICAL CENTER,117 KITE ROAD,(478) 289-1304,Acute Care Hospitals,Government - Hospital District or Authority,255,42
110109,EMANUEL MEDICAL CENTER,117 KITE ROAD,(478) 289-1304,Acute Care Hospitals,Government - Hospital District or Authority,256,41
110109,EMANUEL MEDICAL CENTER,117 KITE ROAD,(478) 289-1304,Acute Care Hospitals,Government - Hospital District or Authority,270,27
110109,EMANUEL MEDICAL CENTER,117 KITE ROAD,(478) 289-1304,Acute Care Hospitals,Government - Hospital District or Authority,263,34
110109,EMANUEL MEDICAL CENTER,117 KITE ROAD,(478) 289-1304,Acute Care Hospitals,Government - Hospital District or Authority,220,77
110109,EMANUEL MEDICAL CENTER,117 KITE ROAD,(478) 289-1304,Acute Care Hospitals,Government - Hospital District or Authority,203,94
110109,EMANUEL MEDICAL CENTER,117 KITE ROAD,(478) 289-1304,Acute Care Hospitals,Government - Hospital District or Authority,264,33
110109,EMANUEL MEDICAL CENTER,117 KITE ROAD,(478) 289-1304,Acute Care Hospitals,Government - Hospital District or Authority,187,110
110109,EMANUEL MEDICAL CENTER,117 KITE ROAD,(478) 289-1304,Acute Care Hospitals,Government - Hospital District or Authority,191,106
110109,EMANUEL MEDICAL CENTER,117 KITE ROAD,(478) 289-1304,Acute Care Hospitals,Government - Hospital District or Authority,262,35
110109,EMANUEL MEDICAL CENTER,117 KITE ROAD,(478) 289-1304,Acute Care Hospitals,Government - Hospital District or Authority,204,93
110109,EMANUEL MEDICAL CENTER,117 KITE ROAD,(478) 289-1304,Acute Care Hospitals,Government - Hospital District or Authority,251,46
110109,EMANUEL MEDICAL CENTER,117 KITE ROAD,(478) 289-1304,Acute Care Hospitals,Government - Hospital District or Authority,208,89
110109,EMANUEL MEDICAL CENTER,117 KITE ROAD,(478) 289-1304,Acute Care Hospitals,Government - Hospital District or Authority,276,21
110109,EMANUEL MEDICAL CENTER,117 KITE ROAD,(478) 289-1304,Acute Care Hospitals,Government - Hospital District or Authority,187,110
110109,EMANUEL MEDICAL CENTER,117 KITE ROAD,(478) 289-1304,Acute Care Hospitals,Government - Hospital District or Authority,257,40
110109,EMANUEL MEDICAL CENTER,117 KITE ROAD,(478) 289-1304,Acute Care Hospitals,Government - Hospital District or Authority,185,112
110109,EMANUEL MEDICAL CENTER,117 KITE ROAD,(478) 289-1304,Acute Care Hospitals,Government - Hospital District or Authority,189,108
110109,EMANUEL MEDICAL CENTER,117 KITE ROAD,(478) 289-1304,Acute Care Hospitals,Government - Hospital District or Authority,266,31
110109,EMANUEL MEDICAL CENTER,117 KITE ROAD,(478) 289-1304,Acute Care Hospitals,Government - Hospital District or Authority,237,60
110109,EMANUEL MEDICAL CENTER,117 KITE ROAD,(478) 289-1304,Acute Care Hospitals,Government - Hospital District or Authority,223,74
110109,EMANUEL MEDICAL CENTER,117 KITE ROAD,(478) 289-1304,Acute Care Hospitals,Government - Hospital District or Authority,226,71
110109,EMANUEL MEDICAL CENTER,117 KITE ROAD,(478) 289-1304,Acute Care Hospitals,Government - Hospital District or Authority,280,17
110109,EMANUEL MEDICAL CENTER,117 KITE ROAD,(478) 289-1304,Acute Care Hospitals,Government - Hospital District or Authority,235,62
110109,EMANUEL MEDICAL CENTER,117 KITE ROAD,(478) 289-1304,Acute Care Hospitals,Government - Hospital District or Authority,260,37
110109,EMANUEL MEDICAL CENTER,117 KITE ROAD,(478) 289-1304,Acute Care Hospitals,Government - Hospital District or Authority,269,28
110109,EMANUEL MEDICAL CENTER,117 KITE ROAD,(478) 289-1304,Acute Care Hospitals,Government - Hospital District or Authority,258,39
110109,EMANUEL MEDICAL CENTER,117 KITE ROAD,(478) 289-1304,Acute Care Hospitals,Government - Hospital District or Authority,195,102
110109,EMANUEL MEDICAL CENTER,117 KITE ROAD,(478) 289-1304,Acute Care Hospitals,Government - Hospital District or Authority,263,34
110109,EMANUEL MEDICAL CENTER,117 KITE ROAD,(478) 289-1304,Acute Care Hospitals,Government - Hospital District or Authority,256,41
110109,EMANUEL MEDICAL CENTER,117 KITE ROAD,(478) 289-1304,Acute Care Hospitals,Government - Hospital District or Authority,196,101
110109,EMANUEL MEDICAL CENTER,117 KITE ROAD,(478) 289-1304,Acute Care Hospitals,Government - Hospital District or Authority,229,68
110109,EMANUEL MEDICAL CENTER,117 KITE ROAD,(478) 289-1304,Acute Care Hospitals,Government - Hospital District or Authority,240,57
110109,EMANUEL MEDICAL CENTER,117 KITE ROAD,(478) 289-1304,Acute Care Hospitals,Government - Hospital District or Authority,239,58
110109,EMANUEL MEDICAL CENTER,117 KITE ROAD,(478) 289-1304,Acute Care Hospitals,Government - Hospital District or Authority,229,68
110109,EMANUEL MEDICAL CENTER,117 KITE ROAD,(478) 289-1304,Acute Care Hospitals,Government - Hospital District or Authority,195,102
110109,EMANUEL MEDICAL CENTER,117 KITE ROAD,(478) 289-1304,Acute Care Hospitals,Government - Hospital District or Authority,269,28
110109,EMANUEL MEDICAL CENTER,117 KITE ROAD,(478) 289-1304,Acute Care Hospitals,Government - Hospital District or Authority,263,34
110109,EMANUEL MEDICAL CENTER,117 KITE ROAD,(478) 289-1304,Acute Care Hospitals,Government - Hospital District or Authority,265,32
110109,EMANUEL MEDICAL CENTER,117 KITE ROAD,(478) 289-1304,Acute Care Hospitals,Government - Hospital District or Authority,280,17
110109,EMANUEL MEDICAL CENTER,117 KITE ROAD,(478) 289-1304,Acute Care Hospitals,Government - Hospital District or Authority,274,23
110109,EMANUEL MEDICAL CENTER,117 KITE ROAD,(478) 289-1304,Acute Care Hospitals,Government - Hospital District or Authority,226,71
110109,EMANUEL MEDICAL CENTER,117 KITE ROAD,(478) 289-1304,Acute Care Hospitals,Government - Hospital District or Authority,235,62
110109,EMANUEL MEDICAL CENTER,117 KITE ROAD,(478) 289-1304,Acute Care Hospitals,Government - Hospital District or Authority,208,89
110109,EMANUEL MEDICAL CENTER,117 KITE ROAD,(478) 289-1304,Acute Care Hospitals,Government - Hospital District or Authority,235,62
110109,EMANUEL MEDICAL CENTER,117 KITE ROAD,(478) 289-1304,Acute Care Hospitals,Government - Hospital District or Authority,182,115
110109,EMANUEL MEDICAL CENTER,117 KITE ROAD,(478) 289-1304,Acute Care Hospitals,Government - Hospital District or Authority,191,106
110109,EMANUEL MEDICAL CENTER,117 KITE ROAD,(478) 289-1304,Acute Care Hospitals,Government - Hospital District or Authority,213,84
110109,EMANUEL MEDICAL CENTER,117 KITE ROAD,(478) 289-1304,Acute Care Hospitals,Government - Hospital District or Authority,280,17
110109,EMANUEL MEDICAL CENTER,117 KITE ROAD,(478) 289-1304,Acute Care Hospitals,Government - Hospital District or Authority,198,99
110109,EMANUEL MEDICAL CENTER,117 KITE ROAD,(478) 289-1304,Acute Care Hospitals,Government - Hospital District or Authority,191,106
110109,EMANUEL MEDICAL CENTER,117 KITE ROAD,(478) 289-1304,Acute Care Hospitals,Government - Hospital District or Authority,244,53
110109,EMANUEL MEDICAL CENTER,117 KITE ROAD,(478) 289-1304,Acute Care Hospitals,Government - Hospital District or Authority,187,110
110109,EMANUEL MEDICAL CENTER,117 KITE ROAD,(478) 289-1304,Acute Care Hospitals,Government - Hospital District or Authority,214,83
110109,EMANUEL MEDICAL CENTER,117 KITE ROAD,(478) 289-1304,Acute Care Hospitals,Government - Hospital District or Authority,238,59
110109,EMANUEL MEDICAL CENTER,117 KITE ROAD,(478) 289-1304,Acute Care Hospitals,Government - Hospital District or Authority,206,91
110109,EMANUEL MEDICAL CENTER,117 KITE ROAD,(478) 289-1304,Acute Care Hospitals,Government - Hospital District or Authority,210,87
110109,EMANUEL MEDICAL CENTER,117 KITE ROAD,(478) 289-1304,Acute Care Hospitals,Government - Hospital District or Authority,189,108
110109,EMANUEL MEDICAL CENTER,117 KITE ROAD,(478) 289-1304,Acute Care Hospitals,Government - Hospital District or Authority,264,33
110109,EMANUEL MEDICAL CENTER,117 KITE ROAD,(478) 289-1304,Acute Care Hospitals,Government - Hospital District or Authority,264,33
110109,EMANUEL MEDICAL CENTER,117 KITE ROAD,(478) 289-1304,Acute Care Hospitals,Government - Hospital District or Authority,265,32
110109,EMANUEL MEDICAL CENTER,117 KITE ROAD,(478) 289-1304,Acute Care Hospitals,Government - Hospital District or Authority,246,51
110109,EMANUEL MEDICAL CENTER,117 KITE ROAD,(478) 289-1304,Acute Care Hospitals,Government - Hospital District or Authority,211,86
110109,EMANUEL MEDICAL CENTER,117 KITE ROAD,(478) 289-1304,Acute Care Hospitals,Government - Hospital District or Authority,248,49
110109,EMANUEL MEDICAL CENTER,117 KITE ROAD,(478) 289-1304,Acute Care Hospitals,Government - Hospital District or Authority,266,31
110109,EMANUEL MEDICAL CENTER,117 KITE ROAD,(478) 289-1304,Acute Care Hospitals,Government - Hospital District or Authority,243,54
110109,EMANUEL MEDICAL CENTER,117 KITE ROAD,(478) 289-1304,Acute Care Hospitals,Government - Hospital District or Authority,179,118
110109,EMANUEL MEDICAL CENTER,117 KITE ROAD,(478) 289-1304,Acute Care Hospitals,Government - Hospital District or Authority,180,117
110109,EMANUEL MEDICAL CENTER,117 KITE ROAD,(478) 289-1304,Acute Care Hospitals,Government - Hospital District or Authority,206,91
110109,EMANUEL MEDICAL CENTER,117 KITE ROAD,(478) 289-1304,Acute Care Hospitals,Government - Hospital District or Authority,274,23
110109,EMANUEL MEDICAL CENTER,117 KITE ROAD,(478) 289-1304,Acute Care Hospitals,Government - Hospital District or Authority,203,94
110109,EMANUEL MEDICAL CENTER,117 KITE ROAD,(478) 289-1304,Acute Care Hospitals,Government - Hospital District or Authority,230,67
110109,EMANUEL MEDICAL CENTER,117 KITE ROAD,(478) 289-1304,Acute Care Hospitals,Government - Hospital District or Authority,259,38
110109,EMANUEL MEDICAL CENTER,117 KITE ROAD,(478) 289-1304,Acute Care Hospitals,Government - Hospital District or Authority,192,105
110109,EMANUEL MEDICAL CENTER,117 KITE ROAD,(478) 289-1304,Acute Care Hospitals,Government - Hospital District or Authority,221,76
110109,EMANUEL MEDICAL CENTER,117 KITE ROAD,(478) 289-1304,Acute Care Hospitals,Government - Hospital District or Authority,182,115
110109,EMANUEL MEDICAL CENTER,117 KITE ROAD,(478) 289-1304,Acute Care Hospitals,Government - Hospital District or Authority,279,18
110109,EMANUEL MEDICAL CENTER,117 KITE ROAD,(478) 289-1304,Acute Care Hospitals,Government - Hospital District or Authority,181,116
110109,EMANUEL MEDICAL CENTER,117 KITE ROAD,(478) 289-1304,Acute Care Hospitals,Government - Hospital District or Authority,252,45
110109,EMANUEL MEDICAL CENTER,117 KITE ROAD,(478) 289-1304,Acute Care Hospitals,Government - Hospital District or Authority,180,117
110109,EMANUEL MEDICAL CENTER,117 KITE ROAD,(478) 289-1304,Acute Care Hospitals,Government - Hospital District or Authority,210,87
110109,EMANUEL MEDICAL CENTER,117 KITE ROAD,(478) 289-1304,Acute Care Hospitals,Government - Hospital District or Authority,223,74
110109,EMANUEL MEDICAL CENTER,117 KITE ROAD,(478) 289-1304,Acute Care Hospitals,Government - Hospital District or Authority,241,56
110109,EMANUEL MEDICAL CENTER,117 KITE ROAD,(478) 289-1304,Acute Care Hospitals,Government - Hospital District or Authority,237,60
110109,EMANUEL MEDICAL CENTER,117 KITE ROAD,(478) 289-1304,Acute Care Hospitals,Government - Hospital District or Authority,217,80
110109,EMANUEL MEDICAL CENTER,117 KITE ROAD,(478) 289-1304,Acute Care Hospitals,Government - Hospital District or Authority,260,37
110109,EMANUEL MEDICAL CENTER,117 KITE ROAD,(478) 289-1304,Acute Care Hospitals,Government - Hospital District or Authority,278,19
110109,EMANUEL MEDICAL CENTER,117 KITE ROAD,(478) 289-1304,Acute Care Hospitals,Government - Hospital District or Authority,179,118
110109,EMANUEL MEDICAL CENTER,117 KITE ROAD,(478) 289-1304,Acute Care Hospitals,Government - Hospital District or Authority,185,112
110109,EMANUEL MEDICAL CENTER,117 KITE ROAD,(478) 289-1304,Acute Care Hospitals,Government - Hospital District or Authority,259,38
110109,EMANUEL MEDICAL CENTER,117 KITE ROAD,(478) 289-1304,Acute Care Hospitals,Government - Hospital District or Authority,233,64
110109,EMANUEL MEDICAL CENTER,117 KITE ROAD,(478) 289-1304,Acute Care Hospitals,Government - Hospital District or Authority,185,112
110109,EMANUEL MEDICAL CENTER,117 KITE ROAD,(478) 289-1304,Acute Care Hospitals,Government - Hospital District or Authority,184,113
110109,EMANUEL MEDICAL CENTER,117 KITE ROAD,(478) 289-1304,Acute Care Hospitals,Government - Hospital District or Authority,237,60
110109,EMANUEL MEDICAL CENTER,117 KITE ROAD,(478) 289-1304,Acute Care Hospitals,Government - Hospital District or Authority,184,113
110109,EMANUEL MEDICAL CENTER,117 KITE ROAD,(478) 289-1304,Acute Care Hospitals,Government - Hospital District or Authority,275,22
110109,EMANUEL MEDICAL CENTER,117 KITE ROAD,(478) 289-1304,Acute Care Hospitals,Government - Hospital District or Authority,248,49
110109,EMANUEL MEDICAL CENTER,117 KITE ROAD,(478) 289-1304,Acute Care Hospitals,Government - Hospital District or Authority,250,47
110109,EMANUEL MEDICAL CENTER,117 KITE ROAD,(478) 289-1304,Acute Care Hospitals,Government - Hospital District or Authority,241,56
110109,EMANUEL MEDICAL CENTER,117 KITE ROAD,(478) 289-1304,Acute Care Hospitals,Government - Hospital District or Authority,236,61
110109,EMANUEL MEDICAL CENTER,117 KITE ROAD,(478) 289-1304,Acute Care Hospitals,Government - Hospital District or Authority,280,17
110109,EMANUEL MEDICAL CENTER,117 KITE ROAD,(478) 289-1304,Acute Care Hospitals,Government - Hospital District or Authority,279,18
110109,EMANUEL MEDICAL CENTER,117 KITE ROAD,(478) 289-1304,Acute Care Hospitals,Government - Hospital District or Authority,191,106
110109,EMANUEL MEDICAL CENTER,117 KITE ROAD,(478) 289-1304,Acute Care Hospitals,Government - Hospital District or Authority,229,68
110109,EMANUEL MEDICAL CENTER,117 KITE ROAD,(478) 289-1304,Acute Care Hospitals,Government - Hospital District or Authority,239,58
110109,EMANUEL MEDICAL CENTER,117 KITE ROAD,(478) 289-1304,Acute Care Hospitals,Government - Hospital District or Authority,260,37
110109,EMANUEL MEDICAL CENTER,117 KITE ROAD,(478) 289-1304,Acute Care Hospitals,Government - Hospital District or Authority,223,74
110109,EMANUEL MEDICAL CENTER,117 KITE ROAD,(478) 289-1304,Acute Care Hospitals,Government - Hospital District or Authority,255,42
110109,EMANUEL MEDICAL CENTER,117 KITE ROAD,(478) 289-1304,Acute Care Hospitals,Government - Hospital District or Authority,263,34
110109,EMANUEL MEDICAL CENTER,117 KITE ROAD,(478) 289-1304,Acute Care Hospitals,Government - Hospital District or Authority,261,36
110109,EMANUEL MEDICAL CENTER,117 KITE ROAD,(478) 289-1304,Acute Care Hospitals,Government - Hospital District or Authority,238,59
110109,EMANUEL MEDICAL CENTER,117 KITE ROAD,(478) 289-1304,Acute Care Hospitals,Government - Hospital District or Authority,253,44
110109,EMANUEL MEDICAL CENTER,117 KITE ROAD,(478) 289-1304,Acute Care Hospitals,Government - Hospital District or Authority,276,21
110109,EMANUEL MEDICAL CENTER,117 KITE ROAD,(478) 289-1304,Acute Care Hospitals,Government - Hospital District or Authority,186,111
110109,EMANUEL MEDICAL CENTER,117 KITE ROAD,(478) 289-1304,Acute Care Hospitals,Government - Hospital District or Authority,187,110
110109,EMANUEL MEDICAL CENTER,117 KITE ROAD,(478) 289-1304,Acute Care Hospitals,Government - Hospital District or Authority,268,29
110109,EMANUEL MEDICAL CENTER,117 KITE ROAD,(478) 289-1304,Acute Care Hospitals,Government - Hospital District or Authority,226,71
110109,EMANUEL MEDICAL CENTER,117 KITE ROAD,(478) 289-1304,Acute Care Hospitals,Government - Hospital District or Authority,184,113
110109,EMANUEL MEDICAL CENTER,117 KITE ROAD,(478) 289-1304,Acute Care Hospitals,Government - Hospital District or Authority,277,20
110109,EMANUEL MEDICAL CENTER,117 KITE ROAD,(478) 289-1304,Acute Care Hospitals,Government - Hospital District or Authority,229,68
110109,EMANUEL MEDICAL CENTER,117 KITE ROAD,(478) 289-1304,Acute Care Hospitals,Government - Hospital District or Authority,216,81
110109,EMANUEL MEDICAL CENTER,117 KITE ROAD,(478) 289-1304,Acute Care Hospitals,Government - Hospital District or Authority,281,16
110109,EMANUEL MEDICAL CENTER,117 KITE ROAD,(478) 289-1304,Acute Care Hospitals,Government - Hospital District or Authority,199,98
110109,EMANUEL MEDICAL CENTER,117 KITE ROAD,(478) 289-1304,Acute Care Hospitals,Government - Hospital District or Authority,196,101
110109,EMANUEL MEDICAL CENTER,117 KITE ROAD,(478) 289-1304,Acute Care Hospitals,Government - Hospital District or Authority,202,95
110109,EMANUEL MEDICAL CENTER,117 KITE ROAD,(478) 289-1304,Acute Care Hospitals,Government - Hospital District or Authority,186,111
110109,EMANUEL MEDICAL CENTER,117 KITE ROAD,(478) 289-1304,Acute Care Hospitals,Government - Hospital District or Authority,214,83
110109,EMANUEL MEDICAL CENTER,117 KITE ROAD,(478) 289-1304,Acute Care Hospitals,Government - Hospital District or Authority,222,75
110109,EMANUEL MEDICAL CENTER,117 KITE ROAD,(478) 289-1304,Acute Care Hospitals,Government - Hospital District or Authority,201,96
110109,EMANUEL MEDICAL CENTER,117 KITE ROAD,(478) 289-1304,Acute Care Hospitals,Government - Hospital District or Authority,236,61
110109,EMANUEL MEDICAL CENTER,117 KITE ROAD,(478) 289-1304,Acute Care Hospitals,Government - Hospital District or Authority,230,67
110109,EMANUEL MEDICAL CENTER,117 KITE ROAD,(478) 289-1304,Acute Care Hospitals,Government - Hospital District or Authority,271,26
110109,EMANUEL MEDICAL CENTER,117 KITE ROAD,(478) 289-1304,Acute Care Hospitals,Government - Hospital District or Authority,178,119
110109,EMANUEL MEDICAL CENTER,117 KITE ROAD,(478) 289-1304,Acute Care Hospitals,Government - Hospital District or Authority,256,41
110109,EMANUEL MEDICAL CENTER,117 KITE ROAD,(478) 289-1304,Acute Care Hospitals,Government - Hospital District or Authority,197,100
110109,EMANUEL MEDICAL CENTER,117 KITE ROAD,(478) 289-1304,Acute Care Hospitals,Government - Hospital District or Authority,264,33
110109,EMANUEL MEDICAL CENTER,117 KITE ROAD,(478) 289-1304,Acute Care Hospitals,Government - Hospital District or Authority,247,50
110109,EMANUEL MEDICAL CENTER,117 KITE ROAD,(478) 289-1304,Acute Care Hospitals,Government - Hospital District or Authority,267,30
110109,EMANUEL MEDICAL CENTER,117 KITE ROAD,(478) 289-1304,Acute Care Hospitals,Government - Hospital District or Authority,185,112
110109,EMANUEL MEDICAL CENTER,117 KITE ROAD,(478) 289-1304,Acute Care Hospitals,Government - Hospital District or Authority,187,110
110109,EMANUEL MEDICAL CENTER,117 KITE ROAD,(478) 289-1304,Acute Care Hospitals,Government - Hospital District or Authority,183,114
110109,EMANUEL MEDICAL CENTER,117 KITE ROAD,(478) 289-1304,Acute Care Hospitals,Government - Hospital District or Authority,192,105
110109,EMANUEL MEDICAL CENTER,117 KITE ROAD,(478) 289-1304,Acute Care Hospitals,Government - Hospital District or Authority,243,54
110109,EMANUEL MEDICAL CENTER,117 KITE ROAD,(478) 289-1304,Acute Care Hospitals,Government - Hospital District or Authority,182,115
110109,EMANUEL MEDICAL CENTER,117 KITE ROAD,(478) 289-1304,Acute Care Hospitals,Government - Hospital District or Authority,272,25
110109,EMANUEL MEDICAL CENTER,117 KITE ROAD,(478) 289-1304,Acute Care Hospitals,Government - Hospital District or Authority,182,115
110109,EMANUEL MEDICAL CENTER,117 KITE ROAD,(478) 289-1304,Acute Care Hospitals,Government - Hospital District or Authority,237,60
110109,EMANUEL MEDICAL CENTER,117 KITE ROAD,(478) 289-1304,Acute Care Hospitals,Government - Hospital District or Authority,182,115
110109,EMANUEL MEDICAL CENTER,117 KITE ROAD,(478) 289-1304,Acute Care Hospitals,Government - Hospital District or Authority,268,29
110109,EMANUEL MEDICAL CENTER,117 KITE ROAD,(478) 289-1304,Acute Care Hospitals,Government - Hospital District or Authority,213,84
110109,EMANUEL MEDICAL CENTER,117 KITE ROAD,(478) 289-1304,Acute Care Hospitals,Government - Hospital District or Authority,193,104
110109,EMANUEL MEDICAL CENTER,117 KITE ROAD,(478) 289-1304,Acute Care Hospitals,Government - Hospital District or Authority,219,78
110109,EMANUEL MEDICAL CENTER,117 KITE ROAD,(478) 289-1304,Acute Care Hospitals,Government - Hospital District or Authority,216,81
110109,EMANUEL MEDICAL CENTER,117 KITE ROAD,(478) 289-1304,Acute Care Hospitals,Government - Hospital District or Authority,232,65
110109,EMANUEL MEDICAL CENTER,117 KITE ROAD,(478) 289-1304,Acute Care Hospitals,Government - Hospital District or Authority,199,98
110109,EMANUEL MEDICAL CENTER,117 KITE ROAD,(478) 289-1304,Acute Care Hospitals,Government - Hospital District or Authority,191,106
110109,EMANUEL MEDICAL CENTER,117 KITE ROAD,(478) 289-1304,Acute Care Hospitals,Government - Hospital District or Authority,259,38
110109,EMANUEL MEDICAL CENTER,117 KITE ROAD,(478) 289-1304,Acute Care Hospitals,Government - Hospital District or Authority,184,113
110109,EMANUEL MEDICAL CENTER,117 KITE ROAD,(478) 289-1304,Acute Care Hospitals,Government - Hospital District or Authority,186,111
110109,EMANUEL MEDICAL CENTER,117 KITE ROAD,(478) 289-1304,Acute Care Hospitals,Government - Hospital District or Authority,217,80
110109,EMANUEL MEDICAL CENTER,117 KITE ROAD,(478) 289-1304,Acute Care Hospitals,Government - Hospital District or Authority,181,116
110109,EMANUEL MEDICAL CENTER,117 KITE ROAD,(478) 289-1304,Acute Care Hospitals,Government - Hospital District or Authority,248,49
110109,EMANUEL MEDICAL CENTER,117 KITE ROAD,(478) 289-1304,Acute Care Hospitals,Government - Hospital District or Authority,240,57
110109,EMANUEL MEDICAL CENTER,117 KITE ROAD,(478) 289-1304,Acute Care Hospitals,Government - Hospital District or Authority,254,43
110109,EMANUEL MEDICAL CENTER,117 KITE ROAD,(478) 289-1304,Acute Care Hospitals,Government - Hospital District or Authority,192,105
110109,EMANUEL MEDICAL CENTER,117 KITE ROAD,(478) 289-1304,Acute Care Hospitals,Government - Hospital District or Authority,237,60
110109,EMANUEL MEDICAL CENTER,117 KITE ROAD,(478) 289-1304,Acute Care Hospitals,Government - Hospital District or Authority,209,88
110109,EMANUEL MEDICAL CENTER,117 KITE ROAD,(478) 289-1304,Acute Care Hospitals,Government - Hospital District or Authority,192,105
110109,EMANUEL MEDICAL CENTER,117 KITE ROAD,(478) 289-1304,Acute Care Hospitals,Government - Hospital District or Authority,195,102
110109,EMANUEL MEDICAL CENTER,117 KITE ROAD,(478) 289-1304,Acute Care Hospitals,Government - Hospital District or Authority,204,93
110109,EMANUEL MEDICAL CENTER,117 KITE ROAD,(478) 289-1304,Acute Care Hospitals,Government - Hospital District or Authority,248,49
110109,EMANUEL MEDICAL CENTER,117 KITE ROAD,(478) 289-1304,Acute Care Hospitals,Government - Hospital District or Authority,263,34
110109,EMANUEL MEDICAL CENTER,117 KITE ROAD,(478) 289-1304,Acute Care Hospitals,Government - Hospital District or Authority,244,53
110109,EMANUEL MEDICAL CENTER,117 KITE ROAD,(478) 289-1304,Acute Care Hospitals,Government - Hospital District or Authority,212,85
110109,EMANUEL MEDICAL CENTER,117 KITE ROAD,(478) 289-1304,Acute Care Hospitals,Government - Hospital District or Authority,185,112
110109,EMANUEL MEDICAL CENTER,117 KITE ROAD,(478) 289-1304,Acute Care Hospitals,Government - Hospital District or Authority,222,75
110109,EMANUEL MEDICAL CENTER,117 KITE ROAD,(478) 289-1304,Acute Care Hospitals,Government - Hospital District or Authority,219,78
110109,EMANUEL MEDICAL CENTER,117 KITE ROAD,(478) 289-1304,Acute Care Hospitals,Government - Hospital District or Authority,211,86
110109,EMANUEL MEDICAL CENTER,117 KITE ROAD,(478) 289-1304,Acute Care Hospitals,Government - Hospital District or Authority,276,21
110109,EMANUEL MEDICAL CENTER,117 KITE ROAD,(478) 289-1304,Acute Care Hospitals,Government - Hospital District or Authority,230,67
110109,EMANUEL MEDICAL CENTER,117 KITE ROAD,(478) 289-1304,Acute Care Hospitals,Government - Hospital District or Authority,196,101
110109,EMANUEL MEDICAL CENTER,117 KITE ROAD,(478) 289-1304,Acute Care Hospitals,Government - Hospital District or Authority,212,85
110109,EMANUEL MEDICAL CENTER,117 KITE ROAD,(478) 289-1304,Acute Care Hospitals,Government - Hospital District or Authority,267,30
110109,EMANUEL MEDICAL CENTER,117 KITE ROAD,(478) 289-1304,Acute Care Hospitals,Government - Hospital District or Authority,194,103
110109,EMANUEL MEDICAL CENTER,117 KITE ROAD,(478) 289-1304,Acute Care Hospitals,Government - Hospital District or Authority,192,105
110109,EMANUEL MEDICAL CENTER,117 KITE ROAD,(478) 289-1304,Acute Care Hospitals,Government - Hospital District or Authority,198,99
110109,EMANUEL MEDICAL CENTER,117 KITE ROAD,(478) 289-1304,Acute Care Hospitals,Government - Hospital District or Authority,187,110
110109,EMANUEL MEDICAL CENTER,117 KITE ROAD,(478) 289-1304,Acute Care Hospitals,Government - Hospital District or Authority,276,21
110109,EMANUEL MEDICAL CENTER,117 KITE ROAD,(478) 289-1304,Acute Care Hospitals,Government - Hospital District or Authority,268,29
110109,EMANUEL MEDICAL CENTER,117 KITE ROAD,(478) 289-1304,Acute Care Hospitals,Government - Hospital District or Authority,274,23
110109,EMANUEL MEDICAL CENTER,117 KITE ROAD,(478) 289-1304,Acute Care Hospitals,Government - Hospital District or Authority,229,68
110109,EMANUEL MEDICAL CENTER,117 KITE ROAD,(478) 289-1304,Acute Care Hospitals,Government - Hospital District or Authority,242,55
110109,EMANUEL MEDICAL CENTER,117 KITE ROAD,(478) 289-1304,Acute Care Hospitals,Government - Hospital District or Authority,231,66
110109,EMANUEL MEDICAL CENTER,117 KITE ROAD,(478) 289-1304,Acute Care Hospitals,Government - Hospital District or Authority,240,57
110109,EMANUEL MEDICAL CENTER,117 KITE ROAD,(478) 289-1304,Acute Care Hospitals,Government - Hospital District or Authority,199,98
110109,EMANUEL MEDICAL CENTER,117 KITE ROAD,(478) 289-1304,Acute Care Hospitals,Government - Hospital District or Authority,257,40
110109,EMANUEL MEDICAL CENTER,117 KITE ROAD,(478) 289-1304,Acute Care Hospitals,Government - Hospital District or Authority,268,29
110109,EMANUEL MEDICAL CENTER,117 KITE ROAD,(478) 289-1304,Acute Care Hospitals,Government - Hospital District or Authority,197,100
110109,EMANUEL MEDICAL CENTER,117 KITE ROAD,(478) 289-1304,Acute Care Hospitals,Government - Hospital District or Authority,230,67
110109,EMANUEL MEDICAL CENTER,117 KITE ROAD,(478) 289-1304,Acute Care Hospitals,Government - Hospital District or Authority,268,29
110109,EMANUEL MEDICAL CENTER,117 KITE ROAD,(478) 289-1304,Acute Care Hospitals,Government - Hospital District or Authority,187,110
110109,EMANUEL MEDICAL CENTER,117 KITE ROAD,(478) 289-1304,Acute Care Hospitals,Government - Hospital District or Authority,273,24
110109,EMANUEL MEDICAL CENTER,117 KITE ROAD,(478) 289-1304,Acute Care Hospitals,Government - Hospital District or Authority,275,22
110109,EMANUEL MEDICAL CENTER,117 KITE ROAD,(478) 289-1304,Acute Care Hospitals,Government - Hospital District or Authority,196,101
110109,EMANUEL MEDICAL CENTER,117 KITE ROAD,(478) 289-1304,Acute Care Hospitals,Government - Hospital District or Authority,253,44
110109,EMANUEL MEDICAL CENTER,117 KITE ROAD,(478) 289-1304,Acute Care Hospitals,Government - Hospital District or Authority,213,84
110109,EMANUEL MEDICAL CENTER,117 KITE ROAD,(478) 289-1304,Acute Care Hospitals,Government - Hospital District or Authority,219,78
110109,EMANUEL MEDICAL CENTER,117 KITE ROAD,(478) 289-1304,Acute Care Hospitals,Government - Hospital District or Authority,271,26
110109,EMANUEL MEDICAL CENTER,117 KITE ROAD,(478) 289-1304,Acute Care Hospitals,Government - Hospital District or Authority,276,21
110109,EMANUEL MEDICAL CENTER,117 KITE ROAD,(478) 289-1304,Acute Care Hospitals,Government - Hospital District or Authority,280,17
110109,EMANUEL MEDICAL CENTER,117 KITE ROAD,(478) 289-1304,Acute Care Hospitals,Government - Hospital District or Authority,234,63
110109,EMANUEL MEDICAL CENTER,117 KITE ROAD,(478) 289-1304,Acute Care Hospitals,Government - Hospital District or Authority,273,24
110109,EMANUEL MEDICAL CENTER,117 KITE ROAD,(478) 289-1304,Acute Care Hospitals,Government - Hospital District or Authority,276,21
110109,EMANUEL MEDICAL CENTER,117 KITE ROAD,(478) 289-1304,Acute Care Hospitals,Government - Hospital District or Authority,254,43
110109,EMANUEL MEDICAL CENTER,117 KITE ROAD,(478) 289-1304,Acute Care Hospitals,Government - Hospital District or Authority,215,82
110109,EMANUEL MEDICAL CENTER,117 KITE ROAD,(478) 289-1304,Acute Care Hospitals,Government - Hospital District or Authority,229,68
110109,EMANUEL MEDICAL CENTER,117 KITE ROAD,(478) 289-1304,Acute Care Hospitals,Government - Hospital District or Authority,275,22
110109,EMANUEL MEDICAL CENTER,117 KITE ROAD,(478) 289-1304,Acute Care Hospitals,Government - Hospital District or Authority,258,39
110109,EMANUEL MEDICAL CENTER,117 KITE ROAD,(478) 289-1304,Acute Care Hospitals,Government - Hospital District or Authority,257,40
110109,EMANUEL MEDICAL CENTER,117 KITE ROAD,(478) 289-1304,Acute Care Hospitals,Government - Hospital District or Authority,215,82
110109,EMANUEL MEDICAL CENTER,117 KITE ROAD,(478) 289-1304,Acute Care Hospitals,Government - Hospital District or Authority,182,115
110109,EMANUEL MEDICAL CENTER,117 KITE ROAD,(478) 289-1304,Acute Care Hospitals,Government - Hospital District or Authority,281,16
110109,EMANUEL MEDICAL CENTER,117 KITE ROAD,(478) 289-1304,Acute Care Hospitals,Government - Hospital District or Authority,251,46
110109,EMANUEL MEDICAL CENTER,117 KITE ROAD,(478) 289-1304,Acute Care Hospitals,Government - Hospital District or Authority,273,24
110109,EMANUEL MEDICAL CENTER,117 KITE ROAD,(478) 289-1304,Acute Care Hospitals,Government - Hospital District or Authority,179,118
110109,EMANUEL MEDICAL CENTER,117 KITE ROAD,(478) 289-1304,Acute Care Hospitals,Government - Hospital District or Authority,204,93
110109,EMANUEL MEDICAL CENTER,117 KITE ROAD,(478) 289-1304,Acute Care Hospitals,Government - Hospital District or Authority,235,62
110109,EMANUEL MEDICAL CENTER,117 KITE ROAD,(478) 289-1304,Acute Care Hospitals,Government - Hospital District or Authority,247,50
110109,EMANUEL MEDICAL CENTER,117 KITE ROAD,(478) 289-1304,Acute Care Hospitals,Government - Hospital District or Authority,261,36
110109,EMANUEL MEDICAL CENTER,117 KITE ROAD,(478) 289-1304,Acute Care Hospitals,Government - Hospital District or Authority,260,37
110109,EMANUEL MEDICAL CENTER,117 KITE ROAD,(478) 289-1304,Acute Care Hospitals,Government - Hospital District or Authority,236,61
110109,EMANUEL MEDICAL CENTER,117 KITE ROAD,(478) 289-1304,Acute Care Hospitals,Government - Hospital District or Authority,258,39
110109,EMANUEL MEDICAL CENTER,117 KITE ROAD,(478) 289-1304,Acute Care Hospitals,Government - Hospital District or Authority,239,58
110109,EMANUEL MEDICAL CENTER,117 KITE ROAD,(478) 289-1304,Acute Care Hospitals,Government - Hospital District or Authority,228,69
110109,EMANUEL MEDICAL CENTER,117 KITE ROAD,(478) 289-1304,Acute Care Hospitals,Government - Hospital District or Authority,213,84
110109,EMANUEL MEDICAL CENTER,117 KITE ROAD,(478) 289-1304,Acute Care Hospitals,Government - Hospital District or Authority,239,58
110109,EMANUEL MEDICAL CENTER,117 KITE ROAD,(478) 289-1304,Acute Care Hospitals,Government - Hospital District or Authority,242,55
110109,EMANUEL MEDICAL CENTER,117 KITE ROAD,(478) 289-1304,Acute Care Hospitals,Government - Hospital District or Authority,271,26
110109,EMANUEL MEDICAL CENTER,117 KITE ROAD,(478) 289-1304,Acute Care Hospitals,Government - Hospital District or Authority,253,44
110109,EMANUEL MEDICAL CENTER,117 KITE ROAD,(478) 289-1304,Acute Care Hospitals,Government - Hospital District or Authority,252,45
110109,EMANUEL MEDICAL CENTER,117 KITE ROAD,(478) 289-1304,Acute Care Hospitals,Government - Hospital District or Authority,247,50
110109,EMANUEL MEDICAL CENTER,117 KITE ROAD,(478) 289-1304,Acute Care Hospitals,Government - Hospital District or Authority,251,46
110109,EMANUEL MEDICAL CENTER,117 KITE ROAD,(478) 289-1304,Acute Care Hospitals,Government - Hospital District or Authority,273,24
110109,EMANUEL MEDICAL CENTER,117 KITE ROAD,(478) 289-1304,Acute Care Hospitals,Government - Hospital District or Authority,224,73
110109,EMANUEL MEDICAL CENTER,117 KITE ROAD,(478) 289-1304,Acute Care Hospitals,Government - Hospital District or Authority,215,82
110109,EMANUEL MEDICAL CENTER,117 KITE ROAD,(478) 289-1304,Acute Care Hospitals,Government - Hospital District or Authority,198,99
110109,EMANUEL MEDICAL CENTER,117 KITE ROAD,(478) 289-1304,Acute Care Hospitals,Government - Hospital District or Authority,183,114
110109,EMANUEL MEDICAL CENTER,117 KITE ROAD,(478) 289-1304,Acute Care Hospitals,Government - Hospital District or Authority,219,78
110109,EMANUEL MEDICAL CENTER,117 KITE ROAD,(478) 289-1304,Acute Care Hospitals,Government - Hospital District or Authority,224,73
110109,EMANUEL MEDICAL CENTER,117 KITE ROAD,(478) 289-1304,Acute Care Hospitals,Government - Hospital District or Authority,197,100
110109,EMANUEL MEDICAL CENTER,117 KITE ROAD,(478) 289-1304,Acute Care Hospitals,Government - Hospital District or Authority,182,115
110109,EMANUEL MEDICAL CENTER,117 KITE ROAD,(478) 289-1304,Acute Care Hospitals,Government - Hospital District or Authority,224,73
110109,EMANUEL MEDICAL CENTER,117 KITE ROAD,(478) 289-1304,Acute Care Hospitals,Government - Hospital District or Authority,199,98
110109,EMANUEL MEDICAL CENTER,117 KITE ROAD,(478) 289-1304,Acute Care Hospitals,Government - Hospital District or Authority,185,112
110109,EMANUEL MEDICAL CENTER,117 KITE ROAD,(478) 289-1304,Acute Care Hospitals,Government - Hospital District or Authority,197,100
110109,EMANUEL MEDICAL CENTER,117 KITE ROAD,(478) 289-1304,Acute Care Hospitals,Government - Hospital District or Authority,232,65
110109,EMANUEL MEDICAL CENTER,117 KITE ROAD,(478) 289-1304,Acute Care Hospitals,Government - Hospital District or Authority,216,81
110109,EMANUEL MEDICAL CENTER,117 KITE ROAD,(478) 289-1304,Acute Care Hospitals,Government - Hospital District or Authority,278,19
110109,EMANUEL MEDICAL CENTER,117 KITE ROAD,(478) 289-1304,Acute Care Hospitals,Government - Hospital District or Authority,204,93
110109,EMANUEL MEDICAL CENTER,117 KITE ROAD,(478) 289-1304,Acute Care Hospitals,Government - Hospital District or Authority,279,18
110109,EMANUEL MEDICAL CENTER,117 KITE ROAD,(478) 289-1304,Acute Care Hospitals,Government - Hospital District or Authority,246,51
110109,EMANUEL MEDICAL CENTER,117 KITE ROAD,(478) 289-1304,Acute Care Hospitals,Government - Hospital District or Authority,232,65
110109,EMANUEL MEDICAL CENTER,117 KITE ROAD,(478) 289-1304,Acute Care Hospitals,Government - Hospital District or Authority,188,109
110109,EMANUEL MEDICAL CENTER,117 KITE ROAD,(478) 289-1304,Acute Care Hospitals,Government - Hospital District or Authority,228,69
110109,EMANUEL MEDICAL CENTER,117 KITE ROAD,(478) 289-1304,Acute Care Hospitals,Government - Hospital District or Authority,249,48
110109,EMANUEL MEDICAL CENTER,117 KITE ROAD,(478) 289-1304,Acute Care Hospitals,Government - Hospital District or Authority,238,59
110109,EMANUEL MEDICAL CENTER,117 KITE ROAD,(478) 289-1304,Acute Care Hospitals,Government - Hospital District or Authority,273,24
110109,EMANUEL MEDICAL CENTER,117 KITE ROAD,(478) 289-1304,Acute Care Hospitals,Government - Hospital District or Authority,266,31
110109,EMANUEL MEDICAL CENTER,117 KITE ROAD,(478) 289-1304,Acute Care Hospitals,Government - Hospital District or Authority,214,83
110109,EMANUEL MEDICAL CENTER,117 KITE ROAD,(478) 289-1304,Acute Care Hospitals,Government - Hospital District or Authority,178,119
110109,EMANUEL MEDICAL CENTER,117 KITE ROAD,(478) 289-1304,Acute Care Hospitals,Government - Hospital District or Authority,259,38
110109,EMANUEL MEDICAL CENTER,117 KITE ROAD,(478) 289-1304,Acute Care Hospitals,Government - Hospital District or Authority,207,90
110109,EMANUEL MEDICAL CENTER,117 KITE ROAD,(478) 289-1304,Acute Care Hospitals,Government - Hospital District or Authority,221,76
110109,EMANUEL MEDICAL CENTER,117 KITE ROAD,(478) 289-1304,Acute Care Hospitals,Government - Hospital District or Authority,250,47
110109,EMANUEL MEDICAL CENTER,117 KITE ROAD,(478) 289-1304,Acute Care Hospitals,Government - Hospital District or Authority,275,22
110109,EMANUEL MEDICAL CENTER,117 KITE ROAD,(478) 289-1304,Acute Care Hospitals,Government - Hospital District or Authority,262,35
110109,EMANUEL MEDICAL CENTER,117 KITE ROAD,(478) 289-1304,Acute Care Hospitals,Government - Hospital District or Authority,231,66
110109,EMANUEL MEDICAL CENTER,117 KITE ROAD,(478) 289-1304,Acute Care Hospitals,Government - Hospital District or Authority,269,28
110109,EMANUEL MEDICAL CENTER,117 KITE ROAD,(478) 289-1304,Acute Care Hospitals,Government - Hospital District or Authority,218,79
110109,EMANUEL MEDICAL CENTER,117 KITE ROAD,(478) 289-1304,Acute Care Hospitals,Government - Hospital District or Authority,205,92
110109,EMANUEL MEDICAL CENTER,117 KITE ROAD,(478) 289-1304,Acute Care Hospitals,Government - Hospital District or Authority,270,27
110109,EMANUEL MEDICAL CENTER,117 KITE ROAD,(478) 289-1304,Acute Care Hospitals,Government - Hospital District or Authority,252,45
110109,EMANUEL MEDICAL CENTER,117 KITE ROAD,(478) 289-1304,Acute Care Hospitals,Government - Hospital District or Authority,213,84
110109,EMANUEL MEDICAL CENTER,117 KITE ROAD,(478) 289-1304,Acute Care Hospitals,Government - Hospital District or Authority,208,89
110109,EMANUEL MEDICAL CENTER,117 KITE ROAD,(478) 289-1304,Acute Care Hospitals,Government - Hospital District or Authority,191,106
110109,EMANUEL MEDICAL CENTER,117 KITE ROAD,(478) 289-1304,Acute Care Hospitals,Government - Hospital District or Authority,264,33
110109,EMANUEL MEDICAL CENTER,117 KITE ROAD,(478) 289-1304,Acute Care Hospitals,Government - Hospital District or Authority,179,118
110109,EMANUEL MEDICAL CENTER,117 KITE ROAD,(478) 289-1304,Acute Care Hospitals,Government - Hospital District or Authority,273,24
110109,EMANUEL MEDICAL CENTER,117 KITE ROAD,(478) 289-1304,Acute Care Hospitals,Government - Hospital District or Authority,256,41
110109,EMANUEL MEDICAL CENTER,117 KITE ROAD,(478) 289-1304,Acute Care Hospitals,Government - Hospital District or Authority,229,68
110109,EMANUEL MEDICAL CENTER,117 KITE ROAD,(478) 289-1304,Acute Care Hospitals,Government - Hospital District or Authority,215,82
110109,EMANUEL MEDICAL CENTER,117 KITE ROAD,(478) 289-1304,Acute Care Hospitals,Government - Hospital District or Authority,228,69
110109,EMANUEL MEDICAL CENTER,117 KITE ROAD,(478) 289-1304,Acute Care Hospitals,Government - Hospital District or Authority,274,23
110109,EMANUEL MEDICAL CENTER,117 KITE ROAD,(478) 289-1304,Acute Care Hospitals,Government - Hospital District or Authority,214,83
110109,EMANUEL MEDICAL CENTER,117 KITE ROAD,(478) 289-1304,Acute Care Hospitals,Government - Hospital District or Authority,265,32
110109,EMANUEL MEDICAL CENTER,117 KITE ROAD,(478) 289-1304,Acute Care Hospitals,Government - Hospital District or Authority,266,31
110109,EMANUEL MEDICAL CENTER,117 KITE ROAD,(478) 289-1304,Acute Care Hospitals,Government - Hospital District or Authority,211,86
110109,EMANUEL MEDICAL CENTER,117 KITE ROAD,(478) 289-1304,Acute Care Hospitals,Government - Hospital District or Authority,271,26
110109,EMANUEL MEDICAL CENTER,117 KITE ROAD,(478) 289-1304,Acute Care Hospitals,Government - Hospital District or Authority,207,90
110109,EMANUEL MEDICAL CENTER,117 KITE ROAD,(478) 289-1304,Acute Care Hospitals,Government - Hospital District or Authority,192,105
110109,EMANUEL MEDICAL CENTER,117 KITE ROAD,(478) 289-1304,Acute Care Hospitals,Government - Hospital District or Authority,191,106
