Facility ID,Facility Name,Address,Telephone Number,Hospital Type,Hospital Ownership,Active Beds,Inactive Beds
110236,CHI MEMORIAL HOSPITAL- GEORGIA,100 GROSS CRESCENT CIRCLE,(770) 874-5400,Acute Care Hospitals,Voluntary non-profit - Private,221,35
110236,CHI MEMORIAL HOSPITAL- GEORGIA,100 GROSS CRESCENT CIRCLE,(770) 874-5400,Acute Care Hospitals,Voluntary non-profit - Private,176,80
110236,CHI MEMORIAL HOSPITAL- GEORGIA,100 GROSS CRESCENT CIRCLE,(770) 874-5400,Acute Care Hospitals,Voluntary non-profit - Private,163,93
110236,CHI MEMORIAL HOSPITAL- GEORGIA,100 GROSS CRESCENT CIRCLE,(770) 874-5400,Acute Care Hospitals,Voluntary non-profit - Private,192,64
110236,CHI MEMORIAL HOSPITAL- GEORGIA,100 GROSS CRESCENT CIRCLE,(770) 874-5400,Acute Care Hospitals,Voluntary non-profit - Private,185,71
110236,CHI MEMORIAL HOSPITAL- GEORGIA,100 GROSS CRESCENT CIRCLE,(770) 874-5400,Acute Care Hospitals,Voluntary non-profit - Private,192,64
110236,CHI MEMORIAL HOSPITAL- GEORGIA,100 GROSS CRESCENT CIRCLE,(770) 874-5400,Acute Care Hospitals,Voluntary non-profit - Private,153,103
110236,CHI MEMORIAL HOSPITAL- GEORGIA,100 GROSS CRESCENT CIRCLE,(770) 874-5400,Acute Care Hospitals,Voluntary non-profit - Private,173,83
110236,CHI MEMORIAL HOSPITAL- GEORGIA,100 GROSS CRESCENT CIRCLE,(770) 874-5400,Acute Care Hospitals,Voluntary non-profit - Private,164,92
110236,CHI MEMORIAL HOSPITAL- GEORGIA,100 GROSS CRESCENT CIRCLE,(770) 874-5400,Acute Care Hospitals,Voluntary non-profit - Private,172,84
110236,CHI MEMORIAL HOSPITAL- GEORGIA,100 GROSS CRESCENT CIRCLE,(770) 874-5400,Acute Care Hospitals,Voluntary non-profit - Private,184,72
110236,CHI MEMORIAL HOSPITAL- GEORGIA,100 GROSS CRESCENT CIRCLE,(770) 874-5400,Acute Care Hospitals,Voluntary non-profit - Private,167,89
110236,CHI MEMORIAL HOSPITAL- GEORGIA,100 GROSS CRESCENT CIRCLE,(770) 874-5400,Acute Care Hospitals,Voluntary non-profit - Private,216,40
110236,CHI MEMORIAL HOSPITAL- GEORGIA,100 GROSS CRESCENT CIRCLE,(770) 874-5400,Acute Care Hospitals,Voluntary non-profit - Private,184,72
110236,CHI MEMORIAL HOSPITAL- GEORGIA,100 GROSS CRESCENT CIRCLE,(770) 874-5400,Acute Care Hospitals,Voluntary non-profit - Private,164,92
110236,CHI MEMORIAL HOSPITAL- GEORGIA,100 GROSS CRESCENT CIRCLE,(770) 874-5400,Acute Care Hospitals,Voluntary non-profit - Private,235,21
110236,CHI MEMORIAL HOSPITAL- GEORGIA,100 GROSS CRESCENT CIRCLE,(770) 874-5400,Acute Care Hospitals,Voluntary non-profit - Private,177,79
110236,CHI MEMORIAL HOSPITAL- GEORGIA,100 GROSS CRESCENT CIRCLE,(770) 874-5400,Acute Care Hospitals,Voluntary non-profit - Private,192,64
110236,CHI MEMORIAL HOSPITAL- GEORGIA,100 GROSS CRESCENT CIRCLE,(770) 874-5400,Acute Care Hospitals,Voluntary non-profit - Private,170,86
110236,CHI MEMORIAL HOSPITAL- GEORGIA,100 GROSS CRESCENT CIRCLE,(770) 874-5400,Acute Care Hospitals,Voluntary non-profit - Private,171,85
110236,CHI MEMORIAL HOSPITAL- GEORGIA,100 GROSS CRESCENT CIRCLE,(770) 874-5400,Acute Care Hospitals,Voluntary non-profit - Private,218,38
110236,CHI MEMORIAL HOSPITAL- GEORGIA,100 GROSS CRESCENT CIRCLE,(770) 874-5400,Acute Care Hospitals,Voluntary non-profit - Private,199,57
110236,CHI MEMORIAL HOSPITAL- GEORGIA,100 GROSS CRESCENT CIRCLE,(770) 874-5400,Acute Care Hospitals,Voluntary non-profit - Private,219,37
110236,CHI MEMORIAL HOSPITAL- GEORGIA,100 GROSS CRESCENT CIRCLE,(770) 874-5400,Acute Care Hospitals,Voluntary non-profit - Private,175,81
110236,CHI MEMORIAL HOSPITAL- GEORGIA,100 GROSS CRESCENT CIRCLE,(770) 874-5400,Acute Care Hospitals,Voluntary non-profit - Private,186,70
110236,CHI MEMORIAL HOSPITAL- GEORGIA,100 GROSS CRESCENT CIRCLE,(770) 874-5400,Acute Care Hospitals,Voluntary non-profit - Private,199,57
110236,CHI MEMORIAL HOSPITAL- GEORGIA,100 GROSS CRESCENT CIRCLE,(770) 874-5400,Acute Care Hospitals,Voluntary non-profit - Private,190,66
110236,CHI MEMORIAL HOSPITAL- GEORGIA,100 GROSS CRESCENT CIRCLE,(770) 874-5400,Acute Care Hospitals,Voluntary non-profit - Private,176,80
110236,CHI MEMORIAL HOSPITAL- GEORGIA,100 GROSS CRESCENT CIRCLE,(770) 874-5400,Acute Care Hospitals,Voluntary non-profit - Private,191,65
110236,CHI MEMORIAL HOSPITAL- GEORGIA,100 GROSS CRESCENT CIRCLE,(770) 874-5400,Acute Care Hospitals,Voluntary non-profit - Private,216,40
110236,CHI MEMORIAL HOSPITAL- GEORGIA,100 GROSS CRESCENT CIRCLE,(770) 874-5400,Acute Care Hospitals,Voluntary non-profit - Private,159,97
110236,CHI MEMORIAL HOSPITAL- GEORGIA,100 GROSS CRESCENT CIRCLE,(770) 874-5400,Acute Care Hospitals,Voluntary non-profit - Private,173,83
110236,CHI MEMORIAL HOSPITAL- GEORGIA,100 GROSS CRESCENT CIRCLE,(770) 874-5400,Acute Care Hospitals,Voluntary non-profit - Private,190,66
110236,CHI MEMORIAL HOSPITAL- GEORGIA,100 GROSS CRESCENT CIRCLE,(770) 874-5400,Acute Care Hospitals,Voluntary non-profit - Private,237,19
110236,CHI MEMORIAL HOSPITAL- GEORGIA,100 GROSS CRESCENT CIRCLE,(770) 874-5400,Acute Care Hospitals,Voluntary non-profit - Private,183,73
110236,CHI MEMORIAL HOSPITAL- GEORGIA,100 GROSS CRESCENT CIRCLE,(770) 874-5400,Acute Care Hospitals,Voluntary non-profit - Private,167,89
110236,CHI MEMORIAL HOSPITAL- GEORGIA,100 GROSS CRESCENT CIRCLE,(770) 874-5400,Acute Care Hospitals,Voluntary non-profit - Private,241,15
110236,CHI MEMORIAL HOSPITAL- GEORGIA,100 GROSS CRESCENT CIRCLE,(770) 874-5400,Acute Care Hospitals,Voluntary non-profit - Private,223,33
110236,CHI MEMORIAL HOSPITAL- GEORGIA,100 GROSS CRESCENT CIRCLE,(770) 874-5400,Acute Care Hospitals,Voluntary non-profit - Private,230,26
110236,CHI MEMORIAL HOSPITAL- GEORGIA,100 GROSS CRESCENT CIRCLE,(770) 874-5400,Acute Care Hospitals,Voluntary non-profit - Private,235,21
110236,CHI MEMORIAL HOSPITAL- GEORGIA,100 GROSS CRESCENT CIRCLE,(770) 874-5400,Acute Care Hospitals,Voluntary non-profit - Private,164,92
110236,CHI MEMORIAL HOSPITAL- GEORGIA,100 GROSS CRESCENT CIRCLE,(770) 874-5400,Acute Care Hospitals,Voluntary non-profit - Private,234,22
110236,CHI MEMORIAL HOSPITAL- GEORGIA,100 GROSS CRESCENT CIRCLE,(770) 874-5400,Acute Care Hospitals,Voluntary non-profit - Private,170,86
110236,CHI MEMORIAL HOSPITAL- GEORGIA,100 GROSS CRESCENT CIRCLE,(770) 874-5400,Acute Care Hospitals,Voluntary non-profit - Private,163,93
110236,CHI MEMORIAL HOSPITAL- GEORGIA,100 GROSS CRESCENT CIRCLE,(770) 874-5400,Acute Care Hospitals,Voluntary non-profit - Private,231,25
110236,CHI MEMORIAL HOSPITAL- GEORGIA,100 GROSS CRESCENT CIRCLE,(770) 874-5400,Acute Care Hospitals,Voluntary non-profit - Private,233,23
110236,CHI MEMORIAL HOSPITAL- GEORGIA,100 GROSS CRESCENT CIRCLE,(770) 874-5400,Acute Care Hospitals,Voluntary non-profit - Private,220,36
110236,CHI MEMORIAL HOSPITAL- GEORGIA,100 GROSS CRESCENT CIRCLE,(770) 874-5400,Acute Care Hospitals,Voluntary non-profit - Private,159,97
110236,CHI MEMORIAL HOSPITAL- GEORGIA,100 GROSS CRESCENT CIRCLE,(770) 874-5400,Acute Care Hospitals,Voluntary non-profit - Private,224,32
110236,CHI MEMORIAL HOSPITAL- GEORGIA,100 GROSS CRESCENT CIRCLE,(770) 874-5400,Acute Care Hospitals,Voluntary non-profit - Private,167,89
110236,CHI MEMORIAL HOSPITAL- GEORGIA,100 GROSS CRESCENT CIRCLE,(770) 874-5400,Acute Care Hospitals,Voluntary non-profit - Private,232,24
110236,CHI MEMORIAL HOSPITAL- GEORGIA,100 GROSS CRESCENT CIRCLE,(770) 874-5400,Acute Care Hospitals,Voluntary non-profit - Private,215,41
110236,CHI MEMORIAL HOSPITAL- GEORGIA,100 GROSS CRESCENT CIRCLE,(770) 874-5400,Acute Care Hospitals,Voluntary non-profit - Private,165,91
110236,CHI MEMORIAL HOSPITAL- GEORGIA,100 GROSS CRESCENT CIRCLE,(770) 874-5400,Acute Care Hospitals,Voluntary non-profit - Private,169,87
110236,CHI MEMORIAL HOSPITAL- GEORGIA,100 GROSS CRESCENT CIRCLE,(770) 874-5400,Acute Care Hospitals,Voluntary non-profit - Private,216,40
110236,CHI MEMORIAL HOSPITAL- GEORGIA,100 GROSS CRESCENT CIRCLE,(770) 874-5400,Acute Care Hospitals,Voluntary non-profit - Private,155,101
110236,CHI MEMORIAL HOSPITAL- GEORGIA,100 GROSS CRESCENT CIRCLE,(770) 874-5400,Acute Care Hospitals,Voluntary non-profit - Private,207,49
110236,CHI MEMORIAL HOSPITAL- GEORGIA,100 GROSS CRESCENT CIRCLE,(770) 874-5400,Acute Care Hospitals,Voluntary non-profit - Private,164,92
110236,CHI MEMORIAL HOSPITAL- GEORGIA,100 GROSS CRESCENT CIRCLE,(770) 874-5400,Acute Care Hospitals,Voluntary non-profit - Private,204,52
110236,CHI MEMORIAL HOSPITAL- GEORGIA,100 GROSS CRESCENT CIRCLE,(770) 874-5400,Acute Care Hospitals,Voluntary non-profit - Private,179,77
110236,CHI MEMORIAL HOSPITAL- GEORGIA,100 GROSS CRESCENT CIRCLE,(770) 874-5400,Acute Care Hospitals,Voluntary non-profit - Private,229,27
110236,CHI MEMORIAL HOSPITAL- GEORGIA,100 GROSS CRESCENT CIRCLE,(770) 874-5400,Acute Care Hospitals,Voluntary non-profit - Private,170,86
110236,CHI MEMORIAL HOSPITAL- GEORGIA,100 GROSS CRESCENT CIRCLE,(770) 874-5400,Acute Care Hospitals,Voluntary non-profit - Private,182,74
110236,CHI MEMORIAL HOSPITAL- GEORGIA,100 GROSS CRESCENT CIRCLE,(770) 874-5400,Acute Care Hospitals,Voluntary non-profit - Private,190,66
110236,CHI MEMORIAL HOSPITAL- GEORGIA,100 GROSS CRESCENT CIRCLE,(770) 874-5400,Acute Care Hospitals,Voluntary non-profit - Private,224,32
110236,CHI MEMORIAL HOSPITAL- GEORGIA,100 GROSS CRESCENT CIRCLE,(770) 874-5400,Acute Care Hospitals,Voluntary non-profit - Private,233,23
110236,CHI MEMORIAL HOSPITAL- GEORGIA,100 GROSS CRESCENT CIRCLE,(770) 874-5400,Acute Care Hospitals,Voluntary non-profit - Private,164,92
110236,CHI MEMORIAL HOSPITAL- GEORGIA,100 GROSS CRESCENT CIRCLE,(770) 874-5400,Acute Care Hospitals,Voluntary non-profit - Private,170,86
110236,CHI MEMORIAL HOSPITAL- GEORGIA,100 GROSS CRESCENT CIRCLE,(770) 874-5400,Acute Care Hospitals,Voluntary non-profit - Private,217,39
110236,CHI MEMORIAL HOSPITAL- GEORGIA,100 GROSS CRESCENT CIRCLE,(770) 874-5400,Acute Care Hospitals,Voluntary non-profit - Private,183,73
110236,CHI MEMORIAL HOSPITAL- GEORGIA,100 GROSS CRESCENT CIRCLE,(770) 874-5400,Acute Care Hospitals,Voluntary non-profit - Private,217,39
110236,CHI MEMORIAL HOSPITAL- GEORGIA,100 GROSS CRESCENT CIRCLE,(770) 874-5400,Acute Care Hospitals,Voluntary non-profit - Private,169,87
110236,CHI MEMORIAL HOSPITAL- GEORGIA,100 GROSS CRESCENT CIRCLE,(770) 874-5400,Acute Care Hospitals,Voluntary non-profit - Private,157,99
110236,CHI MEMORIAL HOSPITAL- GEORGIA,100 GROSS CRESCENT CIRCLE,(770) 874-5400,Acute Care Hospitals,Voluntary non-profit - Private,223,33
110236,CHI MEMORIAL HOSPITAL- GEORGIA,100 GROSS CRESCENT CIRCLE,(770) 874-5400,Acute Care Hospitals,Voluntary non-profit - Private,213,43
110236,CHI MEMORIAL HOSPITAL- GEORGIA,100 GROSS CRESCENT CIRCLE,(770) 874-5400,Acute Care Hospitals,Voluntary non-profit - Private,165,91
110236,CHI MEMORIAL HOSPITAL- GEORGIA,100 GROSS CRESCENT CIRCLE,(770) 874-5400,Acute Care Hospitals,Voluntary non-profit - Private,242,14
110236,CHI MEMORIAL HOSPITAL- GEORGIA,100 GROSS CRESCENT CIRCLE,(770) 874-5400,Acute Care Hospitals,Voluntary non-profit - Private,198,58
110236,CHI MEMORIAL HOSPITAL- GEORGIA,100 GROSS CRESCENT CIRCLE,(770) 874-5400,Acute Care Hospitals,Voluntary non-profit - Private,229,27
110236,CHI MEMORIAL HOSPITAL- GEORGIA,100 GROSS CRESCENT CIRCLE,(770) 874-5400,Acute Care Hospitals,Voluntary non-profit - Private,213,43
110236,CHI MEMORIAL HOSPITAL- GEORGIA,100 GROSS CRESCENT CIRCLE,(770) 874-5400,Acute Care Hospitals,Voluntary non-profit - Private,242,14
110236,CHI MEMORIAL HOSPITAL- GEORGIA,100 GROSS CRESCENT CIRCLE,(770) 874-5400,Acute Care Hospitals,Voluntary non-profit - Private,233,23
110236,CHI MEMORIAL HOSPITAL- GEORGIA,100 GROSS CRESCENT CIRCLE,(770) 874-5400,Acute Care Hospitals,Voluntary non-profit - Private,212,44
110236,CHI MEMORIAL HOSPITAL- GEORGIA,100 GROSS CRESCENT CIRCLE,(770) 874-5400,Acute Care Hospitals,Voluntary non-profit - Private,213,43
110236,CHI MEMORIAL HOSPITAL- GEORGIA,100 GROSS CRESCENT CIRCLE,(770) 874-5400,Acute Care Hospitals,Voluntary non-profit - Private,215,41
110236,CHI MEMORIAL HOSPITAL- GEORGIA,100 GROSS CRESCENT CIRCLE,(770) 874-5400,Acute Care Hospitals,Voluntary non-profit - Private,220,36
110236,CHI MEMORIAL HOSPITAL- GEORGIA,100 GROSS CRESCENT CIRCLE,(770) 874-5400,Acute Care Hospitals,Voluntary non-profit - Private,204,52
110236,CHI MEMORIAL HOSPITAL- GEORGIA,100 GROSS CRESCENT CIRCLE,(770) 874-5400,Acute Care Hospitals,Voluntary non-profit - Private,229,27
110236,CHI MEMORIAL HOSPITAL- GEORGIA,100 GROSS CRESCENT CIRCLE,(770) 874-5400,Acute Care Hospitals,Voluntary non-profit - Private,231,25
110236,CHI MEMORIAL HOSPITAL- GEORGIA,100 GROSS CRESCENT CIRCLE,(770) 874-5400,Acute Care Hospitals,Voluntary non-profit - Private,230,26
110236,CHI MEMORIAL HOSPITAL- GEORGIA,100 GROSS CRESCENT CIRCLE,(770) 874-5400,Acute Care Hospitals,Voluntary non-profit - Private,168,88
110236,CHI MEMORIAL HOSPITAL- GEORGIA,100 GROSS CRESCENT CIRCLE,(770) 874-5400,Acute Care Hospitals,Voluntary non-profit - Private,230,26
110236,CHI MEMORIAL HOSPITAL- GEORGIA,100 GROSS CRESCENT CIRCLE,(770) 874-5400,Acute Care Hospitals,Voluntary non-profit - Private,218,38
110236,CHI MEMORIAL HOSPITAL- GEORGIA,100 GROSS CRESCENT CIRCLE,(770) 874-5400,Acute Care Hospitals,Voluntary non-profit - Private,173,83
110236,CHI MEMORIAL HOSPITAL- GEORGIA,100 GROSS CRESCENT CIRCLE,(770) 874-5400,Acute Care Hospitals,Voluntary non-profit - Private,185,71
110236,CHI MEMORIAL HOSPITAL- GEORGIA,100 GROSS CRESCENT CIRCLE,(770) 874-5400,Acute Care Hospitals,Voluntary non-profit - Private,229,27
110236,CHI MEMORIAL HOSPITAL- GEORGIA,100 GROSS CRESCENT CIRCLE,(770) 874-5400,Acute Care Hospitals,Voluntary non-profit - Private,209,47
110236,CHI MEMORIAL HOSPITAL- GEORGIA,100 GROSS CRESCENT CIRCLE,(770) 874-5400,Acute Care Hospitals,Voluntary non-profit - Private,239,17
110236,CHI MEMORIAL HOSPITAL- GEORGIA,100 GROSS CRESCENT CIRCLE,(770) 874-5400,Acute Care Hospitals,Voluntary non-profit - Private,154,102
110236,CHI MEMORIAL HOSPITAL- GEORGIA,100 GROSS CRESCENT CIRCLE,(770) 874-5400,Acute Care Hospitals,Voluntary non-profit - Private,167,89
110236,CHI MEMORIAL HOSPITAL- GEORGIA,100 GROSS CRESCENT CIRCLE,(770) 874-5400,Acute Care Hospitals,Voluntary non-profit - Private,163,93
110236,CHI MEMORIAL HOSPITAL- GEORGIA,100 GROSS CRESCENT CIRCLE,(770) 874-5400,Acute Care Hospitals,Voluntary non-profit - Private,233,23
110236,CHI MEMORIAL HOSPITAL- GEORGIA,100 GROSS CRESCENT CIRCLE,(770) 874-5400,Acute Care Hospitals,Voluntary non-profit - Private,217,39
110236,CHI MEMORIAL HOSPITAL- GEORGIA,100 GROSS CRESCENT CIRCLE,(770) 874-5400,Acute Care Hospitals,Voluntary non-profit - Private,172,84
110236,CHI MEMORIAL HOSPITAL- GEORGIA,100 GROSS CRESCENT CIRCLE,(770) 874-5400,Acute Care Hospitals,Voluntary non-profit - Private,176,80
110236,CHI MEMORIAL HOSPITAL- GEORGIA,100 GROSS CRESCENT CIRCLE,(770) 874-5400,Acute Care Hospitals,Voluntary non-profit - Private,164,92
110236,CHI MEMORIAL HOSPITAL- GEORGIA,100 GROSS CRESCENT CIRCLE,(770) 874-5400,Acute Care Hospitals,Voluntary non-profit - Private,156,100
110236,CHI MEMORIAL HOSPITAL- GEORGIA,100 GROSS CRESCENT CIRCLE,(770) 874-5400,Acute Care Hospitals,Voluntary non-profit - Private,219,37
110236,CHI MEMORIAL HOSPITAL- GEORGIA,100 GROSS CRESCENT CIRCLE,(770) 874-5400,Acute Care Hospitals,Voluntary non-profit - Private,178,78
110236,CHI MEMORIAL HOSPITAL- GEORGIA,100 GROSS CRESCENT CIRCLE,(770) 874-5400,Acute Care Hospitals,Voluntary non-profit - Private,221,35
110236,CHI MEMORIAL HOSPITAL- GEORGIA,100 GROSS CRESCENT CIRCLE,(770) 874-5400,Acute Care Hospitals,Voluntary non-profit - Private,153,103
110236,CHI MEMORIAL HOSPITAL- GEORGIA,100 GROSS CRESCENT CIRCLE,(770) 874-5400,Acute Care Hospitals,Voluntary non-profit - Private,230,26
110236,CHI MEMORIAL HOSPITAL- GEORGIA,100 GROSS CRESCENT CIRCLE,(770) 874-5400,Acute Care Hospitals,Voluntary non-profit - Private,173,83
110236,CHI MEMORIAL HOSPITAL- GEORGIA,100 GROSS CRESCENT CIRCLE,(770) 874-5400,Acute Care Hospitals,Voluntary non-profit - Private,160,96
110236,CHI MEMORIAL HOSPITAL- GEORGIA,100 GROSS CRESCENT CIRCLE,(770) 874-5400,Acute Care Hospitals,Voluntary non-profit - Private,194,62
110236,CHI MEMORIAL HOSPITAL- GEORGIA,100 GROSS CRESCENT CIRCLE,(770) 874-5400,Acute Care Hospitals,Voluntary non-profit - Private,235,21
110236,CHI MEMORIAL HOSPITAL- GEORGIA,100 GROSS CRESCENT CIRCLE,(770) 874-5400,Acute Care Hospitals,Voluntary non-profit - Private,166,90
110236,CHI MEMORIAL HOSPITAL- GEORGIA,100 GROSS CRESCENT CIRCLE,(770) 874-5400,Acute Care Hospitals,Voluntary non-profit - Private,227,29
110236,CHI MEMORIAL HOSPITAL- GEORGIA,100 GROSS CRESCENT CIRCLE,(770) 874-5400,Acute Care Hospitals,Voluntary non-profit - Private,160,96
110236,CHI MEMORIAL HOSPITAL- GEORGIA,100 GROSS CRESCENT CIRCLE,(770) 874-5400,Acute Care Hospitals,Voluntary non-profit - Private,184,72
110236,CHI MEMORIAL HOSPITAL- GEORGIA,100 GROSS CRESCENT CIRCLE,(770) 874-5400,Acute Care Hospitals,Voluntary non-profit - Private,212,44
110236,CHI MEMORIAL HOSPITAL- GEORGIA,100 GROSS CRESCENT CIRCLE,(770) 874-5400,Acute Care Hospitals,Voluntary non-profit - Private,178,78
110236,CHI MEMORIAL HOSPITAL- GEORGIA,100 GROSS CRESCENT CIRCLE,(770) 874-5400,Acute Care Hospitals,Voluntary non-profit - Private,202,54
110236,CHI MEMORIAL HOSPITAL- GEORGIA,100 GROSS CRESCENT CIRCLE,(770) 874-5400,Acute Care Hospitals,Voluntary non-profit - Private,235,21
110236,CHI MEMORIAL HOSPITAL- GEORGIA,100 GROSS CRESCENT CIRCLE,(770) 874-5400,Acute Care Hospitals,Voluntary non-profit - Private,224,32
110236,CHI MEMORIAL HOSPITAL- GEORGIA,100 GROSS CRESCENT CIRCLE,(770) 874-5400,Acute Care Hospitals,Voluntary non-profit - Private,238,18
110236,CHI MEMORIAL HOSPITAL- GEORGIA,100 GROSS CRESCENT CIRCLE,(770) 874-5400,Acute Care Hospitals,Voluntary non-profit - Private,156,100
110236,CHI MEMORIAL HOSPITAL- GEORGIA,100 GROSS CRESCENT CIRCLE,(770) 874-5400,Acute Care Hospitals,Voluntary non-profit - Private,176,80
110236,CHI MEMORIAL HOSPITAL- GEORGIA,100 GROSS CRESCENT CIRCLE,(770) 874-5400,Acute Care Hospitals,Voluntary non-profit - Private,194,62
110236,CHI MEMORIAL HOSPITAL- GEORGIA,100 GROSS CRESCENT CIRCLE,(770) 874-5400,Acute Care Hospitals,Voluntary non-profit - Private,229,27
110236,CHI MEMORIAL HOSPITAL- GEORGIA,100 GROSS CRESCENT CIRCLE,(770) 874-5400,Acute Care Hospitals,Voluntary non-profit - Private,197,59
110236,CHI MEMORIAL HOSPITAL- GEORGIA,100 GROSS CRESCENT CIRCLE,(770) 874-5400,Acute Care Hospitals,Voluntary non-profit - Private,197,59
110236,CHI MEMORIAL HOSPITAL- GEORGIA,100 GROSS CRESCENT CIRCLE,(770) 874-5400,Acute Care Hospitals,Voluntary non-profit - Private,177,79
110236,CHI MEMORIAL HOSPITAL- GEORGIA,100 GROSS CRESCENT CIRCLE,(770) 874-5400,Acute Care Hospitals,Voluntary non-profit - Private,208,48
110236,CHI MEMORIAL HOSPITAL- GEORGIA,100 GROSS CRESCENT CIRCLE,(770) 874-5400,Acute Care Hospitals,Voluntary non-profit - Private,154,102
110236,CHI MEMORIAL HOSPITAL- GEORGIA,100 GROSS CRESCENT CIRCLE,(770) 874-5400,Acute Care Hospitals,Voluntary non-profit - Private,156,100
110236,CHI MEMORIAL HOSPITAL- GEORGIA,100 GROSS CRESCENT CIRCLE,(770) 874-5400,Acute Care Hospitals,Voluntary non-profit - Private,178,78
110236,CHI MEMORIAL HOSPITAL- GEORGIA,100 GROSS CRESCENT CIRCLE,(770) 874-5400,Acute Care Hospitals,Voluntary non-profit - Private,229,27
110236,CHI MEMORIAL HOSPITAL- GEORGIA,100 GROSS CRESCENT CIRCLE,(770) 874-5400,Acute Care Hospitals,Voluntary non-profit - Private,171,85
110236,CHI MEMORIAL HOSPITAL- GEORGIA,100 GROSS CRESCENT CIRCLE,(770) 874-5400,Acute Care Hospitals,Voluntary non-profit - Private,154,102
110236,CHI MEMORIAL HOSPITAL- GEORGIA,100 GROSS CRESCENT CIRCLE,(770) 874-5400,Acute Care Hospitals,Voluntary non-profit - Private,219,37
110236,CHI MEMORIAL HOSPITAL- GEORGIA,100 GROSS CRESCENT CIRCLE,(770) 874-5400,Acute Care Hospitals,Voluntary non-profit - Private,175,81
110236,CHI MEMORIAL HOSPITAL- GEORGIA,100 GROSS CRESCENT CIRCLE,(770) 874-5400,Acute Care Hospitals,Voluntary non-profit - Private,221,35
110236,CHI MEMORIAL HOSPITAL- GEORGIA,100 GROSS CRESCENT CIRCLE,(770) 874-5400,Acute Care Hospitals,Voluntary non-profit - Private,189,67
110236,CHI MEMORIAL HOSPITAL- GEORGIA,100 GROSS CRESCENT CIRCLE,(770) 874-5400,Acute Care Hospitals,Voluntary non-profit - Private,216,40
110236,CHI MEMORIAL HOSPITAL- GEORGIA,100 GROSS CRESCENT CIRCLE,(770) 874-5400,Acute Care Hospitals,Voluntary non-profit - Private,239,17
110236,CHI MEMORIAL HOSPITAL- GEORGIA,100 GROSS CRESCENT CIRCLE,(770) 874-5400,Acute Care Hospitals,Voluntary non-profit - Private,159,97
110236,CHI MEMORIAL HOSPITAL- GEORGIA,100 GROSS CRESCENT CIRCLE,(770) 874-5400,Acute Care Hospitals,Voluntary non-profit - Private,160,96
110236,CHI MEMORIAL HOSPITAL- GEORGIA,100 GROSS CRESCENT CIRCLE,(770) 874-5400,Acute Care Hospitals,Voluntary non-profit - Private,240,16
110236,CHI MEMORIAL HOSPITAL- GEORGIA,100 GROSS CRESCENT CIRCLE,(770) 874-5400,Acute Care Hospitals,Voluntary non-profit - Private,175,81
110236,CHI MEMORIAL HOSPITAL- GEORGIA,100 GROSS CRESCENT CIRCLE,(770) 874-5400,Acute Care Hospitals,Voluntary non-profit - Private,162,94
110236,CHI MEMORIAL HOSPITAL- GEORGIA,100 GROSS CRESCENT CIRCLE,(770) 874-5400,Acute Care Hospitals,Voluntary non-profit - Private,220,36
110236,CHI MEMORIAL HOSPITAL- GEORGIA,100 GROSS CRESCENT CIRCLE,(770) 874-5400,Acute Care Hospitals,Voluntary non-profit - Private,213,43
110236,CHI MEMORIAL HOSPITAL- GEORGIA,100 GROSS CRESCENT CIRCLE,(770) 874-5400,Acute Care Hospitals,Voluntary non-profit - Private,190,66
110236,CHI MEMORIAL HOSPITAL- GEORGIA,100 GROSS CRESCENT CIRCLE,(770) 874-5400,Acute Care Hospitals,Voluntary non-profit - Private,186,70
110236,CHI MEMORIAL HOSPITAL- GEORGIA,100 GROSS CRESCENT CIRCLE,(770) 874-5400,Acute Care Hospitals,Voluntary non-profit - Private,177,79
110236,CHI MEMORIAL HOSPITAL- GEORGIA,100 GROSS CRESCENT CIRCLE,(770) 874-5400,Acute Care Hospitals,Voluntary non-profit - Private,220,36
110236,CHI MEMORIAL HOSPITAL- GEORGIA,100 GROSS CRESCENT CIRCLE,(770) 874-5400,Acute Care Hospitals,Voluntary non-profit - Private,176,80
110236,CHI MEMORIAL HOSPITAL- GEORGIA,100 GROSS CRESCENT CIRCLE,(770) 874-5400,Acute Care Hospitals,Voluntary non-profit - Private,192,64
110236,CHI MEMORIAL HOSPITAL- GEORGIA,100 GROSS CRESCENT CIRCLE,(770) 874-5400,Acute Care Hospitals,Voluntary non-profit - Private,175,81
110236,CHI MEMORIAL HOSPITAL- GEORGIA,100 GROSS CRESCENT CIRCLE,(770) 874-5400,Acute Care Hospitals,Voluntary non-profit - Private,189,67
110236,CHI MEMORIAL HOSPITAL- GEORGIA,100 GROSS CRESCENT CIRCLE,(770) 874-5400,Acute Care Hospitals,Voluntary non-profit - Private,166,90
110236,CHI MEMORIAL HOSPITAL- GEORGIA,100 GROSS CRESCENT CIRCLE,(770) 874-5400,Acute Care Hospitals,Voluntary non-profit - Private,206,50
110236,CHI MEMORIAL HOSPITAL- GEORGIA,100 GROSS CRESCENT CIRCLE,(770) 874-5400,Acute Care Hospitals,Voluntary non-profit - Private,237,19
110236,CHI MEMORIAL HOSPITAL- GEORGIA,100 GROSS CRESCENT CIRCLE,(770) 874-5400,Acute Care Hospitals,Voluntary non-profit - Private,209,47
110236,CHI MEMORIAL HOSPITAL- GEORGIA,100 GROSS CRESCENT CIRCLE,(770) 874-5400,Acute Care Hospitals,Voluntary non-profit - Private,161,95
110236,CHI MEMORIAL HOSPITAL- GEORGIA,100 GROSS CRESCENT CIRCLE,(770) 874-5400,Acute Care Hospitals,Voluntary non-profit - Private,211,45
110236,CHI MEMORIAL HOSPITAL- GEORGIA,100 GROSS CRESCENT CIRCLE,(770) 874-5400,Acute Care Hospitals,Voluntary non-profit - Private,205,51
110236,CHI MEMORIAL HOSPITAL- GEORGIA,100 GROSS CRESCENT CIRCLE,(770) 874-5400,Acute Care Hospitals,Voluntary non-profit - Private,236,20
110236,CHI MEMORIAL HOSPITAL- GEORGIA,100 GROSS CRESCENT CIRCLE,(770) 874-5400,Acute Care Hospitals,Voluntary non-profit - Private,166,90
110236,CHI MEMORIAL HOSPITAL- GEORGIA,100 GROSS CRESCENT CIRCLE,(770) 874-5400,Acute Care Hospitals,Voluntary non-profit - Private,196,60
110236,CHI MEMORIAL HOSPITAL- GEORGIA,100 GROSS CRESCENT CIRCLE,(770) 874-5400,Acute Care Hospitals,Voluntary non-profit - Private,171,85
110236,CHI MEMORIAL HOSPITAL- GEORGIA,100 GROSS CRESCENT CIRCLE,(770) 874-5400,Acute Care Hospitals,Voluntary non-profit - Private,182,74
110236,CHI MEMORIAL HOSPITAL- GEORGIA,100 GROSS CRESCENT CIRCLE,(770) 874-5400,Acute Care Hospitals,Voluntary non-profit - Private,216,40
110236,CHI MEMORIAL HOSPITAL- GEORGIA,100 GROSS CRESCENT CIRCLE,(770) 874-5400,Acute Care Hospitals,Voluntary non-profit - Private,236,20
110236,CHI MEMORIAL HOSPITAL- GEORGIA,100 GROSS CRESCENT CIRCLE,(770) 874-5400,Acute Care Hospitals,Voluntary non-profit - Private,178,78
110236,CHI MEMORIAL HOSPITAL- GEORGIA,100 GROSS CRESCENT CIRCLE,(770) 874-5400,Acute Care Hospitals,Voluntary non-profit - Private,201,55
110236,CHI MEMORIAL HOSPITAL- GEORGIA,100 GROSS CRESCENT CIRCLE,(770) 874-5400,Acute Care Hospitals,Voluntary non-profit - Private,221,35
110236,CHI MEMORIAL HOSPITAL- GEORGIA,100 GROSS CRESCENT CIRCLE,(770) 874-5400,Acute Care Hospitals,Voluntary non-profit - Private,197,59
110236,CHI MEMORIAL HOSPITAL- GEORGIA,100 GROSS CRESCENT CIRCLE,(770) 874-5400,Acute Care Hospitals,Voluntary non-profit - Private,228,28
110236,CHI MEMORIAL HOSPITAL- GEORGIA,100 GROSS CRESCENT CIRCLE,(770) 874-5400,Acute Care Hospitals,Voluntary non-profit - Private,217,39
110236,CHI MEMORIAL HOSPITAL- GEORGIA,100 GROSS CRESCENT CIRCLE,(770) 874-5400,Acute Care Hospitals,Voluntary non-profit - Private,157,99
110236,CHI MEMORIAL HOSPITAL- GEORGIA,100 GROSS CRESCENT CIRCLE,(770) 874-5400,Acute Care Hospitals,Voluntary non-profit - Private,170,86
110236,CHI MEMORIAL HOSPITAL- GEORGIA,100 GROSS CRESCENT CIRCLE,(770) 874-5400,Acute Care Hospitals,Voluntary non-profit - Private,154,102
110236,CHI MEMORIAL HOSPITAL- GEORGIA,100 GROSS CRESCENT CIRCLE,(770) 874-5400,Acute Care Hospitals,Voluntary non-profit - Private,212,44
110236,CHI MEMORIAL HOSPITAL- GEORGIA,100 GROSS CRESCENT CIRCLE,(770) 874-5400,Acute Care Hospitals,Voluntary non-profit - Private,200,56
110236,CHI MEMORIAL HOSPITAL- GEORGIA,100 GROSS CRESCENT CIRCLE,(770) 874-5400,Acute Care Hospitals,Voluntary non-profit - Private,183,73
110236,CHI MEMORIAL HOSPITAL- GEORGIA,100 GROSS CRESCENT CIRCLE,(770) 874-5400,Acute Care Hospitals,Voluntary non-profit - Private,167,89
110236,CHI MEMORIAL HOSPITAL- GEORGIA,100 GROSS CRESCENT CIRCLE,(770) 874-5400,Acute Care Hospitals,Voluntary non-profit - Private,192,64
110236,CHI MEMORIAL HOSPITAL- GEORGIA,100 GROSS CRESCENT CIRCLE,(770) 874-5400,Acute Care Hospitals,Voluntary non-profit - Private,194,62
110236,CHI MEMORIAL HOSPITAL- GEORGIA,100 GROSS CRESCENT CIRCLE,(770) 874-5400,Acute Care Hospitals,Voluntary non-profit - Private,238,18
110236,CHI MEMORIAL HOSPITAL- GEORGIA,100 GROSS CRESCENT CIRCLE,(770) 874-5400,Acute Care Hospitals,Voluntary non-profit - Private,187,69
110236,CHI MEMORIAL HOSPITAL- GEORGIA,100 GROSS CRESCENT CIRCLE,(770) 874-5400,Acute Care Hospitals,Voluntary non-profit - Private,242,14
110236,CHI MEMORIAL HOSPITAL- GEORGIA,100 GROSS CRESCENT CIRCLE,(770) 874-5400,Acute Care Hospitals,Voluntary non-profit - Private,164,92
110236,CHI MEMORIAL HOSPITAL- GEORGIA,100 GROSS CRESCENT CIRCLE,(770) 874-5400,Acute Care Hospitals,Voluntary non-profit - Private,164,92
110236,CHI MEMORIAL HOSPITAL- GEORGIA,100 GROSS CRESCENT CIRCLE,(770) 874-5400,Acute Care Hospitals,Voluntary non-profit - Private,184,72
110236,CHI MEMORIAL HOSPITAL- GEORGIA,100 GROSS CRESCENT CIRCLE,(770) 874-5400,Acute Care Hospitals,Voluntary non-profit - Private,219,37
110236,CHI MEMORIAL HOSPITAL- GEORGIA,100 GROSS CRESCENT CIRCLE,(770) 874-5400,Acute Care Hospitals,Voluntary non-profit - Private,204,52
110236,CHI MEMORIAL HOSPITAL- GEORGIA,100 GROSS CRESCENT CIRCLE,(770) 874-5400,Acute Care Hospitals,Voluntary non-profit - Private,167,89
110236,CHI MEMORIAL HOSPITAL- GEORGIA,100 GROSS CRESCENT CIRCLE,(770) 874-5400,Acute Care Hospitals,Voluntary non-profit - Private,195,61
110236,CHI MEMORIAL HOSPITAL- GEORGIA,100 GROSS CRESCENT CIRCLE,(770) 874-5400,Acute Care Hospitals,Voluntary non-profit - Private,167,89
110236,CHI MEMORIAL HOSPITAL- GEORGIA,100 GROSS CRESCENT CIRCLE,(770) 874-5400,Acute Care Hospitals,Voluntary non-profit - Private,174,82
110236,CHI MEMORIAL HOSPITAL- GEORGIA,100 GROSS CRESCENT CIRCLE,(770) 874-5400,Acute Care Hospitals,Voluntary non-profit - Private,163,93
110236,CHI MEMORIAL HOSPITAL- GEORGIA,100 GROSS CRESCENT CIRCLE,(770) 874-5400,Acute Care Hospitals,Voluntary non-profit - Private,212,44
110236,CHI MEMORIAL HOSPITAL- GEORGIA,100 GROSS CRESCENT CIRCLE,(770) 874-5400,Acute Care Hospitals,Voluntary non-profit - Private,191,65
110236,CHI MEMORIAL HOSPITAL- GEORGIA,100 GROSS CRESCENT CIRCLE,(770) 874-5400,Acute Care Hospitals,Voluntary non-profit - Private,222,34
110236,CHI MEMORIAL HOSPITAL- GEORGIA,100 GROSS CRESCENT CIRCLE,(770) 874-5400,Acute Care Hospitals,Voluntary non-profit - Private,201,55
110236,CHI MEMORIAL HOSPITAL- GEORGIA,100 GROSS CRESCENT CIRCLE,(770) 874-5400,Acute Care Hospitals,Voluntary non-profit - Private,209,47
110236,CHI MEMORIAL HOSPITAL- GEORGIA,100 GROSS CRESCENT CIRCLE,(770) 874-5400,Acute Care Hospitals,Voluntary non-profit - Private,233,23
110236,CHI MEMORIAL HOSPITAL- GEORGIA,100 GROSS CRESCENT CIRCLE,(770) 874-5400,Acute Care Hospitals,Voluntary non-profit - Private,208,48
110236,CHI MEMORIAL HOSPITAL- GEORGIA,100 GROSS CRESCENT CIRCLE,(770) 874-5400,Acute Care Hospitals,Voluntary non-profit - Private,183,73
110236,CHI MEMORIAL HOSPITAL- GEORGIA,100 GROSS CRESCENT CIRCLE,(770) 874-5400,Acute Care Hospitals,Voluntary non-profit - Private,202,54
110236,CHI MEMORIAL HOSPITAL- GEORGIA,100 GROSS CRESCENT CIRCLE,(770) 874-5400,Acute Care Hospitals,Voluntary non-profit - Private,180,76
110236,CHI MEMORIAL HOSPITAL- GEORGIA,100 GROSS CRESCENT CIRCLE,(770) 874-5400,Acute Care Hospitals,Voluntary non-profit - Private,174,82
110236,CHI MEMORIAL HOSPITAL- GEORGIA,100 GROSS CRESCENT CIRCLE,(770) 874-5400,Acute Care Hospitals,Voluntary non-profit - Private,180,76
110236,CHI MEMORIAL HOSPITAL- GEORGIA,100 GROSS CRESCENT CIRCLE,(770) 874-5400,Acute Care Hospitals,Voluntary non-profit - Private,167,89
110236,CHI MEMORIAL HOSPITAL- GEORGIA,100 GROSS CRESCENT CIRCLE,(770) 874-5400,Acute Care Hospitals,Voluntary non-profit - Private,179,77
110236,CHI MEMORIAL HOSPITAL- GEORGIA,100 GROSS CRESCENT CIRCLE,(770) 874-5400,Acute Care Hospitals,Voluntary non-profit - Private,213,43
110236,CHI MEMORIAL HOSPITAL- GEORGIA,100 GROSS CRESCENT CIRCLE,(770) 874-5400,Acute Care Hospitals,Voluntary non-profit - Private,233,23
110236,CHI MEMORIAL HOSPITAL- GEORGIA,100 GROSS CRESCENT CIRCLE,(770) 874-5400,Acute Care Hospitals,Voluntary non-profit - Private,185,71
110236,CHI MEMORIAL HOSPITAL- GEORGIA,100 GROSS CRESCENT CIRCLE,(770) 874-5400,Acute Care Hospitals,Voluntary non-profit - Private,200,56
110236,CHI MEMORIAL HOSPITAL- GEORGIA,100 GROSS CRESCENT CIRCLE,(770) 874-5400,Acute Care Hospitals,Voluntary non-profit - Private,174,82
110236,CHI MEMORIAL HOSPITAL- GEORGIA,100 GROSS CRESCENT CIRCLE,(770) 874-5400,Acute Care Hospitals,Voluntary non-profit - Private,166,90
110236,CHI MEMORIAL HOSPITAL- GEORGIA,100 GROSS CRESCENT CIRCLE,(770) 874-5400,Acute Care Hospitals,Voluntary non-profit - Private,161,95
110236,CHI MEMORIAL HOSPITAL- GEORGIA,100 GROSS CRESCENT CIRCLE,(770) 874-5400,Acute Care Hospitals,Voluntary non-profit - Private,201,55
110236,CHI MEMORIAL HOSPITAL- GEORGIA,100 GROSS CRESCENT CIRCLE,(770) 874-5400,Acute Care Hospitals,Voluntary non-profit - Private,181,75
110236,CHI MEMORIAL HOSPITAL- GEORGIA,100 GROSS CRESCENT CIRCLE,(770) 874-5400,Acute Care Hospitals,Voluntary non-profit - Private,236,20
110236,CHI MEMORIAL HOSPITAL- GEORGIA,100 GROSS CRESCENT CIRCLE,(770) 874-5400,Acute Care Hospitals,Voluntary non-profit - Private,228,28
110236,CHI MEMORIAL HOSPITAL- GEORGIA,100 GROSS CRESCENT CIRCLE,(770) 874-5400,Acute Care Hospitals,Voluntary non-profit - Private,224,32
110236,CHI MEMORIAL HOSPITAL- GEORGIA,100 GROSS CRESCENT CIRCLE,(770) 874-5400,Acute Care Hospitals,Voluntary non-profit - Private,162,94
110236,CHI MEMORIAL HOSPITAL- GEORGIA,100 GROSS CRESCENT CIRCLE,(770) 874-5400,Acute Care Hospitals,Voluntary non-profit - Private,203,53
110236,CHI MEMORIAL HOSPITAL- GEORGIA,100 GROSS CRESCENT CIRCLE,(770) 874-5400,Acute Care Hospitals,Voluntary non-profit - Private,242,14
110236,CHI MEMORIAL HOSPITAL- GEORGIA,100 GROSS CRESCENT CIRCLE,(770) 874-5400,Acute Care Hospitals,Voluntary non-profit - Private,198,58
110236,CHI MEMORIAL HOSPITAL- GEORGIA,100 GROSS CRESCENT CIRCLE,(770) 874-5400,Acute Care Hospitals,Voluntary non-profit - Private,169,87
110236,CHI MEMORIAL HOSPITAL- GEORGIA,100 GROSS CRESCENT CIRCLE,(770) 874-5400,Acute Care Hospitals,Voluntary non-profit - Private,204,52
110236,CHI MEMORIAL HOSPITAL- GEORGIA,100 GROSS CRESCENT CIRCLE,(770) 874-5400,Acute Care Hospitals,Voluntary non-profit - Private,205,51
110236,CHI MEMORIAL HOSPITAL- GEORGIA,100 GROSS CRESCENT CIRCLE,(770) 874-5400,Acute Care Hospitals,Voluntary non-profit - Private,156,100
110236,CHI MEMORIAL HOSPITAL- GEORGIA,100 GROSS CRESCENT CIRCLE,(770) 874-5400,Acute Care Hospitals,Voluntary non-profit - Private,224,32
110236,CHI MEMORIAL HOSPITAL- GEORGIA,100 GROSS CRESCENT CIRCLE,(770) 874-5400,Acute Care Hospitals,Voluntary non-profit - Private,225,31
110236,CHI MEMORIAL HOSPITAL- GEORGIA,100 GROSS CRESCENT CIRCLE,(770) 874-5400,Acute Care Hospitals,Voluntary non-profit - Private,168,88
110236,CHI MEMORIAL HOSPITAL- GEORGIA,100 GROSS CRESCENT CIRCLE,(770) 874-5400,Acute Care Hospitals,Voluntary non-profit - Private,240,16
110236,CHI MEMORIAL HOSPITAL- GEORGIA,100 GROSS CRESCENT CIRCLE,(770) 874-5400,Acute Care Hospitals,Voluntary non-profit - Private,158,98
110236,CHI MEMORIAL HOSPITAL- GEORGIA,100 GROSS CRESCENT CIRCLE,(770) 874-5400,Acute Care Hospitals,Voluntary non-profit - Private,223,33
110236,CHI MEMORIAL HOSPITAL- GEORGIA,100 GROSS CRESCENT CIRCLE,(770) 874-5400,Acute Care Hospitals,Voluntary non-profit - Private,209,47
110236,CHI MEMORIAL HOSPITAL- GEORGIA,100 GROSS CRESCENT CIRCLE,(770) 874-5400,Acute Care Hospitals,Voluntary non-profit - Private,209,47
110236,CHI MEMORIAL HOSPITAL- GEORGIA,100 GROSS CRESCENT CIRCLE,(770) 874-5400,Acute Care Hospitals,Voluntary non-profit - Private,228,28
110236,CHI MEMORIAL HOSPITAL- GEORGIA,100 GROSS CRESCENT CIRCLE,(770) 874-5400,Acute Care Hospitals,Voluntary non-profit - Private,201,55
110236,CHI MEMORIAL HOSPITAL- GEORGIA,100 GROSS CRESCENT CIRCLE,(770) 874-5400,Acute Care Hospitals,Voluntary non-profit - Private,210,46
110236,CHI MEMORIAL HOSPITAL- GEORGIA,100 GROSS CRESCENT CIRCLE,(770) 874-5400,Acute Care Hospitals,Voluntary non-profit - Private,216,40
110236,CHI MEMORIAL HOSPITAL- GEORGIA,100 GROSS CRESCENT CIRCLE,(770) 874-5400,Acute Care Hospitals,Voluntary non-profit - Private,177,79
110236,CHI MEMORIAL HOSPITAL- GEORGIA,100 GROSS CRESCENT CIRCLE,(770) 874-5400,Acute Care Hospitals,Voluntary non-profit - Private,229,27
110236,CHI MEMORIAL HOSPITAL- GEORGIA,100 GROSS CRESCENT CIRCLE,(770) 874-5400,Acute Care Hospitals,Voluntary non-profit - Private,179,77
110236,CHI MEMORIAL HOSPITAL- GEORGIA,100 GROSS CRESCENT CIRCLE,(770) 874-5400,Acute Care Hospitals,Voluntary non-profit - Private,234,22
110236,CHI MEMORIAL HOSPITAL- GEORGIA,100 GROSS CRESCENT CIRCLE,(770) 874-5400,Acute Care Hospitals,Voluntary non-profit - Private,171,85
110236,CHI MEMORIAL HOSPITAL- GEORGIA,100 GROSS CRESCENT CIRCLE,(770) 874-5400,Acute Care Hospitals,Voluntary non-profit - Private,164,92
110236,CHI MEMORIAL HOSPITAL- GEORGIA,100 GROSS CRESCENT CIRCLE,(770) 874-5400,Acute Care Hospitals,Voluntary non-profit - Private,155,101
110236,CHI MEMORIAL HOSPITAL- GEORGIA,100 GROSS CRESCENT CIRCLE,(770) 874-5400,Acute Care Hospitals,Voluntary non-profit - Private,241,15
110236,CHI MEMORIAL HOSPITAL- GEORGIA,100 GROSS CRESCENT CIRCLE,(770) 874-5400,Acute Care Hospitals,Voluntary non-profit - Private,166,90
110236,CHI MEMORIAL HOSPITAL- GEORGIA,100 GROSS CRESCENT CIRCLE,(770) 874-5400,Acute Care Hospitals,Voluntary non-profit - Private,177,79
110236,CHI MEMORIAL HOSPITAL- GEORGIA,100 GROSS CRESCENT CIRCLE,(770) 874-5400,Acute Care Hospitals,Voluntary non-profit - Private,154,102
110236,CHI MEMORIAL HOSPITAL- GEORGIA,100 GROSS CRESCENT CIRCLE,(770) 874-5400,Acute Care Hospitals,Voluntary non-profit - Private,223,33
110236,CHI MEMORIAL HOSPITAL- GEORGIA,100 GROSS CRESCENT CIRCLE,(770) 874-5400,Acute Care Hospitals,Voluntary non-profit - Private,171,85
110236,CHI MEMORIAL HOSPITAL- GEORGIA,100 GROSS CRESCENT CIRCLE,(770) 874-5400,Acute Care Hospitals,Voluntary non-profit - Private,160,96
110236,CHI MEMORIAL HOSPITAL- GEORGIA,100 GROSS CRESCENT CIRCLE,(770) 874-5400,Acute Care Hospitals,Voluntary non-profit - Private,208,48
110236,CHI MEMORIAL HOSPITAL- GEORGIA,100 GROSS CRESCENT CIRCLE,(770) 874-5400,Acute Care Hospitals,Voluntary non-profit - Private,181,75
110236,CHI MEMORIAL HOSPITAL- GEORGIA,100 GROSS CRESCENT CIRCLE,(770) 874-5400,Acute Care Hospitals,Voluntary non-profit - Private,161,95
110236,CHI MEMORIAL HOSPITAL- GEORGIA,100 GROSS CRESCENT CIRCLE,(770) 874-5400,Acute Care Hospitals,Voluntary non-profit - Private,218,38
110236,CHI MEMORIAL HOSPITAL- GEORGIA,100 GROSS CRESCENT CIRCLE,(770) 874-5400,Acute Care Hospitals,Voluntary non-profit - Private,238,18
110236,CHI MEMORIAL HOSPITAL- GEORGIA,100 GROSS CRESCENT CIRCLE,(770) 874-5400,Acute Care Hospitals,Voluntary non-profit - Private,157,99
110236,CHI MEMORIAL HOSPITAL- GEORGIA,100 GROSS CRESCENT CIRCLE,(770) 874-5400,Acute Care Hospitals,Voluntary non-profit - Private,220,36
110236,CHI MEMORIAL HOSPITAL- GEORGIA,100 GROSS CRESCENT CIRCLE,(770) 874-5400,Acute Care Hospitals,Voluntary non-profit - Private,196,60
110236,CHI MEMORIAL HOSPITAL- GEORGIA,100 GROSS CRESCENT CIRCLE,(770) 874-5400,Acute Care Hospitals,Voluntary non-profit - Private,177,79
110236,CHI MEMORIAL HOSPITAL- GEORGIA,100 GROSS CRESCENT CIRCLE,(770) 874-5400,Acute Care Hospitals,Voluntary non-profit - Private,210,46
110236,CHI MEMORIAL HOSPITAL- GEORGIA,100 GROSS CRESCENT CIRCLE,(770) 874-5400,Acute Care Hospitals,Voluntary non-profit - Private,209,47
110236,CHI MEMORIAL HOSPITAL- GEORGIA,100 GROSS CRESCENT CIRCLE,(770) 874-5400,Acute Care Hospitals,Voluntary non-profit - Private,238,18
110236,CHI MEMORIAL HOSPITAL- GEORGIA,100 GROSS CRESCENT CIRCLE,(770) 874-5400,Acute Care Hospitals,Voluntary non-profit - Private,195,61
110236,CHI MEMORIAL HOSPITAL- GEORGIA,100 GROSS CRESCENT CIRCLE,(770) 874-5400,Acute Care Hospitals,Voluntary non-profit - Private,177,79
110236,CHI MEMORIAL HOSPITAL- GEORGIA,100 GROSS CRESCENT CIRCLE,(770) 874-5400,Acute Care Hospitals,Voluntary non-profit - Private,213,43
110236,CHI MEMORIAL HOSPITAL- GEORGIA,100 GROSS CRESCENT CIRCLE,(770) 874-5400,Acute Care Hospitals,Voluntary non-profit - Private,226,30
110236,CHI MEMORIAL HOSPITAL- GEORGIA,100 GROSS CRESCENT CIRCLE,(770) 874-5400,Acute Care Hospitals,Voluntary non-profit - Private,223,33
110236,CHI MEMORIAL HOSPITAL- GEORGIA,100 GROSS CRESCENT CIRCLE,(770) 874-5400,Acute Care Hospitals,Voluntary non-profit - Private,221,35
110236,CHI MEMORIAL HOSPITAL- GEORGIA,100 GROSS CRESCENT CIRCLE,(770) 874-5400,Acute Care Hospitals,Voluntary non-profit - Private,206,50
110236,CHI MEMORIAL HOSPITAL- GEORGIA,100 GROSS CRESCENT CIRCLE,(770) 874-5400,Acute Care Hospitals,Voluntary non-profit - Private,185,71
110236,CHI MEMORIAL HOSPITAL- GEORGIA,100 GROSS CRESCENT CIRCLE,(770) 874-5400,Acute Care Hospitals,Voluntary non-profit - Private,178,78
110236,CHI MEMORIAL HOSPITAL- GEORGIA,100 GROSS CRESCENT CIRCLE,(770) 874-5400,Acute Care Hospitals,Voluntary non-profit - Private,210,46
110236,CHI MEMORIAL HOSPITAL- GEORGIA,100 GROSS CRESCENT CIRCLE,(770) 874-5400,Acute Care Hospitals,Voluntary non-profit - Private,174,82
110236,CHI MEMORIAL HOSPITAL- GEORGIA,100 GROSS CRESCENT CIRCLE,(770) 874-5400,Acute Care Hospitals,Voluntary non-profit - Private,175,81
110236,CHI MEMORIAL HOSPITAL- GEORGIA,100 GROSS CRESCENT CIRCLE,(770) 874-5400,Acute Care Hospitals,Voluntary non-profit - Private,230,26
110236,CHI MEMORIAL HOSPITAL- GEORGIA,100 GROSS CRESCENT CIRCLE,(770) 874-5400,Acute Care Hospitals,Voluntary non-profit - Private,237,19
110236,CHI MEMORIAL HOSPITAL- GEORGIA,100 GROSS CRESCENT CIRCLE,(770) 874-5400,Acute Care Hospitals,Voluntary non-profit - Private,217,39
110236,CHI MEMORIAL HOSPITAL- GEORGIA,100 GROSS CRESCENT CIRCLE,(770) 874-5400,Acute Care Hospitals,Voluntary non-profit - Private,220,36
110236,CHI MEMORIAL HOSPITAL- GEORGIA,100 GROSS CRESCENT CIRCLE,(770) 874-5400,Acute Care Hospitals,Voluntary non-profit - Private,214,42
110236,CHI MEMORIAL HOSPITAL- GEORGIA,100 GROSS CRESCENT CIRCLE,(770) 874-5400,Acute Care Hospitals,Voluntary non-profit - Private,225,31
110236,CHI MEMORIAL HOSPITAL- GEORGIA,100 GROSS CRESCENT CIRCLE,(770) 874-5400,Acute Care Hospitals,Voluntary non-profit - Private,199,57
110236,CHI MEMORIAL HOSPITAL- GEORGIA,100 GROSS CRESCENT CIRCLE,(770) 874-5400,Acute Care Hospitals,Voluntary non-profit - Private,212,44
110236,CHI MEMORIAL HOSPITAL- GEORGIA,100 GROSS CRESCENT CIRCLE,(770) 874-5400,Acute Care Hospitals,Voluntary non-profit - Private,197,59
110236,CHI MEMORIAL HOSPITAL- GEORGIA,100 GROSS CRESCENT CIRCLE,(770) 874-5400,Acute Care Hospitals,Voluntary non-profit - Private,190,66
110236,CHI MEMORIAL HOSPITAL- GEORGIA,100 GROSS CRESCENT CIRCLE,(770) 874-5400,Acute Care Hospitals,Voluntary non-profit - Private,164,92
110236,CHI MEMORIAL HOSPITAL- GEORGIA,100 GROSS CRESCENT CIRCLE,(770) 874-5400,Acute Care Hospitals,Voluntary non-profit - Private,226,30
110236,CHI MEMORIAL HOSPITAL- GEORGIA,100 GROSS CRESCENT CIRCLE,(770) 874-5400,Acute Care Hospitals,Voluntary non-profit - Private,217,39
110236,CHI MEMORIAL HOSPITAL- GEORGIA,100 GROSS CRESCENT CIRCLE,(770) 874-5400,Acute Care Hospitals,Voluntary non-profit - Private,214,42
110236,CHI MEMORIAL HOSPITAL- GEORGIA,100 GROSS CRESCENT CIRCLE,(770) 874-5400,Acute Care Hospitals,Voluntary non-profit - Private,189,67
110236,CHI MEMORIAL HOSPITAL- GEORGIA,100 GROSS CRESCENT CIRCLE,(770) 874-5400,Acute Care Hospitals,Voluntary non-profit - Private,184,72
110236,CHI MEMORIAL HOSPITAL- GEORGIA,100 GROSS CRESCENT CIRCLE,(770) 874-5400,Acute Care Hospitals,Voluntary non-profit - Private,155,101
110236,CHI MEMORIAL HOSPITAL- GEORGIA,100 GROSS CRESCENT CIRCLE,(770) 874-5400,Acute Care Hospitals,Voluntary non-profit - Private,229,27
110236,CHI MEMORIAL HOSPITAL- GEORGIA,100 GROSS CRESCENT CIRCLE,(770) 874-5400,Acute Care Hospitals,Voluntary non-profit - Private,165,91
110236,CHI MEMORIAL HOSPITAL- GEORGIA,100 GROSS CRESCENT CIRCLE,(770) 874-5400,Acute Care Hospitals,Voluntary non-profit - Private,179,77
110236,CHI MEMORIAL HOSPITAL- GEORGIA,100 GROSS CRESCENT CIRCLE,(770) 874-5400,Acute Care Hospitals,Voluntary non-profit - Private,180,76
110236,CHI MEMORIAL HOSPITAL- GEORGIA,100 GROSS CRESCENT CIRCLE,(770) 874-5400,Acute Care Hospitals,Voluntary non-profit - Private,198,58
110236,CHI MEMORIAL HOSPITAL- GEORGIA,100 GROSS CRESCENT CIRCLE,(770) 874-5400,Acute Care Hospitals,Voluntary non-profit - Private,238,18
110236,CHI MEMORIAL HOSPITAL- GEORGIA,100 GROSS CRESCENT CIRCLE,(770) 874-5400,Acute Care Hospitals,Voluntary non-profit - Private,204,52
110236,CHI MEMORIAL HOSPITAL- GEORGIA,100 GROSS CRESCENT CIRCLE,(770) 874-5400,Acute Care Hospitals,Voluntary non-profit - Private,199,57
110236,CHI MEMORIAL HOSPITAL- GEORGIA,100 GROSS CRESCENT CIRCLE,(770) 874-5400,Acute Care Hospitals,Voluntary non-profit - Private,208,48
110236,CHI MEMORIAL HOSPITAL- GEORGIA,100 GROSS CRESCENT CIRCLE,(770) 874-5400,Acute Care Hospitals,Voluntary non-profit - Private,235,21
110236,CHI MEMORIAL HOSPITAL- GEORGIA,100 GROSS CRESCENT CIRCLE,(770) 874-5400,Acute Care Hospitals,Voluntary non-profit - Private,174,82
110236,CHI MEMORIAL HOSPITAL- GEORGIA,100 GROSS CRESCENT CIRCLE,(770) 874-5400,Acute Care Hospitals,Voluntary non-profit - Private,170,86
110236,CHI MEMORIAL HOSPITAL- GEORGIA,100 GROSS CRESCENT CIRCLE,(770) 874-5400,Acute Care Hospitals,Voluntary non-profit - Private,199,57
110236,CHI MEMORIAL HOSPITAL- GEORGIA,100 GROSS CRESCENT CIRCLE,(770) 874-5400,Acute Care Hospitals,Voluntary non-profit - Private,236,20
110236,CHI MEMORIAL HOSPITAL- GEORGIA,100 GROSS CRESCENT CIRCLE,(770) 874-5400,Acute Care Hospitals,Voluntary non-profit - Private,174,82
110236,CHI MEMORIAL HOSPITAL- GEORGIA,100 GROSS CRESCENT CIRCLE,(770) 874-5400,Acute Care Hospitals,Voluntary non-profit - Private,221,35
110236,CHI MEMORIAL HOSPITAL- GEORGIA,100 GROSS CRESCENT CIRCLE,(770) 874-5400,Acute Care Hospitals,Voluntary non-profit - Private,228,28
110236,CHI MEMORIAL HOSPITAL- GEORGIA,100 GROSS CRESCENT CIRCLE,(770) 874-5400,Acute Care Hospitals,Voluntary non-profit - Private,176,80
110236,CHI MEMORIAL HOSPITAL- GEORGIA,100 GROSS CRESCENT CIRCLE,(770) 874-5400,Acute Care Hospitals,Voluntary non-profit - Private,233,23
110236,CHI MEMORIAL HOSPITAL- GEORGIA,100 GROSS CRESCENT CIRCLE,(770) 874-5400,Acute Care Hospitals,Voluntary non-profit - Private,205,51
110236,CHI MEMORIAL HOSPITAL- GEORGIA,100 GROSS CRESCENT CIRCLE,(770) 874-5400,Acute Care Hospitals,Voluntary non-profit - Private,156,100
110236,CHI MEMORIAL HOSPITAL- GEORGIA,100 GROSS CRESCENT CIRCLE,(770) 874-5400,Acute Care Hospitals,Voluntary non-profit - Private,156,100
110236,CHI MEMORIAL HOSPITAL- GEORGIA,100 GROSS CRESCENT CIRCLE,(770) 874-5400,Acute Care Hospitals,Voluntary non-profit - Private,166,90
110236,CHI MEMORIAL HOSPITAL- GEORGIA,100 GROSS CRESCENT CIRCLE,(770) 874-5400,Acute Care Hospitals,Voluntary non-profit - Private,210,46
110236,CHI MEMORIAL HOSPITAL- GEORGIA,100 GROSS CRESCENT CIRCLE,(770) 874-5400,Acute Care Hospitals,Voluntary non-profit - Private,154,102
110236,CHI MEMORIAL HOSPITAL- GEORGIA,100 GROSS CRESCENT CIRCLE,(770) 874-5400,Acute Care Hospitals,Voluntary non-profit - Private,197,59
110236,CHI MEMORIAL HOSPITAL- GEORGIA,100 GROSS CRESCENT CIRCLE,(770) 874-5400,Acute Care Hospitals,Voluntary non-profit - Private,221,35
110236,CHI MEMORIAL HOSPITAL- GEORGIA,100 GROSS CRESCENT CIRCLE,(770) 874-5400,Acute Care Hospitals,Voluntary non-profit - Private,174,82
110236,CHI MEMORIAL HOSPITAL- GEORGIA,100 GROSS CRESCENT CIRCLE,(770) 874-5400,Acute Care Hospitals,Voluntary non-profit - Private,179,77
110236,CHI MEMORIAL HOSPITAL- GEORGIA,100 GROSS CRESCENT CIRCLE,(770) 874-5400,Acute Care Hospitals,Voluntary non-profit - Private,231,25
110236,CHI MEMORIAL HOSPITAL- GEORGIA,100 GROSS CRESCENT CIRCLE,(770) 874-5400,Acute Care Hospitals,Voluntary non-profit - Private,236,20
110236,CHI MEMORIAL HOSPITAL- GEORGIA,100 GROSS CRESCENT CIRCLE,(770) 874-5400,Acute Care Hospitals,Voluntary non-profit - Private,213,43
110236,CHI MEMORIAL HOSPITAL- GEORGIA,100 GROSS CRESCENT CIRCLE,(770) 874-5400,Acute Care Hospitals,Voluntary non-profit - Private,167,89
110236,CHI MEMORIAL HOSPITAL- GEORGIA,100 GROSS CRESCENT CIRCLE,(770) 874-5400,Acute Care Hospitals,Voluntary non-profit - Private,219,37
110236,CHI MEMORIAL HOSPITAL- GEORGIA,100 GROSS CRESCENT CIRCLE,(770) 874-5400,Acute Care Hospitals,Voluntary non-profit - Private,239,17
110236,CHI MEMORIAL HOSPITAL- GEORGIA,100 GROSS CRESCENT CIRCLE,(770) 874-5400,Acute Care Hospitals,Voluntary non-profit - Private,217,39
110236,CHI MEMORIAL HOSPITAL- GEORGIA,100 GROSS CRESCENT CIRCLE,(770) 874-5400,Acute Care Hospitals,Voluntary non-profit - Private,217,39
110236,CHI MEMORIAL HOSPITAL- GEORGIA,100 GROSS CRESCENT CIRCLE,(770) 874-5400,Acute Care Hospitals,Voluntary non-profit - Private,201,55
110236,CHI MEMORIAL HOSPITAL- GEORGIA,100 GROSS CRESCENT CIRCLE,(770) 874-5400,Acute Care Hospitals,Voluntary non-profit - Private,232,24
110236,CHI MEMORIAL HOSPITAL- GEORGIA,100 GROSS CRESCENT CIRCLE,(770) 874-5400,Acute Care Hospitals,Voluntary non-profit - Private,160,96
110236,CHI MEMORIAL HOSPITAL- GEORGIA,100 GROSS CRESCENT CIRCLE,(770) 874-5400,Acute Care Hospitals,Voluntary non-profit - Private,172,84
110236,CHI MEMORIAL HOSPITAL- GEORGIA,100 GROSS CRESCENT CIRCLE,(770) 874-5400,Acute Care Hospitals,Voluntary non-profit - Private,238,18
110236,CHI MEMORIAL HOSPITAL- GEORGIA,100 GROSS CRESCENT CIRCLE,(770) 874-5400,Acute Care Hospitals,Voluntary non-profit - Private,220,36
110236,CHI MEMORIAL HOSPITAL- GEORGIA,100 GROSS CRESCENT CIRCLE,(770) 874-5400,Acute Care Hospitals,Voluntary non-profit - Private,193,63
110236,CHI MEMORIAL HOSPITAL- GEORGIA,100 GROSS CRESCENT CIRCLE,(770) 874-5400,Acute Care Hospitals,Voluntary non-profit - Private,154,102
110236,CHI MEMORIAL HOSPITAL- GEORGIA,100 GROSS CRESCENT CIRCLE,(770) 874-5400,Acute Care Hospitals,Voluntary non-profit - Private,166,90
110236,CHI MEMORIAL HOSPITAL- GEORGIA,100 GROSS CRESCENT CIRCLE,(770) 874-5400,Acute Care Hospitals,Voluntary non-profit - Private,169,87
110236,CHI MEMORIAL HOSPITAL- GEORGIA,100 GROSS CRESCENT CIRCLE,(770) 874-5400,Acute Care Hospitals,Voluntary non-profit - Private,238,18
110236,CHI MEMORIAL HOSPITAL- GEORGIA,100 GROSS CRESCENT CIRCLE,(770) 874-5400,Acute Care Hospitals,Voluntary non-profit - Private,172,84
110236,CHI MEMORIAL HOSPITAL- GEORGIA,100 GROSS CRESCENT CIRCLE,(770) 874-5400,Acute Care Hospitals,Voluntary non-profit - Private,234,22
110236,CHI MEMORIAL HOSPITAL- GEORGIA,100 GROSS CRESCENT CIRCLE,(770) 874-5400,Acute Care Hospitals,Voluntary non-profit - Private,173,83
110236,CHI MEMORIAL HOSPITAL- GEORGIA,100 GROSS CRESCENT CIRCLE,(770) 874-5400,Acute Care Hospitals,Voluntary non-profit - Private,156,100
110236,CHI MEMORIAL HOSPITAL- GEORGIA,100 GROSS CRESCENT CIRCLE,(770) 874-5400,Acute Care Hospitals,Voluntary non-profit - Private,176,80
110236,CHI MEMORIAL HOSPITAL- GEORGIA,100 GROSS CRESCENT CIRCLE,(770) 874-5400,Acute Care Hospitals,Voluntary non-profit - Private,219,37
110236,CHI MEMORIAL HOSPITAL- GEORGIA,100 GROSS CRESCENT CIRCLE,(770) 874-5400,Acute Care Hospitals,Voluntary non-profit - Private,206,50
110236,CHI MEMORIAL HOSPITAL- GEORGIA,100 GROSS CRESCENT CIRCLE,(770) 874-5400,Acute Care Hospitals,Voluntary non-profit - Private,175,81
110236,CHI MEMORIAL HOSPITAL- GEORGIA,100 GROSS CRESCENT CIRCLE,(770) 874-5400,Acute Care Hospitals,Voluntary non-profit - Private,199,57
110236,CHI MEMORIAL HOSPITAL- GEORGIA,100 GROSS CRESCENT CIRCLE,(770) 874-5400,Acute Care Hospitals,Voluntary non-profit - Private,181,75
110236,CHI MEMORIAL HOSPITAL- GEORGIA,100 GROSS CRESCENT CIRCLE,(770) 874-5400,Acute Care Hospitals,Voluntary non-profit - Private,212,44
110236,CHI MEMORIAL HOSPITAL- GEORGIA,100 GROSS CRESCENT CIRCLE,(770) 874-5400,Acute Care Hospitals,Voluntary non-profit - Private,197,59
110236,CHI MEMORIAL HOSPITAL- GEORGIA,100 GROSS CRESCENT CIRCLE,(770) 874-5400,Acute Care Hospitals,Voluntary non-profit - Private,220,36
