Facility ID,Facility Name,Address,Telephone Number,Hospital Type,Hospital Ownership,Active Beds,Inactive Beds
11031F,DUBLIN VA MEDICAL CENTER,1826 VETERANS BOULEVARD,(478) 277-2701,Acute Care - Veterans Administration,Veterans Health Administration,176,53
11031F,DUBLIN VA MEDICAL CENTER,1826 VETERANS BOULEVARD,(478) 277-2701,Acute Care - Veterans Administration,Veterans Health Administration,152,77
11031F,DUBLIN VA MEDICAL CENTER,1826 VETERANS BOULEVARD,(478) 277-2701,Acute Care - Veterans Administration,Veterans Health Administration,161,68
11031F,DUBLIN VA MEDICAL CENTER,1826 VETERANS BOULEVARD,(478) 277-2701,Acute Care - Veterans Administration,Veterans Health Administration,155,74
11031F,DUBLIN VA MEDICAL CENTER,1826 VETERANS BOULEVARD,(478) 277-2701,Acute Care - Veterans Administration,Veterans Health Administration,216,13
11031F,DUBLIN VA MEDICAL CENTER,1826 VETERANS BOULEVARD,(478) 277-2701,Acute Care - Veterans Administration,Veterans Health Administration,147,82
11031F,DUBLIN VA MEDICAL CENTER,1826 VETERANS BOULEVARD,(478) 277-2701,Acute Care - Veterans Administration,Veterans Health Administration,162,67
11031F,DUBLIN VA MEDICAL CENTER,1826 VETERANS BOULEVARD,(478) 277-2701,Acute Care - Veterans Administration,Veterans Health Administration,147,82
11031F,DUBLIN VA MEDICAL CENTER,1826 VETERANS BOULEVARD,(478) 277-2701,Acute Care - Veterans Administration,Veterans Health Administration,153,76
11031F,DUBLIN VA MEDICAL CENTER,1826 VETERANS BOULEVARD,(478) 277-2701,Acute Care - Veterans Administration,Veterans Health Administration,179,50
11031F,DUBLIN VA MEDICAL CENTER,1826 VETERANS BOULEVARD,(478) 277-2701,Acute Care - Veterans Administration,Veterans Health Administration,184,45
11031F,DUBLIN VA MEDICAL CENTER,1826 VETERANS BOULEVARD,(478) 277-2701,Acute Care - Veterans Administration,Veterans Health Administration,159,70
11031F,DUBLIN VA MEDICAL CENTER,1826 VETERANS BOULEVARD,(478) 277-2701,Acute Care - Veterans Administration,Veterans Health Administration,178,51
11031F,DUBLIN VA MEDICAL CENTER,1826 VETERANS BOULEVARD,(478) 277-2701,Acute Care - Veterans Administration,Veterans Health Administration,173,56
11031F,DUBLIN VA MEDICAL CENTER,1826 VETERANS BOULEVARD,(478) 277-2701,Acute Care - Veterans Administration,Veterans Health Administration,172,57
11031F,DUBLIN VA MEDICAL CENTER,1826 VETERANS BOULEVARD,(478) 277-2701,Acute Care - Veterans Administration,Veterans Health Administration,215,14
11031F,DUBLIN VA MEDICAL CENTER,1826 VETERANS BOULEVARD,(478) 277-2701,Acute Care - Veterans Administration,Veterans Health Administration,197,32
11031F,DUBLIN VA MEDICAL CENTER,1826 VETERANS BOULEVARD,(478) 277-2701,Acute Care - Veterans Administration,Veterans Health Administration,211,18
11031F,DUBLIN VA MEDICAL CENTER,1826 VETERANS BOULEVARD,(478) 277-2701,Acute Care - Veterans Administration,Veterans Health Administration,137,92
11031F,DUBLIN VA MEDICAL CENTER,1826 VETERANS BOULEVARD,(478) 277-2701,Acute Care - Veterans Administration,Veterans Health Administration,161,68
11031F,DUBLIN VA MEDICAL CENTER,1826 VETERANS BOULEVARD,(478) 277-2701,Acute Care - Veterans Administration,Veterans Health Administration,214,15
11031F,DUBLIN VA MEDICAL CENTER,1826 VETERANS BOULEVARD,(478) 277-2701,Acute Care - Veterans Administration,Veterans Health Administration,201,28
11031F,DUBLIN VA MEDICAL CENTER,1826 VETERANS BOULEVARD,(478) 277-2701,Acute Care - Veterans Administration,Veterans Health Administration,184,45
11031F,DUBLIN VA MEDICAL CENTER,1826 VETERANS BOULEVARD,(478) 277-2701,Acute Care - Veterans Administration,Veterans Health Administration,170,59
11031F,DUBLIN VA MEDICAL CENTER,1826 VETERANS BOULEVARD,(478) 277-2701,Acute Care - Veterans Administration,Veterans Health Administration,205,24
11031F,DUBLIN VA MEDICAL CENTER,1826 VETERANS BOULEVARD,(478) 277-2701,Acute Care - Veterans Administration,Veterans Health Administration,180,49
11031F,DUBLIN VA MEDICAL CENTER,1826 VETERANS BOULEVARD,(478) 277-2701,Acute Care - Veterans Administration,Veterans Health Administration,193,36
11031F,DUBLIN VA MEDICAL CENTER,1826 VETERANS BOULEVARD,(478) 277-2701,Acute Care - Veterans Administration,Veterans Health Administration,171,58
11031F,DUBLIN VA MEDICAL CENTER,1826 VETERANS BOULEVARD,(478) 277-2701,Acute Care - Veterans Administration,Veterans Health Administration,214,15
11031F,DUBLIN VA MEDICAL CENTER,1826 VETERANS BOULEVARD,(478) 277-2701,Acute Care - Veterans Administration,Veterans Health Administration,200,29
11031F,DUBLIN VA MEDICAL CENTER,1826 VETERANS BOULEVARD,(478) 277-2701,Acute Care - Veterans Administration,Veterans Health Administration,154,75
11031F,DUBLIN VA MEDICAL CENTER,1826 VETERANS BOULEVARD,(478) 277-2701,Acute Care - Veterans Administration,Veterans Health Administration,142,87
11031F,DUBLIN VA MEDICAL CENTER,1826 VETERANS BOULEVARD,(478) 277-2701,Acute Care - Veterans Administration,Veterans Health Administration,177,52
11031F,DUBLIN VA MEDICAL CENTER,1826 VETERANS BOULEVARD,(478) 277-2701,Acute Care - Veterans Administration,Veterans Health Administration,169,60
11031F,DUBLIN VA MEDICAL CENTER,1826 VETERANS BOULEVARD,(478) 277-2701,Acute Care - Veterans Administration,Veterans Health Administration,155,74
11031F,DUBLIN VA MEDICAL CENTER,1826 VETERANS BOULEVARD,(478) 277-2701,Acute Care - Veterans Administration,Veterans Health Administration,157,72
11031F,DUBLIN VA MEDICAL CENTER,1826 VETERANS BOULEVARD,(478) 277-2701,Acute Care - Veterans Administration,Veterans Health Administration,169,60
11031F,DUBLIN VA MEDICAL CENTER,1826 VETERANS BOULEVARD,(478) 277-2701,Acute Care - Veterans Administration,Veterans Health Administration,176,53
11031F,DUBLIN VA MEDICAL CENTER,1826 VETERANS BOULEVARD,(478) 277-2701,Acute Care - Veterans Administration,Veterans Health Administration,208,21
11031F,DUBLIN VA MEDICAL CENTER,1826 VETERANS BOULEVARD,(478) 277-2701,Acute Care - Veterans Administration,Veterans Health Administration,210,19
11031F,DUBLIN VA MEDICAL CENTER,1826 VETERANS BOULEVARD,(478) 277-2701,Acute Care - Veterans Administration,Veterans Health Administration,216,13
11031F,DUBLIN VA MEDICAL CENTER,1826 VETERANS BOULEVARD,(478) 277-2701,Acute Care - Veterans Administration,Veterans Health Administration,153,76
11031F,DUBLIN VA MEDICAL CENTER,1826 VETERANS BOULEVARD,(478) 277-2701,Acute Care - Veterans Administration,Veterans Health Administration,214,15
11031F,DUBLIN VA MEDICAL CENTER,1826 VETERANS BOULEVARD,(478) 277-2701,Acute Care - Veterans Administration,Veterans Health Administration,188,41
11031F,DUBLIN VA MEDICAL CENTER,1826 VETERANS BOULEVARD,(478) 277-2701,Acute Care - Veterans Administration,Veterans Health Administration,148,81
11031F,DUBLIN VA MEDICAL CENTER,1826 VETERANS BOULEVARD,(478) 277-2701,Acute Care - Veterans Administration,Veterans Health Administration,139,90
11031F,DUBLIN VA MEDICAL CENTER,1826 VETERANS BOULEVARD,(478) 277-2701,Acute Care - Veterans Administration,Veterans Health Administration,177,52
11031F,DUBLIN VA MEDICAL CENTER,1826 VETERANS BOULEVARD,(478) 277-2701,Acute Care - Veterans Administration,Veterans Health Administration,176,53
11031F,DUBLIN VA MEDICAL CENTER,1826 VETERANS BOULEVARD,(478) 277-2701,Acute Care - Veterans Administration,Veterans Health Administration,167,62
11031F,DUBLIN VA MEDICAL CENTER,1826 VETERANS BOULEVARD,(478) 277-2701,Acute Care - Veterans Administration,Veterans Health Administration,191,38
11031F,DUBLIN VA MEDICAL CENTER,1826 VETERANS BOULEVARD,(478) 277-2701,Acute Care - Veterans Administration,Veterans Health Administration,174,55
11031F,DUBLIN VA MEDICAL CENTER,1826 VETERANS BOULEVARD,(478) 277-2701,Acute Care - Veterans Administration,Veterans Health Administration,209,20
11031F,DUBLIN VA MEDICAL CENTER,1826 VETERANS BOULEVARD,(478) 277-2701,Acute Care - Veterans Administration,Veterans Health Administration,181,48
11031F,DUBLIN VA MEDICAL CENTER,1826 VETERANS BOULEVARD,(478) 277-2701,Acute Care - Veterans Administration,Veterans Health Administration,181,48
11031F,DUBLIN VA MEDICAL CENTER,1826 VETERANS BOULEVARD,(478) 277-2701,Acute Care - Veterans Administration,Veterans Health Administration,175,54
11031F,DUBLIN VA MEDICAL CENTER,1826 VETERANS BOULEVARD,(478) 277-2701,Acute Care - Veterans Administration,Veterans Health Administration,187,42
11031F,DUBLIN VA MEDICAL CENTER,1826 VETERANS BOULEVARD,(478) 277-2701,Acute Care - Veterans Administration,Veterans Health Administration,212,17
11031F,DUBLIN VA MEDICAL CENTER,1826 VETERANS BOULEVARD,(478) 277-2701,Acute Care - Veterans Administration,Veterans Health Administration,213,16
11031F,DUBLIN VA MEDICAL CENTER,1826 VETERANS BOULEVARD,(478) 277-2701,Acute Care - Veterans Administration,Veterans Health Administration,173,56
11031F,DUBLIN VA MEDICAL CENTER,1826 VETERANS BOULEVARD,(478) 277-2701,Acute Care - Veterans Administration,Veterans Health Administration,183,46
11031F,DUBLIN VA MEDICAL CENTER,1826 VETERANS BOULEVARD,(478) 277-2701,Acute Care - Veterans Administration,Veterans Health Administration,155,74
11031F,DUBLIN VA MEDICAL CENTER,1826 VETERANS BOULEVARD,(478) 277-2701,Acute Care - Veterans Administration,Veterans Health Administration,160,69
11031F,DUBLIN VA MEDICAL CENTER,1826 VETERANS BOULEVARD,(478) 277-2701,Acute Care - Veterans Administration,Veterans Health Administration,202,27
11031F,DUBLIN VA MEDICAL CENTER,1826 VETERANS BOULEVARD,(478) 277-2701,Acute Care - Veterans Administration,Veterans Health Administration,187,42
11031F,DUBLIN VA MEDICAL CENTER,1826 VETERANS BOULEVARD,(478) 277-2701,Acute Care - Veterans Administration,Veterans Health Administration,169,60
11031F,DUBLIN VA MEDICAL CENTER,1826 VETERANS BOULEVARD,(478) 277-2701,Acute Care - Veterans Administration,Veterans Health Administration,192,37
11031F,DUBLIN VA MEDICAL CENTER,1826 VETERANS BOULEVARD,(478) 277-2701,Acute Care - Veterans Administration,Veterans Health Administration,162,67
11031F,DUBLIN VA MEDICAL CENTER,1826 VETERANS BOULEVARD,(478) 277-2701,Acute Care - Veterans Administration,Veterans Health Administration,199,30
11031F,DUBLIN VA MEDICAL CENTER,1826 VETERANS BOULEVARD,(478) 277-2701,Acute Care - Veterans Administration,Veterans Health Administration,216,13
11031F,DUBLIN VA MEDICAL CENTER,1826 VETERANS BOULEVARD,(478) 277-2701,Acute Care - Veterans Administration,Veterans Health Administration,170,59
11031F,DUBLIN VA MEDICAL CENTER,1826 VETERANS BOULEVARD,(478) 277-2701,Acute Care - Veterans Administration,Veterans Health Administration,156,73
11031F,DUBLIN VA MEDICAL CENTER,1826 VETERANS BOULEVARD,(478) 277-2701,Acute Care - Veterans Administration,Veterans Health Administration,207,22
11031F,DUBLIN VA MEDICAL CENTER,1826 VETERANS BOULEVARD,(478) 277-2701,Acute Care - Veterans Administration,Veterans Health Administration,201,28
11031F,DUBLIN VA MEDICAL CENTER,1826 VETERANS BOULEVARD,(478) 277-2701,Acute Care - Veterans Administration,Veterans Health Administration,195,34
11031F,DUBLIN VA MEDICAL CENTER,1826 VETERANS BOULEVARD,(478) 277-2701,Acute Care - Veterans Administration,Veterans Health Administration,181,48
11031F,DUBLIN VA MEDICAL CENTER,1826 VETERANS BOULEVARD,(478) 277-2701,Acute Care - Veterans Administration,Veterans Health Administration,157,72
11031F,DUBLIN VA MEDICAL CENTER,1826 VETERANS BOULEVARD,(478) 277-2701,Acute Care - Veterans Administration,Veterans Health Administration,211,18
11031F,DUBLIN VA MEDICAL CENTER,1826 VETERANS BOULEVARD,(478) 277-2701,Acute Care - Veterans Administration,Veterans Health Administration,200,29
11031F,DUBLIN VA MEDICAL CENTER,1826 VETERANS BOULEVARD,(478) 277-2701,Acute Care - Veterans Administration,Veterans Health Administration,192,37
11031F,DUBLIN VA MEDICAL CENTER,1826 VETERANS BOULEVARD,(478) 277-2701,Acute Care - Veterans Administration,Veterans Health Administration,145,84
11031F,DUBLIN VA MEDICAL CENTER,1826 VETERANS BOULEVARD,(478) 277-2701,Acute Care - Veterans Administration,Veterans Health Administration,188,41
11031F,DUBLIN VA MEDICAL CENTER,1826 VETERANS BOULEVARD,(478) 277-2701,Acute Care - Veterans Administration,Veterans Health Administration,150,79
11031F,DUBLIN VA MEDICAL CENTER,1826 VETERANS BOULEVARD,(478) 277-2701,Acute Care - Veterans Administration,Veterans Health Administration,159,70
11031F,DUBLIN VA MEDICAL CENTER,1826 VETERANS BOULEVARD,(478) 277-2701,Acute Care - Veterans Administration,Veterans Health Administration,176,53
11031F,DUBLIN VA MEDICAL CENTER,1826 VETERANS BOULEVARD,(478) 277-2701,Acute Care - Veterans Administration,Veterans Health Administration,138,91
11031F,DUBLIN VA MEDICAL CENTER,1826 VETERANS BOULEVARD,(478) 277-2701,Acute Care - Veterans Administration,Veterans Health Administration,214,15
11031F,DUBLIN VA MEDICAL CENTER,1826 VETERANS BOULEVARD,(478) 277-2701,Acute Care - Veterans Administration,Veterans Health Administration,205,24
11031F,DUBLIN VA MEDICAL CENTER,1826 VETERANS BOULEVARD,(478) 277-2701,Acute Care - Veterans Administration,Veterans Health Administration,204,25
11031F,DUBLIN VA MEDICAL CENTER,1826 VETERANS BOULEVARD,(478) 277-2701,Acute Care - Veterans Administration,Veterans Health Administration,191,38
11031F,DUBLIN VA MEDICAL CENTER,1826 VETERANS BOULEVARD,(478) 277-2701,Acute Care - Veterans Administration,Veterans Health Administration,182,47
11031F,DUBLIN VA MEDICAL CENTER,1826 VETERANS BOULEVARD,(478) 277-2701,Acute Care - Veterans Administration,Veterans Health Administration,213,16
11031F,DUBLIN VA MEDICAL CENTER,1826 VETERANS BOULEVARD,(478) 277-2701,Acute Care - Veterans Administration,Veterans Health Administration,210,19
11031F,DUBLIN VA MEDICAL CENTER,1826 VETERANS BOULEVARD,(478) 277-2701,Acute Care - Veterans Administration,Veterans Health Administration,154,75
11031F,DUBLIN VA MEDICAL CENTER,1826 VETERANS BOULEVARD,(478) 277-2701,Acute Care - Veterans Administration,Veterans Health Administration,198,31
11031F,DUBLIN VA MEDICAL CENTER,1826 VETERANS BOULEVARD,(478) 277-2701,Acute Care - Veterans Administration,Veterans Health Administration,159,70
11031F,DUBLIN VA MEDICAL CENTER,1826 VETERANS BOULEVARD,(478) 277-2701,Acute Care - Veterans Administration,Veterans Health Administration,156,73
11031F,DUBLIN VA MEDICAL CENTER,1826 VETERANS BOULEVARD,(478) 277-2701,Acute Care - Veterans Administration,Veterans Health Administration,202,27
11031F,DUBLIN VA MEDICAL CENTER,1826 VETERANS BOULEVARD,(478) 277-2701,Acute Care - Veterans Administration,Veterans Health Administration,204,25
11031F,DUBLIN VA MEDICAL CENTER,1826 VETERANS BOULEVARD,(478) 277-2701,Acute Care - Veterans Administration,Veterans Health Administration,200,29
11031F,DUBLIN VA MEDICAL CENTER,1826 VETERANS BOULEVARD,(478) 277-2701,Acute Care - Veterans Administration,Veterans Health Administration,150,79
11031F,DUBLIN VA MEDICAL CENTER,1826 VETERANS BOULEVARD,(478) 277-2701,Acute Care - Veterans Administration,Veterans Health Administration,215,14
11031F,DUBLIN VA MEDICAL CENTER,1826 VETERANS BOULEVARD,(478) 277-2701,Acute Care - Veterans Administration,Veterans Health Administration,182,47
11031F,DUBLIN VA MEDICAL CENTER,1826 VETERANS BOULEVARD,(478) 277-2701,Acute Care - Veterans Administration,Veterans Health Administration,209,20
11031F,DUBLIN VA MEDICAL CENTER,1826 VETERANS BOULEVARD,(478) 277-2701,Acute Care - Veterans Administration,Veterans Health Administration,171,58
11031F,DUBLIN VA MEDICAL CENTER,1826 VETERANS BOULEVARD,(478) 277-2701,Acute Care - Veterans Administration,Veterans Health Administration,151,78
11031F,DUBLIN VA MEDICAL CENTER,1826 VETERANS BOULEVARD,(478) 277-2701,Acute Care - Veterans Administration,Veterans Health Administration,176,53
11031F,DUBLIN VA MEDICAL CENTER,1826 VETERANS BOULEVARD,(478) 277-2701,Acute Care - Veterans Administration,Veterans Health Administration,172,57
11031F,DUBLIN VA MEDICAL CENTER,1826 VETERANS BOULEVARD,(478) 277-2701,Acute Care - Veterans Administration,Veterans Health Administration,198,31
11031F,DUBLIN VA MEDICAL CENTER,1826 VETERANS BOULEVARD,(478) 277-2701,Acute Care - Veterans Administration,Veterans Health Administration,205,24
11031F,DUBLIN VA MEDICAL CENTER,1826 VETERANS BOULEVARD,(478) 277-2701,Acute Care - Veterans Administration,Veterans Health Administration,145,84
11031F,DUBLIN VA MEDICAL CENTER,1826 VETERANS BOULEVARD,(478) 277-2701,Acute Care - Veterans Administration,Veterans Health Administration,167,62
11031F,DUBLIN VA MEDICAL CENTER,1826 VETERANS BOULEVARD,(478) 277-2701,Acute Care - Veterans Administration,Veterans Health Administration,209,20
11031F,DUBLIN VA MEDICAL CENTER,1826 VETERANS BOULEVARD,(478) 277-2701,Acute Care - Veterans Administration,Veterans Health Administration,214,15
11031F,DUBLIN VA MEDICAL CENTER,1826 VETERANS BOULEVARD,(478) 277-2701,Acute Care - Veterans Administration,Veterans Health Administration,182,47
11031F,DUBLIN VA MEDICAL CENTER,1826 VETERANS BOULEVARD,(478) 277-2701,Acute Care - Veterans Administration,Veterans Health Administration,186,43
11031F,DUBLIN VA MEDICAL CENTER,1826 VETERANS BOULEVARD,(478) 277-2701,Acute Care - Veterans Administration,Veterans Health Administration,204,25
11031F,DUBLIN VA MEDICAL CENTER,1826 VETERANS BOULEVARD,(478) 277-2701,Acute Care - Veterans Administration,Veterans Health Administration,167,62
11031F,DUBLIN VA MEDICAL CENTER,1826 VETERANS BOULEVARD,(478) 277-2701,Acute Care - Veterans Administration,Veterans Health Administration,193,36
11031F,DUBLIN VA MEDICAL CENTER,1826 VETERANS BOULEVARD,(478) 277-2701,Acute Care - Veterans Administration,Veterans Health Administration,190,39
11031F,DUBLIN VA MEDICAL CENTER,1826 VETERANS BOULEVARD,(478) 277-2701,Acute Care - Veterans Administration,Veterans Health Administration,142,87
11031F,DUBLIN VA MEDICAL CENTER,1826 VETERANS BOULEVARD,(478) 277-2701,Acute Care - Veterans Administration,Veterans Health Administration,150,79
11031F,DUBLIN VA MEDICAL CENTER,1826 VETERANS BOULEVARD,(478) 277-2701,Acute Care - Veterans Administration,Veterans Health Administration,211,18
11031F,DUBLIN VA MEDICAL CENTER,1826 VETERANS BOULEVARD,(478) 277-2701,Acute Care - Veterans Administration,Veterans Health Administration,169,60
11031F,DUBLIN VA MEDICAL CENTER,1826 VETERANS BOULEVARD,(478) 277-2701,Acute Care - Veterans Administration,Veterans Health Administration,158,71
11031F,DUBLIN VA MEDICAL CENTER,1826 VETERANS BOULEVARD,(478) 277-2701,Acute Care - Veterans Administration,Veterans Health Administration,166,63
11031F,DUBLIN VA MEDICAL CENTER,1826 VETERANS BOULEVARD,(478) 277-2701,Acute Care - Veterans Administration,Veterans Health Administration,157,72
11031F,DUBLIN VA MEDICAL CENTER,1826 VETERANS BOULEVARD,(478) 277-2701,Acute Care - Veterans Administration,Veterans Health Administration,206,23
11031F,DUBLIN VA MEDICAL CENTER,1826 VETERANS BOULEVARD,(478) 277-2701,Acute Care - Veterans Administration,Veterans Health Administration,176,53
11031F,DUBLIN VA MEDICAL CENTER,1826 VETERANS BOULEVARD,(478) 277-2701,Acute Care - Veterans Administration,Veterans Health Administration,190,39
11031F,DUBLIN VA MEDICAL CENTER,1826 VETERANS BOULEVARD,(478) 277-2701,Acute Care - Veterans Administration,Veterans Health Administration,148,81
11031F,DUBLIN VA MEDICAL CENTER,1826 VETERANS BOULEVARD,(478) 277-2701,Acute Care - Veterans Administration,Veterans Health Administration,214,15
11031F,DUBLIN VA MEDICAL CENTER,1826 VETERANS BOULEVARD,(478) 277-2701,Acute Care - Veterans Administration,Veterans Health Administration,168,61
11031F,DUBLIN VA MEDICAL CENTER,1826 VETERANS BOULEVARD,(478) 277-2701,Acute Care - Veterans Administration,Veterans Health Administration,174,55
11031F,DUBLIN VA MEDICAL CENTER,1826 VETERANS BOULEVARD,(478) 277-2701,Acute Care - Veterans Administration,Veterans Health Administration,144,85
11031F,DUBLIN VA MEDICAL CENTER,1826 VETERANS BOULEVARD,(478) 277-2701,Acute Care - Veterans Administration,Veterans Health Administration,172,57
11031F,DUBLIN VA MEDICAL CENTER,1826 VETERANS BOULEVARD,(478) 277-2701,Acute Care - Veterans Administration,Veterans Health Administration,167,62
11031F,DUBLIN VA MEDICAL CENTER,1826 VETERANS BOULEVARD,(478) 277-2701,Acute Care - Veterans Administration,Veterans Health Administration,149,80
11031F,DUBLIN VA MEDICAL CENTER,1826 VETERANS BOULEVARD,(478) 277-2701,Acute Care - Veterans Administration,Veterans Health Administration,183,46
11031F,DUBLIN VA MEDICAL CENTER,1826 VETERANS BOULEVARD,(478) 277-2701,Acute Care - Veterans Administration,Veterans Health Administration,199,30
11031F,DUBLIN VA MEDICAL CENTER,1826 VETERANS BOULEVARD,(478) 277-2701,Acute Care - Veterans Administration,Veterans Health Administration,166,63
11031F,DUBLIN VA MEDICAL CENTER,1826 VETERANS BOULEVARD,(478) 277-2701,Acute Care - Veterans Administration,Veterans Health Administration,164,65
11031F,DUBLIN VA MEDICAL CENTER,1826 VETERANS BOULEVARD,(478) 277-2701,Acute Care - Veterans Administration,Veterans Health Administration,184,45
11031F,DUBLIN VA MEDICAL CENTER,1826 VETERANS BOULEVARD,(478) 277-2701,Acute Care - Veterans Administration,Veterans Health Administration,146,83
11031F,DUBLIN VA MEDICAL CENTER,1826 VETERANS BOULEVARD,(478) 277-2701,Acute Care - Veterans Administration,Veterans Health Administration,199,30
11031F,DUBLIN VA MEDICAL CENTER,1826 VETERANS BOULEVARD,(478) 277-2701,Acute Care - Veterans Administration,Veterans Health Administration,204,25
11031F,DUBLIN VA MEDICAL CENTER,1826 VETERANS BOULEVARD,(478) 277-2701,Acute Care - Veterans Administration,Veterans Health Administration,150,79
11031F,DUBLIN VA MEDICAL CENTER,1826 VETERANS BOULEVARD,(478) 277-2701,Acute Care - Veterans Administration,Veterans Health Administration,172,57
11031F,DUBLIN VA MEDICAL CENTER,1826 VETERANS BOULEVARD,(478) 277-2701,Acute Care - Veterans Administration,Veterans Health Administration,194,35
11031F,DUBLIN VA MEDICAL CENTER,1826 VETERANS BOULEVARD,(478) 277-2701,Acute Care - Veterans Administration,Veterans Health Administration,169,60
11031F,DUBLIN VA MEDICAL CENTER,1826 VETERANS BOULEVARD,(478) 277-2701,Acute Care - Veterans Administration,Veterans Health Administration,213,16
11031F,DUBLIN VA MEDICAL CENTER,1826 VETERANS BOULEVARD,(478) 277-2701,Acute Care - Veterans Administration,Veterans Health Administration,215,14
11031F,DUBLIN VA MEDICAL CENTER,1826 VETERANS BOULEVARD,(478) 277-2701,Acute Care - Veterans Administration,Veterans Health Administration,210,19
11031F,DUBLIN VA MEDICAL CENTER,1826 VETERANS BOULEVARD,(478) 277-2701,Acute Care - Veterans Administration,Veterans Health Administration,207,22
11031F,DUBLIN VA MEDICAL CENTER,1826 VETERANS BOULEVARD,(478) 277-2701,Acute Care - Veterans Administration,Veterans Health Administration,189,40
11031F,DUBLIN VA MEDICAL CENTER,1826 VETERANS BOULEVARD,(478) 277-2701,Acute Care - Veterans Administration,Veterans Health Administration,182,47
11031F,DUBLIN VA MEDICAL CENTER,1826 VETERANS BOULEVARD,(478) 277-2701,Acute Care - Veterans Administration,Veterans Health Administration,186,43
11031F,DUBLIN VA MEDICAL CENTER,1826 VETERANS BOULEVARD,(478) 277-2701,Acute Care - Veterans Administration,Veterans Health Administration,187,42
11031F,DUBLIN VA MEDICAL CENTER,1826 VETERANS BOULEVARD,(478) 277-2701,Acute Care - Veterans Administration,Veterans Health Administration,190,39
11031F,DUBLIN VA MEDICAL CENTER,1826 VETERANS BOULEVARD,(478) 277-2701,Acute Care - Veterans Administration,Veterans Health Administration,212,17
11031F,DUBLIN VA MEDICAL CENTER,1826 VETERANS BOULEVARD,(478) 277-2701,Acute Care - Veterans Administration,Veterans Health Administration,138,91
11031F,DUBLIN VA MEDICAL CENTER,1826 VETERANS BOULEVARD,(478) 277-2701,Acute Care - Veterans Administration,Veterans Health Administration,212,17
11031F,DUBLIN VA MEDICAL CENTER,1826 VETERANS BOULEVARD,(478) 277-2701,Acute Care - Veterans Administration,Veterans Health Administration,171,58
11031F,DUBLIN VA MEDICAL CENTER,1826 VETERANS BOULEVARD,(478) 277-2701,Acute Care - Veterans Administration,Veterans Health Administration,214,15
11031F,DUBLIN VA MEDICAL CENTER,1826 VETERANS BOULEVARD,(478) 277-2701,Acute Care - Veterans Administration,Veterans Health Administration,212,17
11031F,DUBLIN VA MEDICAL CENTER,1826 VETERANS BOULEVARD,(478) 277-2701,Acute Care - Veterans Administration,Veterans Health Administration,195,34
11031F,DUBLIN VA MEDICAL CENTER,1826 VETERANS BOULEVARD,(478) 277-2701,Acute Care - Veterans Administration,Veterans Health Administration,164,65
11031F,DUBLIN VA MEDICAL CENTER,1826 VETERANS BOULEVARD,(478) 277-2701,Acute Care - Veterans Administration,Veterans Health Administration,145,84
11031F,DUBLIN VA MEDICAL CENTER,1826 VETERANS BOULEVARD,(478) 277-2701,Acute Care - Veterans Administration,Veterans Health Administration,172,57
11031F,DUBLIN VA MEDICAL CENTER,1826 VETERANS BOULEVARD,(478) 277-2701,Acute Care - Veterans Administration,Veterans Health Administration,167,62
11031F,DUBLIN VA MEDICAL CENTER,1826 VETERANS BOULEVARD,(478) 277-2701,Acute Care - Veterans Administration,Veterans Health Administration,186,43
11031F,DUBLIN VA MEDICAL CENTER,1826 VETERANS BOULEVARD,(478) 277-2701,Acute Care - Veterans Administration,Veterans Health Administration,201,28
11031F,DUBLIN VA MEDICAL CENTER,1826 VETERANS BOULEVARD,(478) 277-2701,Acute Care - Veterans Administration,Veterans Health Administration,190,39
11031F,DUBLIN VA MEDICAL CENTER,1826 VETERANS BOULEVARD,(478) 277-2701,Acute Care - Veterans Administration,Veterans Health Administration,215,14
11031F,DUBLIN VA MEDICAL CENTER,1826 VETERANS BOULEVARD,(478) 277-2701,Acute Care - Veterans Administration,Veterans Health Administration,182,47
11031F,DUBLIN VA MEDICAL CENTER,1826 VETERANS BOULEVARD,(478) 277-2701,Acute Care - Veterans Administration,Veterans Health Administration,177,52
11031F,DUBLIN VA MEDICAL CENTER,1826 VETERANS BOULEVARD,(478) 277-2701,Acute Care - Veterans Administration,Veterans Health Administration,170,59
11031F,DUBLIN VA MEDICAL CENTER,1826 VETERANS BOULEVARD,(478) 277-2701,Acute Care - Veterans Administration,Veterans Health Administration,190,39
11031F,DUBLIN VA MEDICAL CENTER,1826 VETERANS BOULEVARD,(478) 277-2701,Acute Care - Veterans Administration,Veterans Health Administration,161,68
11031F,DUBLIN VA MEDICAL CENTER,1826 VETERANS BOULEVARD,(478) 277-2701,Acute Care - Veterans Administration,Veterans Health Administration,211,18
11031F,DUBLIN VA MEDICAL CENTER,1826 VETERANS BOULEVARD,(478) 277-2701,Acute Care - Veterans Administration,Veterans Health Administration,157,72
11031F,DUBLIN VA MEDICAL CENTER,1826 VETERANS BOULEVARD,(478) 277-2701,Acute Care - Veterans Administration,Veterans Health Administration,175,54
11031F,DUBLIN VA MEDICAL CENTER,1826 VETERANS BOULEVARD,(478) 277-2701,Acute Care - Veterans Administration,Veterans Health Administration,165,64
11031F,DUBLIN VA MEDICAL CENTER,1826 VETERANS BOULEVARD,(478) 277-2701,Acute Care - Veterans Administration,Veterans Health Administration,148,81
11031F,DUBLIN VA MEDICAL CENTER,1826 VETERANS BOULEVARD,(478) 277-2701,Acute Care - Veterans Administration,Veterans Health Administration,147,82
11031F,DUBLIN VA MEDICAL CENTER,1826 VETERANS BOULEVARD,(478) 277-2701,Acute Care - Veterans Administration,Veterans Health Administration,204,25
11031F,DUBLIN VA MEDICAL CENTER,1826 VETERANS BOULEVARD,(478) 277-2701,Acute Care - Veterans Administration,Veterans Health Administration,208,21
11031F,DUBLIN VA MEDICAL CENTER,1826 VETERANS BOULEVARD,(478) 277-2701,Acute Care - Veterans Administration,Veterans Health Administration,185,44
11031F,DUBLIN VA MEDICAL CENTER,1826 VETERANS BOULEVARD,(478) 277-2701,Acute Care - Veterans Administration,Veterans Health Administration,139,90
11031F,DUBLIN VA MEDICAL CENTER,1826 VETERANS BOULEVARD,(478) 277-2701,Acute Care - Veterans Administration,Veterans Health Administration,161,68
11031F,DUBLIN VA MEDICAL CENTER,1826 VETERANS BOULEVARD,(478) 277-2701,Acute Care - Veterans Administration,Veterans Health Administration,152,77
11031F,DUBLIN VA MEDICAL CENTER,1826 VETERANS BOULEVARD,(478) 277-2701,Acute Care - Veterans Administration,Veterans Health Administration,165,64
11031F,DUBLIN VA MEDICAL CENTER,1826 VETERANS BOULEVARD,(478) 277-2701,Acute Care - Veterans Administration,Veterans Health Administration,182,47
11031F,DUBLIN VA MEDICAL CENTER,1826 VETERANS BOULEVARD,(478) 277-2701,Acute Care - Veterans Administration,Veterans Health Administration,156,73
11031F,DUBLIN VA MEDICAL CENTER,1826 VETERANS BOULEVARD,(478) 277-2701,Acute Care - Veterans Administration,Veterans Health Administration,146,83
11031F,DUBLIN VA MEDICAL CENTER,1826 VETERANS BOULEVARD,(478) 277-2701,Acute Care - Veterans Administration,Veterans Health Administration,171,58
11031F,DUBLIN VA MEDICAL CENTER,1826 VETERANS BOULEVARD,(478) 277-2701,Acute Care - Veterans Administration,Veterans Health Administration,164,65
11031F,DUBLIN VA MEDICAL CENTER,1826 VETERANS BOULEVARD,(478) 277-2701,Acute Care - Veterans Administration,Veterans Health Administration,179,50
11031F,DUBLIN VA MEDICAL CENTER,1826 VETERANS BOULEVARD,(478) 277-2701,Acute Care - Veterans Administration,Veterans Health Administration,146,83
11031F,DUBLIN VA MEDICAL CENTER,1826 VETERANS BOULEVARD,(478) 277-2701,Acute Care - Veterans Administration,Veterans Health Administration,155,74
11031F,DUBLIN VA MEDICAL CENTER,1826 VETERANS BOULEVARD,(478) 277-2701,Acute Care - Veterans Administration,Veterans Health Administration,177,52
11031F,DUBLIN VA MEDICAL CENTER,1826 VETERANS BOULEVARD,(478) 277-2701,Acute Care - Veterans Administration,Veterans Health Administration,144,85
11031F,DUBLIN VA MEDICAL CENTER,1826 VETERANS BOULEVARD,(478) 277-2701,Acute Care - Veterans Administration,Veterans Health Administration,147,82
11031F,DUBLIN VA MEDICAL CENTER,1826 VETERANS BOULEVARD,(478) 277-2701,Acute Care - Veterans Administration,Veterans Health Administration,153,76
11031F,DUBLIN VA MEDICAL CENTER,1826 VETERANS BOULEVARD,(478) 277-2701,Acute Care - Veterans Administration,Veterans Health Administration,149,80
11031F,DUBLIN VA MEDICAL CENTER,1826 VETERANS BOULEVARD,(478) 277-2701,Acute Care - Veterans Administration,Veterans Health Administration,197,32
11031F,DUBLIN VA MEDICAL CENTER,1826 VETERANS BOULEVARD,(478) 277-2701,Acute Care - Veterans Administration,Veterans Health Administration,204,25
11031F,DUBLIN VA MEDICAL CENTER,1826 VETERANS BOULEVARD,(478) 277-2701,Acute Care - Veterans Administration,Veterans Health Administration,187,42
11031F,DUBLIN VA MEDICAL CENTER,1826 VETERANS BOULEVARD,(478) 277-2701,Acute Care - Veterans Administration,Veterans Health Administration,156,73
11031F,DUBLIN VA MEDICAL CENTER,1826 VETERANS BOULEVARD,(478) 277-2701,Acute Care - Veterans Administration,Veterans Health Administration,140,89
11031F,DUBLIN VA MEDICAL CENTER,1826 VETERANS BOULEVARD,(478) 277-2701,Acute Care - Veterans Administration,Veterans Health Administration,208,21
11031F,DUBLIN VA MEDICAL CENTER,1826 VETERANS BOULEVARD,(478) 277-2701,Acute Care - Veterans Administration,Veterans Health Administration,176,53
11031F,DUBLIN VA MEDICAL CENTER,1826 VETERANS BOULEVARD,(478) 277-2701,Acute Care - Veterans Administration,Veterans Health Administration,180,49
11031F,DUBLIN VA MEDICAL CENTER,1826 VETERANS BOULEVARD,(478) 277-2701,Acute Care - Veterans Administration,Veterans Health Administration,151,78
11031F,DUBLIN VA MEDICAL CENTER,1826 VETERANS BOULEVARD,(478) 277-2701,Acute Care - Veterans Administration,Veterans Health Administration,209,20
11031F,DUBLIN VA MEDICAL CENTER,1826 VETERANS BOULEVARD,(478) 277-2701,Acute Care - Veterans Administration,Veterans Health Administration,189,40
11031F,DUBLIN VA MEDICAL CENTER,1826 VETERANS BOULEVARD,(478) 277-2701,Acute Care - Veterans Administration,Veterans Health Administration,195,34
11031F,DUBLIN VA MEDICAL CENTER,1826 VETERANS BOULEVARD,(478) 277-2701,Acute Care - Veterans Administration,Veterans Health Administration,144,85
11031F,DUBLIN VA MEDICAL CENTER,1826 VETERANS BOULEVARD,(478) 277-2701,Acute Care - Veterans Administration,Veterans Health Administration,158,71
11031F,DUBLIN VA MEDICAL CENTER,1826 VETERANS BOULEVARD,(478) 277-2701,Acute Care - Veterans Administration,Veterans Health Administration,143,86
11031F,DUBLIN VA MEDICAL CENTER,1826 VETERANS BOULEVARD,(478) 277-2701,Acute Care - Veterans Administration,Veterans Health Administration,191,38
11031F,DUBLIN VA MEDICAL CENTER,1826 VETERANS BOULEVARD,(478) 277-2701,Acute Care - Veterans Administration,Veterans Health Administration,206,23
11031F,DUBLIN VA MEDICAL CENTER,1826 VETERANS BOULEVARD,(478) 277-2701,Acute Care - Veterans Administration,Veterans Health Administration,150,79
11031F,DUBLIN VA MEDICAL CENTER,1826 VETERANS BOULEVARD,(478) 277-2701,Acute Care - Veterans Administration,Veterans Health Administration,167,62
11031F,DUBLIN VA MEDICAL CENTER,1826 VETERANS BOULEVARD,(478) 277-2701,Acute Care - Veterans Administration,Veterans Health Administration,210,19
11031F,DUBLIN VA MEDICAL CENTER,1826 VETERANS BOULEVARD,(478) 277-2701,Acute Care - Veterans Administration,Veterans Health Administration,187,42
11031F,DUBLIN VA MEDICAL CENTER,1826 VETERANS BOULEVARD,(478) 277-2701,Acute Care - Veterans Administration,Veterans Health Administration,183,46
11031F,DUBLIN VA MEDICAL CENTER,1826 VETERANS BOULEVARD,(478) 277-2701,Acute Care - Veterans Administration,Veterans Health Administration,165,64
11031F,DUBLIN VA MEDICAL CENTER,1826 VETERANS BOULEVARD,(478) 277-2701,Acute Care - Veterans Administration,Veterans Health Administration,184,45
11031F,DUBLIN VA MEDICAL CENTER,1826 VETERANS BOULEVARD,(478) 277-2701,Acute Care - Veterans Administration,Veterans Health Administration,137,92
11031F,DUBLIN VA MEDICAL CENTER,1826 VETERANS BOULEVARD,(478) 277-2701,Acute Care - Veterans Administration,Veterans Health Administration,158,71
11031F,DUBLIN VA MEDICAL CENTER,1826 VETERANS BOULEVARD,(478) 277-2701,Acute Care - Veterans Administration,Veterans Health Administration,176,53
11031F,DUBLIN VA MEDICAL CENTER,1826 VETERANS BOULEVARD,(478) 277-2701,Acute Care - Veterans Administration,Veterans Health Administration,183,46
11031F,DUBLIN VA MEDICAL CENTER,1826 VETERANS BOULEVARD,(478) 277-2701,Acute Care - Veterans Administration,Veterans Health Administration,191,38
11031F,DUBLIN VA MEDICAL CENTER,1826 VETERANS BOULEVARD,(478) 277-2701,Acute Care - Veterans Administration,Veterans Health Administration,153,76
11031F,DUBLIN VA MEDICAL CENTER,1826 VETERANS BOULEVARD,(478) 277-2701,Acute Care - Veterans Administration,Veterans Health Administration,191,38
11031F,DUBLIN VA MEDICAL CENTER,1826 VETERANS BOULEVARD,(478) 277-2701,Acute Care - Veterans Administration,Veterans Health Administration,197,32
11031F,DUBLIN VA MEDICAL CENTER,1826 VETERANS BOULEVARD,(478) 277-2701,Acute Care - Veterans Administration,Veterans Health Administration,182,47
11031F,DUBLIN VA MEDICAL CENTER,1826 VETERANS BOULEVARD,(478) 277-2701,Acute Care - Veterans Administration,Veterans Health Administration,181,48
11031F,DUBLIN VA MEDICAL CENTER,1826 VETERANS BOULEVARD,(478) 277-2701,Acute Care - Veterans Administration,Veterans Health Administration,139,90
11031F,DUBLIN VA MEDICAL CENTER,1826 VETERANS BOULEVARD,(478) 277-2701,Acute Care - Veterans Administration,Veterans Health Administration,194,35
11031F,DUBLIN VA MEDICAL CENTER,1826 VETERANS BOULEVARD,(478) 277-2701,Acute Care - Veterans Administration,Veterans Health Administration,191,38
11031F,DUBLIN VA MEDICAL CENTER,1826 VETERANS BOULEVARD,(478) 277-2701,Acute Care - Veterans Administration,Veterans Health Administration,187,42
11031F,DUBLIN VA MEDICAL CENTER,1826 VETERANS BOULEVARD,(478) 277-2701,Acute Care - Veterans Administration,Veterans Health Administration,163,66
11031F,DUBLIN VA MEDICAL CENTER,1826 VETERANS BOULEVARD,(478) 277-2701,Acute Care - Veterans Administration,Veterans Health Administration,153,76
11031F,DUBLIN VA MEDICAL CENTER,1826 VETERANS BOULEVARD,(478) 277-2701,Acute Care - Veterans Administration,Veterans Health Administration,213,16
11031F,DUBLIN VA MEDICAL CENTER,1826 VETERANS BOULEVARD,(478) 277-2701,Acute Care - Veterans Administration,Veterans Health Administration,174,55
11031F,DUBLIN VA MEDICAL CENTER,1826 VETERANS BOULEVARD,(478) 277-2701,Acute Care - Veterans Administration,Veterans Health Administration,205,24
11031F,DUBLIN VA MEDICAL CENTER,1826 VETERANS BOULEVARD,(478) 277-2701,Acute Care - Veterans Administration,Veterans Health Administration,181,48
11031F,DUBLIN VA MEDICAL CENTER,1826 VETERANS BOULEVARD,(478) 277-2701,Acute Care - Veterans Administration,Veterans Health Administration,145,84
11031F,DUBLIN VA MEDICAL CENTER,1826 VETERANS BOULEVARD,(478) 277-2701,Acute Care - Veterans Administration,Veterans Health Administration,164,65
11031F,DUBLIN VA MEDICAL CENTER,1826 VETERANS BOULEVARD,(478) 277-2701,Acute Care - Veterans Administration,Veterans Health Administration,172,57
11031F,DUBLIN VA MEDICAL CENTER,1826 VETERANS BOULEVARD,(478) 277-2701,Acute Care - Veterans Administration,Veterans Health Administration,163,66
11031F,DUBLIN VA MEDICAL CENTER,1826 VETERANS BOULEVARD,(478) 277-2701,Acute Care - Veterans Administration,Veterans Health Administration,178,51
11031F,DUBLIN VA MEDICAL CENTER,1826 VETERANS BOULEVARD,(478) 277-2701,Acute Care - Veterans Administration,Veterans Health Administration,212,17
11031F,DUBLIN VA MEDICAL CENTER,1826 VETERANS BOULEVARD,(478) 277-2701,Acute Care - Veterans Administration,Veterans Health Administration,202,27
11031F,DUBLIN VA MEDICAL CENTER,1826 VETERANS BOULEVARD,(478) 277-2701,Acute Care - Veterans Administration,Veterans Health Administration,172,57
11031F,DUBLIN VA MEDICAL CENTER,1826 VETERANS BOULEVARD,(478) 277-2701,Acute Care - Veterans Administration,Veterans Health Administration,197,32
11031F,DUBLIN VA MEDICAL CENTER,1826 VETERANS BOULEVARD,(478) 277-2701,Acute Care - Veterans Administration,Veterans Health Administration,200,29
11031F,DUBLIN VA MEDICAL CENTER,1826 VETERANS BOULEVARD,(478) 277-2701,Acute Care - Veterans Administration,Veterans Health Administration,206,23
11031F,DUBLIN VA MEDICAL CENTER,1826 VETERANS BOULEVARD,(478) 277-2701,Acute Care - Veterans Administration,Veterans Health Administration,198,31
11031F,DUBLIN VA MEDICAL CENTER,1826 VETERANS BOULEVARD,(478) 277-2701,Acute Care - Veterans Administration,Veterans Health Administration,179,50
11031F,DUBLIN VA MEDICAL CENTER,1826 VETERANS BOULEVARD,(478) 277-2701,Acute Care - Veterans Administration,Veterans Health Administration,214,15
11031F,DUBLIN VA MEDICAL CENTER,1826 VETERANS BOULEVARD,(478) 277-2701,Acute Care - Veterans Administration,Veterans Health Administration,159,70
11031F,DUBLIN VA MEDICAL CENTER,1826 VETERANS BOULEVARD,(478) 277-2701,Acute Care - Veterans Administration,Veterans Health Administration,155,74
11031F,DUBLIN VA MEDICAL CENTER,1826 VETERANS BOULEVARD,(478) 277-2701,Acute Care - Veterans Administration,Veterans Health Administration,190,39
11031F,DUBLIN VA MEDICAL CENTER,1826 VETERANS BOULEVARD,(478) 277-2701,Acute Care - Veterans Administration,Veterans Health Administration,217,12
11031F,DUBLIN VA MEDICAL CENTER,1826 VETERANS BOULEVARD,(478) 277-2701,Acute Care - Veterans Administration,Veterans Health Administration,176,53
11031F,DUBLIN VA MEDICAL CENTER,1826 VETERANS BOULEVARD,(478) 277-2701,Acute Care - Veterans Administration,Veterans Health Administration,159,70
11031F,DUBLIN VA MEDICAL CENTER,1826 VETERANS BOULEVARD,(478) 277-2701,Acute Care - Veterans Administration,Veterans Health Administration,152,77
11031F,DUBLIN VA MEDICAL CENTER,1826 VETERANS BOULEVARD,(478) 277-2701,Acute Care - Veterans Administration,Veterans Health Administration,196,33
11031F,DUBLIN VA MEDICAL CENTER,1826 VETERANS BOULEVARD,(478) 277-2701,Acute Care - Veterans Administration,Veterans Health Administration,197,32
11031F,DUBLIN VA MEDICAL CENTER,1826 VETERANS BOULEVARD,(478) 277-2701,Acute Care - Veterans Administration,Veterans Health Administration,192,37
11031F,DUBLIN VA MEDICAL CENTER,1826 VETERANS BOULEVARD,(478) 277-2701,Acute Care - Veterans Administration,Veterans Health Administration,174,55
11031F,DUBLIN VA MEDICAL CENTER,1826 VETERANS BOULEVARD,(478) 277-2701,Acute Care - Veterans Administration,Veterans Health Administration,159,70
11031F,DUBLIN VA MEDICAL CENTER,1826 VETERANS BOULEVARD,(478) 277-2701,Acute Care - Veterans Administration,Veterans Health Administration,196,33
11031F,DUBLIN VA MEDICAL CENTER,1826 VETERANS BOULEVARD,(478) 277-2701,Acute Care - Veterans Administration,Veterans Health Administration,195,34
11031F,DUBLIN VA MEDICAL CENTER,1826 VETERANS BOULEVARD,(478) 277-2701,Acute Care - Veterans Administration,Veterans Health Administration,195,34
11031F,DUBLIN VA MEDICAL CENTER,1826 VETERANS BOULEVARD,(478) 277-2701,Acute Care - Veterans Administration,Veterans Health Administration,192,37
11031F,DUBLIN VA MEDICAL CENTER,1826 VETERANS BOULEVARD,(478) 277-2701,Acute Care - Veterans Administration,Veterans Health Administration,158,71
11031F,DUBLIN VA MEDICAL CENTER,1826 VETERANS BOULEVARD,(478) 277-2701,Acute Care - Veterans Administration,Veterans Health Administration,208,21
11031F,DUBLIN VA MEDICAL CENTER,1826 VETERANS BOULEVARD,(478) 277-2701,Acute Care - Veterans Administration,Veterans Health Administration,140,89
11031F,DUBLIN VA MEDICAL CENTER,1826 VETERANS BOULEVARD,(478) 277-2701,Acute Care - Veterans Administration,Veterans Health Administration,155,74
11031F,DUBLIN VA MEDICAL CENTER,1826 VETERANS BOULEVARD,(478) 277-2701,Acute Care - Veterans Administration,Veterans Health Administration,153,76
11031F,DUBLIN VA MEDICAL CENTER,1826 VETERANS BOULEVARD,(478) 277-2701,Acute Care - Veterans Administration,Veterans Health Administration,212,17
11031F,DUBLIN VA MEDICAL CENTER,1826 VETERANS BOULEVARD,(478) 277-2701,Acute Care - Veterans Administration,Veterans Health Administration,145,84
11031F,DUBLIN VA MEDICAL CENTER,1826 VETERANS BOULEVARD,(478) 277-2701,Acute Care - Veterans Administration,Veterans Health Administration,175,54
11031F,DUBLIN VA MEDICAL CENTER,1826 VETERANS BOULEVARD,(478) 277-2701,Acute Care - Veterans Administration,Veterans Health Administration,160,69
11031F,DUBLIN VA MEDICAL CENTER,1826 VETERANS BOULEVARD,(478) 277-2701,Acute Care - Veterans Administration,Veterans Health Administration,158,71
11031F,DUBLIN VA MEDICAL CENTER,1826 VETERANS BOULEVARD,(478) 277-2701,Acute Care - Veterans Administration,Veterans Health Administration,209,20
11031F,DUBLIN VA MEDICAL CENTER,1826 VETERANS BOULEVARD,(478) 277-2701,Acute Care - Veterans Administration,Veterans Health Administration,159,70
11031F,DUBLIN VA MEDICAL CENTER,1826 VETERANS BOULEVARD,(478) 277-2701,Acute Care - Veterans Administration,Veterans Health Administration,150,79
11031F,DUBLIN VA MEDICAL CENTER,1826 VETERANS BOULEVARD,(478) 277-2701,Acute Care - Veterans Administration,Veterans Health Administration,181,48
11031F,DUBLIN VA MEDICAL CENTER,1826 VETERANS BOULEVARD,(478) 277-2701,Acute Care - Veterans Administration,Veterans Health Administration,137,92
11031F,DUBLIN VA MEDICAL CENTER,1826 VETERANS BOULEVARD,(478) 277-2701,Acute Care - Veterans Administration,Veterans Health Administration,175,54
11031F,DUBLIN VA MEDICAL CENTER,1826 VETERANS BOULEVARD,(478) 277-2701,Acute Care - Veterans Administration,Veterans Health Administration,207,22
11031F,DUBLIN VA MEDICAL CENTER,1826 VETERANS BOULEVARD,(478) 277-2701,Acute Care - Veterans Administration,Veterans Health Administration,181,48
11031F,DUBLIN VA MEDICAL CENTER,1826 VETERANS BOULEVARD,(478) 277-2701,Acute Care - Veterans Administration,Veterans Health Administration,162,67
11031F,DUBLIN VA MEDICAL CENTER,1826 VETERANS BOULEVARD,(478) 277-2701,Acute Care - Veterans Administration,Veterans Health Administration,145,84
11031F,DUBLIN VA MEDICAL CENTER,1826 VETERANS BOULEVARD,(478) 277-2701,Acute Care - Veterans Administration,Veterans Health Administration,142,87
11031F,DUBLIN VA MEDICAL CENTER,1826 VETERANS BOULEVARD,(478) 277-2701,Acute Care - Veterans Administration,Veterans Health Administration,190,39
11031F,DUBLIN VA MEDICAL CENTER,1826 VETERANS BOULEVARD,(478) 277-2701,Acute Care - Veterans Administration,Veterans Health Administration,209,20
11031F,DUBLIN VA MEDICAL CENTER,1826 VETERANS BOULEVARD,(478) 277-2701,Acute Care - Veterans Administration,Veterans Health Administration,212,17
11031F,DUBLIN VA MEDICAL CENTER,1826 VETERANS BOULEVARD,(478) 277-2701,Acute Care - Veterans Administration,Veterans Health Administration,182,47
11031F,DUBLIN VA MEDICAL CENTER,1826 VETERANS BOULEVARD,(478) 277-2701,Acute Care - Veterans Administration,Veterans Health Administration,215,14
11031F,DUBLIN VA MEDICAL CENTER,1826 VETERANS BOULEVARD,(478) 277-2701,Acute Care - Veterans Administration,Veterans Health Administration,187,42
11031F,DUBLIN VA MEDICAL CENTER,1826 VETERANS BOULEVARD,(478) 277-2701,Acute Care - Veterans Administration,Veterans Health Administration,211,18
11031F,DUBLIN VA MEDICAL CENTER,1826 VETERANS BOULEVARD,(478) 277-2701,Acute Care - Veterans Administration,Veterans Health Administration,210,19
11031F,DUBLIN VA MEDICAL CENTER,1826 VETERANS BOULEVARD,(478) 277-2701,Acute Care - Veterans Administration,Veterans Health Administration,201,28
11031F,DUBLIN VA MEDICAL CENTER,1826 VETERANS BOULEVARD,(478) 277-2701,Acute Care - Veterans Administration,Veterans Health Administration,158,71
11031F,DUBLIN VA MEDICAL CENTER,1826 VETERANS BOULEVARD,(478) 277-2701,Acute Care - Veterans Administration,Veterans Health Administration,211,18
11031F,DUBLIN VA MEDICAL CENTER,1826 VETERANS BOULEVARD,(478) 277-2701,Acute Care - Veterans Administration,Veterans Health Administration,137,92
11031F,DUBLIN VA MEDICAL CENTER,1826 VETERANS BOULEVARD,(478) 277-2701,Acute Care - Veterans Administration,Veterans Health Administration,213,16
11031F,DUBLIN VA MEDICAL CENTER,1826 VETERANS BOULEVARD,(478) 277-2701,Acute Care - Veterans Administration,Veterans Health Administration,161,68
11031F,DUBLIN VA MEDICAL CENTER,1826 VETERANS BOULEVARD,(478) 277-2701,Acute Care - Veterans Administration,Veterans Health Administration,181,48
11031F,DUBLIN VA MEDICAL CENTER,1826 VETERANS BOULEVARD,(478) 277-2701,Acute Care - Veterans Administration,Veterans Health Administration,201,28
11031F,DUBLIN VA MEDICAL CENTER,1826 VETERANS BOULEVARD,(478) 277-2701,Acute Care - Veterans Administration,Veterans Health Administration,202,27
11031F,DUBLIN VA MEDICAL CENTER,1826 VETERANS BOULEVARD,(478) 277-2701,Acute Care - Veterans Administration,Veterans Health Administration,149,80
11031F,DUBLIN VA MEDICAL CENTER,1826 VETERANS BOULEVARD,(478) 277-2701,Acute Care - Veterans Administration,Veterans Health Administration,168,61
11031F,DUBLIN VA MEDICAL CENTER,1826 VETERANS BOULEVARD,(478) 277-2701,Acute Care - Veterans Administration,Veterans Health Administration,215,14
11031F,DUBLIN VA MEDICAL CENTER,1826 VETERANS BOULEVARD,(478) 277-2701,Acute Care - Veterans Administration,Veterans Health Administration,167,62
11031F,DUBLIN VA MEDICAL CENTER,1826 VETERANS BOULEVARD,(478) 277-2701,Acute Care - Veterans Administration,Veterans Health Administration,203,26
11031F,DUBLIN VA MEDICAL CENTER,1826 VETERANS BOULEVARD,(478) 277-2701,Acute Care - Veterans Administration,Veterans Health Administration,173,56
11031F,DUBLIN VA MEDICAL CENTER,1826 VETERANS BOULEVARD,(478) 277-2701,Acute Care - Veterans Administration,Veterans Health Administration,167,62
11031F,DUBLIN VA MEDICAL CENTER,1826 VETERANS BOULEVARD,(478) 277-2701,Acute Care - Veterans Administration,Veterans Health Administration,172,57
11031F,DUBLIN VA MEDICAL CENTER,1826 VETERANS BOULEVARD,(478) 277-2701,Acute Care - Veterans Administration,Veterans Health Administration,194,35
11031F,DUBLIN VA MEDICAL CENTER,1826 VETERANS BOULEVARD,(478) 277-2701,Acute Care - Veterans Administration,Veterans Health Administration,212,17
11031F,DUBLIN VA MEDICAL CENTER,1826 VETERANS BOULEVARD,(478) 277-2701,Acute Care - Veterans Administration,Veterans Health Administration,212,17
11031F,DUBLIN VA MEDICAL CENTER,1826 VETERANS BOULEVARD,(478) 277-2701,Acute Care - Veterans Administration,Veterans Health Administration,166,63
11031F,DUBLIN VA MEDICAL CENTER,1826 VETERANS BOULEVARD,(478) 277-2701,Acute Care - Veterans Administration,Veterans Health Administration,180,49
11031F,DUBLIN VA MEDICAL CENTER,1826 VETERANS BOULEVARD,(478) 277-2701,Acute Care - Veterans Administration,Veterans Health Administration,156,73
11031F,DUBLIN VA MEDICAL CENTER,1826 VETERANS BOULEVARD,(478) 277-2701,Acute Care - Veterans Administration,Veterans Health Administration,210,19
11031F,DUBLIN VA MEDICAL CENTER,1826 VETERANS BOULEVARD,(478) 277-2701,Acute Care - Veterans Administration,Veterans Health Administration,141,88
11031F,DUBLIN VA MEDICAL CENTER,1826 VETERANS BOULEVARD,(478) 277-2701,Acute Care - Veterans Administration,Veterans Health Administration,147,82
11031F,DUBLIN VA MEDICAL CENTER,1826 VETERANS BOULEVARD,(478) 277-2701,Acute Care - Veterans Administration,Veterans Health Administration,162,67
11031F,DUBLIN VA MEDICAL CENTER,1826 VETERANS BOULEVARD,(478) 277-2701,Acute Care - Veterans Administration,Veterans Health Administration,142,87
11031F,DUBLIN VA MEDICAL CENTER,1826 VETERANS BOULEVARD,(478) 277-2701,Acute Care - Veterans Administration,Veterans Health Administration,178,51
11031F,DUBLIN VA MEDICAL CENTER,1826 VETERANS BOULEVARD,(478) 277-2701,Acute Care - Veterans Administration,Veterans Health Administration,180,49
11031F,DUBLIN VA MEDICAL CENTER,1826 VETERANS BOULEVARD,(478) 277-2701,Acute Care - Veterans Administration,Veterans Health Administration,194,35
11031F,DUBLIN VA MEDICAL CENTER,1826 VETERANS BOULEVARD,(478) 277-2701,Acute Care - Veterans Administration,Veterans Health Administration,192,37
11031F,DUBLIN VA MEDICAL CENTER,1826 VETERANS BOULEVARD,(478) 277-2701,Acute Care - Veterans Administration,Veterans Health Administration,139,90
11031F,DUBLIN VA MEDICAL CENTER,1826 VETERANS BOULEVARD,(478) 277-2701,Acute Care - Veterans Administration,Veterans Health Administration,192,37
11031F,DUBLIN VA MEDICAL CENTER,1826 VETERANS BOULEVARD,(478) 277-2701,Acute Care - Veterans Administration,Veterans Health Administration,181,48
11031F,DUBLIN VA MEDICAL CENTER,1826 VETERANS BOULEVARD,(478) 277-2701,Acute Care - Veterans Administration,Veterans Health Administration,149,80
11031F,DUBLIN VA MEDICAL CENTER,1826 VETERANS BOULEVARD,(478) 277-2701,Acute Care - Veterans Administration,Veterans Health Administration,212,17
11031F,DUBLIN VA MEDICAL CENTER,1826 VETERANS BOULEVARD,(478) 277-2701,Acute Care - Veterans Administration,Veterans Health Administration,190,39
11031F,DUBLIN VA MEDICAL CENTER,1826 VETERANS BOULEVARD,(478) 277-2701,Acute Care - Veterans Administration,Veterans Health Administration,159,70
11031F,DUBLIN VA MEDICAL CENTER,1826 VETERANS BOULEVARD,(478) 277-2701,Acute Care - Veterans Administration,Veterans Health Administration,207,22
11031F,DUBLIN VA MEDICAL CENTER,1826 VETERANS BOULEVARD,(478) 277-2701,Acute Care - Veterans Administration,Veterans Health Administration,215,14
11031F,DUBLIN VA MEDICAL CENTER,1826 VETERANS BOULEVARD,(478) 277-2701,Acute Care - Veterans Administration,Veterans Health Administration,161,68
11031F,DUBLIN VA MEDICAL CENTER,1826 VETERANS BOULEVARD,(478) 277-2701,Acute Care - Veterans Administration,Veterans Health Administration,173,56
11031F,DUBLIN VA MEDICAL CENTER,1826 VETERANS BOULEVARD,(478) 277-2701,Acute Care - Veterans Administration,Veterans Health Administration,168,61
11031F,DUBLIN VA MEDICAL CENTER,1826 VETERANS BOULEVARD,(478) 277-2701,Acute Care - Veterans Administration,Veterans Health Administration,154,75
11031F,DUBLIN VA MEDICAL CENTER,1826 VETERANS BOULEVARD,(478) 277-2701,Acute Care - Veterans Administration,Veterans Health Administration,197,32
11031F,DUBLIN VA MEDICAL CENTER,1826 VETERANS BOULEVARD,(478) 277-2701,Acute Care - Veterans Administration,Veterans Health Administration,179,50
11031F,DUBLIN VA MEDICAL CENTER,1826 VETERANS BOULEVARD,(478) 277-2701,Acute Care - Veterans Administration,Veterans Health Administration,210,19
11031F,DUBLIN VA MEDICAL CENTER,1826 VETERANS BOULEVARD,(478) 277-2701,Acute Care - Veterans Administration,Veterans Health Administration,180,49
11031F,DUBLIN VA MEDICAL CENTER,1826 VETERANS BOULEVARD,(478) 277-2701,Acute Care - Veterans Administration,Veterans Health Administration,148,81
11031F,DUBLIN VA MEDICAL CENTER,1826 VETERANS BOULEVARD,(478) 277-2701,Acute Care - Veterans Administration,Veterans Health Administration,155,74
11031F,DUBLIN VA MEDICAL CENTER,1826 VETERANS BOULEVARD,(478) 277-2701,Acute Care - Veterans Administration,Veterans Health Administration,175,54
11031F,DUBLIN VA MEDICAL CENTER,1826 VETERANS BOULEVARD,(478) 277-2701,Acute Care - Veterans Administration,Veterans Health Administration,182,47
11031F,DUBLIN VA MEDICAL CENTER,1826 VETERANS BOULEVARD,(478) 277-2701,Acute Care - Veterans Administration,Veterans Health Administration,144,85
11031F,DUBLIN VA MEDICAL CENTER,1826 VETERANS BOULEVARD,(478) 277-2701,Acute Care - Veterans Administration,Veterans Health Administration,190,39
11031F,DUBLIN VA MEDICAL CENTER,1826 VETERANS BOULEVARD,(478) 277-2701,Acute Care - Veterans Administration,Veterans Health Administration,145,84
11031F,DUBLIN VA MEDICAL CENTER,1826 VETERANS BOULEVARD,(478) 277-2701,Acute Care - Veterans Administration,Veterans Health Administration,185,44
11031F,DUBLIN VA MEDICAL CENTER,1826 VETERANS BOULEVARD,(478) 277-2701,Acute Care - Veterans Administration,Veterans Health Administration,172,57
