Facility ID,Facility Name,Address,Telephone Number,Hospital Type,Hospital Ownership,Active Beds,Inactive Beds
111328,PHOEBE WORTH MEDICAL CENTER,807 SOUTH ISABELLA STREET,(229) 777-3851,Critical Access Hospitals,Voluntary non-profit - Private,127,26
111328,PHOEBE WORTH MEDICAL CENTER,807 SOUTH ISABELLA STREET,(229) 777-3851,Critical Access Hospitals,Voluntary non-profit - Private,132,21
111328,PHOEBE WORTH MEDICAL CENTER,807 SOUTH ISABELLA STREET,(229) 777-3851,Critical Access Hospitals,Voluntary non-profit - Private,119,34
111328,PHOEBE WORTH MEDICAL CENTER,807 SOUTH ISABELLA STREET,(229) 777-3851,Critical Access Hospitals,Voluntary non-profit - Private,129,24
111328,PHOEBE WORTH MEDICAL CENTER,807 SOUTH ISABELLA STREET,(229) 777-3851,Critical Access Hospitals,Voluntary non-profit - Private,113,40
111328,PHOEBE WORTH MEDICAL CENTER,807 SOUTH ISABELLA STREET,(229) 777-3851,Critical Access Hospitals,Voluntary non-profit - Private,112,41
111328,PHOEBE WORTH MEDICAL CENTER,807 SOUTH ISABELLA STREET,(229) 777-3851,Critical Access Hospitals,Voluntary non-profit - Private,123,30
111328,PHOEBE WORTH MEDICAL CENTER,807 SOUTH ISABELLA STREET,(229) 777-3851,Critical Access Hospitals,Voluntary non-profit - Private,115,38
111328,PHOEBE WORTH MEDICAL CENTER,807 SOUTH ISABELLA STREET,(229) 777-3851,Critical Access Hospitals,Voluntary non-profit - Private,101,52
111328,PHOEBE WORTH MEDICAL CENTER,807 SOUTH ISABELLA STREET,(229) 777-3851,Critical Access Hospitals,Voluntary non-profit - Private,127,26
111328,PHOEBE WORTH MEDICAL CENTER,807 SOUTH ISABELLA STREET,(229) 777-3851,Critical Access Hospitals,Voluntary non-profit - Private,102,51
111328,PHOEBE WORTH MEDICAL CENTER,807 SOUTH ISABELLA STREET,(229) 777-3851,Critical Access Hospitals,Voluntary non-profit - Private,128,25
111328,PHOEBE WORTH MEDICAL CENTER,807 SOUTH ISABELLA STREET,(229) 777-3851,Critical Access Hospitals,Voluntary non-profit - Private,111,42
111328,PHOEBE WORTH MEDICAL CENTER,807 SOUTH ISABELLA STREET,(229) 777-3851,Critical Access Hospitals,Voluntary non-profit - Private,142,11
111328,PHOEBE WORTH MEDICAL CENTER,807 SOUTH ISABELLA STREET,(229) 777-3851,Critical Access Hospitals,Voluntary non-profit - Private,94,59
111328,PHOEBE WORTH MEDICAL CENTER,807 SOUTH ISABELLA STREET,(229) 777-3851,Critical Access Hospitals,Voluntary non-profit - Private,142,11
111328,PHOEBE WORTH MEDICAL CENTER,807 SOUTH ISABELLA STREET,(229) 777-3851,Critical Access Hospitals,Voluntary non-profit - Private,137,16
111328,PHOEBE WORTH MEDICAL CENTER,807 SOUTH ISABELLA STREET,(229) 777-3851,Critical Access Hospitals,Voluntary non-profit - Private,93,60
111328,PHOEBE WORTH MEDICAL CENTER,807 SOUTH ISABELLA STREET,(229) 777-3851,Critical Access Hospitals,Voluntary non-profit - Private,136,17
111328,PHOEBE WORTH MEDICAL CENTER,807 SOUTH ISABELLA STREET,(229) 777-3851,Critical Access Hospitals,Voluntary non-profit - Private,133,20
111328,PHOEBE WORTH MEDICAL CENTER,807 SOUTH ISABELLA STREET,(229) 777-3851,Critical Access Hospitals,Voluntary non-profit - Private,122,31
111328,PHOEBE WORTH MEDICAL CENTER,807 SOUTH ISABELLA STREET,(229) 777-3851,Critical Access Hospitals,Voluntary non-profit - Private,94,59
111328,PHOEBE WORTH MEDICAL CENTER,807 SOUTH ISABELLA STREET,(229) 777-3851,Critical Access Hospitals,Voluntary non-profit - Private,144,9
111328,PHOEBE WORTH MEDICAL CENTER,807 SOUTH ISABELLA STREET,(229) 777-3851,Critical Access Hospitals,Voluntary non-profit - Private,106,47
111328,PHOEBE WORTH MEDICAL CENTER,807 SOUTH ISABELLA STREET,(229) 777-3851,Critical Access Hospitals,Voluntary non-profit - Private,119,34
111328,PHOEBE WORTH MEDICAL CENTER,807 SOUTH ISABELLA STREET,(229) 777-3851,Critical Access Hospitals,Voluntary non-profit - Private,93,60
111328,PHOEBE WORTH MEDICAL CENTER,807 SOUTH ISABELLA STREET,(229) 777-3851,Critical Access Hospitals,Voluntary non-profit - Private,126,27
111328,PHOEBE WORTH MEDICAL CENTER,807 SOUTH ISABELLA STREET,(229) 777-3851,Critical Access Hospitals,Voluntary non-profit - Private,141,12
111328,PHOEBE WORTH MEDICAL CENTER,807 SOUTH ISABELLA STREET,(229) 777-3851,Critical Access Hospitals,Voluntary non-profit - Private,102,51
111328,PHOEBE WORTH MEDICAL CENTER,807 SOUTH ISABELLA STREET,(229) 777-3851,Critical Access Hospitals,Voluntary non-profit - Private,121,32
111328,PHOEBE WORTH MEDICAL CENTER,807 SOUTH ISABELLA STREET,(229) 777-3851,Critical Access Hospitals,Voluntary non-profit - Private,124,29
111328,PHOEBE WORTH MEDICAL CENTER,807 SOUTH ISABELLA STREET,(229) 777-3851,Critical Access Hospitals,Voluntary non-profit - Private,111,42
111328,PHOEBE WORTH MEDICAL CENTER,807 SOUTH ISABELLA STREET,(229) 777-3851,Critical Access Hospitals,Voluntary non-profit - Private,93,60
111328,PHOEBE WORTH MEDICAL CENTER,807 SOUTH ISABELLA STREET,(229) 777-3851,Critical Access Hospitals,Voluntary non-profit - Private,122,31
111328,PHOEBE WORTH MEDICAL CENTER,807 SOUTH ISABELLA STREET,(229) 777-3851,Critical Access Hospitals,Voluntary non-profit - Private,130,23
111328,PHOEBE WORTH MEDICAL CENTER,807 SOUTH ISABELLA STREET,(229) 777-3851,Critical Access Hospitals,Voluntary non-profit - Private,100,53
111328,PHOEBE WORTH MEDICAL CENTER,807 SOUTH ISABELLA STREET,(229) 777-3851,Critical Access Hospitals,Voluntary non-profit - Private,99,54
111328,PHOEBE WORTH MEDICAL CENTER,807 SOUTH ISABELLA STREET,(229) 777-3851,Critical Access Hospitals,Voluntary non-profit - Private,99,54
111328,PHOEBE WORTH MEDICAL CENTER,807 SOUTH ISABELLA STREET,(229) 777-3851,Critical Access Hospitals,Voluntary non-profit - Private,138,15
111328,PHOEBE WORTH MEDICAL CENTER,807 SOUTH ISABELLA STREET,(229) 777-3851,Critical Access Hospitals,Voluntary non-profit - Private,121,32
111328,PHOEBE WORTH MEDICAL CENTER,807 SOUTH ISABELLA STREET,(229) 777-3851,Critical Access Hospitals,Voluntary non-profit - Private,131,22
111328,PHOEBE WORTH MEDICAL CENTER,807 SOUTH ISABELLA STREET,(229) 777-3851,Critical Access Hospitals,Voluntary non-profit - Private,136,17
111328,PHOEBE WORTH MEDICAL CENTER,807 SOUTH ISABELLA STREET,(229) 777-3851,Critical Access Hospitals,Voluntary non-profit - Private,96,57
111328,PHOEBE WORTH MEDICAL CENTER,807 SOUTH ISABELLA STREET,(229) 777-3851,Critical Access Hospitals,Voluntary non-profit - Private,106,47
111328,PHOEBE WORTH MEDICAL CENTER,807 SOUTH ISABELLA STREET,(229) 777-3851,Critical Access Hospitals,Voluntary non-profit - Private,98,55
111328,PHOEBE WORTH MEDICAL CENTER,807 SOUTH ISABELLA STREET,(229) 777-3851,Critical Access Hospitals,Voluntary non-profit - Private,102,51
111328,PHOEBE WORTH MEDICAL CENTER,807 SOUTH ISABELLA STREET,(229) 777-3851,Critical Access Hospitals,Voluntary non-profit - Private,133,20
111328,PHOEBE WORTH MEDICAL CENTER,807 SOUTH ISABELLA STREET,(229) 777-3851,Critical Access Hospitals,Voluntary non-profit - Private,139,14
111328,PHOEBE WORTH MEDICAL CENTER,807 SOUTH ISABELLA STREET,(229) 777-3851,Critical Access Hospitals,Voluntary non-profit - Private,117,36
111328,PHOEBE WORTH MEDICAL CENTER,807 SOUTH ISABELLA STREET,(229) 777-3851,Critical Access Hospitals,Voluntary non-profit - Private,93,60
111328,PHOEBE WORTH MEDICAL CENTER,807 SOUTH ISABELLA STREET,(229) 777-3851,Critical Access Hospitals,Voluntary non-profit - Private,124,29
111328,PHOEBE WORTH MEDICAL CENTER,807 SOUTH ISABELLA STREET,(229) 777-3851,Critical Access Hospitals,Voluntary non-profit - Private,99,54
111328,PHOEBE WORTH MEDICAL CENTER,807 SOUTH ISABELLA STREET,(229) 777-3851,Critical Access Hospitals,Voluntary non-profit - Private,143,10
111328,PHOEBE WORTH MEDICAL CENTER,807 SOUTH ISABELLA STREET,(229) 777-3851,Critical Access Hospitals,Voluntary non-profit - Private,143,10
111328,PHOEBE WORTH MEDICAL CENTER,807 SOUTH ISABELLA STREET,(229) 777-3851,Critical Access Hospitals,Voluntary non-profit - Private,132,21
111328,PHOEBE WORTH MEDICAL CENTER,807 SOUTH ISABELLA STREET,(229) 777-3851,Critical Access Hospitals,Voluntary non-profit - Private,95,58
111328,PHOEBE WORTH MEDICAL CENTER,807 SOUTH ISABELLA STREET,(229) 777-3851,Critical Access Hospitals,Voluntary non-profit - Private,129,24
111328,PHOEBE WORTH MEDICAL CENTER,807 SOUTH ISABELLA STREET,(229) 777-3851,Critical Access Hospitals,Voluntary non-profit - Private,104,49
111328,PHOEBE WORTH MEDICAL CENTER,807 SOUTH ISABELLA STREET,(229) 777-3851,Critical Access Hospitals,Voluntary non-profit - Private,121,32
111328,PHOEBE WORTH MEDICAL CENTER,807 SOUTH ISABELLA STREET,(229) 777-3851,Critical Access Hospitals,Voluntary non-profit - Private,116,37
111328,PHOEBE WORTH MEDICAL CENTER,807 SOUTH ISABELLA STREET,(229) 777-3851,Critical Access Hospitals,Voluntary non-profit - Private,120,33
111328,PHOEBE WORTH MEDICAL CENTER,807 SOUTH ISABELLA STREET,(229) 777-3851,Critical Access Hospitals,Voluntary non-profit - Private,135,18
111328,PHOEBE WORTH MEDICAL CENTER,807 SOUTH ISABELLA STREET,(229) 777-3851,Critical Access Hospitals,Voluntary non-profit - Private,130,23
111328,PHOEBE WORTH MEDICAL CENTER,807 SOUTH ISABELLA STREET,(229) 777-3851,Critical Access Hospitals,Voluntary non-profit - Private,96,57
111328,PHOEBE WORTH MEDICAL CENTER,807 SOUTH ISABELLA STREET,(229) 777-3851,Critical Access Hospitals,Voluntary non-profit - Private,106,47
111328,PHOEBE WORTH MEDICAL CENTER,807 SOUTH ISABELLA STREET,(229) 777-3851,Critical Access Hospitals,Voluntary non-profit - Private,104,49
111328,PHOEBE WORTH MEDICAL CENTER,807 SOUTH ISABELLA STREET,(229) 777-3851,Critical Access Hospitals,Voluntary non-profit - Private,134,19
111328,PHOEBE WORTH MEDICAL CENTER,807 SOUTH ISABELLA STREET,(229) 777-3851,Critical Access Hospitals,Voluntary non-profit - Private,141,12
111328,PHOEBE WORTH MEDICAL CENTER,807 SOUTH ISABELLA STREET,(229) 777-3851,Critical Access Hospitals,Voluntary non-profit - Private,126,27
111328,PHOEBE WORTH MEDICAL CENTER,807 SOUTH ISABELLA STREET,(229) 777-3851,Critical Access Hospitals,Voluntary non-profit - Private,112,41
111328,PHOEBE WORTH MEDICAL CENTER,807 SOUTH ISABELLA STREET,(229) 777-3851,Critical Access Hospitals,Voluntary non-profit - Private,142,11
111328,PHOEBE WORTH MEDICAL CENTER,807 SOUTH ISABELLA STREET,(229) 777-3851,Critical Access Hospitals,Voluntary non-profit - Private,96,57
111328,PHOEBE WORTH MEDICAL CENTER,807 SOUTH ISABELLA STREET,(229) 777-3851,Critical Access Hospitals,Voluntary non-profit - Private,131,22
111328,PHOEBE WORTH MEDICAL CENTER,807 SOUTH ISABELLA STREET,(229) 777-3851,Critical Access Hospitals,Voluntary non-profit - Private,118,35
111328,PHOEBE WORTH MEDICAL CENTER,807 SOUTH ISABELLA STREET,(229) 777-3851,Critical Access Hospitals,Voluntary non-profit - Private,136,17
111328,PHOEBE WORTH MEDICAL CENTER,807 SOUTH ISABELLA STREET,(229) 777-3851,Critical Access Hospitals,Voluntary non-profit - Private,138,15
111328,PHOEBE WORTH MEDICAL CENTER,807 SOUTH ISABELLA STREET,(229) 777-3851,Critical Access Hospitals,Voluntary non-profit - Private,139,14
111328,PHOEBE WORTH MEDICAL CENTER,807 SOUTH ISABELLA STREET,(229) 777-3851,Critical Access Hospitals,Voluntary non-profit - Private,136,17
111328,PHOEBE WORTH MEDICAL CENTER,807 SOUTH ISABELLA STREET,(229) 777-3851,Critical Access Hospitals,Voluntary non-profit - Private,119,34
111328,PHOEBE WORTH MEDICAL CENTER,807 SOUTH ISABELLA STREET,(229) 777-3851,Critical Access Hospitals,Voluntary non-profit - Private,114,39
111328,PHOEBE WORTH MEDICAL CENTER,807 SOUTH ISABELLA STREET,(229) 777-3851,Critical Access Hospitals,Voluntary non-profit - Private,137,16
111328,PHOEBE WORTH MEDICAL CENTER,807 SOUTH ISABELLA STREET,(229) 777-3851,Critical Access Hospitals,Voluntary non-profit - Private,96,57
111328,PHOEBE WORTH MEDICAL CENTER,807 SOUTH ISABELLA STREET,(229) 777-3851,Critical Access Hospitals,Voluntary non-profit - Private,101,52
111328,PHOEBE WORTH MEDICAL CENTER,807 SOUTH ISABELLA STREET,(229) 777-3851,Critical Access Hospitals,Voluntary non-profit - Private,103,50
111328,PHOEBE WORTH MEDICAL CENTER,807 SOUTH ISABELLA STREET,(229) 777-3851,Critical Access Hospitals,Voluntary non-profit - Private,130,23
111328,PHOEBE WORTH MEDICAL CENTER,807 SOUTH ISABELLA STREET,(229) 777-3851,Critical Access Hospitals,Voluntary non-profit - Private,92,61
111328,PHOEBE WORTH MEDICAL CENTER,807 SOUTH ISABELLA STREET,(229) 777-3851,Critical Access Hospitals,Voluntary non-profit - Private,137,16
111328,PHOEBE WORTH MEDICAL CENTER,807 SOUTH ISABELLA STREET,(229) 777-3851,Critical Access Hospitals,Voluntary non-profit - Private,143,10
111328,PHOEBE WORTH MEDICAL CENTER,807 SOUTH ISABELLA STREET,(229) 777-3851,Critical Access Hospitals,Voluntary non-profit - Private,117,36
111328,PHOEBE WORTH MEDICAL CENTER,807 SOUTH ISABELLA STREET,(229) 777-3851,Critical Access Hospitals,Voluntary non-profit - Private,121,32
111328,PHOEBE WORTH MEDICAL CENTER,807 SOUTH ISABELLA STREET,(229) 777-3851,Critical Access Hospitals,Voluntary non-profit - Private,115,38
111328,PHOEBE WORTH MEDICAL CENTER,807 SOUTH ISABELLA STREET,(229) 777-3851,Critical Access Hospitals,Voluntary non-profit - Private,92,61
111328,PHOEBE WORTH MEDICAL CENTER,807 SOUTH ISABELLA STREET,(229) 777-3851,Critical Access Hospitals,Voluntary non-profit - Private,122,31
111328,PHOEBE WORTH MEDICAL CENTER,807 SOUTH ISABELLA STREET,(229) 777-3851,Critical Access Hospitals,Voluntary non-profit - Private,142,11
111328,PHOEBE WORTH MEDICAL CENTER,807 SOUTH ISABELLA STREET,(229) 777-3851,Critical Access Hospitals,Voluntary non-profit - Private,139,14
111328,PHOEBE WORTH MEDICAL CENTER,807 SOUTH ISABELLA STREET,(229) 777-3851,Critical Access Hospitals,Voluntary non-profit - Private,97,56
111328,PHOEBE WORTH MEDICAL CENTER,807 SOUTH ISABELLA STREET,(229) 777-3851,Critical Access Hospitals,Voluntary non-profit - Private,110,43
111328,PHOEBE WORTH MEDICAL CENTER,807 SOUTH ISABELLA STREET,(229) 777-3851,Critical Access Hospitals,Voluntary non-profit - Private,104,49
111328,PHOEBE WORTH MEDICAL CENTER,807 SOUTH ISABELLA STREET,(229) 777-3851,Critical Access Hospitals,Voluntary non-profit - Private,127,26
111328,PHOEBE WORTH MEDICAL CENTER,807 SOUTH ISABELLA STREET,(229) 777-3851,Critical Access Hospitals,Voluntary non-profit - Private,144,9
111328,PHOEBE WORTH MEDICAL CENTER,807 SOUTH ISABELLA STREET,(229) 777-3851,Critical Access Hospitals,Voluntary non-profit - Private,119,34
111328,PHOEBE WORTH MEDICAL CENTER,807 SOUTH ISABELLA STREET,(229) 777-3851,Critical Access Hospitals,Voluntary non-profit - Private,126,27
111328,PHOEBE WORTH MEDICAL CENTER,807 SOUTH ISABELLA STREET,(229) 777-3851,Critical Access Hospitals,Voluntary non-profit - Private,119,34
111328,PHOEBE WORTH MEDICAL CENTER,807 SOUTH ISABELLA STREET,(229) 777-3851,Critical Access Hospitals,Voluntary non-profit - Private,134,19
111328,PHOEBE WORTH MEDICAL CENTER,807 SOUTH ISABELLA STREET,(229) 777-3851,Critical Access Hospitals,Voluntary non-profit - Private,97,56
111328,PHOEBE WORTH MEDICAL CENTER,807 SOUTH ISABELLA STREET,(229) 777-3851,Critical Access Hospitals,Voluntary non-profit - Private,102,51
111328,PHOEBE WORTH MEDICAL CENTER,807 SOUTH ISABELLA STREET,(229) 777-3851,Critical Access Hospitals,Voluntary non-profit - Private,103,50
111328,PHOEBE WORTH MEDICAL CENTER,807 SOUTH ISABELLA STREET,(229) 777-3851,Critical Access Hospitals,Voluntary non-profit - Private,145,8
111328,PHOEBE WORTH MEDICAL CENTER,807 SOUTH ISABELLA STREET,(229) 777-3851,Critical Access Hospitals,Voluntary non-profit - Private,142,11
111328,PHOEBE WORTH MEDICAL CENTER,807 SOUTH ISABELLA STREET,(229) 777-3851,Critical Access Hospitals,Voluntary non-profit - Private,95,58
111328,PHOEBE WORTH MEDICAL CENTER,807 SOUTH ISABELLA STREET,(229) 777-3851,Critical Access Hospitals,Voluntary non-profit - Private,108,45
111328,PHOEBE WORTH MEDICAL CENTER,807 SOUTH ISABELLA STREET,(229) 777-3851,Critical Access Hospitals,Voluntary non-profit - Private,91,62
111328,PHOEBE WORTH MEDICAL CENTER,807 SOUTH ISABELLA STREET,(229) 777-3851,Critical Access Hospitals,Voluntary non-profit - Private,112,41
111328,PHOEBE WORTH MEDICAL CENTER,807 SOUTH ISABELLA STREET,(229) 777-3851,Critical Access Hospitals,Voluntary non-profit - Private,122,31
111328,PHOEBE WORTH MEDICAL CENTER,807 SOUTH ISABELLA STREET,(229) 777-3851,Critical Access Hospitals,Voluntary non-profit - Private,93,60
111328,PHOEBE WORTH MEDICAL CENTER,807 SOUTH ISABELLA STREET,(229) 777-3851,Critical Access Hospitals,Voluntary non-profit - Private,110,43
111328,PHOEBE WORTH MEDICAL CENTER,807 SOUTH ISABELLA STREET,(229) 777-3851,Critical Access Hospitals,Voluntary non-profit - Private,93,60
111328,PHOEBE WORTH MEDICAL CENTER,807 SOUTH ISABELLA STREET,(229) 777-3851,Critical Access Hospitals,Voluntary non-profit - Private,126,27
111328,PHOEBE WORTH MEDICAL CENTER,807 SOUTH ISABELLA STREET,(229) 777-3851,Critical Access Hospitals,Voluntary non-profit - Private,107,46
111328,PHOEBE WORTH MEDICAL CENTER,807 SOUTH ISABELLA STREET,(229) 777-3851,Critical Access Hospitals,Voluntary non-profit - Private,107,46
111328,PHOEBE WORTH MEDICAL CENTER,807 SOUTH ISABELLA STREET,(229) 777-3851,Critical Access Hospitals,Voluntary non-profit - Private,121,32
111328,PHOEBE WORTH MEDICAL CENTER,807 SOUTH ISABELLA STREET,(229) 777-3851,Critical Access Hospitals,Voluntary non-profit - Private,110,43
111328,PHOEBE WORTH MEDICAL CENTER,807 SOUTH ISABELLA STREET,(229) 777-3851,Critical Access Hospitals,Voluntary non-profit - Private,122,31
111328,PHOEBE WORTH MEDICAL CENTER,807 SOUTH ISABELLA STREET,(229) 777-3851,Critical Access Hospitals,Voluntary non-profit - Private,137,16
111328,PHOEBE WORTH MEDICAL CENTER,807 SOUTH ISABELLA STREET,(229) 777-3851,Critical Access Hospitals,Voluntary non-profit - Private,133,20
111328,PHOEBE WORTH MEDICAL CENTER,807 SOUTH ISABELLA STREET,(229) 777-3851,Critical Access Hospitals,Voluntary non-profit - Private,93,60
111328,PHOEBE WORTH MEDICAL CENTER,807 SOUTH ISABELLA STREET,(229) 777-3851,Critical Access Hospitals,Voluntary non-profit - Private,101,52
111328,PHOEBE WORTH MEDICAL CENTER,807 SOUTH ISABELLA STREET,(229) 777-3851,Critical Access Hospitals,Voluntary non-profit - Private,134,19
111328,PHOEBE WORTH MEDICAL CENTER,807 SOUTH ISABELLA STREET,(229) 777-3851,Critical Access Hospitals,Voluntary non-profit - Private,118,35
111328,PHOEBE WORTH MEDICAL CENTER,807 SOUTH ISABELLA STREET,(229) 777-3851,Critical Access Hospitals,Voluntary non-profit - Private,129,24
111328,PHOEBE WORTH MEDICAL CENTER,807 SOUTH ISABELLA STREET,(229) 777-3851,Critical Access Hospitals,Voluntary non-profit - Private,130,23
111328,PHOEBE WORTH MEDICAL CENTER,807 SOUTH ISABELLA STREET,(229) 777-3851,Critical Access Hospitals,Voluntary non-profit - Private,105,48
111328,PHOEBE WORTH MEDICAL CENTER,807 SOUTH ISABELLA STREET,(229) 777-3851,Critical Access Hospitals,Voluntary non-profit - Private,141,12
111328,PHOEBE WORTH MEDICAL CENTER,807 SOUTH ISABELLA STREET,(229) 777-3851,Critical Access Hospitals,Voluntary non-profit - Private,124,29
111328,PHOEBE WORTH MEDICAL CENTER,807 SOUTH ISABELLA STREET,(229) 777-3851,Critical Access Hospitals,Voluntary non-profit - Private,141,12
111328,PHOEBE WORTH MEDICAL CENTER,807 SOUTH ISABELLA STREET,(229) 777-3851,Critical Access Hospitals,Voluntary non-profit - Private,103,50
111328,PHOEBE WORTH MEDICAL CENTER,807 SOUTH ISABELLA STREET,(229) 777-3851,Critical Access Hospitals,Voluntary non-profit - Private,92,61
111328,PHOEBE WORTH MEDICAL CENTER,807 SOUTH ISABELLA STREET,(229) 777-3851,Critical Access Hospitals,Voluntary non-profit - Private,125,28
111328,PHOEBE WORTH MEDICAL CENTER,807 SOUTH ISABELLA STREET,(229) 777-3851,Critical Access Hospitals,Voluntary non-profit - Private,124,29
111328,PHOEBE WORTH MEDICAL CENTER,807 SOUTH ISABELLA STREET,(229) 777-3851,Critical Access Hospitals,Voluntary non-profit - Private,130,23
111328,PHOEBE WORTH MEDICAL CENTER,807 SOUTH ISABELLA STREET,(229) 777-3851,Critical Access Hospitals,Voluntary non-profit - Private,97,56
111328,PHOEBE WORTH MEDICAL CENTER,807 SOUTH ISABELLA STREET,(229) 777-3851,Critical Access Hospitals,Voluntary non-profit - Private,113,40
111328,PHOEBE WORTH MEDICAL CENTER,807 SOUTH ISABELLA STREET,(229) 777-3851,Critical Access Hospitals,Voluntary non-profit - Private,125,28
111328,PHOEBE WORTH MEDICAL CENTER,807 SOUTH ISABELLA STREET,(229) 777-3851,Critical Access Hospitals,Voluntary non-profit - Private,107,46
111328,PHOEBE WORTH MEDICAL CENTER,807 SOUTH ISABELLA STREET,(229) 777-3851,Critical Access Hospitals,Voluntary non-profit - Private,142,11
111328,PHOEBE WORTH MEDICAL CENTER,807 SOUTH ISABELLA STREET,(229) 777-3851,Critical Access Hospitals,Voluntary non-profit - Private,143,10
111328,PHOEBE WORTH MEDICAL CENTER,807 SOUTH ISABELLA STREET,(229) 777-3851,Critical Access Hospitals,Voluntary non-profit - Private,97,56
111328,PHOEBE WORTH MEDICAL CENTER,807 SOUTH ISABELLA STREET,(229) 777-3851,Critical Access Hospitals,Voluntary non-profit - Private,104,49
111328,PHOEBE WORTH MEDICAL CENTER,807 SOUTH ISABELLA STREET,(229) 777-3851,Critical Access Hospitals,Voluntary non-profit - Private,104,49
111328,PHOEBE WORTH MEDICAL CENTER,807 SOUTH ISABELLA STREET,(229) 777-3851,Critical Access Hospitals,Voluntary non-profit - Private,93,60
111328,PHOEBE WORTH MEDICAL CENTER,807 SOUTH ISABELLA STREET,(229) 777-3851,Critical Access Hospitals,Voluntary non-profit - Private,125,28
111328,PHOEBE WORTH MEDICAL CENTER,807 SOUTH ISABELLA STREET,(229) 777-3851,Critical Access Hospitals,Voluntary non-profit - Private,92,61
111328,PHOEBE WORTH MEDICAL CENTER,807 SOUTH ISABELLA STREET,(229) 777-3851,Critical Access Hospitals,Voluntary non-profit - Private,105,48
111328,PHOEBE WORTH MEDICAL CENTER,807 SOUTH ISABELLA STREET,(229) 777-3851,Critical Access Hospitals,Voluntary non-profit - Private,135,18
111328,PHOEBE WORTH MEDICAL CENTER,807 SOUTH ISABELLA STREET,(229) 777-3851,Critical Access Hospitals,Voluntary non-profit - Private,130,23
111328,PHOEBE WORTH MEDICAL CENTER,807 SOUTH ISABELLA STREET,(229) 777-3851,Critical Access Hospitals,Voluntary non-profit - Private,109,44
111328,PHOEBE WORTH MEDICAL CENTER,807 SOUTH ISABELLA STREET,(229) 777-3851,Critical Access Hospitals,Voluntary non-profit - Private,105,48
111328,PHOEBE WORTH MEDICAL CENTER,807 SOUTH ISABELLA STREET,(229) 777-3851,Critical Access Hospitals,Voluntary non-profit - Private,99,54
111328,PHOEBE WORTH MEDICAL CENTER,807 SOUTH ISABELLA STREET,(229) 777-3851,Critical Access Hospitals,Voluntary non-profit - Private,105,48
111328,PHOEBE WORTH MEDICAL CENTER,807 SOUTH ISABELLA STREET,(229) 777-3851,Critical Access Hospitals,Voluntary non-profit - Private,142,11
111328,PHOEBE WORTH MEDICAL CENTER,807 SOUTH ISABELLA STREET,(229) 777-3851,Critical Access Hospitals,Voluntary non-profit - Private,138,15
111328,PHOEBE WORTH MEDICAL CENTER,807 SOUTH ISABELLA STREET,(229) 777-3851,Critical Access Hospitals,Voluntary non-profit - Private,96,57
111328,PHOEBE WORTH MEDICAL CENTER,807 SOUTH ISABELLA STREET,(229) 777-3851,Critical Access Hospitals,Voluntary non-profit - Private,144,9
111328,PHOEBE WORTH MEDICAL CENTER,807 SOUTH ISABELLA STREET,(229) 777-3851,Critical Access Hospitals,Voluntary non-profit - Private,113,40
111328,PHOEBE WORTH MEDICAL CENTER,807 SOUTH ISABELLA STREET,(229) 777-3851,Critical Access Hospitals,Voluntary non-profit - Private,98,55
111328,PHOEBE WORTH MEDICAL CENTER,807 SOUTH ISABELLA STREET,(229) 777-3851,Critical Access Hospitals,Voluntary non-profit - Private,107,46
111328,PHOEBE WORTH MEDICAL CENTER,807 SOUTH ISABELLA STREET,(229) 777-3851,Critical Access Hospitals,Voluntary non-profit - Private,121,32
111328,PHOEBE WORTH MEDICAL CENTER,807 SOUTH ISABELLA STREET,(229) 777-3851,Critical Access Hospitals,Voluntary non-profit - Private,142,11
111328,PHOEBE WORTH MEDICAL CENTER,807 SOUTH ISABELLA STREET,(229) 777-3851,Critical Access Hospitals,Voluntary non-profit - Private,114,39
111328,PHOEBE WORTH MEDICAL CENTER,807 SOUTH ISABELLA STREET,(229) 777-3851,Critical Access Hospitals,Voluntary non-profit - Private,132,21
111328,PHOEBE WORTH MEDICAL CENTER,807 SOUTH ISABELLA STREET,(229) 777-3851,Critical Access Hospitals,Voluntary non-profit - Private,128,25
111328,PHOEBE WORTH MEDICAL CENTER,807 SOUTH ISABELLA STREET,(229) 777-3851,Critical Access Hospitals,Voluntary non-profit - Private,136,17
111328,PHOEBE WORTH MEDICAL CENTER,807 SOUTH ISABELLA STREET,(229) 777-3851,Critical Access Hospitals,Voluntary non-profit - Private,98,55
111328,PHOEBE WORTH MEDICAL CENTER,807 SOUTH ISABELLA STREET,(229) 777-3851,Critical Access Hospitals,Voluntary non-profit - Private,124,29
111328,PHOEBE WORTH MEDICAL CENTER,807 SOUTH ISABELLA STREET,(229) 777-3851,Critical Access Hospitals,Voluntary non-profit - Private,135,18
111328,PHOEBE WORTH MEDICAL CENTER,807 SOUTH ISABELLA STREET,(229) 777-3851,Critical Access Hospitals,Voluntary non-profit - Private,96,57
111328,PHOEBE WORTH MEDICAL CENTER,807 SOUTH ISABELLA STREET,(229) 777-3851,Critical Access Hospitals,Voluntary non-profit - Private,130,23
111328,PHOEBE WORTH MEDICAL CENTER,807 SOUTH ISABELLA STREET,(229) 777-3851,Critical Access Hospitals,Voluntary non-profit - Private,110,43
111328,PHOEBE WORTH MEDICAL CENTER,807 SOUTH ISABELLA STREET,(229) 777-3851,Critical Access Hospitals,Voluntary non-profit - Private,131,22
111328,PHOEBE WORTH MEDICAL CENTER,807 SOUTH ISABELLA STREET,(229) 777-3851,Critical Access Hospitals,Voluntary non-profit - Private,112,41
111328,PHOEBE WORTH MEDICAL CENTER,807 SOUTH ISABELLA STREET,(229) 777-3851,Critical Access Hospitals,Voluntary non-profit - Private,97,56
111328,PHOEBE WORTH MEDICAL CENTER,807 SOUTH ISABELLA STREET,(229) 777-3851,Critical Access Hospitals,Voluntary non-profit - Private,116,37
111328,PHOEBE WORTH MEDICAL CENTER,807 SOUTH ISABELLA STREET,(229) 777-3851,Critical Access Hospitals,Voluntary non-profit - Private,100,53
111328,PHOEBE WORTH MEDICAL CENTER,807 SOUTH ISABELLA STREET,(229) 777-3851,Critical Access Hospitals,Voluntary non-profit - Private,107,46
111328,PHOEBE WORTH MEDICAL CENTER,807 SOUTH ISABELLA STREET,(229) 777-3851,Critical Access Hospitals,Voluntary non-profit - Private,114,39
111328,PHOEBE WORTH MEDICAL CENTER,807 SOUTH ISABELLA STREET,(229) 777-3851,Critical Access Hospitals,Voluntary non-profit - Private,99,54
111328,PHOEBE WORTH MEDICAL CENTER,807 SOUTH ISABELLA STREET,(229) 777-3851,Critical Access Hospitals,Voluntary non-profit - Private,110,43
111328,PHOEBE WORTH MEDICAL CENTER,807 SOUTH ISABELLA STREET,(229) 777-3851,Critical Access Hospitals,Voluntary non-profit - Private,129,24
111328,PHOEBE WORTH MEDICAL CENTER,807 SOUTH ISABELLA STREET,(229) 777-3851,Critical Access Hospitals,Voluntary non-profit - Private,142,11
111328,PHOEBE WORTH MEDICAL CENTER,807 SOUTH ISABELLA STREET,(229) 777-3851,Critical Access Hospitals,Voluntary non-profit - Private,100,53
111328,PHOEBE WORTH MEDICAL CENTER,807 SOUTH ISABELLA STREET,(229) 777-3851,Critical Access Hospitals,Voluntary non-profit - Private,98,55
111328,PHOEBE WORTH MEDICAL CENTER,807 SOUTH ISABELLA STREET,(229) 777-3851,Critical Access Hospitals,Voluntary non-profit - Private,134,19
111328,PHOEBE WORTH MEDICAL CENTER,807 SOUTH ISABELLA STREET,(229) 777-3851,Critical Access Hospitals,Voluntary non-profit - Private,116,37
111328,PHOEBE WORTH MEDICAL CENTER,807 SOUTH ISABELLA STREET,(229) 777-3851,Critical Access Hospitals,Voluntary non-profit - Private,101,52
111328,PHOEBE WORTH MEDICAL CENTER,807 SOUTH ISABELLA STREET,(229) 777-3851,Critical Access Hospitals,Voluntary non-profit - Private,106,47
111328,PHOEBE WORTH MEDICAL CENTER,807 SOUTH ISABELLA STREET,(229) 777-3851,Critical Access Hospitals,Voluntary non-profit - Private,109,44
111328,PHOEBE WORTH MEDICAL CENTER,807 SOUTH ISABELLA STREET,(229) 777-3851,Critical Access Hospitals,Voluntary non-profit - Private,122,31
111328,PHOEBE WORTH MEDICAL CENTER,807 SOUTH ISABELLA STREET,(229) 777-3851,Critical Access Hospitals,Voluntary non-profit - Private,141,12
111328,PHOEBE WORTH MEDICAL CENTER,807 SOUTH ISABELLA STREET,(229) 777-3851,Critical Access Hospitals,Voluntary non-profit - Private,124,29
111328,PHOEBE WORTH MEDICAL CENTER,807 SOUTH ISABELLA STREET,(229) 777-3851,Critical Access Hospitals,Voluntary non-profit - Private,142,11
111328,PHOEBE WORTH MEDICAL CENTER,807 SOUTH ISABELLA STREET,(229) 777-3851,Critical Access Hospitals,Voluntary non-profit - Private,137,16
111328,PHOEBE WORTH MEDICAL CENTER,807 SOUTH ISABELLA STREET,(229) 777-3851,Critical Access Hospitals,Voluntary non-profit - Private,94,59
111328,PHOEBE WORTH MEDICAL CENTER,807 SOUTH ISABELLA STREET,(229) 777-3851,Critical Access Hospitals,Voluntary non-profit - Private,109,44
111328,PHOEBE WORTH MEDICAL CENTER,807 SOUTH ISABELLA STREET,(229) 777-3851,Critical Access Hospitals,Voluntary non-profit - Private,142,11
111328,PHOEBE WORTH MEDICAL CENTER,807 SOUTH ISABELLA STREET,(229) 777-3851,Critical Access Hospitals,Voluntary non-profit - Private,143,10
111328,PHOEBE WORTH MEDICAL CENTER,807 SOUTH ISABELLA STREET,(229) 777-3851,Critical Access Hospitals,Voluntary non-profit - Private,118,35
111328,PHOEBE WORTH MEDICAL CENTER,807 SOUTH ISABELLA STREET,(229) 777-3851,Critical Access Hospitals,Voluntary non-profit - Private,123,30
111328,PHOEBE WORTH MEDICAL CENTER,807 SOUTH ISABELLA STREET,(229) 777-3851,Critical Access Hospitals,Voluntary non-profit - Private,145,8
111328,PHOEBE WORTH MEDICAL CENTER,807 SOUTH ISABELLA STREET,(229) 777-3851,Critical Access Hospitals,Voluntary non-profit - Private,99,54
111328,PHOEBE WORTH MEDICAL CENTER,807 SOUTH ISABELLA STREET,(229) 777-3851,Critical Access Hospitals,Voluntary non-profit - Private,117,36
111328,PHOEBE WORTH MEDICAL CENTER,807 SOUTH ISABELLA STREET,(229) 777-3851,Critical Access Hospitals,Voluntary non-profit - Private,143,10
111328,PHOEBE WORTH MEDICAL CENTER,807 SOUTH ISABELLA STREET,(229) 777-3851,Critical Access Hospitals,Voluntary non-profit - Private,135,18
111328,PHOEBE WORTH MEDICAL CENTER,807 SOUTH ISABELLA STREET,(229) 777-3851,Critical Access Hospitals,Voluntary non-profit - Private,140,13
111328,PHOEBE WORTH MEDICAL CENTER,807 SOUTH ISABELLA STREET,(229) 777-3851,Critical Access Hospitals,Voluntary non-profit - Private,99,54
111328,PHOEBE WORTH MEDICAL CENTER,807 SOUTH ISABELLA STREET,(229) 777-3851,Critical Access Hospitals,Voluntary non-profit - Private,101,52
111328,PHOEBE WORTH MEDICAL CENTER,807 SOUTH ISABELLA STREET,(229) 777-3851,Critical Access Hospitals,Voluntary non-profit - Private,117,36
111328,PHOEBE WORTH MEDICAL CENTER,807 SOUTH ISABELLA STREET,(229) 777-3851,Critical Access Hospitals,Voluntary non-profit - Private,115,38
111328,PHOEBE WORTH MEDICAL CENTER,807 SOUTH ISABELLA STREET,(229) 777-3851,Critical Access Hospitals,Voluntary non-profit - Private,144,9
111328,PHOEBE WORTH MEDICAL CENTER,807 SOUTH ISABELLA STREET,(229) 777-3851,Critical Access Hospitals,Voluntary non-profit - Private,123,30
111328,PHOEBE WORTH MEDICAL CENTER,807 SOUTH ISABELLA STREET,(229) 777-3851,Critical Access Hospitals,Voluntary non-profit - Private,97,56
111328,PHOEBE WORTH MEDICAL CENTER,807 SOUTH ISABELLA STREET,(229) 777-3851,Critical Access Hospitals,Voluntary non-profit - Private,140,13
111328,PHOEBE WORTH MEDICAL CENTER,807 SOUTH ISABELLA STREET,(229) 777-3851,Critical Access Hospitals,Voluntary non-profit - Private,94,59
111328,PHOEBE WORTH MEDICAL CENTER,807 SOUTH ISABELLA STREET,(229) 777-3851,Critical Access Hospitals,Voluntary non-profit - Private,116,37
111328,PHOEBE WORTH MEDICAL CENTER,807 SOUTH ISABELLA STREET,(229) 777-3851,Critical Access Hospitals,Voluntary non-profit - Private,93,60
111328,PHOEBE WORTH MEDICAL CENTER,807 SOUTH ISABELLA STREET,(229) 777-3851,Critical Access Hospitals,Voluntary non-profit - Private,126,27
111328,PHOEBE WORTH MEDICAL CENTER,807 SOUTH ISABELLA STREET,(229) 777-3851,Critical Access Hospitals,Voluntary non-profit - Private,136,17
111328,PHOEBE WORTH MEDICAL CENTER,807 SOUTH ISABELLA STREET,(229) 777-3851,Critical Access Hospitals,Voluntary non-profit - Private,137,16
111328,PHOEBE WORTH MEDICAL CENTER,807 SOUTH ISABELLA STREET,(229) 777-3851,Critical Access Hospitals,Voluntary non-profit - Private,99,54
111328,PHOEBE WORTH MEDICAL CENTER,807 SOUTH ISABELLA STREET,(229) 777-3851,Critical Access Hospitals,Voluntary non-profit - Private,114,39
111328,PHOEBE WORTH MEDICAL CENTER,807 SOUTH ISABELLA STREET,(229) 777-3851,Critical Access Hospitals,Voluntary non-profit - Private,108,45
111328,PHOEBE WORTH MEDICAL CENTER,807 SOUTH ISABELLA STREET,(229) 777-3851,Critical Access Hospitals,Voluntary non-profit - Private,117,36
111328,PHOEBE WORTH MEDICAL CENTER,807 SOUTH ISABELLA STREET,(229) 777-3851,Critical Access Hospitals,Voluntary non-profit - Private,143,10
111328,PHOEBE WORTH MEDICAL CENTER,807 SOUTH ISABELLA STREET,(229) 777-3851,Critical Access Hospitals,Voluntary non-profit - Private,109,44
111328,PHOEBE WORTH MEDICAL CENTER,807 SOUTH ISABELLA STREET,(229) 777-3851,Critical Access Hospitals,Voluntary non-profit - Private,98,55
111328,PHOEBE WORTH MEDICAL CENTER,807 SOUTH ISABELLA STREET,(229) 777-3851,Critical Access Hospitals,Voluntary non-profit - Private,97,56
111328,PHOEBE WORTH MEDICAL CENTER,807 SOUTH ISABELLA STREET,(229) 777-3851,Critical Access Hospitals,Voluntary non-profit - Private,92,61
111328,PHOEBE WORTH MEDICAL CENTER,807 SOUTH ISABELLA STREET,(229) 777-3851,Critical Access Hospitals,Voluntary non-profit - Private,123,30
111328,PHOEBE WORTH MEDICAL CENTER,807 SOUTH ISABELLA STREET,(229) 777-3851,Critical Access Hospitals,Voluntary non-profit - Private,122,31
111328,PHOEBE WORTH MEDICAL CENTER,807 SOUTH ISABELLA STREET,(229) 777-3851,Critical Access Hospitals,Voluntary non-profit - Private,91,62
111328,PHOEBE WORTH MEDICAL CENTER,807 SOUTH ISABELLA STREET,(229) 777-3851,Critical Access Hospitals,Voluntary non-profit - Private,142,11
111328,PHOEBE WORTH MEDICAL CENTER,807 SOUTH ISABELLA STREET,(229) 777-3851,Critical Access Hospitals,Voluntary non-profit - Private,122,31
111328,PHOEBE WORTH MEDICAL CENTER,807 SOUTH ISABELLA STREET,(229) 777-3851,Critical Access Hospitals,Voluntary non-profit - Private,131,22
111328,PHOEBE WORTH MEDICAL CENTER,807 SOUTH ISABELLA STREET,(229) 777-3851,Critical Access Hospitals,Voluntary non-profit - Private,133,20
111328,PHOEBE WORTH MEDICAL CENTER,807 SOUTH ISABELLA STREET,(229) 777-3851,Critical Access Hospitals,Voluntary non-profit - Private,142,11
111328,PHOEBE WORTH MEDICAL CENTER,807 SOUTH ISABELLA STREET,(229) 777-3851,Critical Access Hospitals,Voluntary non-profit - Private,137,16
111328,PHOEBE WORTH MEDICAL CENTER,807 SOUTH ISABELLA STREET,(229) 777-3851,Critical Access Hospitals,Voluntary non-profit - Private,94,59
111328,PHOEBE WORTH MEDICAL CENTER,807 SOUTH ISABELLA STREET,(229) 777-3851,Critical Access Hospitals,Voluntary non-profit - Private,143,10
111328,PHOEBE WORTH MEDICAL CENTER,807 SOUTH ISABELLA STREET,(229) 777-3851,Critical Access Hospitals,Voluntary non-profit - Private,96,57
111328,PHOEBE WORTH MEDICAL CENTER,807 SOUTH ISABELLA STREET,(229) 777-3851,Critical Access Hospitals,Voluntary non-profit - Private,107,46
111328,PHOEBE WORTH MEDICAL CENTER,807 SOUTH ISABELLA STREET,(229) 777-3851,Critical Access Hospitals,Voluntary non-profit - Private,96,57
111328,PHOEBE WORTH MEDICAL CENTER,807 SOUTH ISABELLA STREET,(229) 777-3851,Critical Access Hospitals,Voluntary non-profit - Private,96,57
111328,PHOEBE WORTH MEDICAL CENTER,807 SOUTH ISABELLA STREET,(229) 777-3851,Critical Access Hospitals,Voluntary non-profit - Private,138,15
111328,PHOEBE WORTH MEDICAL CENTER,807 SOUTH ISABELLA STREET,(229) 777-3851,Critical Access Hospitals,Voluntary non-profit - Private,104,49
111328,PHOEBE WORTH MEDICAL CENTER,807 SOUTH ISABELLA STREET,(229) 777-3851,Critical Access Hospitals,Voluntary non-profit - Private,99,54
111328,PHOEBE WORTH MEDICAL CENTER,807 SOUTH ISABELLA STREET,(229) 777-3851,Critical Access Hospitals,Voluntary non-profit - Private,128,25
111328,PHOEBE WORTH MEDICAL CENTER,807 SOUTH ISABELLA STREET,(229) 777-3851,Critical Access Hospitals,Voluntary non-profit - Private,136,17
111328,PHOEBE WORTH MEDICAL CENTER,807 SOUTH ISABELLA STREET,(229) 777-3851,Critical Access Hospitals,Voluntary non-profit - Private,142,11
111328,PHOEBE WORTH MEDICAL CENTER,807 SOUTH ISABELLA STREET,(229) 777-3851,Critical Access Hospitals,Voluntary non-profit - Private,115,38
111328,PHOEBE WORTH MEDICAL CENTER,807 SOUTH ISABELLA STREET,(229) 777-3851,Critical Access Hospitals,Voluntary non-profit - Private,138,15
111328,PHOEBE WORTH MEDICAL CENTER,807 SOUTH ISABELLA STREET,(229) 777-3851,Critical Access Hospitals,Voluntary non-profit - Private,95,58
111328,PHOEBE WORTH MEDICAL CENTER,807 SOUTH ISABELLA STREET,(229) 777-3851,Critical Access Hospitals,Voluntary non-profit - Private,115,38
111328,PHOEBE WORTH MEDICAL CENTER,807 SOUTH ISABELLA STREET,(229) 777-3851,Critical Access Hospitals,Voluntary non-profit - Private,103,50
111328,PHOEBE WORTH MEDICAL CENTER,807 SOUTH ISABELLA STREET,(229) 777-3851,Critical Access Hospitals,Voluntary non-profit - Private,143,10
111328,PHOEBE WORTH MEDICAL CENTER,807 SOUTH ISABELLA STREET,(229) 777-3851,Critical Access Hospitals,Voluntary non-profit - Private,102,51
111328,PHOEBE WORTH MEDICAL CENTER,807 SOUTH ISABELLA STREET,(229) 777-3851,Critical Access Hospitals,Voluntary non-profit - Private,139,14
111328,PHOEBE WORTH MEDICAL CENTER,807 SOUTH ISABELLA STREET,(229) 777-3851,Critical Access Hospitals,Voluntary non-profit - Private,116,37
111328,PHOEBE WORTH MEDICAL CENTER,807 SOUTH ISABELLA STREET,(229) 777-3851,Critical Access Hospitals,Voluntary non-profit - Private,108,45
111328,PHOEBE WORTH MEDICAL CENTER,807 SOUTH ISABELLA STREET,(229) 777-3851,Critical Access Hospitals,Voluntary non-profit - Private,98,55
111328,PHOEBE WORTH MEDICAL CENTER,807 SOUTH ISABELLA STREET,(229) 777-3851,Critical Access Hospitals,Voluntary non-profit - Private,119,34
111328,PHOEBE WORTH MEDICAL CENTER,807 SOUTH ISABELLA STREET,(229) 777-3851,Critical Access Hospitals,Voluntary non-profit - Private,110,43
111328,PHOEBE WORTH MEDICAL CENTER,807 SOUTH ISABELLA STREET,(229) 777-3851,Critical Access Hospitals,Voluntary non-profit - Private,140,13
111328,PHOEBE WORTH MEDICAL CENTER,807 SOUTH ISABELLA STREET,(229) 777-3851,Critical Access Hospitals,Voluntary non-profit - Private,132,21
111328,PHOEBE WORTH MEDICAL CENTER,807 SOUTH ISABELLA STREET,(229) 777-3851,Critical Access Hospitals,Voluntary non-profit - Private,137,16
111328,PHOEBE WORTH MEDICAL CENTER,807 SOUTH ISABELLA STREET,(229) 777-3851,Critical Access Hospitals,Voluntary non-profit - Private,98,55
111328,PHOEBE WORTH MEDICAL CENTER,807 SOUTH ISABELLA STREET,(229) 777-3851,Critical Access Hospitals,Voluntary non-profit - Private,99,54
111328,PHOEBE WORTH MEDICAL CENTER,807 SOUTH ISABELLA STREET,(229) 777-3851,Critical Access Hospitals,Voluntary non-profit - Private,125,28
111328,PHOEBE WORTH MEDICAL CENTER,807 SOUTH ISABELLA STREET,(229) 777-3851,Critical Access Hospitals,Voluntary non-profit - Private,135,18
111328,PHOEBE WORTH MEDICAL CENTER,807 SOUTH ISABELLA STREET,(229) 777-3851,Critical Access Hospitals,Voluntary non-profit - Private,141,12
111328,PHOEBE WORTH MEDICAL CENTER,807 SOUTH ISABELLA STREET,(229) 777-3851,Critical Access Hospitals,Voluntary non-profit - Private,128,25
111328,PHOEBE WORTH MEDICAL CENTER,807 SOUTH ISABELLA STREET,(229) 777-3851,Critical Access Hospitals,Voluntary non-profit - Private,132,21
111328,PHOEBE WORTH MEDICAL CENTER,807 SOUTH ISABELLA STREET,(229) 777-3851,Critical Access Hospitals,Voluntary non-profit - Private,97,56
111328,PHOEBE WORTH MEDICAL CENTER,807 SOUTH ISABELLA STREET,(229) 777-3851,Critical Access Hospitals,Voluntary non-profit - Private,109,44
111328,PHOEBE WORTH MEDICAL CENTER,807 SOUTH ISABELLA STREET,(229) 777-3851,Critical Access Hospitals,Voluntary non-profit - Private,121,32
111328,PHOEBE WORTH MEDICAL CENTER,807 SOUTH ISABELLA STREET,(229) 777-3851,Critical Access Hospitals,Voluntary non-profit - Private,117,36
111328,PHOEBE WORTH MEDICAL CENTER,807 SOUTH ISABELLA STREET,(229) 777-3851,Critical Access Hospitals,Voluntary non-profit - Private,128,25
111328,PHOEBE WORTH MEDICAL CENTER,807 SOUTH ISABELLA STREET,(229) 777-3851,Critical Access Hospitals,Voluntary non-profit - Private,142,11
111328,PHOEBE WORTH MEDICAL CENTER,807 SOUTH ISABELLA STREET,(229) 777-3851,Critical Access Hospitals,Voluntary non-profit - Private,108,45
111328,PHOEBE WORTH MEDICAL CENTER,807 SOUTH ISABELLA STREET,(229) 777-3851,Critical Access Hospitals,Voluntary non-profit - Private,129,24
111328,PHOEBE WORTH MEDICAL CENTER,807 SOUTH ISABELLA STREET,(229) 777-3851,Critical Access Hospitals,Voluntary non-profit - Private,130,23
111328,PHOEBE WORTH MEDICAL CENTER,807 SOUTH ISABELLA STREET,(229) 777-3851,Critical Access Hospitals,Voluntary non-profit - Private,122,31
111328,PHOEBE WORTH MEDICAL CENTER,807 SOUTH ISABELLA STREET,(229) 777-3851,Critical Access Hospitals,Voluntary non-profit - Private,94,59
111328,PHOEBE WORTH MEDICAL CENTER,807 SOUTH ISABELLA STREET,(229) 777-3851,Critical Access Hospitals,Voluntary non-profit - Private,138,15
111328,PHOEBE WORTH MEDICAL CENTER,807 SOUTH ISABELLA STREET,(229) 777-3851,Critical Access Hospitals,Voluntary non-profit - Private,115,38
111328,PHOEBE WORTH MEDICAL CENTER,807 SOUTH ISABELLA STREET,(229) 777-3851,Critical Access Hospitals,Voluntary non-profit - Private,135,18
111328,PHOEBE WORTH MEDICAL CENTER,807 SOUTH ISABELLA STREET,(229) 777-3851,Critical Access Hospitals,Voluntary non-profit - Private,117,36
111328,PHOEBE WORTH MEDICAL CENTER,807 SOUTH ISABELLA STREET,(229) 777-3851,Critical Access Hospitals,Voluntary non-profit - Private,141,12
111328,PHOEBE WORTH MEDICAL CENTER,807 SOUTH ISABELLA STREET,(229) 777-3851,Critical Access Hospitals,Voluntary non-profit - Private,141,12
111328,PHOEBE WORTH MEDICAL CENTER,807 SOUTH ISABELLA STREET,(229) 777-3851,Critical Access Hospitals,Voluntary non-profit - Private,119,34
111328,PHOEBE WORTH MEDICAL CENTER,807 SOUTH ISABELLA STREET,(229) 777-3851,Critical Access Hospitals,Voluntary non-profit - Private,115,38
111328,PHOEBE WORTH MEDICAL CENTER,807 SOUTH ISABELLA STREET,(229) 777-3851,Critical Access Hospitals,Voluntary non-profit - Private,142,11
111328,PHOEBE WORTH MEDICAL CENTER,807 SOUTH ISABELLA STREET,(229) 777-3851,Critical Access Hospitals,Voluntary non-profit - Private,112,41
111328,PHOEBE WORTH MEDICAL CENTER,807 SOUTH ISABELLA STREET,(229) 777-3851,Critical Access Hospitals,Voluntary non-profit - Private,138,15
111328,PHOEBE WORTH MEDICAL CENTER,807 SOUTH ISABELLA STREET,(229) 777-3851,Critical Access Hospitals,Voluntary non-profit - Private,110,43
111328,PHOEBE WORTH MEDICAL CENTER,807 SOUTH ISABELLA STREET,(229) 777-3851,Critical Access Hospitals,Voluntary non-profit - Private,141,12
111328,PHOEBE WORTH MEDICAL CENTER,807 SOUTH ISABELLA STREET,(229) 777-3851,Critical Access Hospitals,Voluntary non-profit - Private,99,54
111328,PHOEBE WORTH MEDICAL CENTER,807 SOUTH ISABELLA STREET,(229) 777-3851,Critical Access Hospitals,Voluntary non-profit - Private,114,39
111328,PHOEBE WORTH MEDICAL CENTER,807 SOUTH ISABELLA STREET,(229) 777-3851,Critical Access Hospitals,Voluntary non-profit - Private,95,58
111328,PHOEBE WORTH MEDICAL CENTER,807 SOUTH ISABELLA STREET,(229) 777-3851,Critical Access Hospitals,Voluntary non-profit - Private,93,60
111328,PHOEBE WORTH MEDICAL CENTER,807 SOUTH ISABELLA STREET,(229) 777-3851,Critical Access Hospitals,Voluntary non-profit - Private,113,40
111328,PHOEBE WORTH MEDICAL CENTER,807 SOUTH ISABELLA STREET,(229) 777-3851,Critical Access Hospitals,Voluntary non-profit - Private,105,48
111328,PHOEBE WORTH MEDICAL CENTER,807 SOUTH ISABELLA STREET,(229) 777-3851,Critical Access Hospitals,Voluntary non-profit - Private,119,34
111328,PHOEBE WORTH MEDICAL CENTER,807 SOUTH ISABELLA STREET,(229) 777-3851,Critical Access Hospitals,Voluntary non-profit - Private,100,53
111328,PHOEBE WORTH MEDICAL CENTER,807 SOUTH ISABELLA STREET,(229) 777-3851,Critical Access Hospitals,Voluntary non-profit - Private,115,38
111328,PHOEBE WORTH MEDICAL CENTER,807 SOUTH ISABELLA STREET,(229) 777-3851,Critical Access Hospitals,Voluntary non-profit - Private,100,53
111328,PHOEBE WORTH MEDICAL CENTER,807 SOUTH ISABELLA STREET,(229) 777-3851,Critical Access Hospitals,Voluntary non-profit - Private,126,27
111328,PHOEBE WORTH MEDICAL CENTER,807 SOUTH ISABELLA STREET,(229) 777-3851,Critical Access Hospitals,Voluntary non-profit - Private,95,58
111328,PHOEBE WORTH MEDICAL CENTER,807 SOUTH ISABELLA STREET,(229) 777-3851,Critical Access Hospitals,Voluntary non-profit - Private,112,41
111328,PHOEBE WORTH MEDICAL CENTER,807 SOUTH ISABELLA STREET,(229) 777-3851,Critical Access Hospitals,Voluntary non-profit - Private,103,50
111328,PHOEBE WORTH MEDICAL CENTER,807 SOUTH ISABELLA STREET,(229) 777-3851,Critical Access Hospitals,Voluntary non-profit - Private,138,15
111328,PHOEBE WORTH MEDICAL CENTER,807 SOUTH ISABELLA STREET,(229) 777-3851,Critical Access Hospitals,Voluntary non-profit - Private,105,48
111328,PHOEBE WORTH MEDICAL CENTER,807 SOUTH ISABELLA STREET,(229) 777-3851,Critical Access Hospitals,Voluntary non-profit - Private,133,20
111328,PHOEBE WORTH MEDICAL CENTER,807 SOUTH ISABELLA STREET,(229) 777-3851,Critical Access Hospitals,Voluntary non-profit - Private,126,27
111328,PHOEBE WORTH MEDICAL CENTER,807 SOUTH ISABELLA STREET,(229) 777-3851,Critical Access Hospitals,Voluntary non-profit - Private,116,37
111328,PHOEBE WORTH MEDICAL CENTER,807 SOUTH ISABELLA STREET,(229) 777-3851,Critical Access Hospitals,Voluntary non-profit - Private,126,27
111328,PHOEBE WORTH MEDICAL CENTER,807 SOUTH ISABELLA STREET,(229) 777-3851,Critical Access Hospitals,Voluntary non-profit - Private,107,46
111328,PHOEBE WORTH MEDICAL CENTER,807 SOUTH ISABELLA STREET,(229) 777-3851,Critical Access Hospitals,Voluntary non-profit - Private,109,44
111328,PHOEBE WORTH MEDICAL CENTER,807 SOUTH ISABELLA STREET,(229) 777-3851,Critical Access Hospitals,Voluntary non-profit - Private,100,53
111328,PHOEBE WORTH MEDICAL CENTER,807 SOUTH ISABELLA STREET,(229) 777-3851,Critical Access Hospitals,Voluntary non-profit - Private,141,12
111328,PHOEBE WORTH MEDICAL CENTER,807 SOUTH ISABELLA STREET,(229) 777-3851,Critical Access Hospitals,Voluntary non-profit - Private,106,47
111328,PHOEBE WORTH MEDICAL CENTER,807 SOUTH ISABELLA STREET,(229) 777-3851,Critical Access Hospitals,Voluntary non-profit - Private,129,24
111328,PHOEBE WORTH MEDICAL CENTER,807 SOUTH ISABELLA STREET,(229) 777-3851,Critical Access Hospitals,Voluntary non-profit - Private,98,55
111328,PHOEBE WORTH MEDICAL CENTER,807 SOUTH ISABELLA STREET,(229) 777-3851,Critical Access Hospitals,Voluntary non-profit - Private,101,52
111328,PHOEBE WORTH MEDICAL CENTER,807 SOUTH ISABELLA STREET,(229) 777-3851,Critical Access Hospitals,Voluntary non-profit - Private,98,55
111328,PHOEBE WORTH MEDICAL CENTER,807 SOUTH ISABELLA STREET,(229) 777-3851,Critical Access Hospitals,Voluntary non-profit - Private,142,11
111328,PHOEBE WORTH MEDICAL CENTER,807 SOUTH ISABELLA STREET,(229) 777-3851,Critical Access Hospitals,Voluntary non-profit - Private,114,39
111328,PHOEBE WORTH MEDICAL CENTER,807 SOUTH ISABELLA STREET,(229) 777-3851,Critical Access Hospitals,Voluntary non-profit - Private,128,25
111328,PHOEBE WORTH MEDICAL CENTER,807 SOUTH ISABELLA STREET,(229) 777-3851,Critical Access Hospitals,Voluntary non-profit - Private,108,45
111328,PHOEBE WORTH MEDICAL CENTER,807 SOUTH ISABELLA STREET,(229) 777-3851,Critical Access Hospitals,Voluntary non-profit - Private,122,31
111328,PHOEBE WORTH MEDICAL CENTER,807 SOUTH ISABELLA STREET,(229) 777-3851,Critical Access Hospitals,Voluntary non-profit - Private,132,21
111328,PHOEBE WORTH MEDICAL CENTER,807 SOUTH ISABELLA STREET,(229) 777-3851,Critical Access Hospitals,Voluntary non-profit - Private,142,11
111328,PHOEBE WORTH MEDICAL CENTER,807 SOUTH ISABELLA STREET,(229) 777-3851,Critical Access Hospitals,Voluntary non-profit - Private,109,44
111328,PHOEBE WORTH MEDICAL CENTER,807 SOUTH ISABELLA STREET,(229) 777-3851,Critical Access Hospitals,Voluntary non-profit - Private,115,38
111328,PHOEBE WORTH MEDICAL CENTER,807 SOUTH ISABELLA STREET,(229) 777-3851,Critical Access Hospitals,Voluntary non-profit - Private,117,36
111328,PHOEBE WORTH MEDICAL CENTER,807 SOUTH ISABELLA STREET,(229) 777-3851,Critical Access Hospitals,Voluntary non-profit - Private,111,42
111328,PHOEBE WORTH MEDICAL CENTER,807 SOUTH ISABELLA STREET,(229) 777-3851,Critical Access Hospitals,Voluntary non-profit - Private,125,28
111328,PHOEBE WORTH MEDICAL CENTER,807 SOUTH ISABELLA STREET,(229) 777-3851,Critical Access Hospitals,Voluntary non-profit - Private,103,50
111328,PHOEBE WORTH MEDICAL CENTER,807 SOUTH ISABELLA STREET,(229) 777-3851,Critical Access Hospitals,Voluntary non-profit - Private,98,55
111328,PHOEBE WORTH MEDICAL CENTER,807 SOUTH ISABELLA STREET,(229) 777-3851,Critical Access Hospitals,Voluntary non-profit - Private,118,35
111328,PHOEBE WORTH MEDICAL CENTER,807 SOUTH ISABELLA STREET,(229) 777-3851,Critical Access Hospitals,Voluntary non-profit - Private,144,9
111328,PHOEBE WORTH MEDICAL CENTER,807 SOUTH ISABELLA STREET,(229) 777-3851,Critical Access Hospitals,Voluntary non-profit - Private,129,24
111328,PHOEBE WORTH MEDICAL CENTER,807 SOUTH ISABELLA STREET,(229) 777-3851,Critical Access Hospitals,Voluntary non-profit - Private,142,11
111328,PHOEBE WORTH MEDICAL CENTER,807 SOUTH ISABELLA STREET,(229) 777-3851,Critical Access Hospitals,Voluntary non-profit - Private,129,24
111328,PHOEBE WORTH MEDICAL CENTER,807 SOUTH ISABELLA STREET,(229) 777-3851,Critical Access Hospitals,Voluntary non-profit - Private,115,38
111328,PHOEBE WORTH MEDICAL CENTER,807 SOUTH ISABELLA STREET,(229) 777-3851,Critical Access Hospitals,Voluntary non-profit - Private,132,21
111328,PHOEBE WORTH MEDICAL CENTER,807 SOUTH ISABELLA STREET,(229) 777-3851,Critical Access Hospitals,Voluntary non-profit - Private,109,44
111328,PHOEBE WORTH MEDICAL CENTER,807 SOUTH ISABELLA STREET,(229) 777-3851,Critical Access Hospitals,Voluntary non-profit - Private,123,30
111328,PHOEBE WORTH MEDICAL CENTER,807 SOUTH ISABELLA STREET,(229) 777-3851,Critical Access Hospitals,Voluntary non-profit - Private,117,36
111328,PHOEBE WORTH MEDICAL CENTER,807 SOUTH ISABELLA STREET,(229) 777-3851,Critical Access Hospitals,Voluntary non-profit - Private,116,37
111328,PHOEBE WORTH MEDICAL CENTER,807 SOUTH ISABELLA STREET,(229) 777-3851,Critical Access Hospitals,Voluntary non-profit - Private,131,22
111328,PHOEBE WORTH MEDICAL CENTER,807 SOUTH ISABELLA STREET,(229) 777-3851,Critical Access Hospitals,Voluntary non-profit - Private,125,28
111328,PHOEBE WORTH MEDICAL CENTER,807 SOUTH ISABELLA STREET,(229) 777-3851,Critical Access Hospitals,Voluntary non-profit - Private,122,31
111328,PHOEBE WORTH MEDICAL CENTER,807 SOUTH ISABELLA STREET,(229) 777-3851,Critical Access Hospitals,Voluntary non-profit - Private,105,48
111328,PHOEBE WORTH MEDICAL CENTER,807 SOUTH ISABELLA STREET,(229) 777-3851,Critical Access Hospitals,Voluntary non-profit - Private,98,55
111328,PHOEBE WORTH MEDICAL CENTER,807 SOUTH ISABELLA STREET,(229) 777-3851,Critical Access Hospitals,Voluntary non-profit - Private,103,50
111328,PHOEBE WORTH MEDICAL CENTER,807 SOUTH ISABELLA STREET,(229) 777-3851,Critical Access Hospitals,Voluntary non-profit - Private,122,31
