Facility ID,Facility Name,Address,Telephone Number,Hospital Type,Hospital Ownership,Active Beds,Inactive Beds
111330,ATRIUM HEALTH FLOYD POLK MEDICAL CENTER,2360 ROCKMART HIGHWAY,(770) 748-2500,Critical Access Hospitals,Voluntary non-profit - Private,94,55
111330,ATRIUM HEALTH FLOYD POLK MEDICAL CENTER,2360 ROCKMART HIGHWAY,(770) 748-2500,Critical Access Hospitals,Voluntary non-profit - Private,111,38
111330,ATRIUM HEALTH FLOYD POLK MEDICAL CENTER,2360 ROCKMART HIGHWAY,(770) 748-2500,Critical Access Hospitals,Voluntary non-profit - Private,140,9
111330,ATRIUM HEALTH FLOYD POLK MEDICAL CENTER,2360 ROCKMART HIGHWAY,(770) 748-2500,Critical Access Hospitals,Voluntary non-profit - Private,133,16
111330,ATRIUM HEALTH FLOYD POLK MEDICAL CENTER,2360 ROCKMART HIGHWAY,(770) 748-2500,Critical Access Hospitals,Voluntary non-profit - Private,108,41
111330,ATRIUM HEALTH FLOYD POLK MEDICAL CENTER,2360 ROCKMART HIGHWAY,(770) 748-2500,Critical Access Hospitals,Voluntary non-profit - Private,131,18
111330,ATRIUM HEALTH FLOYD POLK MEDICAL CENTER,2360 ROCKMART HIGHWAY,(770) 748-2500,Critical Access Hospitals,Voluntary non-profit - Private,126,23
111330,ATRIUM HEALTH FLOYD POLK MEDICAL CENTER,2360 ROCKMART HIGHWAY,(770) 748-2500,Critical Access Hospitals,Voluntary non-profit - Private,135,14
111330,ATRIUM HEALTH FLOYD POLK MEDICAL CENTER,2360 ROCKMART HIGHWAY,(770) 748-2500,Critical Access Hospitals,Voluntary non-profit - Private,139,10
111330,ATRIUM HEALTH FLOYD POLK MEDICAL CENTER,2360 ROCKMART HIGHWAY,(770) 748-2500,Critical Access Hospitals,Voluntary non-profit - Private,124,25
111330,ATRIUM HEALTH FLOYD POLK MEDICAL CENTER,2360 ROCKMART HIGHWAY,(770) 748-2500,Critical Access Hospitals,Voluntary non-profit - Private,95,54
111330,ATRIUM HEALTH FLOYD POLK MEDICAL CENTER,2360 ROCKMART HIGHWAY,(770) 748-2500,Critical Access Hospitals,Voluntary non-profit - Private,122,27
111330,ATRIUM HEALTH FLOYD POLK MEDICAL CENTER,2360 ROCKMART HIGHWAY,(770) 748-2500,Critical Access Hospitals,Voluntary non-profit - Private,117,32
111330,ATRIUM HEALTH FLOYD POLK MEDICAL CENTER,2360 ROCKMART HIGHWAY,(770) 748-2500,Critical Access Hospitals,Voluntary non-profit - Private,119,30
111330,ATRIUM HEALTH FLOYD POLK MEDICAL CENTER,2360 ROCKMART HIGHWAY,(770) 748-2500,Critical Access Hospitals,Voluntary non-profit - Private,139,10
111330,ATRIUM HEALTH FLOYD POLK MEDICAL CENTER,2360 ROCKMART HIGHWAY,(770) 748-2500,Critical Access Hospitals,Voluntary non-profit - Private,129,20
111330,ATRIUM HEALTH FLOYD POLK MEDICAL CENTER,2360 ROCKMART HIGHWAY,(770) 748-2500,Critical Access Hospitals,Voluntary non-profit - Private,95,54
111330,ATRIUM HEALTH FLOYD POLK MEDICAL CENTER,2360 ROCKMART HIGHWAY,(770) 748-2500,Critical Access Hospitals,Voluntary non-profit - Private,120,29
111330,ATRIUM HEALTH FLOYD POLK MEDICAL CENTER,2360 ROCKMART HIGHWAY,(770) 748-2500,Critical Access Hospitals,Voluntary non-profit - Private,135,14
111330,ATRIUM HEALTH FLOYD POLK MEDICAL CENTER,2360 ROCKMART HIGHWAY,(770) 748-2500,Critical Access Hospitals,Voluntary non-profit - Private,103,46
111330,ATRIUM HEALTH FLOYD POLK MEDICAL CENTER,2360 ROCKMART HIGHWAY,(770) 748-2500,Critical Access Hospitals,Voluntary non-profit - Private,130,19
111330,ATRIUM HEALTH FLOYD POLK MEDICAL CENTER,2360 ROCKMART HIGHWAY,(770) 748-2500,Critical Access Hospitals,Voluntary non-profit - Private,97,52
111330,ATRIUM HEALTH FLOYD POLK MEDICAL CENTER,2360 ROCKMART HIGHWAY,(770) 748-2500,Critical Access Hospitals,Voluntary non-profit - Private,95,54
111330,ATRIUM HEALTH FLOYD POLK MEDICAL CENTER,2360 ROCKMART HIGHWAY,(770) 748-2500,Critical Access Hospitals,Voluntary non-profit - Private,95,54
111330,ATRIUM HEALTH FLOYD POLK MEDICAL CENTER,2360 ROCKMART HIGHWAY,(770) 748-2500,Critical Access Hospitals,Voluntary non-profit - Private,117,32
111330,ATRIUM HEALTH FLOYD POLK MEDICAL CENTER,2360 ROCKMART HIGHWAY,(770) 748-2500,Critical Access Hospitals,Voluntary non-profit - Private,132,17
111330,ATRIUM HEALTH FLOYD POLK MEDICAL CENTER,2360 ROCKMART HIGHWAY,(770) 748-2500,Critical Access Hospitals,Voluntary non-profit - Private,130,19
111330,ATRIUM HEALTH FLOYD POLK MEDICAL CENTER,2360 ROCKMART HIGHWAY,(770) 748-2500,Critical Access Hospitals,Voluntary non-profit - Private,99,50
111330,ATRIUM HEALTH FLOYD POLK MEDICAL CENTER,2360 ROCKMART HIGHWAY,(770) 748-2500,Critical Access Hospitals,Voluntary non-profit - Private,106,43
111330,ATRIUM HEALTH FLOYD POLK MEDICAL CENTER,2360 ROCKMART HIGHWAY,(770) 748-2500,Critical Access Hospitals,Voluntary non-profit - Private,116,33
111330,ATRIUM HEALTH FLOYD POLK MEDICAL CENTER,2360 ROCKMART HIGHWAY,(770) 748-2500,Critical Access Hospitals,Voluntary non-profit - Private,141,8
111330,ATRIUM HEALTH FLOYD POLK MEDICAL CENTER,2360 ROCKMART HIGHWAY,(770) 748-2500,Critical Access Hospitals,Voluntary non-profit - Private,107,42
111330,ATRIUM HEALTH FLOYD POLK MEDICAL CENTER,2360 ROCKMART HIGHWAY,(770) 748-2500,Critical Access Hospitals,Voluntary non-profit - Private,91,58
111330,ATRIUM HEALTH FLOYD POLK MEDICAL CENTER,2360 ROCKMART HIGHWAY,(770) 748-2500,Critical Access Hospitals,Voluntary non-profit - Private,90,59
111330,ATRIUM HEALTH FLOYD POLK MEDICAL CENTER,2360 ROCKMART HIGHWAY,(770) 748-2500,Critical Access Hospitals,Voluntary non-profit - Private,109,40
111330,ATRIUM HEALTH FLOYD POLK MEDICAL CENTER,2360 ROCKMART HIGHWAY,(770) 748-2500,Critical Access Hospitals,Voluntary non-profit - Private,113,36
111330,ATRIUM HEALTH FLOYD POLK MEDICAL CENTER,2360 ROCKMART HIGHWAY,(770) 748-2500,Critical Access Hospitals,Voluntary non-profit - Private,127,22
111330,ATRIUM HEALTH FLOYD POLK MEDICAL CENTER,2360 ROCKMART HIGHWAY,(770) 748-2500,Critical Access Hospitals,Voluntary non-profit - Private,107,42
111330,ATRIUM HEALTH FLOYD POLK MEDICAL CENTER,2360 ROCKMART HIGHWAY,(770) 748-2500,Critical Access Hospitals,Voluntary non-profit - Private,105,44
111330,ATRIUM HEALTH FLOYD POLK MEDICAL CENTER,2360 ROCKMART HIGHWAY,(770) 748-2500,Critical Access Hospitals,Voluntary non-profit - Private,141,8
111330,ATRIUM HEALTH FLOYD POLK MEDICAL CENTER,2360 ROCKMART HIGHWAY,(770) 748-2500,Critical Access Hospitals,Voluntary non-profit - Private,108,41
111330,ATRIUM HEALTH FLOYD POLK MEDICAL CENTER,2360 ROCKMART HIGHWAY,(770) 748-2500,Critical Access Hospitals,Voluntary non-profit - Private,102,47
111330,ATRIUM HEALTH FLOYD POLK MEDICAL CENTER,2360 ROCKMART HIGHWAY,(770) 748-2500,Critical Access Hospitals,Voluntary non-profit - Private,138,11
111330,ATRIUM HEALTH FLOYD POLK MEDICAL CENTER,2360 ROCKMART HIGHWAY,(770) 748-2500,Critical Access Hospitals,Voluntary non-profit - Private,126,23
111330,ATRIUM HEALTH FLOYD POLK MEDICAL CENTER,2360 ROCKMART HIGHWAY,(770) 748-2500,Critical Access Hospitals,Voluntary non-profit - Private,107,42
111330,ATRIUM HEALTH FLOYD POLK MEDICAL CENTER,2360 ROCKMART HIGHWAY,(770) 748-2500,Critical Access Hospitals,Voluntary non-profit - Private,122,27
111330,ATRIUM HEALTH FLOYD POLK MEDICAL CENTER,2360 ROCKMART HIGHWAY,(770) 748-2500,Critical Access Hospitals,Voluntary non-profit - Private,120,29
111330,ATRIUM HEALTH FLOYD POLK MEDICAL CENTER,2360 ROCKMART HIGHWAY,(770) 748-2500,Critical Access Hospitals,Voluntary non-profit - Private,111,38
111330,ATRIUM HEALTH FLOYD POLK MEDICAL CENTER,2360 ROCKMART HIGHWAY,(770) 748-2500,Critical Access Hospitals,Voluntary non-profit - Private,129,20
111330,ATRIUM HEALTH FLOYD POLK MEDICAL CENTER,2360 ROCKMART HIGHWAY,(770) 748-2500,Critical Access Hospitals,Voluntary non-profit - Private,122,27
111330,ATRIUM HEALTH FLOYD POLK MEDICAL CENTER,2360 ROCKMART HIGHWAY,(770) 748-2500,Critical Access Hospitals,Voluntary non-profit - Private,128,21
111330,ATRIUM HEALTH FLOYD POLK MEDICAL CENTER,2360 ROCKMART HIGHWAY,(770) 748-2500,Critical Access Hospitals,Voluntary non-profit - Private,102,47
111330,ATRIUM HEALTH FLOYD POLK MEDICAL CENTER,2360 ROCKMART HIGHWAY,(770) 748-2500,Critical Access Hospitals,Voluntary non-profit - Private,124,25
111330,ATRIUM HEALTH FLOYD POLK MEDICAL CENTER,2360 ROCKMART HIGHWAY,(770) 748-2500,Critical Access Hospitals,Voluntary non-profit - Private,114,35
111330,ATRIUM HEALTH FLOYD POLK MEDICAL CENTER,2360 ROCKMART HIGHWAY,(770) 748-2500,Critical Access Hospitals,Voluntary non-profit - Private,136,13
111330,ATRIUM HEALTH FLOYD POLK MEDICAL CENTER,2360 ROCKMART HIGHWAY,(770) 748-2500,Critical Access Hospitals,Voluntary non-profit - Private,131,18
111330,ATRIUM HEALTH FLOYD POLK MEDICAL CENTER,2360 ROCKMART HIGHWAY,(770) 748-2500,Critical Access Hospitals,Voluntary non-profit - Private,117,32
111330,ATRIUM HEALTH FLOYD POLK MEDICAL CENTER,2360 ROCKMART HIGHWAY,(770) 748-2500,Critical Access Hospitals,Voluntary non-profit - Private,113,36
111330,ATRIUM HEALTH FLOYD POLK MEDICAL CENTER,2360 ROCKMART HIGHWAY,(770) 748-2500,Critical Access Hospitals,Voluntary non-profit - Private,134,15
111330,ATRIUM HEALTH FLOYD POLK MEDICAL CENTER,2360 ROCKMART HIGHWAY,(770) 748-2500,Critical Access Hospitals,Voluntary non-profit - Private,131,18
111330,ATRIUM HEALTH FLOYD POLK MEDICAL CENTER,2360 ROCKMART HIGHWAY,(770) 748-2500,Critical Access Hospitals,Voluntary non-profit - Private,139,10
111330,ATRIUM HEALTH FLOYD POLK MEDICAL CENTER,2360 ROCKMART HIGHWAY,(770) 748-2500,Critical Access Hospitals,Voluntary non-profit - Private,113,36
111330,ATRIUM HEALTH FLOYD POLK MEDICAL CENTER,2360 ROCKMART HIGHWAY,(770) 748-2500,Critical Access Hospitals,Voluntary non-profit - Private,134,15
111330,ATRIUM HEALTH FLOYD POLK MEDICAL CENTER,2360 ROCKMART HIGHWAY,(770) 748-2500,Critical Access Hospitals,Voluntary non-profit - Private,93,56
111330,ATRIUM HEALTH FLOYD POLK MEDICAL CENTER,2360 ROCKMART HIGHWAY,(770) 748-2500,Critical Access Hospitals,Voluntary non-profit - Private,99,50
111330,ATRIUM HEALTH FLOYD POLK MEDICAL CENTER,2360 ROCKMART HIGHWAY,(770) 748-2500,Critical Access Hospitals,Voluntary non-profit - Private,140,9
111330,ATRIUM HEALTH FLOYD POLK MEDICAL CENTER,2360 ROCKMART HIGHWAY,(770) 748-2500,Critical Access Hospitals,Voluntary non-profit - Private,111,38
111330,ATRIUM HEALTH FLOYD POLK MEDICAL CENTER,2360 ROCKMART HIGHWAY,(770) 748-2500,Critical Access Hospitals,Voluntary non-profit - Private,96,53
111330,ATRIUM HEALTH FLOYD POLK MEDICAL CENTER,2360 ROCKMART HIGHWAY,(770) 748-2500,Critical Access Hospitals,Voluntary non-profit - Private,134,15
111330,ATRIUM HEALTH FLOYD POLK MEDICAL CENTER,2360 ROCKMART HIGHWAY,(770) 748-2500,Critical Access Hospitals,Voluntary non-profit - Private,124,25
111330,ATRIUM HEALTH FLOYD POLK MEDICAL CENTER,2360 ROCKMART HIGHWAY,(770) 748-2500,Critical Access Hospitals,Voluntary non-profit - Private,90,59
111330,ATRIUM HEALTH FLOYD POLK MEDICAL CENTER,2360 ROCKMART HIGHWAY,(770) 748-2500,Critical Access Hospitals,Voluntary non-profit - Private,123,26
111330,ATRIUM HEALTH FLOYD POLK MEDICAL CENTER,2360 ROCKMART HIGHWAY,(770) 748-2500,Critical Access Hospitals,Voluntary non-profit - Private,140,9
111330,ATRIUM HEALTH FLOYD POLK MEDICAL CENTER,2360 ROCKMART HIGHWAY,(770) 748-2500,Critical Access Hospitals,Voluntary non-profit - Private,137,12
111330,ATRIUM HEALTH FLOYD POLK MEDICAL CENTER,2360 ROCKMART HIGHWAY,(770) 748-2500,Critical Access Hospitals,Voluntary non-profit - Private,90,59
111330,ATRIUM HEALTH FLOYD POLK MEDICAL CENTER,2360 ROCKMART HIGHWAY,(770) 748-2500,Critical Access Hospitals,Voluntary non-profit - Private,135,14
111330,ATRIUM HEALTH FLOYD POLK MEDICAL CENTER,2360 ROCKMART HIGHWAY,(770) 748-2500,Critical Access Hospitals,Voluntary non-profit - Private,120,29
111330,ATRIUM HEALTH FLOYD POLK MEDICAL CENTER,2360 ROCKMART HIGHWAY,(770) 748-2500,Critical Access Hospitals,Voluntary non-profit - Private,99,50
111330,ATRIUM HEALTH FLOYD POLK MEDICAL CENTER,2360 ROCKMART HIGHWAY,(770) 748-2500,Critical Access Hospitals,Voluntary non-profit - Private,124,25
111330,ATRIUM HEALTH FLOYD POLK MEDICAL CENTER,2360 ROCKMART HIGHWAY,(770) 748-2500,Critical Access Hospitals,Voluntary non-profit - Private,125,24
111330,ATRIUM HEALTH FLOYD POLK MEDICAL CENTER,2360 ROCKMART HIGHWAY,(770) 748-2500,Critical Access Hospitals,Voluntary non-profit - Private,108,41
111330,ATRIUM HEALTH FLOYD POLK MEDICAL CENTER,2360 ROCKMART HIGHWAY,(770) 748-2500,Critical Access Hospitals,Voluntary non-profit - Private,138,11
111330,ATRIUM HEALTH FLOYD POLK MEDICAL CENTER,2360 ROCKMART HIGHWAY,(770) 748-2500,Critical Access Hospitals,Voluntary non-profit - Private,134,15
111330,ATRIUM HEALTH FLOYD POLK MEDICAL CENTER,2360 ROCKMART HIGHWAY,(770) 748-2500,Critical Access Hospitals,Voluntary non-profit - Private,109,40
111330,ATRIUM HEALTH FLOYD POLK MEDICAL CENTER,2360 ROCKMART HIGHWAY,(770) 748-2500,Critical Access Hospitals,Voluntary non-profit - Private,116,33
111330,ATRIUM HEALTH FLOYD POLK MEDICAL CENTER,2360 ROCKMART HIGHWAY,(770) 748-2500,Critical Access Hospitals,Voluntary non-profit - Private,139,10
111330,ATRIUM HEALTH FLOYD POLK MEDICAL CENTER,2360 ROCKMART HIGHWAY,(770) 748-2500,Critical Access Hospitals,Voluntary non-profit - Private,127,22
111330,ATRIUM HEALTH FLOYD POLK MEDICAL CENTER,2360 ROCKMART HIGHWAY,(770) 748-2500,Critical Access Hospitals,Voluntary non-profit - Private,110,39
111330,ATRIUM HEALTH FLOYD POLK MEDICAL CENTER,2360 ROCKMART HIGHWAY,(770) 748-2500,Critical Access Hospitals,Voluntary non-profit - Private,104,45
111330,ATRIUM HEALTH FLOYD POLK MEDICAL CENTER,2360 ROCKMART HIGHWAY,(770) 748-2500,Critical Access Hospitals,Voluntary non-profit - Private,133,16
111330,ATRIUM HEALTH FLOYD POLK MEDICAL CENTER,2360 ROCKMART HIGHWAY,(770) 748-2500,Critical Access Hospitals,Voluntary non-profit - Private,111,38
111330,ATRIUM HEALTH FLOYD POLK MEDICAL CENTER,2360 ROCKMART HIGHWAY,(770) 748-2500,Critical Access Hospitals,Voluntary non-profit - Private,113,36
111330,ATRIUM HEALTH FLOYD POLK MEDICAL CENTER,2360 ROCKMART HIGHWAY,(770) 748-2500,Critical Access Hospitals,Voluntary non-profit - Private,120,29
111330,ATRIUM HEALTH FLOYD POLK MEDICAL CENTER,2360 ROCKMART HIGHWAY,(770) 748-2500,Critical Access Hospitals,Voluntary non-profit - Private,129,20
111330,ATRIUM HEALTH FLOYD POLK MEDICAL CENTER,2360 ROCKMART HIGHWAY,(770) 748-2500,Critical Access Hospitals,Voluntary non-profit - Private,126,23
111330,ATRIUM HEALTH FLOYD POLK MEDICAL CENTER,2360 ROCKMART HIGHWAY,(770) 748-2500,Critical Access Hospitals,Voluntary non-profit - Private,141,8
111330,ATRIUM HEALTH FLOYD POLK MEDICAL CENTER,2360 ROCKMART HIGHWAY,(770) 748-2500,Critical Access Hospitals,Voluntary non-profit - Private,127,22
111330,ATRIUM HEALTH FLOYD POLK MEDICAL CENTER,2360 ROCKMART HIGHWAY,(770) 748-2500,Critical Access Hospitals,Voluntary non-profit - Private,119,30
111330,ATRIUM HEALTH FLOYD POLK MEDICAL CENTER,2360 ROCKMART HIGHWAY,(770) 748-2500,Critical Access Hospitals,Voluntary non-profit - Private,116,33
111330,ATRIUM HEALTH FLOYD POLK MEDICAL CENTER,2360 ROCKMART HIGHWAY,(770) 748-2500,Critical Access Hospitals,Voluntary non-profit - Private,116,33
111330,ATRIUM HEALTH FLOYD POLK MEDICAL CENTER,2360 ROCKMART HIGHWAY,(770) 748-2500,Critical Access Hospitals,Voluntary non-profit - Private,128,21
111330,ATRIUM HEALTH FLOYD POLK MEDICAL CENTER,2360 ROCKMART HIGHWAY,(770) 748-2500,Critical Access Hospitals,Voluntary non-profit - Private,126,23
111330,ATRIUM HEALTH FLOYD POLK MEDICAL CENTER,2360 ROCKMART HIGHWAY,(770) 748-2500,Critical Access Hospitals,Voluntary non-profit - Private,97,52
111330,ATRIUM HEALTH FLOYD POLK MEDICAL CENTER,2360 ROCKMART HIGHWAY,(770) 748-2500,Critical Access Hospitals,Voluntary non-profit - Private,106,43
111330,ATRIUM HEALTH FLOYD POLK MEDICAL CENTER,2360 ROCKMART HIGHWAY,(770) 748-2500,Critical Access Hospitals,Voluntary non-profit - Private,94,55
111330,ATRIUM HEALTH FLOYD POLK MEDICAL CENTER,2360 ROCKMART HIGHWAY,(770) 748-2500,Critical Access Hospitals,Voluntary non-profit - Private,100,49
111330,ATRIUM HEALTH FLOYD POLK MEDICAL CENTER,2360 ROCKMART HIGHWAY,(770) 748-2500,Critical Access Hospitals,Voluntary non-profit - Private,103,46
111330,ATRIUM HEALTH FLOYD POLK MEDICAL CENTER,2360 ROCKMART HIGHWAY,(770) 748-2500,Critical Access Hospitals,Voluntary non-profit - Private,99,50
111330,ATRIUM HEALTH FLOYD POLK MEDICAL CENTER,2360 ROCKMART HIGHWAY,(770) 748-2500,Critical Access Hospitals,Voluntary non-profit - Private,137,12
111330,ATRIUM HEALTH FLOYD POLK MEDICAL CENTER,2360 ROCKMART HIGHWAY,(770) 748-2500,Critical Access Hospitals,Voluntary non-profit - Private,138,11
111330,ATRIUM HEALTH FLOYD POLK MEDICAL CENTER,2360 ROCKMART HIGHWAY,(770) 748-2500,Critical Access Hospitals,Voluntary non-profit - Private,98,51
111330,ATRIUM HEALTH FLOYD POLK MEDICAL CENTER,2360 ROCKMART HIGHWAY,(770) 748-2500,Critical Access Hospitals,Voluntary non-profit - Private,130,19
111330,ATRIUM HEALTH FLOYD POLK MEDICAL CENTER,2360 ROCKMART HIGHWAY,(770) 748-2500,Critical Access Hospitals,Voluntary non-profit - Private,131,18
111330,ATRIUM HEALTH FLOYD POLK MEDICAL CENTER,2360 ROCKMART HIGHWAY,(770) 748-2500,Critical Access Hospitals,Voluntary non-profit - Private,126,23
111330,ATRIUM HEALTH FLOYD POLK MEDICAL CENTER,2360 ROCKMART HIGHWAY,(770) 748-2500,Critical Access Hospitals,Voluntary non-profit - Private,118,31
111330,ATRIUM HEALTH FLOYD POLK MEDICAL CENTER,2360 ROCKMART HIGHWAY,(770) 748-2500,Critical Access Hospitals,Voluntary non-profit - Private,108,41
111330,ATRIUM HEALTH FLOYD POLK MEDICAL CENTER,2360 ROCKMART HIGHWAY,(770) 748-2500,Critical Access Hospitals,Voluntary non-profit - Private,109,40
111330,ATRIUM HEALTH FLOYD POLK MEDICAL CENTER,2360 ROCKMART HIGHWAY,(770) 748-2500,Critical Access Hospitals,Voluntary non-profit - Private,104,45
111330,ATRIUM HEALTH FLOYD POLK MEDICAL CENTER,2360 ROCKMART HIGHWAY,(770) 748-2500,Critical Access Hospitals,Voluntary non-profit - Private,136,13
111330,ATRIUM HEALTH FLOYD POLK MEDICAL CENTER,2360 ROCKMART HIGHWAY,(770) 748-2500,Critical Access Hospitals,Voluntary non-profit - Private,93,56
111330,ATRIUM HEALTH FLOYD POLK MEDICAL CENTER,2360 ROCKMART HIGHWAY,(770) 748-2500,Critical Access Hospitals,Voluntary non-profit - Private,106,43
111330,ATRIUM HEALTH FLOYD POLK MEDICAL CENTER,2360 ROCKMART HIGHWAY,(770) 748-2500,Critical Access Hospitals,Voluntary non-profit - Private,124,25
111330,ATRIUM HEALTH FLOYD POLK MEDICAL CENTER,2360 ROCKMART HIGHWAY,(770) 748-2500,Critical Access Hospitals,Voluntary non-profit - Private,126,23
111330,ATRIUM HEALTH FLOYD POLK MEDICAL CENTER,2360 ROCKMART HIGHWAY,(770) 748-2500,Critical Access Hospitals,Voluntary non-profit - Private,128,21
111330,ATRIUM HEALTH FLOYD POLK MEDICAL CENTER,2360 ROCKMART HIGHWAY,(770) 748-2500,Critical Access Hospitals,Voluntary non-profit - Private,103,46
111330,ATRIUM HEALTH FLOYD POLK MEDICAL CENTER,2360 ROCKMART HIGHWAY,(770) 748-2500,Critical Access Hospitals,Voluntary non-profit - Private,91,58
111330,ATRIUM HEALTH FLOYD POLK MEDICAL CENTER,2360 ROCKMART HIGHWAY,(770) 748-2500,Critical Access Hospitals,Voluntary non-profit - Private,132,17
111330,ATRIUM HEALTH FLOYD POLK MEDICAL CENTER,2360 ROCKMART HIGHWAY,(770) 748-2500,Critical Access Hospitals,Voluntary non-profit - Private,114,35
111330,ATRIUM HEALTH FLOYD POLK MEDICAL CENTER,2360 ROCKMART HIGHWAY,(770) 748-2500,Critical Access Hospitals,Voluntary non-profit - Private,111,38
111330,ATRIUM HEALTH FLOYD POLK MEDICAL CENTER,2360 ROCKMART HIGHWAY,(770) 748-2500,Critical Access Hospitals,Voluntary non-profit - Private,99,50
111330,ATRIUM HEALTH FLOYD POLK MEDICAL CENTER,2360 ROCKMART HIGHWAY,(770) 748-2500,Critical Access Hospitals,Voluntary non-profit - Private,94,55
111330,ATRIUM HEALTH FLOYD POLK MEDICAL CENTER,2360 ROCKMART HIGHWAY,(770) 748-2500,Critical Access Hospitals,Voluntary non-profit - Private,138,11
111330,ATRIUM HEALTH FLOYD POLK MEDICAL CENTER,2360 ROCKMART HIGHWAY,(770) 748-2500,Critical Access Hospitals,Voluntary non-profit - Private,114,35
111330,ATRIUM HEALTH FLOYD POLK MEDICAL CENTER,2360 ROCKMART HIGHWAY,(770) 748-2500,Critical Access Hospitals,Voluntary non-profit - Private,98,51
111330,ATRIUM HEALTH FLOYD POLK MEDICAL CENTER,2360 ROCKMART HIGHWAY,(770) 748-2500,Critical Access Hospitals,Voluntary non-profit - Private,113,36
111330,ATRIUM HEALTH FLOYD POLK MEDICAL CENTER,2360 ROCKMART HIGHWAY,(770) 748-2500,Critical Access Hospitals,Voluntary non-profit - Private,94,55
111330,ATRIUM HEALTH FLOYD POLK MEDICAL CENTER,2360 ROCKMART HIGHWAY,(770) 748-2500,Critical Access Hospitals,Voluntary non-profit - Private,112,37
111330,ATRIUM HEALTH FLOYD POLK MEDICAL CENTER,2360 ROCKMART HIGHWAY,(770) 748-2500,Critical Access Hospitals,Voluntary non-profit - Private,105,44
111330,ATRIUM HEALTH FLOYD POLK MEDICAL CENTER,2360 ROCKMART HIGHWAY,(770) 748-2500,Critical Access Hospitals,Voluntary non-profit - Private,107,42
111330,ATRIUM HEALTH FLOYD POLK MEDICAL CENTER,2360 ROCKMART HIGHWAY,(770) 748-2500,Critical Access Hospitals,Voluntary non-profit - Private,101,48
111330,ATRIUM HEALTH FLOYD POLK MEDICAL CENTER,2360 ROCKMART HIGHWAY,(770) 748-2500,Critical Access Hospitals,Voluntary non-profit - Private,120,29
111330,ATRIUM HEALTH FLOYD POLK MEDICAL CENTER,2360 ROCKMART HIGHWAY,(770) 748-2500,Critical Access Hospitals,Voluntary non-profit - Private,93,56
111330,ATRIUM HEALTH FLOYD POLK MEDICAL CENTER,2360 ROCKMART HIGHWAY,(770) 748-2500,Critical Access Hospitals,Voluntary non-profit - Private,122,27
111330,ATRIUM HEALTH FLOYD POLK MEDICAL CENTER,2360 ROCKMART HIGHWAY,(770) 748-2500,Critical Access Hospitals,Voluntary non-profit - Private,130,19
111330,ATRIUM HEALTH FLOYD POLK MEDICAL CENTER,2360 ROCKMART HIGHWAY,(770) 748-2500,Critical Access Hospitals,Voluntary non-profit - Private,101,48
111330,ATRIUM HEALTH FLOYD POLK MEDICAL CENTER,2360 ROCKMART HIGHWAY,(770) 748-2500,Critical Access Hospitals,Voluntary non-profit - Private,104,45
111330,ATRIUM HEALTH FLOYD POLK MEDICAL CENTER,2360 ROCKMART HIGHWAY,(770) 748-2500,Critical Access Hospitals,Voluntary non-profit - Private,89,60
111330,ATRIUM HEALTH FLOYD POLK MEDICAL CENTER,2360 ROCKMART HIGHWAY,(770) 748-2500,Critical Access Hospitals,Voluntary non-profit - Private,117,32
111330,ATRIUM HEALTH FLOYD POLK MEDICAL CENTER,2360 ROCKMART HIGHWAY,(770) 748-2500,Critical Access Hospitals,Voluntary non-profit - Private,138,11
111330,ATRIUM HEALTH FLOYD POLK MEDICAL CENTER,2360 ROCKMART HIGHWAY,(770) 748-2500,Critical Access Hospitals,Voluntary non-profit - Private,125,24
111330,ATRIUM HEALTH FLOYD POLK MEDICAL CENTER,2360 ROCKMART HIGHWAY,(770) 748-2500,Critical Access Hospitals,Voluntary non-profit - Private,139,10
111330,ATRIUM HEALTH FLOYD POLK MEDICAL CENTER,2360 ROCKMART HIGHWAY,(770) 748-2500,Critical Access Hospitals,Voluntary non-profit - Private,112,37
111330,ATRIUM HEALTH FLOYD POLK MEDICAL CENTER,2360 ROCKMART HIGHWAY,(770) 748-2500,Critical Access Hospitals,Voluntary non-profit - Private,101,48
111330,ATRIUM HEALTH FLOYD POLK MEDICAL CENTER,2360 ROCKMART HIGHWAY,(770) 748-2500,Critical Access Hospitals,Voluntary non-profit - Private,104,45
111330,ATRIUM HEALTH FLOYD POLK MEDICAL CENTER,2360 ROCKMART HIGHWAY,(770) 748-2500,Critical Access Hospitals,Voluntary non-profit - Private,126,23
111330,ATRIUM HEALTH FLOYD POLK MEDICAL CENTER,2360 ROCKMART HIGHWAY,(770) 748-2500,Critical Access Hospitals,Voluntary non-profit - Private,99,50
111330,ATRIUM HEALTH FLOYD POLK MEDICAL CENTER,2360 ROCKMART HIGHWAY,(770) 748-2500,Critical Access Hospitals,Voluntary non-profit - Private,109,40
111330,ATRIUM HEALTH FLOYD POLK MEDICAL CENTER,2360 ROCKMART HIGHWAY,(770) 748-2500,Critical Access Hospitals,Voluntary non-profit - Private,89,60
111330,ATRIUM HEALTH FLOYD POLK MEDICAL CENTER,2360 ROCKMART HIGHWAY,(770) 748-2500,Critical Access Hospitals,Voluntary non-profit - Private,101,48
111330,ATRIUM HEALTH FLOYD POLK MEDICAL CENTER,2360 ROCKMART HIGHWAY,(770) 748-2500,Critical Access Hospitals,Voluntary non-profit - Private,90,59
111330,ATRIUM HEALTH FLOYD POLK MEDICAL CENTER,2360 ROCKMART HIGHWAY,(770) 748-2500,Critical Access Hospitals,Voluntary non-profit - Private,138,11
111330,ATRIUM HEALTH FLOYD POLK MEDICAL CENTER,2360 ROCKMART HIGHWAY,(770) 748-2500,Critical Access Hospitals,Voluntary non-profit - Private,129,20
111330,ATRIUM HEALTH FLOYD POLK MEDICAL CENTER,2360 ROCKMART HIGHWAY,(770) 748-2500,Critical Access Hospitals,Voluntary non-profit - Private,91,58
111330,ATRIUM HEALTH FLOYD POLK MEDICAL CENTER,2360 ROCKMART HIGHWAY,(770) 748-2500,Critical Access Hospitals,Voluntary non-profit - Private,95,54
111330,ATRIUM HEALTH FLOYD POLK MEDICAL CENTER,2360 ROCKMART HIGHWAY,(770) 748-2500,Critical Access Hospitals,Voluntary non-profit - Private,137,12
111330,ATRIUM HEALTH FLOYD POLK MEDICAL CENTER,2360 ROCKMART HIGHWAY,(770) 748-2500,Critical Access Hospitals,Voluntary non-profit - Private,133,16
111330,ATRIUM HEALTH FLOYD POLK MEDICAL CENTER,2360 ROCKMART HIGHWAY,(770) 748-2500,Critical Access Hospitals,Voluntary non-profit - Private,90,59
111330,ATRIUM HEALTH FLOYD POLK MEDICAL CENTER,2360 ROCKMART HIGHWAY,(770) 748-2500,Critical Access Hospitals,Voluntary non-profit - Private,130,19
111330,ATRIUM HEALTH FLOYD POLK MEDICAL CENTER,2360 ROCKMART HIGHWAY,(770) 748-2500,Critical Access Hospitals,Voluntary non-profit - Private,125,24
111330,ATRIUM HEALTH FLOYD POLK MEDICAL CENTER,2360 ROCKMART HIGHWAY,(770) 748-2500,Critical Access Hospitals,Voluntary non-profit - Private,100,49
111330,ATRIUM HEALTH FLOYD POLK MEDICAL CENTER,2360 ROCKMART HIGHWAY,(770) 748-2500,Critical Access Hospitals,Voluntary non-profit - Private,94,55
111330,ATRIUM HEALTH FLOYD POLK MEDICAL CENTER,2360 ROCKMART HIGHWAY,(770) 748-2500,Critical Access Hospitals,Voluntary non-profit - Private,135,14
111330,ATRIUM HEALTH FLOYD POLK MEDICAL CENTER,2360 ROCKMART HIGHWAY,(770) 748-2500,Critical Access Hospitals,Voluntary non-profit - Private,96,53
111330,ATRIUM HEALTH FLOYD POLK MEDICAL CENTER,2360 ROCKMART HIGHWAY,(770) 748-2500,Critical Access Hospitals,Voluntary non-profit - Private,123,26
111330,ATRIUM HEALTH FLOYD POLK MEDICAL CENTER,2360 ROCKMART HIGHWAY,(770) 748-2500,Critical Access Hospitals,Voluntary non-profit - Private,96,53
111330,ATRIUM HEALTH FLOYD POLK MEDICAL CENTER,2360 ROCKMART HIGHWAY,(770) 748-2500,Critical Access Hospitals,Voluntary non-profit - Private,92,57
111330,ATRIUM HEALTH FLOYD POLK MEDICAL CENTER,2360 ROCKMART HIGHWAY,(770) 748-2500,Critical Access Hospitals,Voluntary non-profit - Private,94,55
111330,ATRIUM HEALTH FLOYD POLK MEDICAL CENTER,2360 ROCKMART HIGHWAY,(770) 748-2500,Critical Access Hospitals,Voluntary non-profit - Private,98,51
111330,ATRIUM HEALTH FLOYD POLK MEDICAL CENTER,2360 ROCKMART HIGHWAY,(770) 748-2500,Critical Access Hospitals,Voluntary non-profit - Private,113,36
111330,ATRIUM HEALTH FLOYD POLK MEDICAL CENTER,2360 ROCKMART HIGHWAY,(770) 748-2500,Critical Access Hospitals,Voluntary non-profit - Private,141,8
111330,ATRIUM HEALTH FLOYD POLK MEDICAL CENTER,2360 ROCKMART HIGHWAY,(770) 748-2500,Critical Access Hospitals,Voluntary non-profit - Private,112,37
111330,ATRIUM HEALTH FLOYD POLK MEDICAL CENTER,2360 ROCKMART HIGHWAY,(770) 748-2500,Critical Access Hospitals,Voluntary non-profit - Private,129,20
111330,ATRIUM HEALTH FLOYD POLK MEDICAL CENTER,2360 ROCKMART HIGHWAY,(770) 748-2500,Critical Access Hospitals,Voluntary non-profit - Private,137,12
111330,ATRIUM HEALTH FLOYD POLK MEDICAL CENTER,2360 ROCKMART HIGHWAY,(770) 748-2500,Critical Access Hospitals,Voluntary non-profit - Private,137,12
111330,ATRIUM HEALTH FLOYD POLK MEDICAL CENTER,2360 ROCKMART HIGHWAY,(770) 748-2500,Critical Access Hospitals,Voluntary non-profit - Private,126,23
111330,ATRIUM HEALTH FLOYD POLK MEDICAL CENTER,2360 ROCKMART HIGHWAY,(770) 748-2500,Critical Access Hospitals,Voluntary non-profit - Private,118,31
111330,ATRIUM HEALTH FLOYD POLK MEDICAL CENTER,2360 ROCKMART HIGHWAY,(770) 748-2500,Critical Access Hospitals,Voluntary non-profit - Private,101,48
111330,ATRIUM HEALTH FLOYD POLK MEDICAL CENTER,2360 ROCKMART HIGHWAY,(770) 748-2500,Critical Access Hospitals,Voluntary non-profit - Private,98,51
111330,ATRIUM HEALTH FLOYD POLK MEDICAL CENTER,2360 ROCKMART HIGHWAY,(770) 748-2500,Critical Access Hospitals,Voluntary non-profit - Private,134,15
111330,ATRIUM HEALTH FLOYD POLK MEDICAL CENTER,2360 ROCKMART HIGHWAY,(770) 748-2500,Critical Access Hospitals,Voluntary non-profit - Private,94,55
111330,ATRIUM HEALTH FLOYD POLK MEDICAL CENTER,2360 ROCKMART HIGHWAY,(770) 748-2500,Critical Access Hospitals,Voluntary non-profit - Private,92,57
111330,ATRIUM HEALTH FLOYD POLK MEDICAL CENTER,2360 ROCKMART HIGHWAY,(770) 748-2500,Critical Access Hospitals,Voluntary non-profit - Private,140,9
111330,ATRIUM HEALTH FLOYD POLK MEDICAL CENTER,2360 ROCKMART HIGHWAY,(770) 748-2500,Critical Access Hospitals,Voluntary non-profit - Private,97,52
111330,ATRIUM HEALTH FLOYD POLK MEDICAL CENTER,2360 ROCKMART HIGHWAY,(770) 748-2500,Critical Access Hospitals,Voluntary non-profit - Private,111,38
111330,ATRIUM HEALTH FLOYD POLK MEDICAL CENTER,2360 ROCKMART HIGHWAY,(770) 748-2500,Critical Access Hospitals,Voluntary non-profit - Private,98,51
111330,ATRIUM HEALTH FLOYD POLK MEDICAL CENTER,2360 ROCKMART HIGHWAY,(770) 748-2500,Critical Access Hospitals,Voluntary non-profit - Private,100,49
111330,ATRIUM HEALTH FLOYD POLK MEDICAL CENTER,2360 ROCKMART HIGHWAY,(770) 748-2500,Critical Access Hospitals,Voluntary non-profit - Private,115,34
111330,ATRIUM HEALTH FLOYD POLK MEDICAL CENTER,2360 ROCKMART HIGHWAY,(770) 748-2500,Critical Access Hospitals,Voluntary non-profit - Private,110,39
111330,ATRIUM HEALTH FLOYD POLK MEDICAL CENTER,2360 ROCKMART HIGHWAY,(770) 748-2500,Critical Access Hospitals,Voluntary non-profit - Private,94,55
111330,ATRIUM HEALTH FLOYD POLK MEDICAL CENTER,2360 ROCKMART HIGHWAY,(770) 748-2500,Critical Access Hospitals,Voluntary non-profit - Private,106,43
111330,ATRIUM HEALTH FLOYD POLK MEDICAL CENTER,2360 ROCKMART HIGHWAY,(770) 748-2500,Critical Access Hospitals,Voluntary non-profit - Private,93,56
111330,ATRIUM HEALTH FLOYD POLK MEDICAL CENTER,2360 ROCKMART HIGHWAY,(770) 748-2500,Critical Access Hospitals,Voluntary non-profit - Private,111,38
111330,ATRIUM HEALTH FLOYD POLK MEDICAL CENTER,2360 ROCKMART HIGHWAY,(770) 748-2500,Critical Access Hospitals,Voluntary non-profit - Private,108,41
111330,ATRIUM HEALTH FLOYD POLK MEDICAL CENTER,2360 ROCKMART HIGHWAY,(770) 748-2500,Critical Access Hospitals,Voluntary non-profit - Private,121,28
111330,ATRIUM HEALTH FLOYD POLK MEDICAL CENTER,2360 ROCKMART HIGHWAY,(770) 748-2500,Critical Access Hospitals,Voluntary non-profit - Private,107,42
111330,ATRIUM HEALTH FLOYD POLK MEDICAL CENTER,2360 ROCKMART HIGHWAY,(770) 748-2500,Critical Access Hospitals,Voluntary non-profit - Private,127,22
111330,ATRIUM HEALTH FLOYD POLK MEDICAL CENTER,2360 ROCKMART HIGHWAY,(770) 748-2500,Critical Access Hospitals,Voluntary non-profit - Private,107,42
111330,ATRIUM HEALTH FLOYD POLK MEDICAL CENTER,2360 ROCKMART HIGHWAY,(770) 748-2500,Critical Access Hospitals,Voluntary non-profit - Private,137,12
111330,ATRIUM HEALTH FLOYD POLK MEDICAL CENTER,2360 ROCKMART HIGHWAY,(770) 748-2500,Critical Access Hospitals,Voluntary non-profit - Private,132,17
111330,ATRIUM HEALTH FLOYD POLK MEDICAL CENTER,2360 ROCKMART HIGHWAY,(770) 748-2500,Critical Access Hospitals,Voluntary non-profit - Private,106,43
111330,ATRIUM HEALTH FLOYD POLK MEDICAL CENTER,2360 ROCKMART HIGHWAY,(770) 748-2500,Critical Access Hospitals,Voluntary non-profit - Private,114,35
111330,ATRIUM HEALTH FLOYD POLK MEDICAL CENTER,2360 ROCKMART HIGHWAY,(770) 748-2500,Critical Access Hospitals,Voluntary non-profit - Private,96,53
111330,ATRIUM HEALTH FLOYD POLK MEDICAL CENTER,2360 ROCKMART HIGHWAY,(770) 748-2500,Critical Access Hospitals,Voluntary non-profit - Private,129,20
111330,ATRIUM HEALTH FLOYD POLK MEDICAL CENTER,2360 ROCKMART HIGHWAY,(770) 748-2500,Critical Access Hospitals,Voluntary non-profit - Private,108,41
111330,ATRIUM HEALTH FLOYD POLK MEDICAL CENTER,2360 ROCKMART HIGHWAY,(770) 748-2500,Critical Access Hospitals,Voluntary non-profit - Private,90,59
111330,ATRIUM HEALTH FLOYD POLK MEDICAL CENTER,2360 ROCKMART HIGHWAY,(770) 748-2500,Critical Access Hospitals,Voluntary non-profit - Private,101,48
111330,ATRIUM HEALTH FLOYD POLK MEDICAL CENTER,2360 ROCKMART HIGHWAY,(770) 748-2500,Critical Access Hospitals,Voluntary non-profit - Private,114,35
111330,ATRIUM HEALTH FLOYD POLK MEDICAL CENTER,2360 ROCKMART HIGHWAY,(770) 748-2500,Critical Access Hospitals,Voluntary non-profit - Private,91,58
111330,ATRIUM HEALTH FLOYD POLK MEDICAL CENTER,2360 ROCKMART HIGHWAY,(770) 748-2500,Critical Access Hospitals,Voluntary non-profit - Private,121,28
111330,ATRIUM HEALTH FLOYD POLK MEDICAL CENTER,2360 ROCKMART HIGHWAY,(770) 748-2500,Critical Access Hospitals,Voluntary non-profit - Private,125,24
111330,ATRIUM HEALTH FLOYD POLK MEDICAL CENTER,2360 ROCKMART HIGHWAY,(770) 748-2500,Critical Access Hospitals,Voluntary non-profit - Private,92,57
111330,ATRIUM HEALTH FLOYD POLK MEDICAL CENTER,2360 ROCKMART HIGHWAY,(770) 748-2500,Critical Access Hospitals,Voluntary non-profit - Private,103,46
111330,ATRIUM HEALTH FLOYD POLK MEDICAL CENTER,2360 ROCKMART HIGHWAY,(770) 748-2500,Critical Access Hospitals,Voluntary non-profit - Private,122,27
111330,ATRIUM HEALTH FLOYD POLK MEDICAL CENTER,2360 ROCKMART HIGHWAY,(770) 748-2500,Critical Access Hospitals,Voluntary non-profit - Private,138,11
111330,ATRIUM HEALTH FLOYD POLK MEDICAL CENTER,2360 ROCKMART HIGHWAY,(770) 748-2500,Critical Access Hospitals,Voluntary non-profit - Private,98,51
111330,ATRIUM HEALTH FLOYD POLK MEDICAL CENTER,2360 ROCKMART HIGHWAY,(770) 748-2500,Critical Access Hospitals,Voluntary non-profit - Private,104,45
111330,ATRIUM HEALTH FLOYD POLK MEDICAL CENTER,2360 ROCKMART HIGHWAY,(770) 748-2500,Critical Access Hospitals,Voluntary non-profit - Private,102,47
111330,ATRIUM HEALTH FLOYD POLK MEDICAL CENTER,2360 ROCKMART HIGHWAY,(770) 748-2500,Critical Access Hospitals,Voluntary non-profit - Private,122,27
111330,ATRIUM HEALTH FLOYD POLK MEDICAL CENTER,2360 ROCKMART HIGHWAY,(770) 748-2500,Critical Access Hospitals,Voluntary non-profit - Private,110,39
111330,ATRIUM HEALTH FLOYD POLK MEDICAL CENTER,2360 ROCKMART HIGHWAY,(770) 748-2500,Critical Access Hospitals,Voluntary non-profit - Private,100,49
111330,ATRIUM HEALTH FLOYD POLK MEDICAL CENTER,2360 ROCKMART HIGHWAY,(770) 748-2500,Critical Access Hospitals,Voluntary non-profit - Private,133,16
111330,ATRIUM HEALTH FLOYD POLK MEDICAL CENTER,2360 ROCKMART HIGHWAY,(770) 748-2500,Critical Access Hospitals,Voluntary non-profit - Private,136,13
111330,ATRIUM HEALTH FLOYD POLK MEDICAL CENTER,2360 ROCKMART HIGHWAY,(770) 748-2500,Critical Access Hospitals,Voluntary non-profit - Private,118,31
111330,ATRIUM HEALTH FLOYD POLK MEDICAL CENTER,2360 ROCKMART HIGHWAY,(770) 748-2500,Critical Access Hospitals,Voluntary non-profit - Private,90,59
111330,ATRIUM HEALTH FLOYD POLK MEDICAL CENTER,2360 ROCKMART HIGHWAY,(770) 748-2500,Critical Access Hospitals,Voluntary non-profit - Private,130,19
111330,ATRIUM HEALTH FLOYD POLK MEDICAL CENTER,2360 ROCKMART HIGHWAY,(770) 748-2500,Critical Access Hospitals,Voluntary non-profit - Private,100,49
111330,ATRIUM HEALTH FLOYD POLK MEDICAL CENTER,2360 ROCKMART HIGHWAY,(770) 748-2500,Critical Access Hospitals,Voluntary non-profit - Private,124,25
111330,ATRIUM HEALTH FLOYD POLK MEDICAL CENTER,2360 ROCKMART HIGHWAY,(770) 748-2500,Critical Access Hospitals,Voluntary non-profit - Private,114,35
111330,ATRIUM HEALTH FLOYD POLK MEDICAL CENTER,2360 ROCKMART HIGHWAY,(770) 748-2500,Critical Access Hospitals,Voluntary non-profit - Private,124,25
111330,ATRIUM HEALTH FLOYD POLK MEDICAL CENTER,2360 ROCKMART HIGHWAY,(770) 748-2500,Critical Access Hospitals,Voluntary non-profit - Private,131,18
111330,ATRIUM HEALTH FLOYD POLK MEDICAL CENTER,2360 ROCKMART HIGHWAY,(770) 748-2500,Critical Access Hospitals,Voluntary non-profit - Private,135,14
111330,ATRIUM HEALTH FLOYD POLK MEDICAL CENTER,2360 ROCKMART HIGHWAY,(770) 748-2500,Critical Access Hospitals,Voluntary non-profit - Private,129,20
111330,ATRIUM HEALTH FLOYD POLK MEDICAL CENTER,2360 ROCKMART HIGHWAY,(770) 748-2500,Critical Access Hospitals,Voluntary non-profit - Private,108,41
111330,ATRIUM HEALTH FLOYD POLK MEDICAL CENTER,2360 ROCKMART HIGHWAY,(770) 748-2500,Critical Access Hospitals,Voluntary non-profit - Private,135,14
111330,ATRIUM HEALTH FLOYD POLK MEDICAL CENTER,2360 ROCKMART HIGHWAY,(770) 748-2500,Critical Access Hospitals,Voluntary non-profit - Private,103,46
111330,ATRIUM HEALTH FLOYD POLK MEDICAL CENTER,2360 ROCKMART HIGHWAY,(770) 748-2500,Critical Access Hospitals,Voluntary non-profit - Private,130,19
111330,ATRIUM HEALTH FLOYD POLK MEDICAL CENTER,2360 ROCKMART HIGHWAY,(770) 748-2500,Critical Access Hospitals,Voluntary non-profit - Private,105,44
111330,ATRIUM HEALTH FLOYD POLK MEDICAL CENTER,2360 ROCKMART HIGHWAY,(770) 748-2500,Critical Access Hospitals,Voluntary non-profit - Private,134,15
111330,ATRIUM HEALTH FLOYD POLK MEDICAL CENTER,2360 ROCKMART HIGHWAY,(770) 748-2500,Critical Access Hospitals,Voluntary non-profit - Private,101,48
111330,ATRIUM HEALTH FLOYD POLK MEDICAL CENTER,2360 ROCKMART HIGHWAY,(770) 748-2500,Critical Access Hospitals,Voluntary non-profit - Private,136,13
111330,ATRIUM HEALTH FLOYD POLK MEDICAL CENTER,2360 ROCKMART HIGHWAY,(770) 748-2500,Critical Access Hospitals,Voluntary non-profit - Private,125,24
111330,ATRIUM HEALTH FLOYD POLK MEDICAL CENTER,2360 ROCKMART HIGHWAY,(770) 748-2500,Critical Access Hospitals,Voluntary non-profit - Private,132,17
111330,ATRIUM HEALTH FLOYD POLK MEDICAL CENTER,2360 ROCKMART HIGHWAY,(770) 748-2500,Critical Access Hospitals,Voluntary non-profit - Private,125,24
111330,ATRIUM HEALTH FLOYD POLK MEDICAL CENTER,2360 ROCKMART HIGHWAY,(770) 748-2500,Critical Access Hospitals,Voluntary non-profit - Private,123,26
111330,ATRIUM HEALTH FLOYD POLK MEDICAL CENTER,2360 ROCKMART HIGHWAY,(770) 748-2500,Critical Access Hospitals,Voluntary non-profit - Private,121,28
111330,ATRIUM HEALTH FLOYD POLK MEDICAL CENTER,2360 ROCKMART HIGHWAY,(770) 748-2500,Critical Access Hospitals,Voluntary non-profit - Private,129,20
111330,ATRIUM HEALTH FLOYD POLK MEDICAL CENTER,2360 ROCKMART HIGHWAY,(770) 748-2500,Critical Access Hospitals,Voluntary non-profit - Private,96,53
111330,ATRIUM HEALTH FLOYD POLK MEDICAL CENTER,2360 ROCKMART HIGHWAY,(770) 748-2500,Critical Access Hospitals,Voluntary non-profit - Private,128,21
111330,ATRIUM HEALTH FLOYD POLK MEDICAL CENTER,2360 ROCKMART HIGHWAY,(770) 748-2500,Critical Access Hospitals,Voluntary non-profit - Private,102,47
111330,ATRIUM HEALTH FLOYD POLK MEDICAL CENTER,2360 ROCKMART HIGHWAY,(770) 748-2500,Critical Access Hospitals,Voluntary non-profit - Private,140,9
111330,ATRIUM HEALTH FLOYD POLK MEDICAL CENTER,2360 ROCKMART HIGHWAY,(770) 748-2500,Critical Access Hospitals,Voluntary non-profit - Private,140,9
111330,ATRIUM HEALTH FLOYD POLK MEDICAL CENTER,2360 ROCKMART HIGHWAY,(770) 748-2500,Critical Access Hospitals,Voluntary non-profit - Private,93,56
111330,ATRIUM HEALTH FLOYD POLK MEDICAL CENTER,2360 ROCKMART HIGHWAY,(770) 748-2500,Critical Access Hospitals,Voluntary non-profit - Private,116,33
111330,ATRIUM HEALTH FLOYD POLK MEDICAL CENTER,2360 ROCKMART HIGHWAY,(770) 748-2500,Critical Access Hospitals,Voluntary non-profit - Private,139,10
111330,ATRIUM HEALTH FLOYD POLK MEDICAL CENTER,2360 ROCKMART HIGHWAY,(770) 748-2500,Critical Access Hospitals,Voluntary non-profit - Private,115,34
111330,ATRIUM HEALTH FLOYD POLK MEDICAL CENTER,2360 ROCKMART HIGHWAY,(770) 748-2500,Critical Access Hospitals,Voluntary non-profit - Private,125,24
111330,ATRIUM HEALTH FLOYD POLK MEDICAL CENTER,2360 ROCKMART HIGHWAY,(770) 748-2500,Critical Access Hospitals,Voluntary non-profit - Private,134,15
111330,ATRIUM HEALTH FLOYD POLK MEDICAL CENTER,2360 ROCKMART HIGHWAY,(770) 748-2500,Critical Access Hospitals,Voluntary non-profit - Private,109,40
111330,ATRIUM HEALTH FLOYD POLK MEDICAL CENTER,2360 ROCKMART HIGHWAY,(770) 748-2500,Critical Access Hospitals,Voluntary non-profit - Private,100,49
111330,ATRIUM HEALTH FLOYD POLK MEDICAL CENTER,2360 ROCKMART HIGHWAY,(770) 748-2500,Critical Access Hospitals,Voluntary non-profit - Private,100,49
111330,ATRIUM HEALTH FLOYD POLK MEDICAL CENTER,2360 ROCKMART HIGHWAY,(770) 748-2500,Critical Access Hospitals,Voluntary non-profit - Private,126,23
111330,ATRIUM HEALTH FLOYD POLK MEDICAL CENTER,2360 ROCKMART HIGHWAY,(770) 748-2500,Critical Access Hospitals,Voluntary non-profit - Private,125,24
111330,ATRIUM HEALTH FLOYD POLK MEDICAL CENTER,2360 ROCKMART HIGHWAY,(770) 748-2500,Critical Access Hospitals,Voluntary non-profit - Private,114,35
111330,ATRIUM HEALTH FLOYD POLK MEDICAL CENTER,2360 ROCKMART HIGHWAY,(770) 748-2500,Critical Access Hospitals,Voluntary non-profit - Private,125,24
111330,ATRIUM HEALTH FLOYD POLK MEDICAL CENTER,2360 ROCKMART HIGHWAY,(770) 748-2500,Critical Access Hospitals,Voluntary non-profit - Private,113,36
111330,ATRIUM HEALTH FLOYD POLK MEDICAL CENTER,2360 ROCKMART HIGHWAY,(770) 748-2500,Critical Access Hospitals,Voluntary non-profit - Private,101,48
111330,ATRIUM HEALTH FLOYD POLK MEDICAL CENTER,2360 ROCKMART HIGHWAY,(770) 748-2500,Critical Access Hospitals,Voluntary non-profit - Private,95,54
111330,ATRIUM HEALTH FLOYD POLK MEDICAL CENTER,2360 ROCKMART HIGHWAY,(770) 748-2500,Critical Access Hospitals,Voluntary non-profit - Private,90,59
111330,ATRIUM HEALTH FLOYD POLK MEDICAL CENTER,2360 ROCKMART HIGHWAY,(770) 748-2500,Critical Access Hospitals,Voluntary non-profit - Private,105,44
111330,ATRIUM HEALTH FLOYD POLK MEDICAL CENTER,2360 ROCKMART HIGHWAY,(770) 748-2500,Critical Access Hospitals,Voluntary non-profit - Private,119,30
111330,ATRIUM HEALTH FLOYD POLK MEDICAL CENTER,2360 ROCKMART HIGHWAY,(770) 748-2500,Critical Access Hospitals,Voluntary non-profit - Private,117,32
111330,ATRIUM HEALTH FLOYD POLK MEDICAL CENTER,2360 ROCKMART HIGHWAY,(770) 748-2500,Critical Access Hospitals,Voluntary non-profit - Private,103,46
111330,ATRIUM HEALTH FLOYD POLK MEDICAL CENTER,2360 ROCKMART HIGHWAY,(770) 748-2500,Critical Access Hospitals,Voluntary non-profit - Private,102,47
111330,ATRIUM HEALTH FLOYD POLK MEDICAL CENTER,2360 ROCKMART HIGHWAY,(770) 748-2500,Critical Access Hospitals,Voluntary non-profit - Private,90,59
111330,ATRIUM HEALTH FLOYD POLK MEDICAL CENTER,2360 ROCKMART HIGHWAY,(770) 748-2500,Critical Access Hospitals,Voluntary non-profit - Private,108,41
111330,ATRIUM HEALTH FLOYD POLK MEDICAL CENTER,2360 ROCKMART HIGHWAY,(770) 748-2500,Critical Access Hospitals,Voluntary non-profit - Private,112,37
111330,ATRIUM HEALTH FLOYD POLK MEDICAL CENTER,2360 ROCKMART HIGHWAY,(770) 748-2500,Critical Access Hospitals,Voluntary non-profit - Private,95,54
111330,ATRIUM HEALTH FLOYD POLK MEDICAL CENTER,2360 ROCKMART HIGHWAY,(770) 748-2500,Critical Access Hospitals,Voluntary non-profit - Private,124,25
111330,ATRIUM HEALTH FLOYD POLK MEDICAL CENTER,2360 ROCKMART HIGHWAY,(770) 748-2500,Critical Access Hospitals,Voluntary non-profit - Private,133,16
111330,ATRIUM HEALTH FLOYD POLK MEDICAL CENTER,2360 ROCKMART HIGHWAY,(770) 748-2500,Critical Access Hospitals,Voluntary non-profit - Private,109,40
111330,ATRIUM HEALTH FLOYD POLK MEDICAL CENTER,2360 ROCKMART HIGHWAY,(770) 748-2500,Critical Access Hospitals,Voluntary non-profit - Private,119,30
111330,ATRIUM HEALTH FLOYD POLK MEDICAL CENTER,2360 ROCKMART HIGHWAY,(770) 748-2500,Critical Access Hospitals,Voluntary non-profit - Private,96,53
111330,ATRIUM HEALTH FLOYD POLK MEDICAL CENTER,2360 ROCKMART HIGHWAY,(770) 748-2500,Critical Access Hospitals,Voluntary non-profit - Private,131,18
111330,ATRIUM HEALTH FLOYD POLK MEDICAL CENTER,2360 ROCKMART HIGHWAY,(770) 748-2500,Critical Access Hospitals,Voluntary non-profit - Private,90,59
111330,ATRIUM HEALTH FLOYD POLK MEDICAL CENTER,2360 ROCKMART HIGHWAY,(770) 748-2500,Critical Access Hospitals,Voluntary non-profit - Private,108,41
111330,ATRIUM HEALTH FLOYD POLK MEDICAL CENTER,2360 ROCKMART HIGHWAY,(770) 748-2500,Critical Access Hospitals,Voluntary non-profit - Private,107,42
111330,ATRIUM HEALTH FLOYD POLK MEDICAL CENTER,2360 ROCKMART HIGHWAY,(770) 748-2500,Critical Access Hospitals,Voluntary non-profit - Private,121,28
111330,ATRIUM HEALTH FLOYD POLK MEDICAL CENTER,2360 ROCKMART HIGHWAY,(770) 748-2500,Critical Access Hospitals,Voluntary non-profit - Private,106,43
111330,ATRIUM HEALTH FLOYD POLK MEDICAL CENTER,2360 ROCKMART HIGHWAY,(770) 748-2500,Critical Access Hospitals,Voluntary non-profit - Private,121,28
111330,ATRIUM HEALTH FLOYD POLK MEDICAL CENTER,2360 ROCKMART HIGHWAY,(770) 748-2500,Critical Access Hospitals,Voluntary non-profit - Private,103,46
111330,ATRIUM HEALTH FLOYD POLK MEDICAL CENTER,2360 ROCKMART HIGHWAY,(770) 748-2500,Critical Access Hospitals,Voluntary non-profit - Private,117,32
111330,ATRIUM HEALTH FLOYD POLK MEDICAL CENTER,2360 ROCKMART HIGHWAY,(770) 748-2500,Critical Access Hospitals,Voluntary non-profit - Private,113,36
111330,ATRIUM HEALTH FLOYD POLK MEDICAL CENTER,2360 ROCKMART HIGHWAY,(770) 748-2500,Critical Access Hospitals,Voluntary non-profit - Private,124,25
111330,ATRIUM HEALTH FLOYD POLK MEDICAL CENTER,2360 ROCKMART HIGHWAY,(770) 748-2500,Critical Access Hospitals,Voluntary non-profit - Private,140,9
111330,ATRIUM HEALTH FLOYD POLK MEDICAL CENTER,2360 ROCKMART HIGHWAY,(770) 748-2500,Critical Access Hospitals,Voluntary non-profit - Private,104,45
111330,ATRIUM HEALTH FLOYD POLK MEDICAL CENTER,2360 ROCKMART HIGHWAY,(770) 748-2500,Critical Access Hospitals,Voluntary non-profit - Private,132,17
111330,ATRIUM HEALTH FLOYD POLK MEDICAL CENTER,2360 ROCKMART HIGHWAY,(770) 748-2500,Critical Access Hospitals,Voluntary non-profit - Private,107,42
111330,ATRIUM HEALTH FLOYD POLK MEDICAL CENTER,2360 ROCKMART HIGHWAY,(770) 748-2500,Critical Access Hospitals,Voluntary non-profit - Private,91,58
111330,ATRIUM HEALTH FLOYD POLK MEDICAL CENTER,2360 ROCKMART HIGHWAY,(770) 748-2500,Critical Access Hospitals,Voluntary non-profit - Private,125,24
111330,ATRIUM HEALTH FLOYD POLK MEDICAL CENTER,2360 ROCKMART HIGHWAY,(770) 748-2500,Critical Access Hospitals,Voluntary non-profit - Private,129,20
111330,ATRIUM HEALTH FLOYD POLK MEDICAL CENTER,2360 ROCKMART HIGHWAY,(770) 748-2500,Critical Access Hospitals,Voluntary non-profit - Private,123,26
111330,ATRIUM HEALTH FLOYD POLK MEDICAL CENTER,2360 ROCKMART HIGHWAY,(770) 748-2500,Critical Access Hospitals,Voluntary non-profit - Private,131,18
111330,ATRIUM HEALTH FLOYD POLK MEDICAL CENTER,2360 ROCKMART HIGHWAY,(770) 748-2500,Critical Access Hospitals,Voluntary non-profit - Private,95,54
111330,ATRIUM HEALTH FLOYD POLK MEDICAL CENTER,2360 ROCKMART HIGHWAY,(770) 748-2500,Critical Access Hospitals,Voluntary non-profit - Private,98,51
111330,ATRIUM HEALTH FLOYD POLK MEDICAL CENTER,2360 ROCKMART HIGHWAY,(770) 748-2500,Critical Access Hospitals,Voluntary non-profit - Private,138,11
111330,ATRIUM HEALTH FLOYD POLK MEDICAL CENTER,2360 ROCKMART HIGHWAY,(770) 748-2500,Critical Access Hospitals,Voluntary non-profit - Private,118,31
111330,ATRIUM HEALTH FLOYD POLK MEDICAL CENTER,2360 ROCKMART HIGHWAY,(770) 748-2500,Critical Access Hospitals,Voluntary non-profit - Private,126,23
111330,ATRIUM HEALTH FLOYD POLK MEDICAL CENTER,2360 ROCKMART HIGHWAY,(770) 748-2500,Critical Access Hospitals,Voluntary non-profit - Private,112,37
111330,ATRIUM HEALTH FLOYD POLK MEDICAL CENTER,2360 ROCKMART HIGHWAY,(770) 748-2500,Critical Access Hospitals,Voluntary non-profit - Private,106,43
111330,ATRIUM HEALTH FLOYD POLK MEDICAL CENTER,2360 ROCKMART HIGHWAY,(770) 748-2500,Critical Access Hospitals,Voluntary non-profit - Private,104,45
111330,ATRIUM HEALTH FLOYD POLK MEDICAL CENTER,2360 ROCKMART HIGHWAY,(770) 748-2500,Critical Access Hospitals,Voluntary non-profit - Private,126,23
111330,ATRIUM HEALTH FLOYD POLK MEDICAL CENTER,2360 ROCKMART HIGHWAY,(770) 748-2500,Critical Access Hospitals,Voluntary non-profit - Private,135,14
111330,ATRIUM HEALTH FLOYD POLK MEDICAL CENTER,2360 ROCKMART HIGHWAY,(770) 748-2500,Critical Access Hospitals,Voluntary non-profit - Private,99,50
111330,ATRIUM HEALTH FLOYD POLK MEDICAL CENTER,2360 ROCKMART HIGHWAY,(770) 748-2500,Critical Access Hospitals,Voluntary non-profit - Private,98,51
111330,ATRIUM HEALTH FLOYD POLK MEDICAL CENTER,2360 ROCKMART HIGHWAY,(770) 748-2500,Critical Access Hospitals,Voluntary non-profit - Private,96,53
111330,ATRIUM HEALTH FLOYD POLK MEDICAL CENTER,2360 ROCKMART HIGHWAY,(770) 748-2500,Critical Access Hospitals,Voluntary non-profit - Private,103,46
111330,ATRIUM HEALTH FLOYD POLK MEDICAL CENTER,2360 ROCKMART HIGHWAY,(770) 748-2500,Critical Access Hospitals,Voluntary non-profit - Private,104,45
111330,ATRIUM HEALTH FLOYD POLK MEDICAL CENTER,2360 ROCKMART HIGHWAY,(770) 748-2500,Critical Access Hospitals,Voluntary non-profit - Private,99,50
111330,ATRIUM HEALTH FLOYD POLK MEDICAL CENTER,2360 ROCKMART HIGHWAY,(770) 748-2500,Critical Access Hospitals,Voluntary non-profit - Private,119,30
111330,ATRIUM HEALTH FLOYD POLK MEDICAL CENTER,2360 ROCKMART HIGHWAY,(770) 748-2500,Critical Access Hospitals,Voluntary non-profit - Private,126,23
111330,ATRIUM HEALTH FLOYD POLK MEDICAL CENTER,2360 ROCKMART HIGHWAY,(770) 748-2500,Critical Access Hospitals,Voluntary non-profit - Private,105,44
111330,ATRIUM HEALTH FLOYD POLK MEDICAL CENTER,2360 ROCKMART HIGHWAY,(770) 748-2500,Critical Access Hospitals,Voluntary non-profit - Private,94,55
111330,ATRIUM HEALTH FLOYD POLK MEDICAL CENTER,2360 ROCKMART HIGHWAY,(770) 748-2500,Critical Access Hospitals,Voluntary non-profit - Private,104,45
111330,ATRIUM HEALTH FLOYD POLK MEDICAL CENTER,2360 ROCKMART HIGHWAY,(770) 748-2500,Critical Access Hospitals,Voluntary non-profit - Private,124,25
111330,ATRIUM HEALTH FLOYD POLK MEDICAL CENTER,2360 ROCKMART HIGHWAY,(770) 748-2500,Critical Access Hospitals,Voluntary non-profit - Private,91,58
111330,ATRIUM HEALTH FLOYD POLK MEDICAL CENTER,2360 ROCKMART HIGHWAY,(770) 748-2500,Critical Access Hospitals,Voluntary non-profit - Private,95,54
111330,ATRIUM HEALTH FLOYD POLK MEDICAL CENTER,2360 ROCKMART HIGHWAY,(770) 748-2500,Critical Access Hospitals,Voluntary non-profit - Private,107,42
111330,ATRIUM HEALTH FLOYD POLK MEDICAL CENTER,2360 ROCKMART HIGHWAY,(770) 748-2500,Critical Access Hospitals,Voluntary non-profit - Private,104,45
111330,ATRIUM HEALTH FLOYD POLK MEDICAL CENTER,2360 ROCKMART HIGHWAY,(770) 748-2500,Critical Access Hospitals,Voluntary non-profit - Private,129,20
111330,ATRIUM HEALTH FLOYD POLK MEDICAL CENTER,2360 ROCKMART HIGHWAY,(770) 748-2500,Critical Access Hospitals,Voluntary non-profit - Private,128,21
111330,ATRIUM HEALTH FLOYD POLK MEDICAL CENTER,2360 ROCKMART HIGHWAY,(770) 748-2500,Critical Access Hospitals,Voluntary non-profit - Private,111,38
111330,ATRIUM HEALTH FLOYD POLK MEDICAL CENTER,2360 ROCKMART HIGHWAY,(770) 748-2500,Critical Access Hospitals,Voluntary non-profit - Private,124,25
111330,ATRIUM HEALTH FLOYD POLK MEDICAL CENTER,2360 ROCKMART HIGHWAY,(770) 748-2500,Critical Access Hospitals,Voluntary non-profit - Private,90,59
111330,ATRIUM HEALTH FLOYD POLK MEDICAL CENTER,2360 ROCKMART HIGHWAY,(770) 748-2500,Critical Access Hospitals,Voluntary non-profit - Private,98,51
111330,ATRIUM HEALTH FLOYD POLK MEDICAL CENTER,2360 ROCKMART HIGHWAY,(770) 748-2500,Critical Access Hospitals,Voluntary non-profit - Private,92,57
111330,ATRIUM HEALTH FLOYD POLK MEDICAL CENTER,2360 ROCKMART HIGHWAY,(770) 748-2500,Critical Access Hospitals,Voluntary non-profit - Private,126,23
111330,ATRIUM HEALTH FLOYD POLK MEDICAL CENTER,2360 ROCKMART HIGHWAY,(770) 748-2500,Critical Access Hospitals,Voluntary non-profit - Private,116,33
111330,ATRIUM HEALTH FLOYD POLK MEDICAL CENTER,2360 ROCKMART HIGHWAY,(770) 748-2500,Critical Access Hospitals,Voluntary non-profit - Private,131,18
111330,ATRIUM HEALTH FLOYD POLK MEDICAL CENTER,2360 ROCKMART HIGHWAY,(770) 748-2500,Critical Access Hospitals,Voluntary non-profit - Private,139,10
111330,ATRIUM HEALTH FLOYD POLK MEDICAL CENTER,2360 ROCKMART HIGHWAY,(770) 748-2500,Critical Access Hospitals,Voluntary non-profit - Private,127,22
111330,ATRIUM HEALTH FLOYD POLK MEDICAL CENTER,2360 ROCKMART HIGHWAY,(770) 748-2500,Critical Access Hospitals,Voluntary non-profit - Private,90,59
111330,ATRIUM HEALTH FLOYD POLK MEDICAL CENTER,2360 ROCKMART HIGHWAY,(770) 748-2500,Critical Access Hospitals,Voluntary non-profit - Private,106,43
111330,ATRIUM HEALTH FLOYD POLK MEDICAL CENTER,2360 ROCKMART HIGHWAY,(770) 748-2500,Critical Access Hospitals,Voluntary non-profit - Private,127,22
111330,ATRIUM HEALTH FLOYD POLK MEDICAL CENTER,2360 ROCKMART HIGHWAY,(770) 748-2500,Critical Access Hospitals,Voluntary non-profit - Private,115,34
111330,ATRIUM HEALTH FLOYD POLK MEDICAL CENTER,2360 ROCKMART HIGHWAY,(770) 748-2500,Critical Access Hospitals,Voluntary non-profit - Private,139,10
111330,ATRIUM HEALTH FLOYD POLK MEDICAL CENTER,2360 ROCKMART HIGHWAY,(770) 748-2500,Critical Access Hospitals,Voluntary non-profit - Private,127,22
111330,ATRIUM HEALTH FLOYD POLK MEDICAL CENTER,2360 ROCKMART HIGHWAY,(770) 748-2500,Critical Access Hospitals,Voluntary non-profit - Private,132,17
111330,ATRIUM HEALTH FLOYD POLK MEDICAL CENTER,2360 ROCKMART HIGHWAY,(770) 748-2500,Critical Access Hospitals,Voluntary non-profit - Private,98,51
111330,ATRIUM HEALTH FLOYD POLK MEDICAL CENTER,2360 ROCKMART HIGHWAY,(770) 748-2500,Critical Access Hospitals,Voluntary non-profit - Private,90,59
111330,ATRIUM HEALTH FLOYD POLK MEDICAL CENTER,2360 ROCKMART HIGHWAY,(770) 748-2500,Critical Access Hospitals,Voluntary non-profit - Private,120,29
111330,ATRIUM HEALTH FLOYD POLK MEDICAL CENTER,2360 ROCKMART HIGHWAY,(770) 748-2500,Critical Access Hospitals,Voluntary non-profit - Private,111,38
111330,ATRIUM HEALTH FLOYD POLK MEDICAL CENTER,2360 ROCKMART HIGHWAY,(770) 748-2500,Critical Access Hospitals,Voluntary non-profit - Private,104,45
111330,ATRIUM HEALTH FLOYD POLK MEDICAL CENTER,2360 ROCKMART HIGHWAY,(770) 748-2500,Critical Access Hospitals,Voluntary non-profit - Private,104,45
111330,ATRIUM HEALTH FLOYD POLK MEDICAL CENTER,2360 ROCKMART HIGHWAY,(770) 748-2500,Critical Access Hospitals,Voluntary non-profit - Private,108,41
111330,ATRIUM HEALTH FLOYD POLK MEDICAL CENTER,2360 ROCKMART HIGHWAY,(770) 748-2500,Critical Access Hospitals,Voluntary non-profit - Private,110,39
