Facility ID,Facility Name,Address,Telephone Number,Hospital Type,Hospital Ownership,Active Beds,Inactive Beds
111336,MOUNTAIN LAKES MEDICAL CENTER,162 LEGACY POINT,(706) 782-3100,Critical Access Hospitals,Proprietary,116,60
111336,MOUNTAIN LAKES MEDICAL CENTER,162 LEGACY POINT,(706) 782-3100,Critical Access Hospitals,Proprietary,109,67
111336,MOUNTAIN LAKES MEDICAL CENTER,162 LEGACY POINT,(706) 782-3100,Critical Access Hospitals,Proprietary,146,30
111336,MOUNTAIN LAKES MEDICAL CENTER,162 LEGACY POINT,(706) 782-3100,Critical Access Hospitals,Proprietary,112,64
111336,MOUNTAIN LAKES MEDICAL CENTER,162 LEGACY POINT,(706) 782-3100,Critical Access Hospitals,Proprietary,126,50
111336,MOUNTAIN LAKES MEDICAL CENTER,162 LEGACY POINT,(706) 782-3100,Critical Access Hospitals,Proprietary,154,22
111336,MOUNTAIN LAKES MEDICAL CENTER,162 LEGACY POINT,(706) 782-3100,Critical Access Hospitals,Proprietary,118,58
111336,MOUNTAIN LAKES MEDICAL CENTER,162 LEGACY POINT,(706) 782-3100,Critical Access Hospitals,Proprietary,108,68
111336,MOUNTAIN LAKES MEDICAL CENTER,162 LEGACY POINT,(706) 782-3100,Critical Access Hospitals,Proprietary,108,68
111336,MOUNTAIN LAKES MEDICAL CENTER,162 LEGACY POINT,(706) 782-3100,Critical Access Hospitals,Proprietary,139,37
111336,MOUNTAIN LAKES MEDICAL CENTER,162 LEGACY POINT,(706) 782-3100,Critical Access Hospitals,Proprietary,149,27
111336,MOUNTAIN LAKES MEDICAL CENTER,162 LEGACY POINT,(706) 782-3100,Critical Access Hospitals,Proprietary,125,51
111336,MOUNTAIN LAKES MEDICAL CENTER,162 LEGACY POINT,(706) 782-3100,Critical Access Hospitals,Proprietary,146,30
111336,MOUNTAIN LAKES MEDICAL CENTER,162 LEGACY POINT,(706) 782-3100,Critical Access Hospitals,Proprietary,155,21
111336,MOUNTAIN LAKES MEDICAL CENTER,162 LEGACY POINT,(706) 782-3100,Critical Access Hospitals,Proprietary,115,61
111336,MOUNTAIN LAKES MEDICAL CENTER,162 LEGACY POINT,(706) 782-3100,Critical Access Hospitals,Proprietary,118,58
111336,MOUNTAIN LAKES MEDICAL CENTER,162 LEGACY POINT,(706) 782-3100,Critical Access Hospitals,Proprietary,163,13
111336,MOUNTAIN LAKES MEDICAL CENTER,162 LEGACY POINT,(706) 782-3100,Critical Access Hospitals,Proprietary,146,30
111336,MOUNTAIN LAKES MEDICAL CENTER,162 LEGACY POINT,(706) 782-3100,Critical Access Hospitals,Proprietary,135,41
111336,MOUNTAIN LAKES MEDICAL CENTER,162 LEGACY POINT,(706) 782-3100,Critical Access Hospitals,Proprietary,122,54
111336,MOUNTAIN LAKES MEDICAL CENTER,162 LEGACY POINT,(706) 782-3100,Critical Access Hospitals,Proprietary,157,19
111336,MOUNTAIN LAKES MEDICAL CENTER,162 LEGACY POINT,(706) 782-3100,Critical Access Hospitals,Proprietary,124,52
111336,MOUNTAIN LAKES MEDICAL CENTER,162 LEGACY POINT,(706) 782-3100,Critical Access Hospitals,Proprietary,110,66
111336,MOUNTAIN LAKES MEDICAL CENTER,162 LEGACY POINT,(706) 782-3100,Critical Access Hospitals,Proprietary,110,66
111336,MOUNTAIN LAKES MEDICAL CENTER,162 LEGACY POINT,(706) 782-3100,Critical Access Hospitals,Proprietary,127,49
111336,MOUNTAIN LAKES MEDICAL CENTER,162 LEGACY POINT,(706) 782-3100,Critical Access Hospitals,Proprietary,159,17
111336,MOUNTAIN LAKES MEDICAL CENTER,162 LEGACY POINT,(706) 782-3100,Critical Access Hospitals,Proprietary,126,50
111336,MOUNTAIN LAKES MEDICAL CENTER,162 LEGACY POINT,(706) 782-3100,Critical Access Hospitals,Proprietary,161,15
111336,MOUNTAIN LAKES MEDICAL CENTER,162 LEGACY POINT,(706) 782-3100,Critical Access Hospitals,Proprietary,145,31
111336,MOUNTAIN LAKES MEDICAL CENTER,162 LEGACY POINT,(706) 782-3100,Critical Access Hospitals,Proprietary,145,31
111336,MOUNTAIN LAKES MEDICAL CENTER,162 LEGACY POINT,(706) 782-3100,Critical Access Hospitals,Proprietary,159,17
111336,MOUNTAIN LAKES MEDICAL CENTER,162 LEGACY POINT,(706) 782-3100,Critical Access Hospitals,Proprietary,120,56
111336,MOUNTAIN LAKES MEDICAL CENTER,162 LEGACY POINT,(706) 782-3100,Critical Access Hospitals,Proprietary,133,43
111336,MOUNTAIN LAKES MEDICAL CENTER,162 LEGACY POINT,(706) 782-3100,Critical Access Hospitals,Proprietary,113,63
111336,MOUNTAIN LAKES MEDICAL CENTER,162 LEGACY POINT,(706) 782-3100,Critical Access Hospitals,Proprietary,116,60
111336,MOUNTAIN LAKES MEDICAL CENTER,162 LEGACY POINT,(706) 782-3100,Critical Access Hospitals,Proprietary,106,70
111336,MOUNTAIN LAKES MEDICAL CENTER,162 LEGACY POINT,(706) 782-3100,Critical Access Hospitals,Proprietary,115,61
111336,MOUNTAIN LAKES MEDICAL CENTER,162 LEGACY POINT,(706) 782-3100,Critical Access Hospitals,Proprietary,163,13
111336,MOUNTAIN LAKES MEDICAL CENTER,162 LEGACY POINT,(706) 782-3100,Critical Access Hospitals,Proprietary,165,11
111336,MOUNTAIN LAKES MEDICAL CENTER,162 LEGACY POINT,(706) 782-3100,Critical Access Hospitals,Proprietary,153,23
111336,MOUNTAIN LAKES MEDICAL CENTER,162 LEGACY POINT,(706) 782-3100,Critical Access Hospitals,Proprietary,125,51
111336,MOUNTAIN LAKES MEDICAL CENTER,162 LEGACY POINT,(706) 782-3100,Critical Access Hospitals,Proprietary,154,22
111336,MOUNTAIN LAKES MEDICAL CENTER,162 LEGACY POINT,(706) 782-3100,Critical Access Hospitals,Proprietary,132,44
111336,MOUNTAIN LAKES MEDICAL CENTER,162 LEGACY POINT,(706) 782-3100,Critical Access Hospitals,Proprietary,156,20
111336,MOUNTAIN LAKES MEDICAL CENTER,162 LEGACY POINT,(706) 782-3100,Critical Access Hospitals,Proprietary,160,16
111336,MOUNTAIN LAKES MEDICAL CENTER,162 LEGACY POINT,(706) 782-3100,Critical Access Hospitals,Proprietary,158,18
111336,MOUNTAIN LAKES MEDICAL CENTER,162 LEGACY POINT,(706) 782-3100,Critical Access Hospitals,Proprietary,135,41
111336,MOUNTAIN LAKES MEDICAL CENTER,162 LEGACY POINT,(706) 782-3100,Critical Access Hospitals,Proprietary,154,22
111336,MOUNTAIN LAKES MEDICAL CENTER,162 LEGACY POINT,(706) 782-3100,Critical Access Hospitals,Proprietary,139,37
111336,MOUNTAIN LAKES MEDICAL CENTER,162 LEGACY POINT,(706) 782-3100,Critical Access Hospitals,Proprietary,145,31
111336,MOUNTAIN LAKES MEDICAL CENTER,162 LEGACY POINT,(706) 782-3100,Critical Access Hospitals,Proprietary,115,61
111336,MOUNTAIN LAKES MEDICAL CENTER,162 LEGACY POINT,(706) 782-3100,Critical Access Hospitals,Proprietary,132,44
111336,MOUNTAIN LAKES MEDICAL CENTER,162 LEGACY POINT,(706) 782-3100,Critical Access Hospitals,Proprietary,136,40
111336,MOUNTAIN LAKES MEDICAL CENTER,162 LEGACY POINT,(706) 782-3100,Critical Access Hospitals,Proprietary,109,67
111336,MOUNTAIN LAKES MEDICAL CENTER,162 LEGACY POINT,(706) 782-3100,Critical Access Hospitals,Proprietary,121,55
111336,MOUNTAIN LAKES MEDICAL CENTER,162 LEGACY POINT,(706) 782-3100,Critical Access Hospitals,Proprietary,140,36
111336,MOUNTAIN LAKES MEDICAL CENTER,162 LEGACY POINT,(706) 782-3100,Critical Access Hospitals,Proprietary,162,14
111336,MOUNTAIN LAKES MEDICAL CENTER,162 LEGACY POINT,(706) 782-3100,Critical Access Hospitals,Proprietary,125,51
111336,MOUNTAIN LAKES MEDICAL CENTER,162 LEGACY POINT,(706) 782-3100,Critical Access Hospitals,Proprietary,137,39
111336,MOUNTAIN LAKES MEDICAL CENTER,162 LEGACY POINT,(706) 782-3100,Critical Access Hospitals,Proprietary,150,26
111336,MOUNTAIN LAKES MEDICAL CENTER,162 LEGACY POINT,(706) 782-3100,Critical Access Hospitals,Proprietary,117,59
111336,MOUNTAIN LAKES MEDICAL CENTER,162 LEGACY POINT,(706) 782-3100,Critical Access Hospitals,Proprietary,133,43
111336,MOUNTAIN LAKES MEDICAL CENTER,162 LEGACY POINT,(706) 782-3100,Critical Access Hospitals,Proprietary,108,68
111336,MOUNTAIN LAKES MEDICAL CENTER,162 LEGACY POINT,(706) 782-3100,Critical Access Hospitals,Proprietary,118,58
111336,MOUNTAIN LAKES MEDICAL CENTER,162 LEGACY POINT,(706) 782-3100,Critical Access Hospitals,Proprietary,157,19
111336,MOUNTAIN LAKES MEDICAL CENTER,162 LEGACY POINT,(706) 782-3100,Critical Access Hospitals,Proprietary,139,37
111336,MOUNTAIN LAKES MEDICAL CENTER,162 LEGACY POINT,(706) 782-3100,Critical Access Hospitals,Proprietary,140,36
111336,MOUNTAIN LAKES MEDICAL CENTER,162 LEGACY POINT,(706) 782-3100,Critical Access Hospitals,Proprietary,109,67
111336,MOUNTAIN LAKES MEDICAL CENTER,162 LEGACY POINT,(706) 782-3100,Critical Access Hospitals,Proprietary,133,43
111336,MOUNTAIN LAKES MEDICAL CENTER,162 LEGACY POINT,(706) 782-3100,Critical Access Hospitals,Proprietary,153,23
111336,MOUNTAIN LAKES MEDICAL CENTER,162 LEGACY POINT,(706) 782-3100,Critical Access Hospitals,Proprietary,109,67
111336,MOUNTAIN LAKES MEDICAL CENTER,162 LEGACY POINT,(706) 782-3100,Critical Access Hospitals,Proprietary,109,67
111336,MOUNTAIN LAKES MEDICAL CENTER,162 LEGACY POINT,(706) 782-3100,Critical Access Hospitals,Proprietary,106,70
111336,MOUNTAIN LAKES MEDICAL CENTER,162 LEGACY POINT,(706) 782-3100,Critical Access Hospitals,Proprietary,129,47
111336,MOUNTAIN LAKES MEDICAL CENTER,162 LEGACY POINT,(706) 782-3100,Critical Access Hospitals,Proprietary,125,51
111336,MOUNTAIN LAKES MEDICAL CENTER,162 LEGACY POINT,(706) 782-3100,Critical Access Hospitals,Proprietary,107,69
111336,MOUNTAIN LAKES MEDICAL CENTER,162 LEGACY POINT,(706) 782-3100,Critical Access Hospitals,Proprietary,112,64
111336,MOUNTAIN LAKES MEDICAL CENTER,162 LEGACY POINT,(706) 782-3100,Critical Access Hospitals,Proprietary,166,10
111336,MOUNTAIN LAKES MEDICAL CENTER,162 LEGACY POINT,(706) 782-3100,Critical Access Hospitals,Proprietary,143,33
111336,MOUNTAIN LAKES MEDICAL CENTER,162 LEGACY POINT,(706) 782-3100,Critical Access Hospitals,Proprietary,128,48
111336,MOUNTAIN LAKES MEDICAL CENTER,162 LEGACY POINT,(706) 782-3100,Critical Access Hospitals,Proprietary,162,14
111336,MOUNTAIN LAKES MEDICAL CENTER,162 LEGACY POINT,(706) 782-3100,Critical Access Hospitals,Proprietary,139,37
111336,MOUNTAIN LAKES MEDICAL CENTER,162 LEGACY POINT,(706) 782-3100,Critical Access Hospitals,Proprietary,141,35
111336,MOUNTAIN LAKES MEDICAL CENTER,162 LEGACY POINT,(706) 782-3100,Critical Access Hospitals,Proprietary,114,62
111336,MOUNTAIN LAKES MEDICAL CENTER,162 LEGACY POINT,(706) 782-3100,Critical Access Hospitals,Proprietary,143,33
111336,MOUNTAIN LAKES MEDICAL CENTER,162 LEGACY POINT,(706) 782-3100,Critical Access Hospitals,Proprietary,131,45
111336,MOUNTAIN LAKES MEDICAL CENTER,162 LEGACY POINT,(706) 782-3100,Critical Access Hospitals,Proprietary,123,53
111336,MOUNTAIN LAKES MEDICAL CENTER,162 LEGACY POINT,(706) 782-3100,Critical Access Hospitals,Proprietary,156,20
111336,MOUNTAIN LAKES MEDICAL CENTER,162 LEGACY POINT,(706) 782-3100,Critical Access Hospitals,Proprietary,143,33
111336,MOUNTAIN LAKES MEDICAL CENTER,162 LEGACY POINT,(706) 782-3100,Critical Access Hospitals,Proprietary,131,45
111336,MOUNTAIN LAKES MEDICAL CENTER,162 LEGACY POINT,(706) 782-3100,Critical Access Hospitals,Proprietary,129,47
111336,MOUNTAIN LAKES MEDICAL CENTER,162 LEGACY POINT,(706) 782-3100,Critical Access Hospitals,Proprietary,142,34
111336,MOUNTAIN LAKES MEDICAL CENTER,162 LEGACY POINT,(706) 782-3100,Critical Access Hospitals,Proprietary,111,65
111336,MOUNTAIN LAKES MEDICAL CENTER,162 LEGACY POINT,(706) 782-3100,Critical Access Hospitals,Proprietary,111,65
111336,MOUNTAIN LAKES MEDICAL CENTER,162 LEGACY POINT,(706) 782-3100,Critical Access Hospitals,Proprietary,126,50
111336,MOUNTAIN LAKES MEDICAL CENTER,162 LEGACY POINT,(706) 782-3100,Critical Access Hospitals,Proprietary,113,63
111336,MOUNTAIN LAKES MEDICAL CENTER,162 LEGACY POINT,(706) 782-3100,Critical Access Hospitals,Proprietary,130,46
111336,MOUNTAIN LAKES MEDICAL CENTER,162 LEGACY POINT,(706) 782-3100,Critical Access Hospitals,Proprietary,132,44
111336,MOUNTAIN LAKES MEDICAL CENTER,162 LEGACY POINT,(706) 782-3100,Critical Access Hospitals,Proprietary,118,58
111336,MOUNTAIN LAKES MEDICAL CENTER,162 LEGACY POINT,(706) 782-3100,Critical Access Hospitals,Proprietary,137,39
111336,MOUNTAIN LAKES MEDICAL CENTER,162 LEGACY POINT,(706) 782-3100,Critical Access Hospitals,Proprietary,122,54
111336,MOUNTAIN LAKES MEDICAL CENTER,162 LEGACY POINT,(706) 782-3100,Critical Access Hospitals,Proprietary,160,16
111336,MOUNTAIN LAKES MEDICAL CENTER,162 LEGACY POINT,(706) 782-3100,Critical Access Hospitals,Proprietary,128,48
111336,MOUNTAIN LAKES MEDICAL CENTER,162 LEGACY POINT,(706) 782-3100,Critical Access Hospitals,Proprietary,145,31
111336,MOUNTAIN LAKES MEDICAL CENTER,162 LEGACY POINT,(706) 782-3100,Critical Access Hospitals,Proprietary,117,59
111336,MOUNTAIN LAKES MEDICAL CENTER,162 LEGACY POINT,(706) 782-3100,Critical Access Hospitals,Proprietary,162,14
111336,MOUNTAIN LAKES MEDICAL CENTER,162 LEGACY POINT,(706) 782-3100,Critical Access Hospitals,Proprietary,157,19
111336,MOUNTAIN LAKES MEDICAL CENTER,162 LEGACY POINT,(706) 782-3100,Critical Access Hospitals,Proprietary,145,31
111336,MOUNTAIN LAKES MEDICAL CENTER,162 LEGACY POINT,(706) 782-3100,Critical Access Hospitals,Proprietary,107,69
111336,MOUNTAIN LAKES MEDICAL CENTER,162 LEGACY POINT,(706) 782-3100,Critical Access Hospitals,Proprietary,125,51
111336,MOUNTAIN LAKES MEDICAL CENTER,162 LEGACY POINT,(706) 782-3100,Critical Access Hospitals,Proprietary,156,20
111336,MOUNTAIN LAKES MEDICAL CENTER,162 LEGACY POINT,(706) 782-3100,Critical Access Hospitals,Proprietary,162,14
111336,MOUNTAIN LAKES MEDICAL CENTER,162 LEGACY POINT,(706) 782-3100,Critical Access Hospitals,Proprietary,143,33
111336,MOUNTAIN LAKES MEDICAL CENTER,162 LEGACY POINT,(706) 782-3100,Critical Access Hospitals,Proprietary,143,33
111336,MOUNTAIN LAKES MEDICAL CENTER,162 LEGACY POINT,(706) 782-3100,Critical Access Hospitals,Proprietary,128,48
111336,MOUNTAIN LAKES MEDICAL CENTER,162 LEGACY POINT,(706) 782-3100,Critical Access Hospitals,Proprietary,144,32
111336,MOUNTAIN LAKES MEDICAL CENTER,162 LEGACY POINT,(706) 782-3100,Critical Access Hospitals,Proprietary,107,69
111336,MOUNTAIN LAKES MEDICAL CENTER,162 LEGACY POINT,(706) 782-3100,Critical Access Hospitals,Proprietary,120,56
111336,MOUNTAIN LAKES MEDICAL CENTER,162 LEGACY POINT,(706) 782-3100,Critical Access Hospitals,Proprietary,137,39
111336,MOUNTAIN LAKES MEDICAL CENTER,162 LEGACY POINT,(706) 782-3100,Critical Access Hospitals,Proprietary,161,15
111336,MOUNTAIN LAKES MEDICAL CENTER,162 LEGACY POINT,(706) 782-3100,Critical Access Hospitals,Proprietary,109,67
111336,MOUNTAIN LAKES MEDICAL CENTER,162 LEGACY POINT,(706) 782-3100,Critical Access Hospitals,Proprietary,155,21
111336,MOUNTAIN LAKES MEDICAL CENTER,162 LEGACY POINT,(706) 782-3100,Critical Access Hospitals,Proprietary,152,24
111336,MOUNTAIN LAKES MEDICAL CENTER,162 LEGACY POINT,(706) 782-3100,Critical Access Hospitals,Proprietary,157,19
111336,MOUNTAIN LAKES MEDICAL CENTER,162 LEGACY POINT,(706) 782-3100,Critical Access Hospitals,Proprietary,145,31
111336,MOUNTAIN LAKES MEDICAL CENTER,162 LEGACY POINT,(706) 782-3100,Critical Access Hospitals,Proprietary,137,39
111336,MOUNTAIN LAKES MEDICAL CENTER,162 LEGACY POINT,(706) 782-3100,Critical Access Hospitals,Proprietary,160,16
111336,MOUNTAIN LAKES MEDICAL CENTER,162 LEGACY POINT,(706) 782-3100,Critical Access Hospitals,Proprietary,115,61
111336,MOUNTAIN LAKES MEDICAL CENTER,162 LEGACY POINT,(706) 782-3100,Critical Access Hospitals,Proprietary,153,23
111336,MOUNTAIN LAKES MEDICAL CENTER,162 LEGACY POINT,(706) 782-3100,Critical Access Hospitals,Proprietary,114,62
111336,MOUNTAIN LAKES MEDICAL CENTER,162 LEGACY POINT,(706) 782-3100,Critical Access Hospitals,Proprietary,156,20
111336,MOUNTAIN LAKES MEDICAL CENTER,162 LEGACY POINT,(706) 782-3100,Critical Access Hospitals,Proprietary,151,25
111336,MOUNTAIN LAKES MEDICAL CENTER,162 LEGACY POINT,(706) 782-3100,Critical Access Hospitals,Proprietary,146,30
111336,MOUNTAIN LAKES MEDICAL CENTER,162 LEGACY POINT,(706) 782-3100,Critical Access Hospitals,Proprietary,139,37
111336,MOUNTAIN LAKES MEDICAL CENTER,162 LEGACY POINT,(706) 782-3100,Critical Access Hospitals,Proprietary,147,29
111336,MOUNTAIN LAKES MEDICAL CENTER,162 LEGACY POINT,(706) 782-3100,Critical Access Hospitals,Proprietary,136,40
111336,MOUNTAIN LAKES MEDICAL CENTER,162 LEGACY POINT,(706) 782-3100,Critical Access Hospitals,Proprietary,110,66
111336,MOUNTAIN LAKES MEDICAL CENTER,162 LEGACY POINT,(706) 782-3100,Critical Access Hospitals,Proprietary,150,26
111336,MOUNTAIN LAKES MEDICAL CENTER,162 LEGACY POINT,(706) 782-3100,Critical Access Hospitals,Proprietary,120,56
111336,MOUNTAIN LAKES MEDICAL CENTER,162 LEGACY POINT,(706) 782-3100,Critical Access Hospitals,Proprietary,148,28
111336,MOUNTAIN LAKES MEDICAL CENTER,162 LEGACY POINT,(706) 782-3100,Critical Access Hospitals,Proprietary,109,67
111336,MOUNTAIN LAKES MEDICAL CENTER,162 LEGACY POINT,(706) 782-3100,Critical Access Hospitals,Proprietary,153,23
111336,MOUNTAIN LAKES MEDICAL CENTER,162 LEGACY POINT,(706) 782-3100,Critical Access Hospitals,Proprietary,110,66
111336,MOUNTAIN LAKES MEDICAL CENTER,162 LEGACY POINT,(706) 782-3100,Critical Access Hospitals,Proprietary,108,68
111336,MOUNTAIN LAKES MEDICAL CENTER,162 LEGACY POINT,(706) 782-3100,Critical Access Hospitals,Proprietary,162,14
111336,MOUNTAIN LAKES MEDICAL CENTER,162 LEGACY POINT,(706) 782-3100,Critical Access Hospitals,Proprietary,163,13
111336,MOUNTAIN LAKES MEDICAL CENTER,162 LEGACY POINT,(706) 782-3100,Critical Access Hospitals,Proprietary,112,64
111336,MOUNTAIN LAKES MEDICAL CENTER,162 LEGACY POINT,(706) 782-3100,Critical Access Hospitals,Proprietary,166,10
111336,MOUNTAIN LAKES MEDICAL CENTER,162 LEGACY POINT,(706) 782-3100,Critical Access Hospitals,Proprietary,108,68
111336,MOUNTAIN LAKES MEDICAL CENTER,162 LEGACY POINT,(706) 782-3100,Critical Access Hospitals,Proprietary,133,43
111336,MOUNTAIN LAKES MEDICAL CENTER,162 LEGACY POINT,(706) 782-3100,Critical Access Hospitals,Proprietary,146,30
111336,MOUNTAIN LAKES MEDICAL CENTER,162 LEGACY POINT,(706) 782-3100,Critical Access Hospitals,Proprietary,147,29
111336,MOUNTAIN LAKES MEDICAL CENTER,162 LEGACY POINT,(706) 782-3100,Critical Access Hospitals,Proprietary,129,47
111336,MOUNTAIN LAKES MEDICAL CENTER,162 LEGACY POINT,(706) 782-3100,Critical Access Hospitals,Proprietary,134,42
111336,MOUNTAIN LAKES MEDICAL CENTER,162 LEGACY POINT,(706) 782-3100,Critical Access Hospitals,Proprietary,107,69
111336,MOUNTAIN LAKES MEDICAL CENTER,162 LEGACY POINT,(706) 782-3100,Critical Access Hospitals,Proprietary,130,46
111336,MOUNTAIN LAKES MEDICAL CENTER,162 LEGACY POINT,(706) 782-3100,Critical Access Hospitals,Proprietary,164,12
111336,MOUNTAIN LAKES MEDICAL CENTER,162 LEGACY POINT,(706) 782-3100,Critical Access Hospitals,Proprietary,155,21
111336,MOUNTAIN LAKES MEDICAL CENTER,162 LEGACY POINT,(706) 782-3100,Critical Access Hospitals,Proprietary,125,51
111336,MOUNTAIN LAKES MEDICAL CENTER,162 LEGACY POINT,(706) 782-3100,Critical Access Hospitals,Proprietary,111,65
111336,MOUNTAIN LAKES MEDICAL CENTER,162 LEGACY POINT,(706) 782-3100,Critical Access Hospitals,Proprietary,124,52
111336,MOUNTAIN LAKES MEDICAL CENTER,162 LEGACY POINT,(706) 782-3100,Critical Access Hospitals,Proprietary,149,27
111336,MOUNTAIN LAKES MEDICAL CENTER,162 LEGACY POINT,(706) 782-3100,Critical Access Hospitals,Proprietary,148,28
111336,MOUNTAIN LAKES MEDICAL CENTER,162 LEGACY POINT,(706) 782-3100,Critical Access Hospitals,Proprietary,155,21
111336,MOUNTAIN LAKES MEDICAL CENTER,162 LEGACY POINT,(706) 782-3100,Critical Access Hospitals,Proprietary,117,59
111336,MOUNTAIN LAKES MEDICAL CENTER,162 LEGACY POINT,(706) 782-3100,Critical Access Hospitals,Proprietary,107,69
111336,MOUNTAIN LAKES MEDICAL CENTER,162 LEGACY POINT,(706) 782-3100,Critical Access Hospitals,Proprietary,106,70
111336,MOUNTAIN LAKES MEDICAL CENTER,162 LEGACY POINT,(706) 782-3100,Critical Access Hospitals,Proprietary,117,59
111336,MOUNTAIN LAKES MEDICAL CENTER,162 LEGACY POINT,(706) 782-3100,Critical Access Hospitals,Proprietary,113,63
111336,MOUNTAIN LAKES MEDICAL CENTER,162 LEGACY POINT,(706) 782-3100,Critical Access Hospitals,Proprietary,160,16
111336,MOUNTAIN LAKES MEDICAL CENTER,162 LEGACY POINT,(706) 782-3100,Critical Access Hospitals,Proprietary,126,50
111336,MOUNTAIN LAKES MEDICAL CENTER,162 LEGACY POINT,(706) 782-3100,Critical Access Hospitals,Proprietary,122,54
111336,MOUNTAIN LAKES MEDICAL CENTER,162 LEGACY POINT,(706) 782-3100,Critical Access Hospitals,Proprietary,117,59
111336,MOUNTAIN LAKES MEDICAL CENTER,162 LEGACY POINT,(706) 782-3100,Critical Access Hospitals,Proprietary,146,30
111336,MOUNTAIN LAKES MEDICAL CENTER,162 LEGACY POINT,(706) 782-3100,Critical Access Hospitals,Proprietary,110,66
111336,MOUNTAIN LAKES MEDICAL CENTER,162 LEGACY POINT,(706) 782-3100,Critical Access Hospitals,Proprietary,119,57
111336,MOUNTAIN LAKES MEDICAL CENTER,162 LEGACY POINT,(706) 782-3100,Critical Access Hospitals,Proprietary,105,71
111336,MOUNTAIN LAKES MEDICAL CENTER,162 LEGACY POINT,(706) 782-3100,Critical Access Hospitals,Proprietary,139,37
111336,MOUNTAIN LAKES MEDICAL CENTER,162 LEGACY POINT,(706) 782-3100,Critical Access Hospitals,Proprietary,139,37
111336,MOUNTAIN LAKES MEDICAL CENTER,162 LEGACY POINT,(706) 782-3100,Critical Access Hospitals,Proprietary,143,33
111336,MOUNTAIN LAKES MEDICAL CENTER,162 LEGACY POINT,(706) 782-3100,Critical Access Hospitals,Proprietary,150,26
111336,MOUNTAIN LAKES MEDICAL CENTER,162 LEGACY POINT,(706) 782-3100,Critical Access Hospitals,Proprietary,147,29
111336,MOUNTAIN LAKES MEDICAL CENTER,162 LEGACY POINT,(706) 782-3100,Critical Access Hospitals,Proprietary,124,52
111336,MOUNTAIN LAKES MEDICAL CENTER,162 LEGACY POINT,(706) 782-3100,Critical Access Hospitals,Proprietary,128,48
111336,MOUNTAIN LAKES MEDICAL CENTER,162 LEGACY POINT,(706) 782-3100,Critical Access Hospitals,Proprietary,146,30
111336,MOUNTAIN LAKES MEDICAL CENTER,162 LEGACY POINT,(706) 782-3100,Critical Access Hospitals,Proprietary,107,69
111336,MOUNTAIN LAKES MEDICAL CENTER,162 LEGACY POINT,(706) 782-3100,Critical Access Hospitals,Proprietary,110,66
111336,MOUNTAIN LAKES MEDICAL CENTER,162 LEGACY POINT,(706) 782-3100,Critical Access Hospitals,Proprietary,145,31
111336,MOUNTAIN LAKES MEDICAL CENTER,162 LEGACY POINT,(706) 782-3100,Critical Access Hospitals,Proprietary,150,26
111336,MOUNTAIN LAKES MEDICAL CENTER,162 LEGACY POINT,(706) 782-3100,Critical Access Hospitals,Proprietary,114,62
111336,MOUNTAIN LAKES MEDICAL CENTER,162 LEGACY POINT,(706) 782-3100,Critical Access Hospitals,Proprietary,115,61
111336,MOUNTAIN LAKES MEDICAL CENTER,162 LEGACY POINT,(706) 782-3100,Critical Access Hospitals,Proprietary,145,31
111336,MOUNTAIN LAKES MEDICAL CENTER,162 LEGACY POINT,(706) 782-3100,Critical Access Hospitals,Proprietary,107,69
111336,MOUNTAIN LAKES MEDICAL CENTER,162 LEGACY POINT,(706) 782-3100,Critical Access Hospitals,Proprietary,126,50
111336,MOUNTAIN LAKES MEDICAL CENTER,162 LEGACY POINT,(706) 782-3100,Critical Access Hospitals,Proprietary,120,56
111336,MOUNTAIN LAKES MEDICAL CENTER,162 LEGACY POINT,(706) 782-3100,Critical Access Hospitals,Proprietary,157,19
111336,MOUNTAIN LAKES MEDICAL CENTER,162 LEGACY POINT,(706) 782-3100,Critical Access Hospitals,Proprietary,108,68
111336,MOUNTAIN LAKES MEDICAL CENTER,162 LEGACY POINT,(706) 782-3100,Critical Access Hospitals,Proprietary,157,19
111336,MOUNTAIN LAKES MEDICAL CENTER,162 LEGACY POINT,(706) 782-3100,Critical Access Hospitals,Proprietary,115,61
111336,MOUNTAIN LAKES MEDICAL CENTER,162 LEGACY POINT,(706) 782-3100,Critical Access Hospitals,Proprietary,124,52
111336,MOUNTAIN LAKES MEDICAL CENTER,162 LEGACY POINT,(706) 782-3100,Critical Access Hospitals,Proprietary,150,26
111336,MOUNTAIN LAKES MEDICAL CENTER,162 LEGACY POINT,(706) 782-3100,Critical Access Hospitals,Proprietary,122,54
111336,MOUNTAIN LAKES MEDICAL CENTER,162 LEGACY POINT,(706) 782-3100,Critical Access Hospitals,Proprietary,148,28
111336,MOUNTAIN LAKES MEDICAL CENTER,162 LEGACY POINT,(706) 782-3100,Critical Access Hospitals,Proprietary,156,20
111336,MOUNTAIN LAKES MEDICAL CENTER,162 LEGACY POINT,(706) 782-3100,Critical Access Hospitals,Proprietary,126,50
111336,MOUNTAIN LAKES MEDICAL CENTER,162 LEGACY POINT,(706) 782-3100,Critical Access Hospitals,Proprietary,109,67
111336,MOUNTAIN LAKES MEDICAL CENTER,162 LEGACY POINT,(706) 782-3100,Critical Access Hospitals,Proprietary,135,41
111336,MOUNTAIN LAKES MEDICAL CENTER,162 LEGACY POINT,(706) 782-3100,Critical Access Hospitals,Proprietary,143,33
111336,MOUNTAIN LAKES MEDICAL CENTER,162 LEGACY POINT,(706) 782-3100,Critical Access Hospitals,Proprietary,152,24
111336,MOUNTAIN LAKES MEDICAL CENTER,162 LEGACY POINT,(706) 782-3100,Critical Access Hospitals,Proprietary,157,19
111336,MOUNTAIN LAKES MEDICAL CENTER,162 LEGACY POINT,(706) 782-3100,Critical Access Hospitals,Proprietary,167,9
111336,MOUNTAIN LAKES MEDICAL CENTER,162 LEGACY POINT,(706) 782-3100,Critical Access Hospitals,Proprietary,149,27
111336,MOUNTAIN LAKES MEDICAL CENTER,162 LEGACY POINT,(706) 782-3100,Critical Access Hospitals,Proprietary,119,57
111336,MOUNTAIN LAKES MEDICAL CENTER,162 LEGACY POINT,(706) 782-3100,Critical Access Hospitals,Proprietary,144,32
111336,MOUNTAIN LAKES MEDICAL CENTER,162 LEGACY POINT,(706) 782-3100,Critical Access Hospitals,Proprietary,160,16
111336,MOUNTAIN LAKES MEDICAL CENTER,162 LEGACY POINT,(706) 782-3100,Critical Access Hospitals,Proprietary,110,66
111336,MOUNTAIN LAKES MEDICAL CENTER,162 LEGACY POINT,(706) 782-3100,Critical Access Hospitals,Proprietary,154,22
111336,MOUNTAIN LAKES MEDICAL CENTER,162 LEGACY POINT,(706) 782-3100,Critical Access Hospitals,Proprietary,133,43
111336,MOUNTAIN LAKES MEDICAL CENTER,162 LEGACY POINT,(706) 782-3100,Critical Access Hospitals,Proprietary,127,49
111336,MOUNTAIN LAKES MEDICAL CENTER,162 LEGACY POINT,(706) 782-3100,Critical Access Hospitals,Proprietary,138,38
111336,MOUNTAIN LAKES MEDICAL CENTER,162 LEGACY POINT,(706) 782-3100,Critical Access Hospitals,Proprietary,117,59
111336,MOUNTAIN LAKES MEDICAL CENTER,162 LEGACY POINT,(706) 782-3100,Critical Access Hospitals,Proprietary,121,55
111336,MOUNTAIN LAKES MEDICAL CENTER,162 LEGACY POINT,(706) 782-3100,Critical Access Hospitals,Proprietary,134,42
111336,MOUNTAIN LAKES MEDICAL CENTER,162 LEGACY POINT,(706) 782-3100,Critical Access Hospitals,Proprietary,138,38
111336,MOUNTAIN LAKES MEDICAL CENTER,162 LEGACY POINT,(706) 782-3100,Critical Access Hospitals,Proprietary,144,32
111336,MOUNTAIN LAKES MEDICAL CENTER,162 LEGACY POINT,(706) 782-3100,Critical Access Hospitals,Proprietary,141,35
111336,MOUNTAIN LAKES MEDICAL CENTER,162 LEGACY POINT,(706) 782-3100,Critical Access Hospitals,Proprietary,122,54
111336,MOUNTAIN LAKES MEDICAL CENTER,162 LEGACY POINT,(706) 782-3100,Critical Access Hospitals,Proprietary,143,33
111336,MOUNTAIN LAKES MEDICAL CENTER,162 LEGACY POINT,(706) 782-3100,Critical Access Hospitals,Proprietary,118,58
111336,MOUNTAIN LAKES MEDICAL CENTER,162 LEGACY POINT,(706) 782-3100,Critical Access Hospitals,Proprietary,110,66
111336,MOUNTAIN LAKES MEDICAL CENTER,162 LEGACY POINT,(706) 782-3100,Critical Access Hospitals,Proprietary,154,22
111336,MOUNTAIN LAKES MEDICAL CENTER,162 LEGACY POINT,(706) 782-3100,Critical Access Hospitals,Proprietary,119,57
111336,MOUNTAIN LAKES MEDICAL CENTER,162 LEGACY POINT,(706) 782-3100,Critical Access Hospitals,Proprietary,130,46
111336,MOUNTAIN LAKES MEDICAL CENTER,162 LEGACY POINT,(706) 782-3100,Critical Access Hospitals,Proprietary,157,19
111336,MOUNTAIN LAKES MEDICAL CENTER,162 LEGACY POINT,(706) 782-3100,Critical Access Hospitals,Proprietary,152,24
111336,MOUNTAIN LAKES MEDICAL CENTER,162 LEGACY POINT,(706) 782-3100,Critical Access Hospitals,Proprietary,145,31
111336,MOUNTAIN LAKES MEDICAL CENTER,162 LEGACY POINT,(706) 782-3100,Critical Access Hospitals,Proprietary,163,13
111336,MOUNTAIN LAKES MEDICAL CENTER,162 LEGACY POINT,(706) 782-3100,Critical Access Hospitals,Proprietary,164,12
111336,MOUNTAIN LAKES MEDICAL CENTER,162 LEGACY POINT,(706) 782-3100,Critical Access Hospitals,Proprietary,143,33
111336,MOUNTAIN LAKES MEDICAL CENTER,162 LEGACY POINT,(706) 782-3100,Critical Access Hospitals,Proprietary,150,26
111336,MOUNTAIN LAKES MEDICAL CENTER,162 LEGACY POINT,(706) 782-3100,Critical Access Hospitals,Proprietary,123,53
111336,MOUNTAIN LAKES MEDICAL CENTER,162 LEGACY POINT,(706) 782-3100,Critical Access Hospitals,Proprietary,149,27
111336,MOUNTAIN LAKES MEDICAL CENTER,162 LEGACY POINT,(706) 782-3100,Critical Access Hospitals,Proprietary,121,55
111336,MOUNTAIN LAKES MEDICAL CENTER,162 LEGACY POINT,(706) 782-3100,Critical Access Hospitals,Proprietary,132,44
111336,MOUNTAIN LAKES MEDICAL CENTER,162 LEGACY POINT,(706) 782-3100,Critical Access Hospitals,Proprietary,136,40
111336,MOUNTAIN LAKES MEDICAL CENTER,162 LEGACY POINT,(706) 782-3100,Critical Access Hospitals,Proprietary,152,24
111336,MOUNTAIN LAKES MEDICAL CENTER,162 LEGACY POINT,(706) 782-3100,Critical Access Hospitals,Proprietary,126,50
111336,MOUNTAIN LAKES MEDICAL CENTER,162 LEGACY POINT,(706) 782-3100,Critical Access Hospitals,Proprietary,164,12
111336,MOUNTAIN LAKES MEDICAL CENTER,162 LEGACY POINT,(706) 782-3100,Critical Access Hospitals,Proprietary,120,56
111336,MOUNTAIN LAKES MEDICAL CENTER,162 LEGACY POINT,(706) 782-3100,Critical Access Hospitals,Proprietary,126,50
111336,MOUNTAIN LAKES MEDICAL CENTER,162 LEGACY POINT,(706) 782-3100,Critical Access Hospitals,Proprietary,110,66
111336,MOUNTAIN LAKES MEDICAL CENTER,162 LEGACY POINT,(706) 782-3100,Critical Access Hospitals,Proprietary,129,47
111336,MOUNTAIN LAKES MEDICAL CENTER,162 LEGACY POINT,(706) 782-3100,Critical Access Hospitals,Proprietary,157,19
111336,MOUNTAIN LAKES MEDICAL CENTER,162 LEGACY POINT,(706) 782-3100,Critical Access Hospitals,Proprietary,143,33
111336,MOUNTAIN LAKES MEDICAL CENTER,162 LEGACY POINT,(706) 782-3100,Critical Access Hospitals,Proprietary,123,53
111336,MOUNTAIN LAKES MEDICAL CENTER,162 LEGACY POINT,(706) 782-3100,Critical Access Hospitals,Proprietary,118,58
111336,MOUNTAIN LAKES MEDICAL CENTER,162 LEGACY POINT,(706) 782-3100,Critical Access Hospitals,Proprietary,136,40
111336,MOUNTAIN LAKES MEDICAL CENTER,162 LEGACY POINT,(706) 782-3100,Critical Access Hospitals,Proprietary,129,47
111336,MOUNTAIN LAKES MEDICAL CENTER,162 LEGACY POINT,(706) 782-3100,Critical Access Hospitals,Proprietary,163,13
111336,MOUNTAIN LAKES MEDICAL CENTER,162 LEGACY POINT,(706) 782-3100,Critical Access Hospitals,Proprietary,108,68
111336,MOUNTAIN LAKES MEDICAL CENTER,162 LEGACY POINT,(706) 782-3100,Critical Access Hospitals,Proprietary,132,44
111336,MOUNTAIN LAKES MEDICAL CENTER,162 LEGACY POINT,(706) 782-3100,Critical Access Hospitals,Proprietary,132,44
111336,MOUNTAIN LAKES MEDICAL CENTER,162 LEGACY POINT,(706) 782-3100,Critical Access Hospitals,Proprietary,121,55
111336,MOUNTAIN LAKES MEDICAL CENTER,162 LEGACY POINT,(706) 782-3100,Critical Access Hospitals,Proprietary,132,44
111336,MOUNTAIN LAKES MEDICAL CENTER,162 LEGACY POINT,(706) 782-3100,Critical Access Hospitals,Proprietary,155,21
111336,MOUNTAIN LAKES MEDICAL CENTER,162 LEGACY POINT,(706) 782-3100,Critical Access Hospitals,Proprietary,124,52
111336,MOUNTAIN LAKES MEDICAL CENTER,162 LEGACY POINT,(706) 782-3100,Critical Access Hospitals,Proprietary,122,54
111336,MOUNTAIN LAKES MEDICAL CENTER,162 LEGACY POINT,(706) 782-3100,Critical Access Hospitals,Proprietary,115,61
111336,MOUNTAIN LAKES MEDICAL CENTER,162 LEGACY POINT,(706) 782-3100,Critical Access Hospitals,Proprietary,116,60
111336,MOUNTAIN LAKES MEDICAL CENTER,162 LEGACY POINT,(706) 782-3100,Critical Access Hospitals,Proprietary,134,42
111336,MOUNTAIN LAKES MEDICAL CENTER,162 LEGACY POINT,(706) 782-3100,Critical Access Hospitals,Proprietary,131,45
111336,MOUNTAIN LAKES MEDICAL CENTER,162 LEGACY POINT,(706) 782-3100,Critical Access Hospitals,Proprietary,150,26
111336,MOUNTAIN LAKES MEDICAL CENTER,162 LEGACY POINT,(706) 782-3100,Critical Access Hospitals,Proprietary,149,27
111336,MOUNTAIN LAKES MEDICAL CENTER,162 LEGACY POINT,(706) 782-3100,Critical Access Hospitals,Proprietary,117,59
111336,MOUNTAIN LAKES MEDICAL CENTER,162 LEGACY POINT,(706) 782-3100,Critical Access Hospitals,Proprietary,133,43
111336,MOUNTAIN LAKES MEDICAL CENTER,162 LEGACY POINT,(706) 782-3100,Critical Access Hospitals,Proprietary,166,10
111336,MOUNTAIN LAKES MEDICAL CENTER,162 LEGACY POINT,(706) 782-3100,Critical Access Hospitals,Proprietary,133,43
111336,MOUNTAIN LAKES MEDICAL CENTER,162 LEGACY POINT,(706) 782-3100,Critical Access Hospitals,Proprietary,134,42
111336,MOUNTAIN LAKES MEDICAL CENTER,162 LEGACY POINT,(706) 782-3100,Critical Access Hospitals,Proprietary,123,53
111336,MOUNTAIN LAKES MEDICAL CENTER,162 LEGACY POINT,(706) 782-3100,Critical Access Hospitals,Proprietary,149,27
111336,MOUNTAIN LAKES MEDICAL CENTER,162 LEGACY POINT,(706) 782-3100,Critical Access Hospitals,Proprietary,126,50
111336,MOUNTAIN LAKES MEDICAL CENTER,162 LEGACY POINT,(706) 782-3100,Critical Access Hospitals,Proprietary,145,31
111336,MOUNTAIN LAKES MEDICAL CENTER,162 LEGACY POINT,(706) 782-3100,Critical Access Hospitals,Proprietary,121,55
111336,MOUNTAIN LAKES MEDICAL CENTER,162 LEGACY POINT,(706) 782-3100,Critical Access Hospitals,Proprietary,109,67
111336,MOUNTAIN LAKES MEDICAL CENTER,162 LEGACY POINT,(706) 782-3100,Critical Access Hospitals,Proprietary,161,15
111336,MOUNTAIN LAKES MEDICAL CENTER,162 LEGACY POINT,(706) 782-3100,Critical Access Hospitals,Proprietary,118,58
111336,MOUNTAIN LAKES MEDICAL CENTER,162 LEGACY POINT,(706) 782-3100,Critical Access Hospitals,Proprietary,138,38
111336,MOUNTAIN LAKES MEDICAL CENTER,162 LEGACY POINT,(706) 782-3100,Critical Access Hospitals,Proprietary,118,58
111336,MOUNTAIN LAKES MEDICAL CENTER,162 LEGACY POINT,(706) 782-3100,Critical Access Hospitals,Proprietary,140,36
111336,MOUNTAIN LAKES MEDICAL CENTER,162 LEGACY POINT,(706) 782-3100,Critical Access Hospitals,Proprietary,164,12
111336,MOUNTAIN LAKES MEDICAL CENTER,162 LEGACY POINT,(706) 782-3100,Critical Access Hospitals,Proprietary,136,40
111336,MOUNTAIN LAKES MEDICAL CENTER,162 LEGACY POINT,(706) 782-3100,Critical Access Hospitals,Proprietary,150,26
111336,MOUNTAIN LAKES MEDICAL CENTER,162 LEGACY POINT,(706) 782-3100,Critical Access Hospitals,Proprietary,142,34
111336,MOUNTAIN LAKES MEDICAL CENTER,162 LEGACY POINT,(706) 782-3100,Critical Access Hospitals,Proprietary,144,32
111336,MOUNTAIN LAKES MEDICAL CENTER,162 LEGACY POINT,(706) 782-3100,Critical Access Hospitals,Proprietary,116,60
111336,MOUNTAIN LAKES MEDICAL CENTER,162 LEGACY POINT,(706) 782-3100,Critical Access Hospitals,Proprietary,136,40
111336,MOUNTAIN LAKES MEDICAL CENTER,162 LEGACY POINT,(706) 782-3100,Critical Access Hospitals,Proprietary,153,23
111336,MOUNTAIN LAKES MEDICAL CENTER,162 LEGACY POINT,(706) 782-3100,Critical Access Hospitals,Proprietary,136,40
111336,MOUNTAIN LAKES MEDICAL CENTER,162 LEGACY POINT,(706) 782-3100,Critical Access Hospitals,Proprietary,147,29
111336,MOUNTAIN LAKES MEDICAL CENTER,162 LEGACY POINT,(706) 782-3100,Critical Access Hospitals,Proprietary,132,44
111336,MOUNTAIN LAKES MEDICAL CENTER,162 LEGACY POINT,(706) 782-3100,Critical Access Hospitals,Proprietary,117,59
111336,MOUNTAIN LAKES MEDICAL CENTER,162 LEGACY POINT,(706) 782-3100,Critical Access Hospitals,Proprietary,139,37
111336,MOUNTAIN LAKES MEDICAL CENTER,162 LEGACY POINT,(706) 782-3100,Critical Access Hospitals,Proprietary,116,60
111336,MOUNTAIN LAKES MEDICAL CENTER,162 LEGACY POINT,(706) 782-3100,Critical Access Hospitals,Proprietary,113,63
111336,MOUNTAIN LAKES MEDICAL CENTER,162 LEGACY POINT,(706) 782-3100,Critical Access Hospitals,Proprietary,156,20
111336,MOUNTAIN LAKES MEDICAL CENTER,162 LEGACY POINT,(706) 782-3100,Critical Access Hospitals,Proprietary,137,39
111336,MOUNTAIN LAKES MEDICAL CENTER,162 LEGACY POINT,(706) 782-3100,Critical Access Hospitals,Proprietary,117,59
111336,MOUNTAIN LAKES MEDICAL CENTER,162 LEGACY POINT,(706) 782-3100,Critical Access Hospitals,Proprietary,124,52
111336,MOUNTAIN LAKES MEDICAL CENTER,162 LEGACY POINT,(706) 782-3100,Critical Access Hospitals,Proprietary,137,39
111336,MOUNTAIN LAKES MEDICAL CENTER,162 LEGACY POINT,(706) 782-3100,Critical Access Hospitals,Proprietary,114,62
111336,MOUNTAIN LAKES MEDICAL CENTER,162 LEGACY POINT,(706) 782-3100,Critical Access Hospitals,Proprietary,105,71
111336,MOUNTAIN LAKES MEDICAL CENTER,162 LEGACY POINT,(706) 782-3100,Critical Access Hospitals,Proprietary,128,48
111336,MOUNTAIN LAKES MEDICAL CENTER,162 LEGACY POINT,(706) 782-3100,Critical Access Hospitals,Proprietary,132,44
111336,MOUNTAIN LAKES MEDICAL CENTER,162 LEGACY POINT,(706) 782-3100,Critical Access Hospitals,Proprietary,138,38
111336,MOUNTAIN LAKES MEDICAL CENTER,162 LEGACY POINT,(706) 782-3100,Critical Access Hospitals,Proprietary,153,23
111336,MOUNTAIN LAKES MEDICAL CENTER,162 LEGACY POINT,(706) 782-3100,Critical Access Hospitals,Proprietary,161,15
111336,MOUNTAIN LAKES MEDICAL CENTER,162 LEGACY POINT,(706) 782-3100,Critical Access Hospitals,Proprietary,110,66
111336,MOUNTAIN LAKES MEDICAL CENTER,162 LEGACY POINT,(706) 782-3100,Critical Access Hospitals,Proprietary,125,51
111336,MOUNTAIN LAKES MEDICAL CENTER,162 LEGACY POINT,(706) 782-3100,Critical Access Hospitals,Proprietary,143,33
111336,MOUNTAIN LAKES MEDICAL CENTER,162 LEGACY POINT,(706) 782-3100,Critical Access Hospitals,Proprietary,158,18
111336,MOUNTAIN LAKES MEDICAL CENTER,162 LEGACY POINT,(706) 782-3100,Critical Access Hospitals,Proprietary,126,50
111336,MOUNTAIN LAKES MEDICAL CENTER,162 LEGACY POINT,(706) 782-3100,Critical Access Hospitals,Proprietary,114,62
111336,MOUNTAIN LAKES MEDICAL CENTER,162 LEGACY POINT,(706) 782-3100,Critical Access Hospitals,Proprietary,137,39
111336,MOUNTAIN LAKES MEDICAL CENTER,162 LEGACY POINT,(706) 782-3100,Critical Access Hospitals,Proprietary,143,33
111336,MOUNTAIN LAKES MEDICAL CENTER,162 LEGACY POINT,(706) 782-3100,Critical Access Hospitals,Proprietary,123,53
111336,MOUNTAIN LAKES MEDICAL CENTER,162 LEGACY POINT,(706) 782-3100,Critical Access Hospitals,Proprietary,107,69
111336,MOUNTAIN LAKES MEDICAL CENTER,162 LEGACY POINT,(706) 782-3100,Critical Access Hospitals,Proprietary,135,41
111336,MOUNTAIN LAKES MEDICAL CENTER,162 LEGACY POINT,(706) 782-3100,Critical Access Hospitals,Proprietary,129,47
111336,MOUNTAIN LAKES MEDICAL CENTER,162 LEGACY POINT,(706) 782-3100,Critical Access Hospitals,Proprietary,120,56
111336,MOUNTAIN LAKES MEDICAL CENTER,162 LEGACY POINT,(706) 782-3100,Critical Access Hospitals,Proprietary,116,60
111336,MOUNTAIN LAKES MEDICAL CENTER,162 LEGACY POINT,(706) 782-3100,Critical Access Hospitals,Proprietary,139,37
111336,MOUNTAIN LAKES MEDICAL CENTER,162 LEGACY POINT,(706) 782-3100,Critical Access Hospitals,Proprietary,106,70
111336,MOUNTAIN LAKES MEDICAL CENTER,162 LEGACY POINT,(706) 782-3100,Critical Access Hospitals,Proprietary,162,14
111336,MOUNTAIN LAKES MEDICAL CENTER,162 LEGACY POINT,(706) 782-3100,Critical Access Hospitals,Proprietary,155,21
111336,MOUNTAIN LAKES MEDICAL CENTER,162 LEGACY POINT,(706) 782-3100,Critical Access Hospitals,Proprietary,141,35
111336,MOUNTAIN LAKES MEDICAL CENTER,162 LEGACY POINT,(706) 782-3100,Critical Access Hospitals,Proprietary,151,25
111336,MOUNTAIN LAKES MEDICAL CENTER,162 LEGACY POINT,(706) 782-3100,Critical Access Hospitals,Proprietary,163,13
111336,MOUNTAIN LAKES MEDICAL CENTER,162 LEGACY POINT,(706) 782-3100,Critical Access Hospitals,Proprietary,152,24
111336,MOUNTAIN LAKES MEDICAL CENTER,162 LEGACY POINT,(706) 782-3100,Critical Access Hospitals,Proprietary,132,44
111336,MOUNTAIN LAKES MEDICAL CENTER,162 LEGACY POINT,(706) 782-3100,Critical Access Hospitals,Proprietary,138,38
111336,MOUNTAIN LAKES MEDICAL CENTER,162 LEGACY POINT,(706) 782-3100,Critical Access Hospitals,Proprietary,121,55
111336,MOUNTAIN LAKES MEDICAL CENTER,162 LEGACY POINT,(706) 782-3100,Critical Access Hospitals,Proprietary,135,41
111336,MOUNTAIN LAKES MEDICAL CENTER,162 LEGACY POINT,(706) 782-3100,Critical Access Hospitals,Proprietary,158,18
111336,MOUNTAIN LAKES MEDICAL CENTER,162 LEGACY POINT,(706) 782-3100,Critical Access Hospitals,Proprietary,124,52
111336,MOUNTAIN LAKES MEDICAL CENTER,162 LEGACY POINT,(706) 782-3100,Critical Access Hospitals,Proprietary,142,34
111336,MOUNTAIN LAKES MEDICAL CENTER,162 LEGACY POINT,(706) 782-3100,Critical Access Hospitals,Proprietary,162,14
111336,MOUNTAIN LAKES MEDICAL CENTER,162 LEGACY POINT,(706) 782-3100,Critical Access Hospitals,Proprietary,146,30
111336,MOUNTAIN LAKES MEDICAL CENTER,162 LEGACY POINT,(706) 782-3100,Critical Access Hospitals,Proprietary,146,30
111336,MOUNTAIN LAKES MEDICAL CENTER,162 LEGACY POINT,(706) 782-3100,Critical Access Hospitals,Proprietary,139,37
111336,MOUNTAIN LAKES MEDICAL CENTER,162 LEGACY POINT,(706) 782-3100,Critical Access Hospitals,Proprietary,142,34
111336,MOUNTAIN LAKES MEDICAL CENTER,162 LEGACY POINT,(706) 782-3100,Critical Access Hospitals,Proprietary,121,55
111336,MOUNTAIN LAKES MEDICAL CENTER,162 LEGACY POINT,(706) 782-3100,Critical Access Hospitals,Proprietary,107,69
111336,MOUNTAIN LAKES MEDICAL CENTER,162 LEGACY POINT,(706) 782-3100,Critical Access Hospitals,Proprietary,110,66
111336,MOUNTAIN LAKES MEDICAL CENTER,162 LEGACY POINT,(706) 782-3100,Critical Access Hospitals,Proprietary,133,43
111336,MOUNTAIN LAKES MEDICAL CENTER,162 LEGACY POINT,(706) 782-3100,Critical Access Hospitals,Proprietary,160,16
111336,MOUNTAIN LAKES MEDICAL CENTER,162 LEGACY POINT,(706) 782-3100,Critical Access Hospitals,Proprietary,120,56
111336,MOUNTAIN LAKES MEDICAL CENTER,162 LEGACY POINT,(706) 782-3100,Critical Access Hospitals,Proprietary,119,57
111336,MOUNTAIN LAKES MEDICAL CENTER,162 LEGACY POINT,(706) 782-3100,Critical Access Hospitals,Proprietary,131,45
111336,MOUNTAIN LAKES MEDICAL CENTER,162 LEGACY POINT,(706) 782-3100,Critical Access Hospitals,Proprietary,127,49
111336,MOUNTAIN LAKES MEDICAL CENTER,162 LEGACY POINT,(706) 782-3100,Critical Access Hospitals,Proprietary,147,29
111336,MOUNTAIN LAKES MEDICAL CENTER,162 LEGACY POINT,(706) 782-3100,Critical Access Hospitals,Proprietary,117,59
111336,MOUNTAIN LAKES MEDICAL CENTER,162 LEGACY POINT,(706) 782-3100,Critical Access Hospitals,Proprietary,122,54
111336,MOUNTAIN LAKES MEDICAL CENTER,162 LEGACY POINT,(706) 782-3100,Critical Access Hospitals,Proprietary,157,19
111336,MOUNTAIN LAKES MEDICAL CENTER,162 LEGACY POINT,(706) 782-3100,Critical Access Hospitals,Proprietary,126,50
111336,MOUNTAIN LAKES MEDICAL CENTER,162 LEGACY POINT,(706) 782-3100,Critical Access Hospitals,Proprietary,122,54
