Facility ID,Facility Name,Address,Telephone Number,Hospital Type,Hospital Ownership,Active Beds,Inactive Beds
111331,ARCHBOLD MITCHELL,90  E STEPHENS STREET,(229) 336-5284,Critical Access Hospitals,Government - Hospital District or Authority,109,8
111331,ARCHBOLD MITCHELL,90  E STEPHENS STREET,(229) 336-5284,Critical Access Hospitals,Government - Hospital District or Authority,102,15
111331,ARCHBOLD MITCHELL,90  E STEPHENS STREET,(229) 336-5284,Critical Access Hospitals,Government - Hospital District or Authority,101,16
111331,ARCHBOLD MITCHELL,90  E STEPHENS STREET,(229) 336-5284,Critical Access Hospitals,Government - Hospital District or Authority,102,15
111331,ARCHBOLD MITCHELL,90  E STEPHENS STREET,(229) 336-5284,Critical Access Hospitals,Government - Hospital District or Authority,106,11
111331,ARCHBOLD MITCHELL,90  E STEPHENS STREET,(229) 336-5284,Critical Access Hospitals,Government - Hospital District or Authority,108,9
111331,ARCHBOLD MITCHELL,90  E STEPHENS STREET,(229) 336-5284,Critical Access Hospitals,Government - Hospital District or Authority,99,18
111331,ARCHBOLD MITCHELL,90  E STEPHENS STREET,(229) 336-5284,Critical Access Hospitals,Government - Hospital District or Authority,96,21
111331,ARCHBOLD MITCHELL,90  E STEPHENS STREET,(229) 336-5284,Critical Access Hospitals,Government - Hospital District or Authority,109,8
111331,ARCHBOLD MITCHELL,90  E STEPHENS STREET,(229) 336-5284,Critical Access Hospitals,Government - Hospital District or Authority,101,16
111331,ARCHBOLD MITCHELL,90  E STEPHENS STREET,(229) 336-5284,Critical Access Hospitals,Government - Hospital District or Authority,108,9
111331,ARCHBOLD MITCHELL,90  E STEPHENS STREET,(229) 336-5284,Critical Access Hospitals,Government - Hospital District or Authority,76,41
111331,ARCHBOLD MITCHELL,90  E STEPHENS STREET,(229) 336-5284,Critical Access Hospitals,Government - Hospital District or Authority,100,17
111331,ARCHBOLD MITCHELL,90  E STEPHENS STREET,(229) 336-5284,Critical Access Hospitals,Government - Hospital District or Authority,83,34
111331,ARCHBOLD MITCHELL,90  E STEPHENS STREET,(229) 336-5284,Critical Access Hospitals,Government - Hospital District or Authority,104,13
111331,ARCHBOLD MITCHELL,90  E STEPHENS STREET,(229) 336-5284,Critical Access Hospitals,Government - Hospital District or Authority,86,31
111331,ARCHBOLD MITCHELL,90  E STEPHENS STREET,(229) 336-5284,Critical Access Hospitals,Government - Hospital District or Authority,77,40
111331,ARCHBOLD MITCHELL,90  E STEPHENS STREET,(229) 336-5284,Critical Access Hospitals,Government - Hospital District or Authority,110,7
111331,ARCHBOLD MITCHELL,90  E STEPHENS STREET,(229) 336-5284,Critical Access Hospitals,Government - Hospital District or Authority,94,23
111331,ARCHBOLD MITCHELL,90  E STEPHENS STREET,(229) 336-5284,Critical Access Hospitals,Government - Hospital District or Authority,71,46
111331,ARCHBOLD MITCHELL,90  E STEPHENS STREET,(229) 336-5284,Critical Access Hospitals,Government - Hospital District or Authority,98,19
111331,ARCHBOLD MITCHELL,90  E STEPHENS STREET,(229) 336-5284,Critical Access Hospitals,Government - Hospital District or Authority,96,21
111331,ARCHBOLD MITCHELL,90  E STEPHENS STREET,(229) 336-5284,Critical Access Hospitals,Government - Hospital District or Authority,81,36
111331,ARCHBOLD MITCHELL,90  E STEPHENS STREET,(229) 336-5284,Critical Access Hospitals,Government - Hospital District or Authority,83,34
111331,ARCHBOLD MITCHELL,90  E STEPHENS STREET,(229) 336-5284,Critical Access Hospitals,Government - Hospital District or Authority,102,15
111331,ARCHBOLD MITCHELL,90  E STEPHENS STREET,(229) 336-5284,Critical Access Hospitals,Government - Hospital District or Authority,92,25
111331,ARCHBOLD MITCHELL,90  E STEPHENS STREET,(229) 336-5284,Critical Access Hospitals,Government - Hospital District or Authority,74,43
111331,ARCHBOLD MITCHELL,90  E STEPHENS STREET,(229) 336-5284,Critical Access Hospitals,Government - Hospital District or Authority,106,11
111331,ARCHBOLD MITCHELL,90  E STEPHENS STREET,(229) 336-5284,Critical Access Hospitals,Government - Hospital District or Authority,103,14
111331,ARCHBOLD MITCHELL,90  E STEPHENS STREET,(229) 336-5284,Critical Access Hospitals,Government - Hospital District or Authority,109,8
111331,ARCHBOLD MITCHELL,90  E STEPHENS STREET,(229) 336-5284,Critical Access Hospitals,Government - Hospital District or Authority,110,7
111331,ARCHBOLD MITCHELL,90  E STEPHENS STREET,(229) 336-5284,Critical Access Hospitals,Government - Hospital District or Authority,73,44
111331,ARCHBOLD MITCHELL,90  E STEPHENS STREET,(229) 336-5284,Critical Access Hospitals,Government - Hospital District or Authority,81,36
111331,ARCHBOLD MITCHELL,90  E STEPHENS STREET,(229) 336-5284,Critical Access Hospitals,Government - Hospital District or Authority,75,42
111331,ARCHBOLD MITCHELL,90  E STEPHENS STREET,(229) 336-5284,Critical Access Hospitals,Government - Hospital District or Authority,83,34
111331,ARCHBOLD MITCHELL,90  E STEPHENS STREET,(229) 336-5284,Critical Access Hospitals,Government - Hospital District or Authority,101,16
111331,ARCHBOLD MITCHELL,90  E STEPHENS STREET,(229) 336-5284,Critical Access Hospitals,Government - Hospital District or Authority,71,46
111331,ARCHBOLD MITCHELL,90  E STEPHENS STREET,(229) 336-5284,Critical Access Hospitals,Government - Hospital District or Authority,78,39
111331,ARCHBOLD MITCHELL,90  E STEPHENS STREET,(229) 336-5284,Critical Access Hospitals,Government - Hospital District or Authority,87,30
111331,ARCHBOLD MITCHELL,90  E STEPHENS STREET,(229) 336-5284,Critical Access Hospitals,Government - Hospital District or Authority,101,16
111331,ARCHBOLD MITCHELL,90  E STEPHENS STREET,(229) 336-5284,Critical Access Hospitals,Government - Hospital District or Authority,107,10
111331,ARCHBOLD MITCHELL,90  E STEPHENS STREET,(229) 336-5284,Critical Access Hospitals,Government - Hospital District or Authority,79,38
111331,ARCHBOLD MITCHELL,90  E STEPHENS STREET,(229) 336-5284,Critical Access Hospitals,Government - Hospital District or Authority,106,11
111331,ARCHBOLD MITCHELL,90  E STEPHENS STREET,(229) 336-5284,Critical Access Hospitals,Government - Hospital District or Authority,108,9
111331,ARCHBOLD MITCHELL,90  E STEPHENS STREET,(229) 336-5284,Critical Access Hospitals,Government - Hospital District or Authority,92,25
111331,ARCHBOLD MITCHELL,90  E STEPHENS STREET,(229) 336-5284,Critical Access Hospitals,Government - Hospital District or Authority,80,37
111331,ARCHBOLD MITCHELL,90  E STEPHENS STREET,(229) 336-5284,Critical Access Hospitals,Government - Hospital District or Authority,109,8
111331,ARCHBOLD MITCHELL,90  E STEPHENS STREET,(229) 336-5284,Critical Access Hospitals,Government - Hospital District or Authority,108,9
111331,ARCHBOLD MITCHELL,90  E STEPHENS STREET,(229) 336-5284,Critical Access Hospitals,Government - Hospital District or Authority,79,38
111331,ARCHBOLD MITCHELL,90  E STEPHENS STREET,(229) 336-5284,Critical Access Hospitals,Government - Hospital District or Authority,88,29
111331,ARCHBOLD MITCHELL,90  E STEPHENS STREET,(229) 336-5284,Critical Access Hospitals,Government - Hospital District or Authority,105,12
111331,ARCHBOLD MITCHELL,90  E STEPHENS STREET,(229) 336-5284,Critical Access Hospitals,Government - Hospital District or Authority,74,43
111331,ARCHBOLD MITCHELL,90  E STEPHENS STREET,(229) 336-5284,Critical Access Hospitals,Government - Hospital District or Authority,79,38
111331,ARCHBOLD MITCHELL,90  E STEPHENS STREET,(229) 336-5284,Critical Access Hospitals,Government - Hospital District or Authority,81,36
111331,ARCHBOLD MITCHELL,90  E STEPHENS STREET,(229) 336-5284,Critical Access Hospitals,Government - Hospital District or Authority,103,14
111331,ARCHBOLD MITCHELL,90  E STEPHENS STREET,(229) 336-5284,Critical Access Hospitals,Government - Hospital District or Authority,94,23
111331,ARCHBOLD MITCHELL,90  E STEPHENS STREET,(229) 336-5284,Critical Access Hospitals,Government - Hospital District or Authority,96,21
111331,ARCHBOLD MITCHELL,90  E STEPHENS STREET,(229) 336-5284,Critical Access Hospitals,Government - Hospital District or Authority,91,26
111331,ARCHBOLD MITCHELL,90  E STEPHENS STREET,(229) 336-5284,Critical Access Hospitals,Government - Hospital District or Authority,70,47
111331,ARCHBOLD MITCHELL,90  E STEPHENS STREET,(229) 336-5284,Critical Access Hospitals,Government - Hospital District or Authority,99,18
111331,ARCHBOLD MITCHELL,90  E STEPHENS STREET,(229) 336-5284,Critical Access Hospitals,Government - Hospital District or Authority,97,20
111331,ARCHBOLD MITCHELL,90  E STEPHENS STREET,(229) 336-5284,Critical Access Hospitals,Government - Hospital District or Authority,110,7
111331,ARCHBOLD MITCHELL,90  E STEPHENS STREET,(229) 336-5284,Critical Access Hospitals,Government - Hospital District or Authority,79,38
111331,ARCHBOLD MITCHELL,90  E STEPHENS STREET,(229) 336-5284,Critical Access Hospitals,Government - Hospital District or Authority,110,7
111331,ARCHBOLD MITCHELL,90  E STEPHENS STREET,(229) 336-5284,Critical Access Hospitals,Government - Hospital District or Authority,85,32
111331,ARCHBOLD MITCHELL,90  E STEPHENS STREET,(229) 336-5284,Critical Access Hospitals,Government - Hospital District or Authority,101,16
111331,ARCHBOLD MITCHELL,90  E STEPHENS STREET,(229) 336-5284,Critical Access Hospitals,Government - Hospital District or Authority,78,39
111331,ARCHBOLD MITCHELL,90  E STEPHENS STREET,(229) 336-5284,Critical Access Hospitals,Government - Hospital District or Authority,76,41
111331,ARCHBOLD MITCHELL,90  E STEPHENS STREET,(229) 336-5284,Critical Access Hospitals,Government - Hospital District or Authority,88,29
111331,ARCHBOLD MITCHELL,90  E STEPHENS STREET,(229) 336-5284,Critical Access Hospitals,Government - Hospital District or Authority,84,33
111331,ARCHBOLD MITCHELL,90  E STEPHENS STREET,(229) 336-5284,Critical Access Hospitals,Government - Hospital District or Authority,77,40
111331,ARCHBOLD MITCHELL,90  E STEPHENS STREET,(229) 336-5284,Critical Access Hospitals,Government - Hospital District or Authority,82,35
111331,ARCHBOLD MITCHELL,90  E STEPHENS STREET,(229) 336-5284,Critical Access Hospitals,Government - Hospital District or Authority,109,8
111331,ARCHBOLD MITCHELL,90  E STEPHENS STREET,(229) 336-5284,Critical Access Hospitals,Government - Hospital District or Authority,101,16
111331,ARCHBOLD MITCHELL,90  E STEPHENS STREET,(229) 336-5284,Critical Access Hospitals,Government - Hospital District or Authority,109,8
111331,ARCHBOLD MITCHELL,90  E STEPHENS STREET,(229) 336-5284,Critical Access Hospitals,Government - Hospital District or Authority,110,7
111331,ARCHBOLD MITCHELL,90  E STEPHENS STREET,(229) 336-5284,Critical Access Hospitals,Government - Hospital District or Authority,98,19
111331,ARCHBOLD MITCHELL,90  E STEPHENS STREET,(229) 336-5284,Critical Access Hospitals,Government - Hospital District or Authority,108,9
111331,ARCHBOLD MITCHELL,90  E STEPHENS STREET,(229) 336-5284,Critical Access Hospitals,Government - Hospital District or Authority,84,33
111331,ARCHBOLD MITCHELL,90  E STEPHENS STREET,(229) 336-5284,Critical Access Hospitals,Government - Hospital District or Authority,74,43
111331,ARCHBOLD MITCHELL,90  E STEPHENS STREET,(229) 336-5284,Critical Access Hospitals,Government - Hospital District or Authority,84,33
111331,ARCHBOLD MITCHELL,90  E STEPHENS STREET,(229) 336-5284,Critical Access Hospitals,Government - Hospital District or Authority,73,44
111331,ARCHBOLD MITCHELL,90  E STEPHENS STREET,(229) 336-5284,Critical Access Hospitals,Government - Hospital District or Authority,108,9
111331,ARCHBOLD MITCHELL,90  E STEPHENS STREET,(229) 336-5284,Critical Access Hospitals,Government - Hospital District or Authority,104,13
111331,ARCHBOLD MITCHELL,90  E STEPHENS STREET,(229) 336-5284,Critical Access Hospitals,Government - Hospital District or Authority,98,19
111331,ARCHBOLD MITCHELL,90  E STEPHENS STREET,(229) 336-5284,Critical Access Hospitals,Government - Hospital District or Authority,70,47
111331,ARCHBOLD MITCHELL,90  E STEPHENS STREET,(229) 336-5284,Critical Access Hospitals,Government - Hospital District or Authority,80,37
111331,ARCHBOLD MITCHELL,90  E STEPHENS STREET,(229) 336-5284,Critical Access Hospitals,Government - Hospital District or Authority,107,10
111331,ARCHBOLD MITCHELL,90  E STEPHENS STREET,(229) 336-5284,Critical Access Hospitals,Government - Hospital District or Authority,93,24
111331,ARCHBOLD MITCHELL,90  E STEPHENS STREET,(229) 336-5284,Critical Access Hospitals,Government - Hospital District or Authority,84,33
111331,ARCHBOLD MITCHELL,90  E STEPHENS STREET,(229) 336-5284,Critical Access Hospitals,Government - Hospital District or Authority,87,30
111331,ARCHBOLD MITCHELL,90  E STEPHENS STREET,(229) 336-5284,Critical Access Hospitals,Government - Hospital District or Authority,89,28
111331,ARCHBOLD MITCHELL,90  E STEPHENS STREET,(229) 336-5284,Critical Access Hospitals,Government - Hospital District or Authority,109,8
111331,ARCHBOLD MITCHELL,90  E STEPHENS STREET,(229) 336-5284,Critical Access Hospitals,Government - Hospital District or Authority,73,44
111331,ARCHBOLD MITCHELL,90  E STEPHENS STREET,(229) 336-5284,Critical Access Hospitals,Government - Hospital District or Authority,107,10
111331,ARCHBOLD MITCHELL,90  E STEPHENS STREET,(229) 336-5284,Critical Access Hospitals,Government - Hospital District or Authority,95,22
111331,ARCHBOLD MITCHELL,90  E STEPHENS STREET,(229) 336-5284,Critical Access Hospitals,Government - Hospital District or Authority,71,46
111331,ARCHBOLD MITCHELL,90  E STEPHENS STREET,(229) 336-5284,Critical Access Hospitals,Government - Hospital District or Authority,76,41
111331,ARCHBOLD MITCHELL,90  E STEPHENS STREET,(229) 336-5284,Critical Access Hospitals,Government - Hospital District or Authority,77,40
111331,ARCHBOLD MITCHELL,90  E STEPHENS STREET,(229) 336-5284,Critical Access Hospitals,Government - Hospital District or Authority,86,31
111331,ARCHBOLD MITCHELL,90  E STEPHENS STREET,(229) 336-5284,Critical Access Hospitals,Government - Hospital District or Authority,73,44
111331,ARCHBOLD MITCHELL,90  E STEPHENS STREET,(229) 336-5284,Critical Access Hospitals,Government - Hospital District or Authority,72,45
111331,ARCHBOLD MITCHELL,90  E STEPHENS STREET,(229) 336-5284,Critical Access Hospitals,Government - Hospital District or Authority,84,33
111331,ARCHBOLD MITCHELL,90  E STEPHENS STREET,(229) 336-5284,Critical Access Hospitals,Government - Hospital District or Authority,100,17
111331,ARCHBOLD MITCHELL,90  E STEPHENS STREET,(229) 336-5284,Critical Access Hospitals,Government - Hospital District or Authority,82,35
111331,ARCHBOLD MITCHELL,90  E STEPHENS STREET,(229) 336-5284,Critical Access Hospitals,Government - Hospital District or Authority,87,30
111331,ARCHBOLD MITCHELL,90  E STEPHENS STREET,(229) 336-5284,Critical Access Hospitals,Government - Hospital District or Authority,110,7
111331,ARCHBOLD MITCHELL,90  E STEPHENS STREET,(229) 336-5284,Critical Access Hospitals,Government - Hospital District or Authority,109,8
111331,ARCHBOLD MITCHELL,90  E STEPHENS STREET,(229) 336-5284,Critical Access Hospitals,Government - Hospital District or Authority,108,9
111331,ARCHBOLD MITCHELL,90  E STEPHENS STREET,(229) 336-5284,Critical Access Hospitals,Government - Hospital District or Authority,95,22
111331,ARCHBOLD MITCHELL,90  E STEPHENS STREET,(229) 336-5284,Critical Access Hospitals,Government - Hospital District or Authority,103,14
111331,ARCHBOLD MITCHELL,90  E STEPHENS STREET,(229) 336-5284,Critical Access Hospitals,Government - Hospital District or Authority,109,8
111331,ARCHBOLD MITCHELL,90  E STEPHENS STREET,(229) 336-5284,Critical Access Hospitals,Government - Hospital District or Authority,73,44
111331,ARCHBOLD MITCHELL,90  E STEPHENS STREET,(229) 336-5284,Critical Access Hospitals,Government - Hospital District or Authority,94,23
111331,ARCHBOLD MITCHELL,90  E STEPHENS STREET,(229) 336-5284,Critical Access Hospitals,Government - Hospital District or Authority,105,12
111331,ARCHBOLD MITCHELL,90  E STEPHENS STREET,(229) 336-5284,Critical Access Hospitals,Government - Hospital District or Authority,75,42
111331,ARCHBOLD MITCHELL,90  E STEPHENS STREET,(229) 336-5284,Critical Access Hospitals,Government - Hospital District or Authority,93,24
111331,ARCHBOLD MITCHELL,90  E STEPHENS STREET,(229) 336-5284,Critical Access Hospitals,Government - Hospital District or Authority,80,37
111331,ARCHBOLD MITCHELL,90  E STEPHENS STREET,(229) 336-5284,Critical Access Hospitals,Government - Hospital District or Authority,98,19
111331,ARCHBOLD MITCHELL,90  E STEPHENS STREET,(229) 336-5284,Critical Access Hospitals,Government - Hospital District or Authority,102,15
111331,ARCHBOLD MITCHELL,90  E STEPHENS STREET,(229) 336-5284,Critical Access Hospitals,Government - Hospital District or Authority,101,16
111331,ARCHBOLD MITCHELL,90  E STEPHENS STREET,(229) 336-5284,Critical Access Hospitals,Government - Hospital District or Authority,83,34
111331,ARCHBOLD MITCHELL,90  E STEPHENS STREET,(229) 336-5284,Critical Access Hospitals,Government - Hospital District or Authority,103,14
111331,ARCHBOLD MITCHELL,90  E STEPHENS STREET,(229) 336-5284,Critical Access Hospitals,Government - Hospital District or Authority,96,21
111331,ARCHBOLD MITCHELL,90  E STEPHENS STREET,(229) 336-5284,Critical Access Hospitals,Government - Hospital District or Authority,91,26
111331,ARCHBOLD MITCHELL,90  E STEPHENS STREET,(229) 336-5284,Critical Access Hospitals,Government - Hospital District or Authority,108,9
111331,ARCHBOLD MITCHELL,90  E STEPHENS STREET,(229) 336-5284,Critical Access Hospitals,Government - Hospital District or Authority,76,41
111331,ARCHBOLD MITCHELL,90  E STEPHENS STREET,(229) 336-5284,Critical Access Hospitals,Government - Hospital District or Authority,77,40
111331,ARCHBOLD MITCHELL,90  E STEPHENS STREET,(229) 336-5284,Critical Access Hospitals,Government - Hospital District or Authority,94,23
111331,ARCHBOLD MITCHELL,90  E STEPHENS STREET,(229) 336-5284,Critical Access Hospitals,Government - Hospital District or Authority,90,27
111331,ARCHBOLD MITCHELL,90  E STEPHENS STREET,(229) 336-5284,Critical Access Hospitals,Government - Hospital District or Authority,70,47
111331,ARCHBOLD MITCHELL,90  E STEPHENS STREET,(229) 336-5284,Critical Access Hospitals,Government - Hospital District or Authority,104,13
111331,ARCHBOLD MITCHELL,90  E STEPHENS STREET,(229) 336-5284,Critical Access Hospitals,Government - Hospital District or Authority,85,32
111331,ARCHBOLD MITCHELL,90  E STEPHENS STREET,(229) 336-5284,Critical Access Hospitals,Government - Hospital District or Authority,107,10
111331,ARCHBOLD MITCHELL,90  E STEPHENS STREET,(229) 336-5284,Critical Access Hospitals,Government - Hospital District or Authority,70,47
111331,ARCHBOLD MITCHELL,90  E STEPHENS STREET,(229) 336-5284,Critical Access Hospitals,Government - Hospital District or Authority,79,38
111331,ARCHBOLD MITCHELL,90  E STEPHENS STREET,(229) 336-5284,Critical Access Hospitals,Government - Hospital District or Authority,70,47
111331,ARCHBOLD MITCHELL,90  E STEPHENS STREET,(229) 336-5284,Critical Access Hospitals,Government - Hospital District or Authority,95,22
111331,ARCHBOLD MITCHELL,90  E STEPHENS STREET,(229) 336-5284,Critical Access Hospitals,Government - Hospital District or Authority,71,46
111331,ARCHBOLD MITCHELL,90  E STEPHENS STREET,(229) 336-5284,Critical Access Hospitals,Government - Hospital District or Authority,95,22
111331,ARCHBOLD MITCHELL,90  E STEPHENS STREET,(229) 336-5284,Critical Access Hospitals,Government - Hospital District or Authority,88,29
111331,ARCHBOLD MITCHELL,90  E STEPHENS STREET,(229) 336-5284,Critical Access Hospitals,Government - Hospital District or Authority,92,25
111331,ARCHBOLD MITCHELL,90  E STEPHENS STREET,(229) 336-5284,Critical Access Hospitals,Government - Hospital District or Authority,92,25
111331,ARCHBOLD MITCHELL,90  E STEPHENS STREET,(229) 336-5284,Critical Access Hospitals,Government - Hospital District or Authority,86,31
111331,ARCHBOLD MITCHELL,90  E STEPHENS STREET,(229) 336-5284,Critical Access Hospitals,Government - Hospital District or Authority,98,19
111331,ARCHBOLD MITCHELL,90  E STEPHENS STREET,(229) 336-5284,Critical Access Hospitals,Government - Hospital District or Authority,98,19
111331,ARCHBOLD MITCHELL,90  E STEPHENS STREET,(229) 336-5284,Critical Access Hospitals,Government - Hospital District or Authority,108,9
111331,ARCHBOLD MITCHELL,90  E STEPHENS STREET,(229) 336-5284,Critical Access Hospitals,Government - Hospital District or Authority,109,8
111331,ARCHBOLD MITCHELL,90  E STEPHENS STREET,(229) 336-5284,Critical Access Hospitals,Government - Hospital District or Authority,104,13
111331,ARCHBOLD MITCHELL,90  E STEPHENS STREET,(229) 336-5284,Critical Access Hospitals,Government - Hospital District or Authority,97,20
111331,ARCHBOLD MITCHELL,90  E STEPHENS STREET,(229) 336-5284,Critical Access Hospitals,Government - Hospital District or Authority,84,33
111331,ARCHBOLD MITCHELL,90  E STEPHENS STREET,(229) 336-5284,Critical Access Hospitals,Government - Hospital District or Authority,88,29
111331,ARCHBOLD MITCHELL,90  E STEPHENS STREET,(229) 336-5284,Critical Access Hospitals,Government - Hospital District or Authority,105,12
111331,ARCHBOLD MITCHELL,90  E STEPHENS STREET,(229) 336-5284,Critical Access Hospitals,Government - Hospital District or Authority,90,27
111331,ARCHBOLD MITCHELL,90  E STEPHENS STREET,(229) 336-5284,Critical Access Hospitals,Government - Hospital District or Authority,95,22
111331,ARCHBOLD MITCHELL,90  E STEPHENS STREET,(229) 336-5284,Critical Access Hospitals,Government - Hospital District or Authority,80,37
111331,ARCHBOLD MITCHELL,90  E STEPHENS STREET,(229) 336-5284,Critical Access Hospitals,Government - Hospital District or Authority,77,40
111331,ARCHBOLD MITCHELL,90  E STEPHENS STREET,(229) 336-5284,Critical Access Hospitals,Government - Hospital District or Authority,106,11
111331,ARCHBOLD MITCHELL,90  E STEPHENS STREET,(229) 336-5284,Critical Access Hospitals,Government - Hospital District or Authority,100,17
111331,ARCHBOLD MITCHELL,90  E STEPHENS STREET,(229) 336-5284,Critical Access Hospitals,Government - Hospital District or Authority,74,43
111331,ARCHBOLD MITCHELL,90  E STEPHENS STREET,(229) 336-5284,Critical Access Hospitals,Government - Hospital District or Authority,89,28
111331,ARCHBOLD MITCHELL,90  E STEPHENS STREET,(229) 336-5284,Critical Access Hospitals,Government - Hospital District or Authority,97,20
111331,ARCHBOLD MITCHELL,90  E STEPHENS STREET,(229) 336-5284,Critical Access Hospitals,Government - Hospital District or Authority,75,42
111331,ARCHBOLD MITCHELL,90  E STEPHENS STREET,(229) 336-5284,Critical Access Hospitals,Government - Hospital District or Authority,97,20
111331,ARCHBOLD MITCHELL,90  E STEPHENS STREET,(229) 336-5284,Critical Access Hospitals,Government - Hospital District or Authority,107,10
111331,ARCHBOLD MITCHELL,90  E STEPHENS STREET,(229) 336-5284,Critical Access Hospitals,Government - Hospital District or Authority,83,34
111331,ARCHBOLD MITCHELL,90  E STEPHENS STREET,(229) 336-5284,Critical Access Hospitals,Government - Hospital District or Authority,105,12
111331,ARCHBOLD MITCHELL,90  E STEPHENS STREET,(229) 336-5284,Critical Access Hospitals,Government - Hospital District or Authority,108,9
111331,ARCHBOLD MITCHELL,90  E STEPHENS STREET,(229) 336-5284,Critical Access Hospitals,Government - Hospital District or Authority,80,37
111331,ARCHBOLD MITCHELL,90  E STEPHENS STREET,(229) 336-5284,Critical Access Hospitals,Government - Hospital District or Authority,105,12
111331,ARCHBOLD MITCHELL,90  E STEPHENS STREET,(229) 336-5284,Critical Access Hospitals,Government - Hospital District or Authority,95,22
111331,ARCHBOLD MITCHELL,90  E STEPHENS STREET,(229) 336-5284,Critical Access Hospitals,Government - Hospital District or Authority,94,23
111331,ARCHBOLD MITCHELL,90  E STEPHENS STREET,(229) 336-5284,Critical Access Hospitals,Government - Hospital District or Authority,75,42
111331,ARCHBOLD MITCHELL,90  E STEPHENS STREET,(229) 336-5284,Critical Access Hospitals,Government - Hospital District or Authority,91,26
111331,ARCHBOLD MITCHELL,90  E STEPHENS STREET,(229) 336-5284,Critical Access Hospitals,Government - Hospital District or Authority,104,13
111331,ARCHBOLD MITCHELL,90  E STEPHENS STREET,(229) 336-5284,Critical Access Hospitals,Government - Hospital District or Authority,77,40
111331,ARCHBOLD MITCHELL,90  E STEPHENS STREET,(229) 336-5284,Critical Access Hospitals,Government - Hospital District or Authority,94,23
111331,ARCHBOLD MITCHELL,90  E STEPHENS STREET,(229) 336-5284,Critical Access Hospitals,Government - Hospital District or Authority,83,34
111331,ARCHBOLD MITCHELL,90  E STEPHENS STREET,(229) 336-5284,Critical Access Hospitals,Government - Hospital District or Authority,96,21
111331,ARCHBOLD MITCHELL,90  E STEPHENS STREET,(229) 336-5284,Critical Access Hospitals,Government - Hospital District or Authority,103,14
111331,ARCHBOLD MITCHELL,90  E STEPHENS STREET,(229) 336-5284,Critical Access Hospitals,Government - Hospital District or Authority,71,46
111331,ARCHBOLD MITCHELL,90  E STEPHENS STREET,(229) 336-5284,Critical Access Hospitals,Government - Hospital District or Authority,78,39
111331,ARCHBOLD MITCHELL,90  E STEPHENS STREET,(229) 336-5284,Critical Access Hospitals,Government - Hospital District or Authority,90,27
111331,ARCHBOLD MITCHELL,90  E STEPHENS STREET,(229) 336-5284,Critical Access Hospitals,Government - Hospital District or Authority,74,43
111331,ARCHBOLD MITCHELL,90  E STEPHENS STREET,(229) 336-5284,Critical Access Hospitals,Government - Hospital District or Authority,104,13
111331,ARCHBOLD MITCHELL,90  E STEPHENS STREET,(229) 336-5284,Critical Access Hospitals,Government - Hospital District or Authority,82,35
111331,ARCHBOLD MITCHELL,90  E STEPHENS STREET,(229) 336-5284,Critical Access Hospitals,Government - Hospital District or Authority,95,22
111331,ARCHBOLD MITCHELL,90  E STEPHENS STREET,(229) 336-5284,Critical Access Hospitals,Government - Hospital District or Authority,80,37
111331,ARCHBOLD MITCHELL,90  E STEPHENS STREET,(229) 336-5284,Critical Access Hospitals,Government - Hospital District or Authority,89,28
111331,ARCHBOLD MITCHELL,90  E STEPHENS STREET,(229) 336-5284,Critical Access Hospitals,Government - Hospital District or Authority,100,17
111331,ARCHBOLD MITCHELL,90  E STEPHENS STREET,(229) 336-5284,Critical Access Hospitals,Government - Hospital District or Authority,91,26
111331,ARCHBOLD MITCHELL,90  E STEPHENS STREET,(229) 336-5284,Critical Access Hospitals,Government - Hospital District or Authority,109,8
111331,ARCHBOLD MITCHELL,90  E STEPHENS STREET,(229) 336-5284,Critical Access Hospitals,Government - Hospital District or Authority,96,21
111331,ARCHBOLD MITCHELL,90  E STEPHENS STREET,(229) 336-5284,Critical Access Hospitals,Government - Hospital District or Authority,95,22
111331,ARCHBOLD MITCHELL,90  E STEPHENS STREET,(229) 336-5284,Critical Access Hospitals,Government - Hospital District or Authority,101,16
111331,ARCHBOLD MITCHELL,90  E STEPHENS STREET,(229) 336-5284,Critical Access Hospitals,Government - Hospital District or Authority,87,30
111331,ARCHBOLD MITCHELL,90  E STEPHENS STREET,(229) 336-5284,Critical Access Hospitals,Government - Hospital District or Authority,94,23
111331,ARCHBOLD MITCHELL,90  E STEPHENS STREET,(229) 336-5284,Critical Access Hospitals,Government - Hospital District or Authority,81,36
111331,ARCHBOLD MITCHELL,90  E STEPHENS STREET,(229) 336-5284,Critical Access Hospitals,Government - Hospital District or Authority,100,17
111331,ARCHBOLD MITCHELL,90  E STEPHENS STREET,(229) 336-5284,Critical Access Hospitals,Government - Hospital District or Authority,72,45
111331,ARCHBOLD MITCHELL,90  E STEPHENS STREET,(229) 336-5284,Critical Access Hospitals,Government - Hospital District or Authority,82,35
111331,ARCHBOLD MITCHELL,90  E STEPHENS STREET,(229) 336-5284,Critical Access Hospitals,Government - Hospital District or Authority,106,11
111331,ARCHBOLD MITCHELL,90  E STEPHENS STREET,(229) 336-5284,Critical Access Hospitals,Government - Hospital District or Authority,85,32
111331,ARCHBOLD MITCHELL,90  E STEPHENS STREET,(229) 336-5284,Critical Access Hospitals,Government - Hospital District or Authority,85,32
111331,ARCHBOLD MITCHELL,90  E STEPHENS STREET,(229) 336-5284,Critical Access Hospitals,Government - Hospital District or Authority,86,31
111331,ARCHBOLD MITCHELL,90  E STEPHENS STREET,(229) 336-5284,Critical Access Hospitals,Government - Hospital District or Authority,90,27
111331,ARCHBOLD MITCHELL,90  E STEPHENS STREET,(229) 336-5284,Critical Access Hospitals,Government - Hospital District or Authority,91,26
111331,ARCHBOLD MITCHELL,90  E STEPHENS STREET,(229) 336-5284,Critical Access Hospitals,Government - Hospital District or Authority,72,45
111331,ARCHBOLD MITCHELL,90  E STEPHENS STREET,(229) 336-5284,Critical Access Hospitals,Government - Hospital District or Authority,107,10
111331,ARCHBOLD MITCHELL,90  E STEPHENS STREET,(229) 336-5284,Critical Access Hospitals,Government - Hospital District or Authority,85,32
111331,ARCHBOLD MITCHELL,90  E STEPHENS STREET,(229) 336-5284,Critical Access Hospitals,Government - Hospital District or Authority,92,25
111331,ARCHBOLD MITCHELL,90  E STEPHENS STREET,(229) 336-5284,Critical Access Hospitals,Government - Hospital District or Authority,93,24
111331,ARCHBOLD MITCHELL,90  E STEPHENS STREET,(229) 336-5284,Critical Access Hospitals,Government - Hospital District or Authority,105,12
111331,ARCHBOLD MITCHELL,90  E STEPHENS STREET,(229) 336-5284,Critical Access Hospitals,Government - Hospital District or Authority,89,28
111331,ARCHBOLD MITCHELL,90  E STEPHENS STREET,(229) 336-5284,Critical Access Hospitals,Government - Hospital District or Authority,107,10
111331,ARCHBOLD MITCHELL,90  E STEPHENS STREET,(229) 336-5284,Critical Access Hospitals,Government - Hospital District or Authority,80,37
111331,ARCHBOLD MITCHELL,90  E STEPHENS STREET,(229) 336-5284,Critical Access Hospitals,Government - Hospital District or Authority,110,7
111331,ARCHBOLD MITCHELL,90  E STEPHENS STREET,(229) 336-5284,Critical Access Hospitals,Government - Hospital District or Authority,95,22
111331,ARCHBOLD MITCHELL,90  E STEPHENS STREET,(229) 336-5284,Critical Access Hospitals,Government - Hospital District or Authority,91,26
111331,ARCHBOLD MITCHELL,90  E STEPHENS STREET,(229) 336-5284,Critical Access Hospitals,Government - Hospital District or Authority,110,7
111331,ARCHBOLD MITCHELL,90  E STEPHENS STREET,(229) 336-5284,Critical Access Hospitals,Government - Hospital District or Authority,109,8
111331,ARCHBOLD MITCHELL,90  E STEPHENS STREET,(229) 336-5284,Critical Access Hospitals,Government - Hospital District or Authority,79,38
111331,ARCHBOLD MITCHELL,90  E STEPHENS STREET,(229) 336-5284,Critical Access Hospitals,Government - Hospital District or Authority,109,8
111331,ARCHBOLD MITCHELL,90  E STEPHENS STREET,(229) 336-5284,Critical Access Hospitals,Government - Hospital District or Authority,95,22
111331,ARCHBOLD MITCHELL,90  E STEPHENS STREET,(229) 336-5284,Critical Access Hospitals,Government - Hospital District or Authority,91,26
111331,ARCHBOLD MITCHELL,90  E STEPHENS STREET,(229) 336-5284,Critical Access Hospitals,Government - Hospital District or Authority,77,40
111331,ARCHBOLD MITCHELL,90  E STEPHENS STREET,(229) 336-5284,Critical Access Hospitals,Government - Hospital District or Authority,75,42
111331,ARCHBOLD MITCHELL,90  E STEPHENS STREET,(229) 336-5284,Critical Access Hospitals,Government - Hospital District or Authority,100,17
111331,ARCHBOLD MITCHELL,90  E STEPHENS STREET,(229) 336-5284,Critical Access Hospitals,Government - Hospital District or Authority,110,7
111331,ARCHBOLD MITCHELL,90  E STEPHENS STREET,(229) 336-5284,Critical Access Hospitals,Government - Hospital District or Authority,77,40
111331,ARCHBOLD MITCHELL,90  E STEPHENS STREET,(229) 336-5284,Critical Access Hospitals,Government - Hospital District or Authority,74,43
111331,ARCHBOLD MITCHELL,90  E STEPHENS STREET,(229) 336-5284,Critical Access Hospitals,Government - Hospital District or Authority,71,46
111331,ARCHBOLD MITCHELL,90  E STEPHENS STREET,(229) 336-5284,Critical Access Hospitals,Government - Hospital District or Authority,109,8
111331,ARCHBOLD MITCHELL,90  E STEPHENS STREET,(229) 336-5284,Critical Access Hospitals,Government - Hospital District or Authority,75,42
111331,ARCHBOLD MITCHELL,90  E STEPHENS STREET,(229) 336-5284,Critical Access Hospitals,Government - Hospital District or Authority,77,40
111331,ARCHBOLD MITCHELL,90  E STEPHENS STREET,(229) 336-5284,Critical Access Hospitals,Government - Hospital District or Authority,82,35
111331,ARCHBOLD MITCHELL,90  E STEPHENS STREET,(229) 336-5284,Critical Access Hospitals,Government - Hospital District or Authority,82,35
111331,ARCHBOLD MITCHELL,90  E STEPHENS STREET,(229) 336-5284,Critical Access Hospitals,Government - Hospital District or Authority,71,46
111331,ARCHBOLD MITCHELL,90  E STEPHENS STREET,(229) 336-5284,Critical Access Hospitals,Government - Hospital District or Authority,108,9
111331,ARCHBOLD MITCHELL,90  E STEPHENS STREET,(229) 336-5284,Critical Access Hospitals,Government - Hospital District or Authority,72,45
111331,ARCHBOLD MITCHELL,90  E STEPHENS STREET,(229) 336-5284,Critical Access Hospitals,Government - Hospital District or Authority,82,35
111331,ARCHBOLD MITCHELL,90  E STEPHENS STREET,(229) 336-5284,Critical Access Hospitals,Government - Hospital District or Authority,75,42
111331,ARCHBOLD MITCHELL,90  E STEPHENS STREET,(229) 336-5284,Critical Access Hospitals,Government - Hospital District or Authority,91,26
111331,ARCHBOLD MITCHELL,90  E STEPHENS STREET,(229) 336-5284,Critical Access Hospitals,Government - Hospital District or Authority,74,43
111331,ARCHBOLD MITCHELL,90  E STEPHENS STREET,(229) 336-5284,Critical Access Hospitals,Government - Hospital District or Authority,93,24
111331,ARCHBOLD MITCHELL,90  E STEPHENS STREET,(229) 336-5284,Critical Access Hospitals,Government - Hospital District or Authority,76,41
111331,ARCHBOLD MITCHELL,90  E STEPHENS STREET,(229) 336-5284,Critical Access Hospitals,Government - Hospital District or Authority,99,18
111331,ARCHBOLD MITCHELL,90  E STEPHENS STREET,(229) 336-5284,Critical Access Hospitals,Government - Hospital District or Authority,108,9
111331,ARCHBOLD MITCHELL,90  E STEPHENS STREET,(229) 336-5284,Critical Access Hospitals,Government - Hospital District or Authority,88,29
111331,ARCHBOLD MITCHELL,90  E STEPHENS STREET,(229) 336-5284,Critical Access Hospitals,Government - Hospital District or Authority,71,46
111331,ARCHBOLD MITCHELL,90  E STEPHENS STREET,(229) 336-5284,Critical Access Hospitals,Government - Hospital District or Authority,105,12
111331,ARCHBOLD MITCHELL,90  E STEPHENS STREET,(229) 336-5284,Critical Access Hospitals,Government - Hospital District or Authority,90,27
111331,ARCHBOLD MITCHELL,90  E STEPHENS STREET,(229) 336-5284,Critical Access Hospitals,Government - Hospital District or Authority,75,42
111331,ARCHBOLD MITCHELL,90  E STEPHENS STREET,(229) 336-5284,Critical Access Hospitals,Government - Hospital District or Authority,86,31
111331,ARCHBOLD MITCHELL,90  E STEPHENS STREET,(229) 336-5284,Critical Access Hospitals,Government - Hospital District or Authority,87,30
111331,ARCHBOLD MITCHELL,90  E STEPHENS STREET,(229) 336-5284,Critical Access Hospitals,Government - Hospital District or Authority,108,9
111331,ARCHBOLD MITCHELL,90  E STEPHENS STREET,(229) 336-5284,Critical Access Hospitals,Government - Hospital District or Authority,96,21
111331,ARCHBOLD MITCHELL,90  E STEPHENS STREET,(229) 336-5284,Critical Access Hospitals,Government - Hospital District or Authority,90,27
111331,ARCHBOLD MITCHELL,90  E STEPHENS STREET,(229) 336-5284,Critical Access Hospitals,Government - Hospital District or Authority,79,38
111331,ARCHBOLD MITCHELL,90  E STEPHENS STREET,(229) 336-5284,Critical Access Hospitals,Government - Hospital District or Authority,77,40
111331,ARCHBOLD MITCHELL,90  E STEPHENS STREET,(229) 336-5284,Critical Access Hospitals,Government - Hospital District or Authority,102,15
111331,ARCHBOLD MITCHELL,90  E STEPHENS STREET,(229) 336-5284,Critical Access Hospitals,Government - Hospital District or Authority,94,23
111331,ARCHBOLD MITCHELL,90  E STEPHENS STREET,(229) 336-5284,Critical Access Hospitals,Government - Hospital District or Authority,84,33
111331,ARCHBOLD MITCHELL,90  E STEPHENS STREET,(229) 336-5284,Critical Access Hospitals,Government - Hospital District or Authority,91,26
111331,ARCHBOLD MITCHELL,90  E STEPHENS STREET,(229) 336-5284,Critical Access Hospitals,Government - Hospital District or Authority,87,30
111331,ARCHBOLD MITCHELL,90  E STEPHENS STREET,(229) 336-5284,Critical Access Hospitals,Government - Hospital District or Authority,108,9
111331,ARCHBOLD MITCHELL,90  E STEPHENS STREET,(229) 336-5284,Critical Access Hospitals,Government - Hospital District or Authority,86,31
111331,ARCHBOLD MITCHELL,90  E STEPHENS STREET,(229) 336-5284,Critical Access Hospitals,Government - Hospital District or Authority,97,20
111331,ARCHBOLD MITCHELL,90  E STEPHENS STREET,(229) 336-5284,Critical Access Hospitals,Government - Hospital District or Authority,103,14
111331,ARCHBOLD MITCHELL,90  E STEPHENS STREET,(229) 336-5284,Critical Access Hospitals,Government - Hospital District or Authority,98,19
111331,ARCHBOLD MITCHELL,90  E STEPHENS STREET,(229) 336-5284,Critical Access Hospitals,Government - Hospital District or Authority,82,35
111331,ARCHBOLD MITCHELL,90  E STEPHENS STREET,(229) 336-5284,Critical Access Hospitals,Government - Hospital District or Authority,93,24
111331,ARCHBOLD MITCHELL,90  E STEPHENS STREET,(229) 336-5284,Critical Access Hospitals,Government - Hospital District or Authority,86,31
111331,ARCHBOLD MITCHELL,90  E STEPHENS STREET,(229) 336-5284,Critical Access Hospitals,Government - Hospital District or Authority,92,25
111331,ARCHBOLD MITCHELL,90  E STEPHENS STREET,(229) 336-5284,Critical Access Hospitals,Government - Hospital District or Authority,86,31
111331,ARCHBOLD MITCHELL,90  E STEPHENS STREET,(229) 336-5284,Critical Access Hospitals,Government - Hospital District or Authority,87,30
111331,ARCHBOLD MITCHELL,90  E STEPHENS STREET,(229) 336-5284,Critical Access Hospitals,Government - Hospital District or Authority,110,7
111331,ARCHBOLD MITCHELL,90  E STEPHENS STREET,(229) 336-5284,Critical Access Hospitals,Government - Hospital District or Authority,73,44
111331,ARCHBOLD MITCHELL,90  E STEPHENS STREET,(229) 336-5284,Critical Access Hospitals,Government - Hospital District or Authority,99,18
111331,ARCHBOLD MITCHELL,90  E STEPHENS STREET,(229) 336-5284,Critical Access Hospitals,Government - Hospital District or Authority,71,46
111331,ARCHBOLD MITCHELL,90  E STEPHENS STREET,(229) 336-5284,Critical Access Hospitals,Government - Hospital District or Authority,71,46
111331,ARCHBOLD MITCHELL,90  E STEPHENS STREET,(229) 336-5284,Critical Access Hospitals,Government - Hospital District or Authority,110,7
111331,ARCHBOLD MITCHELL,90  E STEPHENS STREET,(229) 336-5284,Critical Access Hospitals,Government - Hospital District or Authority,73,44
111331,ARCHBOLD MITCHELL,90  E STEPHENS STREET,(229) 336-5284,Critical Access Hospitals,Government - Hospital District or Authority,101,16
111331,ARCHBOLD MITCHELL,90  E STEPHENS STREET,(229) 336-5284,Critical Access Hospitals,Government - Hospital District or Authority,95,22
111331,ARCHBOLD MITCHELL,90  E STEPHENS STREET,(229) 336-5284,Critical Access Hospitals,Government - Hospital District or Authority,70,47
111331,ARCHBOLD MITCHELL,90  E STEPHENS STREET,(229) 336-5284,Critical Access Hospitals,Government - Hospital District or Authority,76,41
111331,ARCHBOLD MITCHELL,90  E STEPHENS STREET,(229) 336-5284,Critical Access Hospitals,Government - Hospital District or Authority,71,46
111331,ARCHBOLD MITCHELL,90  E STEPHENS STREET,(229) 336-5284,Critical Access Hospitals,Government - Hospital District or Authority,89,28
111331,ARCHBOLD MITCHELL,90  E STEPHENS STREET,(229) 336-5284,Critical Access Hospitals,Government - Hospital District or Authority,106,11
111331,ARCHBOLD MITCHELL,90  E STEPHENS STREET,(229) 336-5284,Critical Access Hospitals,Government - Hospital District or Authority,75,42
111331,ARCHBOLD MITCHELL,90  E STEPHENS STREET,(229) 336-5284,Critical Access Hospitals,Government - Hospital District or Authority,79,38
111331,ARCHBOLD MITCHELL,90  E STEPHENS STREET,(229) 336-5284,Critical Access Hospitals,Government - Hospital District or Authority,80,37
111331,ARCHBOLD MITCHELL,90  E STEPHENS STREET,(229) 336-5284,Critical Access Hospitals,Government - Hospital District or Authority,110,7
111331,ARCHBOLD MITCHELL,90  E STEPHENS STREET,(229) 336-5284,Critical Access Hospitals,Government - Hospital District or Authority,97,20
111331,ARCHBOLD MITCHELL,90  E STEPHENS STREET,(229) 336-5284,Critical Access Hospitals,Government - Hospital District or Authority,73,44
111331,ARCHBOLD MITCHELL,90  E STEPHENS STREET,(229) 336-5284,Critical Access Hospitals,Government - Hospital District or Authority,86,31
111331,ARCHBOLD MITCHELL,90  E STEPHENS STREET,(229) 336-5284,Critical Access Hospitals,Government - Hospital District or Authority,86,31
111331,ARCHBOLD MITCHELL,90  E STEPHENS STREET,(229) 336-5284,Critical Access Hospitals,Government - Hospital District or Authority,97,20
111331,ARCHBOLD MITCHELL,90  E STEPHENS STREET,(229) 336-5284,Critical Access Hospitals,Government - Hospital District or Authority,86,31
111331,ARCHBOLD MITCHELL,90  E STEPHENS STREET,(229) 336-5284,Critical Access Hospitals,Government - Hospital District or Authority,105,12
111331,ARCHBOLD MITCHELL,90  E STEPHENS STREET,(229) 336-5284,Critical Access Hospitals,Government - Hospital District or Authority,81,36
111331,ARCHBOLD MITCHELL,90  E STEPHENS STREET,(229) 336-5284,Critical Access Hospitals,Government - Hospital District or Authority,82,35
111331,ARCHBOLD MITCHELL,90  E STEPHENS STREET,(229) 336-5284,Critical Access Hospitals,Government - Hospital District or Authority,78,39
111331,ARCHBOLD MITCHELL,90  E STEPHENS STREET,(229) 336-5284,Critical Access Hospitals,Government - Hospital District or Authority,91,26
111331,ARCHBOLD MITCHELL,90  E STEPHENS STREET,(229) 336-5284,Critical Access Hospitals,Government - Hospital District or Authority,98,19
111331,ARCHBOLD MITCHELL,90  E STEPHENS STREET,(229) 336-5284,Critical Access Hospitals,Government - Hospital District or Authority,78,39
111331,ARCHBOLD MITCHELL,90  E STEPHENS STREET,(229) 336-5284,Critical Access Hospitals,Government - Hospital District or Authority,100,17
111331,ARCHBOLD MITCHELL,90  E STEPHENS STREET,(229) 336-5284,Critical Access Hospitals,Government - Hospital District or Authority,93,24
111331,ARCHBOLD MITCHELL,90  E STEPHENS STREET,(229) 336-5284,Critical Access Hospitals,Government - Hospital District or Authority,90,27
111331,ARCHBOLD MITCHELL,90  E STEPHENS STREET,(229) 336-5284,Critical Access Hospitals,Government - Hospital District or Authority,98,19
111331,ARCHBOLD MITCHELL,90  E STEPHENS STREET,(229) 336-5284,Critical Access Hospitals,Government - Hospital District or Authority,108,9
111331,ARCHBOLD MITCHELL,90  E STEPHENS STREET,(229) 336-5284,Critical Access Hospitals,Government - Hospital District or Authority,107,10
111331,ARCHBOLD MITCHELL,90  E STEPHENS STREET,(229) 336-5284,Critical Access Hospitals,Government - Hospital District or Authority,77,40
111331,ARCHBOLD MITCHELL,90  E STEPHENS STREET,(229) 336-5284,Critical Access Hospitals,Government - Hospital District or Authority,81,36
111331,ARCHBOLD MITCHELL,90  E STEPHENS STREET,(229) 336-5284,Critical Access Hospitals,Government - Hospital District or Authority,77,40
111331,ARCHBOLD MITCHELL,90  E STEPHENS STREET,(229) 336-5284,Critical Access Hospitals,Government - Hospital District or Authority,70,47
111331,ARCHBOLD MITCHELL,90  E STEPHENS STREET,(229) 336-5284,Critical Access Hospitals,Government - Hospital District or Authority,110,7
111331,ARCHBOLD MITCHELL,90  E STEPHENS STREET,(229) 336-5284,Critical Access Hospitals,Government - Hospital District or Authority,109,8
111331,ARCHBOLD MITCHELL,90  E STEPHENS STREET,(229) 336-5284,Critical Access Hospitals,Government - Hospital District or Authority,98,19
111331,ARCHBOLD MITCHELL,90  E STEPHENS STREET,(229) 336-5284,Critical Access Hospitals,Government - Hospital District or Authority,84,33
111331,ARCHBOLD MITCHELL,90  E STEPHENS STREET,(229) 336-5284,Critical Access Hospitals,Government - Hospital District or Authority,72,45
111331,ARCHBOLD MITCHELL,90  E STEPHENS STREET,(229) 336-5284,Critical Access Hospitals,Government - Hospital District or Authority,77,40
111331,ARCHBOLD MITCHELL,90  E STEPHENS STREET,(229) 336-5284,Critical Access Hospitals,Government - Hospital District or Authority,72,45
111331,ARCHBOLD MITCHELL,90  E STEPHENS STREET,(229) 336-5284,Critical Access Hospitals,Government - Hospital District or Authority,85,32
111331,ARCHBOLD MITCHELL,90  E STEPHENS STREET,(229) 336-5284,Critical Access Hospitals,Government - Hospital District or Authority,82,35
111331,ARCHBOLD MITCHELL,90  E STEPHENS STREET,(229) 336-5284,Critical Access Hospitals,Government - Hospital District or Authority,85,32
111331,ARCHBOLD MITCHELL,90  E STEPHENS STREET,(229) 336-5284,Critical Access Hospitals,Government - Hospital District or Authority,94,23
111331,ARCHBOLD MITCHELL,90  E STEPHENS STREET,(229) 336-5284,Critical Access Hospitals,Government - Hospital District or Authority,100,17
111331,ARCHBOLD MITCHELL,90  E STEPHENS STREET,(229) 336-5284,Critical Access Hospitals,Government - Hospital District or Authority,84,33
111331,ARCHBOLD MITCHELL,90  E STEPHENS STREET,(229) 336-5284,Critical Access Hospitals,Government - Hospital District or Authority,94,23
111331,ARCHBOLD MITCHELL,90  E STEPHENS STREET,(229) 336-5284,Critical Access Hospitals,Government - Hospital District or Authority,87,30
111331,ARCHBOLD MITCHELL,90  E STEPHENS STREET,(229) 336-5284,Critical Access Hospitals,Government - Hospital District or Authority,97,20
111331,ARCHBOLD MITCHELL,90  E STEPHENS STREET,(229) 336-5284,Critical Access Hospitals,Government - Hospital District or Authority,78,39
111331,ARCHBOLD MITCHELL,90  E STEPHENS STREET,(229) 336-5284,Critical Access Hospitals,Government - Hospital District or Authority,107,10
111331,ARCHBOLD MITCHELL,90  E STEPHENS STREET,(229) 336-5284,Critical Access Hospitals,Government - Hospital District or Authority,96,21
111331,ARCHBOLD MITCHELL,90  E STEPHENS STREET,(229) 336-5284,Critical Access Hospitals,Government - Hospital District or Authority,86,31
111331,ARCHBOLD MITCHELL,90  E STEPHENS STREET,(229) 336-5284,Critical Access Hospitals,Government - Hospital District or Authority,94,23
111331,ARCHBOLD MITCHELL,90  E STEPHENS STREET,(229) 336-5284,Critical Access Hospitals,Government - Hospital District or Authority,107,10
111331,ARCHBOLD MITCHELL,90  E STEPHENS STREET,(229) 336-5284,Critical Access Hospitals,Government - Hospital District or Authority,99,18
111331,ARCHBOLD MITCHELL,90  E STEPHENS STREET,(229) 336-5284,Critical Access Hospitals,Government - Hospital District or Authority,70,47
111331,ARCHBOLD MITCHELL,90  E STEPHENS STREET,(229) 336-5284,Critical Access Hospitals,Government - Hospital District or Authority,102,15
111331,ARCHBOLD MITCHELL,90  E STEPHENS STREET,(229) 336-5284,Critical Access Hospitals,Government - Hospital District or Authority,90,27
111331,ARCHBOLD MITCHELL,90  E STEPHENS STREET,(229) 336-5284,Critical Access Hospitals,Government - Hospital District or Authority,97,20
111331,ARCHBOLD MITCHELL,90  E STEPHENS STREET,(229) 336-5284,Critical Access Hospitals,Government - Hospital District or Authority,90,27
111331,ARCHBOLD MITCHELL,90  E STEPHENS STREET,(229) 336-5284,Critical Access Hospitals,Government - Hospital District or Authority,88,29
111331,ARCHBOLD MITCHELL,90  E STEPHENS STREET,(229) 336-5284,Critical Access Hospitals,Government - Hospital District or Authority,107,10
111331,ARCHBOLD MITCHELL,90  E STEPHENS STREET,(229) 336-5284,Critical Access Hospitals,Government - Hospital District or Authority,98,19
111331,ARCHBOLD MITCHELL,90  E STEPHENS STREET,(229) 336-5284,Critical Access Hospitals,Government - Hospital District or Authority,73,44
111331,ARCHBOLD MITCHELL,90  E STEPHENS STREET,(229) 336-5284,Critical Access Hospitals,Government - Hospital District or Authority,109,8
111331,ARCHBOLD MITCHELL,90  E STEPHENS STREET,(229) 336-5284,Critical Access Hospitals,Government - Hospital District or Authority,97,20
111331,ARCHBOLD MITCHELL,90  E STEPHENS STREET,(229) 336-5284,Critical Access Hospitals,Government - Hospital District or Authority,102,15
111331,ARCHBOLD MITCHELL,90  E STEPHENS STREET,(229) 336-5284,Critical Access Hospitals,Government - Hospital District or Authority,87,30
111331,ARCHBOLD MITCHELL,90  E STEPHENS STREET,(229) 336-5284,Critical Access Hospitals,Government - Hospital District or Authority,85,32
111331,ARCHBOLD MITCHELL,90  E STEPHENS STREET,(229) 336-5284,Critical Access Hospitals,Government - Hospital District or Authority,102,15
111331,ARCHBOLD MITCHELL,90  E STEPHENS STREET,(229) 336-5284,Critical Access Hospitals,Government - Hospital District or Authority,110,7
111331,ARCHBOLD MITCHELL,90  E STEPHENS STREET,(229) 336-5284,Critical Access Hospitals,Government - Hospital District or Authority,93,24
111331,ARCHBOLD MITCHELL,90  E STEPHENS STREET,(229) 336-5284,Critical Access Hospitals,Government - Hospital District or Authority,90,27
111331,ARCHBOLD MITCHELL,90  E STEPHENS STREET,(229) 336-5284,Critical Access Hospitals,Government - Hospital District or Authority,86,31
111331,ARCHBOLD MITCHELL,90  E STEPHENS STREET,(229) 336-5284,Critical Access Hospitals,Government - Hospital District or Authority,73,44
111331,ARCHBOLD MITCHELL,90  E STEPHENS STREET,(229) 336-5284,Critical Access Hospitals,Government - Hospital District or Authority,102,15
111331,ARCHBOLD MITCHELL,90  E STEPHENS STREET,(229) 336-5284,Critical Access Hospitals,Government - Hospital District or Authority,73,44
111331,ARCHBOLD MITCHELL,90  E STEPHENS STREET,(229) 336-5284,Critical Access Hospitals,Government - Hospital District or Authority,90,27
111331,ARCHBOLD MITCHELL,90  E STEPHENS STREET,(229) 336-5284,Critical Access Hospitals,Government - Hospital District or Authority,86,31
111331,ARCHBOLD MITCHELL,90  E STEPHENS STREET,(229) 336-5284,Critical Access Hospitals,Government - Hospital District or Authority,76,41
