Facility ID,Facility Name,Address,Telephone Number,Hospital Type,Hospital Ownership,Active Beds,Inactive Beds
111314,LIFEBRITE COMMUNITY HOSPITAL OF EARLY,11740 COLUMBIA STREET,(229) 723-4241,Critical Access Hospitals,Voluntary non-profit - Private,126,57
111314,LIFEBRITE COMMUNITY HOSPITAL OF EARLY,11740 COLUMBIA STREET,(229) 723-4241,Critical Access Hospitals,Voluntary non-profit - Private,133,50
111314,LIFEBRITE COMMUNITY HOSPITAL OF EARLY,11740 COLUMBIA STREET,(229) 723-4241,Critical Access Hospitals,Voluntary non-profit - Private,124,59
111314,LIFEBRITE COMMUNITY HOSPITAL OF EARLY,11740 COLUMBIA STREET,(229) 723-4241,Critical Access Hospitals,Voluntary non-profit - Private,124,59
111314,LIFEBRITE COMMUNITY HOSPITAL OF EARLY,11740 COLUMBIA STREET,(229) 723-4241,Critical Access Hospitals,Voluntary non-profit - Private,121,62
111314,LIFEBRITE COMMUNITY HOSPITAL OF EARLY,11740 COLUMBIA STREET,(229) 723-4241,Critical Access Hospitals,Voluntary non-profit - Private,116,67
111314,LIFEBRITE COMMUNITY HOSPITAL OF EARLY,11740 COLUMBIA STREET,(229) 723-4241,Critical Access Hospitals,Voluntary non-profit - Private,129,54
111314,LIFEBRITE COMMUNITY HOSPITAL OF EARLY,11740 COLUMBIA STREET,(229) 723-4241,Critical Access Hospitals,Voluntary non-profit - Private,131,52
111314,LIFEBRITE COMMUNITY HOSPITAL OF EARLY,11740 COLUMBIA STREET,(229) 723-4241,Critical Access Hospitals,Voluntary non-profit - Private,121,62
111314,LIFEBRITE COMMUNITY HOSPITAL OF EARLY,11740 COLUMBIA STREET,(229) 723-4241,Critical Access Hospitals,Voluntary non-profit - Private,164,19
111314,LIFEBRITE COMMUNITY HOSPITAL OF EARLY,11740 COLUMBIA STREET,(229) 723-4241,Critical Access Hospitals,Voluntary non-profit - Private,168,15
111314,LIFEBRITE COMMUNITY HOSPITAL OF EARLY,11740 COLUMBIA STREET,(229) 723-4241,Critical Access Hospitals,Voluntary non-profit - Private,140,43
111314,LIFEBRITE COMMUNITY HOSPITAL OF EARLY,11740 COLUMBIA STREET,(229) 723-4241,Critical Access Hospitals,Voluntary non-profit - Private,155,28
111314,LIFEBRITE COMMUNITY HOSPITAL OF EARLY,11740 COLUMBIA STREET,(229) 723-4241,Critical Access Hospitals,Voluntary non-profit - Private,167,16
111314,LIFEBRITE COMMUNITY HOSPITAL OF EARLY,11740 COLUMBIA STREET,(229) 723-4241,Critical Access Hospitals,Voluntary non-profit - Private,119,64
111314,LIFEBRITE COMMUNITY HOSPITAL OF EARLY,11740 COLUMBIA STREET,(229) 723-4241,Critical Access Hospitals,Voluntary non-profit - Private,169,14
111314,LIFEBRITE COMMUNITY HOSPITAL OF EARLY,11740 COLUMBIA STREET,(229) 723-4241,Critical Access Hospitals,Voluntary non-profit - Private,168,15
111314,LIFEBRITE COMMUNITY HOSPITAL OF EARLY,11740 COLUMBIA STREET,(229) 723-4241,Critical Access Hospitals,Voluntary non-profit - Private,164,19
111314,LIFEBRITE COMMUNITY HOSPITAL OF EARLY,11740 COLUMBIA STREET,(229) 723-4241,Critical Access Hospitals,Voluntary non-profit - Private,149,34
111314,LIFEBRITE COMMUNITY HOSPITAL OF EARLY,11740 COLUMBIA STREET,(229) 723-4241,Critical Access Hospitals,Voluntary non-profit - Private,142,41
111314,LIFEBRITE COMMUNITY HOSPITAL OF EARLY,11740 COLUMBIA STREET,(229) 723-4241,Critical Access Hospitals,Voluntary non-profit - Private,146,37
111314,LIFEBRITE COMMUNITY HOSPITAL OF EARLY,11740 COLUMBIA STREET,(229) 723-4241,Critical Access Hospitals,Voluntary non-profit - Private,119,64
111314,LIFEBRITE COMMUNITY HOSPITAL OF EARLY,11740 COLUMBIA STREET,(229) 723-4241,Critical Access Hospitals,Voluntary non-profit - Private,112,71
111314,LIFEBRITE COMMUNITY HOSPITAL OF EARLY,11740 COLUMBIA STREET,(229) 723-4241,Critical Access Hospitals,Voluntary non-profit - Private,111,72
111314,LIFEBRITE COMMUNITY HOSPITAL OF EARLY,11740 COLUMBIA STREET,(229) 723-4241,Critical Access Hospitals,Voluntary non-profit - Private,116,67
111314,LIFEBRITE COMMUNITY HOSPITAL OF EARLY,11740 COLUMBIA STREET,(229) 723-4241,Critical Access Hospitals,Voluntary non-profit - Private,151,32
111314,LIFEBRITE COMMUNITY HOSPITAL OF EARLY,11740 COLUMBIA STREET,(229) 723-4241,Critical Access Hospitals,Voluntary non-profit - Private,161,22
111314,LIFEBRITE COMMUNITY HOSPITAL OF EARLY,11740 COLUMBIA STREET,(229) 723-4241,Critical Access Hospitals,Voluntary non-profit - Private,163,20
111314,LIFEBRITE COMMUNITY HOSPITAL OF EARLY,11740 COLUMBIA STREET,(229) 723-4241,Critical Access Hospitals,Voluntary non-profit - Private,112,71
111314,LIFEBRITE COMMUNITY HOSPITAL OF EARLY,11740 COLUMBIA STREET,(229) 723-4241,Critical Access Hospitals,Voluntary non-profit - Private,154,29
111314,LIFEBRITE COMMUNITY HOSPITAL OF EARLY,11740 COLUMBIA STREET,(229) 723-4241,Critical Access Hospitals,Voluntary non-profit - Private,127,56
111314,LIFEBRITE COMMUNITY HOSPITAL OF EARLY,11740 COLUMBIA STREET,(229) 723-4241,Critical Access Hospitals,Voluntary non-profit - Private,156,27
111314,LIFEBRITE COMMUNITY HOSPITAL OF EARLY,11740 COLUMBIA STREET,(229) 723-4241,Critical Access Hospitals,Voluntary non-profit - Private,164,19
111314,LIFEBRITE COMMUNITY HOSPITAL OF EARLY,11740 COLUMBIA STREET,(229) 723-4241,Critical Access Hospitals,Voluntary non-profit - Private,130,53
111314,LIFEBRITE COMMUNITY HOSPITAL OF EARLY,11740 COLUMBIA STREET,(229) 723-4241,Critical Access Hospitals,Voluntary non-profit - Private,160,23
111314,LIFEBRITE COMMUNITY HOSPITAL OF EARLY,11740 COLUMBIA STREET,(229) 723-4241,Critical Access Hospitals,Voluntary non-profit - Private,146,37
111314,LIFEBRITE COMMUNITY HOSPITAL OF EARLY,11740 COLUMBIA STREET,(229) 723-4241,Critical Access Hospitals,Voluntary non-profit - Private,148,35
111314,LIFEBRITE COMMUNITY HOSPITAL OF EARLY,11740 COLUMBIA STREET,(229) 723-4241,Critical Access Hospitals,Voluntary non-profit - Private,121,62
111314,LIFEBRITE COMMUNITY HOSPITAL OF EARLY,11740 COLUMBIA STREET,(229) 723-4241,Critical Access Hospitals,Voluntary non-profit - Private,140,43
111314,LIFEBRITE COMMUNITY HOSPITAL OF EARLY,11740 COLUMBIA STREET,(229) 723-4241,Critical Access Hospitals,Voluntary non-profit - Private,157,26
111314,LIFEBRITE COMMUNITY HOSPITAL OF EARLY,11740 COLUMBIA STREET,(229) 723-4241,Critical Access Hospitals,Voluntary non-profit - Private,119,64
111314,LIFEBRITE COMMUNITY HOSPITAL OF EARLY,11740 COLUMBIA STREET,(229) 723-4241,Critical Access Hospitals,Voluntary non-profit - Private,156,27
111314,LIFEBRITE COMMUNITY HOSPITAL OF EARLY,11740 COLUMBIA STREET,(229) 723-4241,Critical Access Hospitals,Voluntary non-profit - Private,163,20
111314,LIFEBRITE COMMUNITY HOSPITAL OF EARLY,11740 COLUMBIA STREET,(229) 723-4241,Critical Access Hospitals,Voluntary non-profit - Private,122,61
111314,LIFEBRITE COMMUNITY HOSPITAL OF EARLY,11740 COLUMBIA STREET,(229) 723-4241,Critical Access Hospitals,Voluntary non-profit - Private,159,24
111314,LIFEBRITE COMMUNITY HOSPITAL OF EARLY,11740 COLUMBIA STREET,(229) 723-4241,Critical Access Hospitals,Voluntary non-profit - Private,148,35
111314,LIFEBRITE COMMUNITY HOSPITAL OF EARLY,11740 COLUMBIA STREET,(229) 723-4241,Critical Access Hospitals,Voluntary non-profit - Private,116,67
111314,LIFEBRITE COMMUNITY HOSPITAL OF EARLY,11740 COLUMBIA STREET,(229) 723-4241,Critical Access Hospitals,Voluntary non-profit - Private,162,21
111314,LIFEBRITE COMMUNITY HOSPITAL OF EARLY,11740 COLUMBIA STREET,(229) 723-4241,Critical Access Hospitals,Voluntary non-profit - Private,144,39
111314,LIFEBRITE COMMUNITY HOSPITAL OF EARLY,11740 COLUMBIA STREET,(229) 723-4241,Critical Access Hospitals,Voluntary non-profit - Private,143,40
111314,LIFEBRITE COMMUNITY HOSPITAL OF EARLY,11740 COLUMBIA STREET,(229) 723-4241,Critical Access Hospitals,Voluntary non-profit - Private,166,17
111314,LIFEBRITE COMMUNITY HOSPITAL OF EARLY,11740 COLUMBIA STREET,(229) 723-4241,Critical Access Hospitals,Voluntary non-profit - Private,162,21
111314,LIFEBRITE COMMUNITY HOSPITAL OF EARLY,11740 COLUMBIA STREET,(229) 723-4241,Critical Access Hospitals,Voluntary non-profit - Private,111,72
111314,LIFEBRITE COMMUNITY HOSPITAL OF EARLY,11740 COLUMBIA STREET,(229) 723-4241,Critical Access Hospitals,Voluntary non-profit - Private,159,24
111314,LIFEBRITE COMMUNITY HOSPITAL OF EARLY,11740 COLUMBIA STREET,(229) 723-4241,Critical Access Hospitals,Voluntary non-profit - Private,169,14
111314,LIFEBRITE COMMUNITY HOSPITAL OF EARLY,11740 COLUMBIA STREET,(229) 723-4241,Critical Access Hospitals,Voluntary non-profit - Private,146,37
111314,LIFEBRITE COMMUNITY HOSPITAL OF EARLY,11740 COLUMBIA STREET,(229) 723-4241,Critical Access Hospitals,Voluntary non-profit - Private,123,60
111314,LIFEBRITE COMMUNITY HOSPITAL OF EARLY,11740 COLUMBIA STREET,(229) 723-4241,Critical Access Hospitals,Voluntary non-profit - Private,156,27
111314,LIFEBRITE COMMUNITY HOSPITAL OF EARLY,11740 COLUMBIA STREET,(229) 723-4241,Critical Access Hospitals,Voluntary non-profit - Private,123,60
111314,LIFEBRITE COMMUNITY HOSPITAL OF EARLY,11740 COLUMBIA STREET,(229) 723-4241,Critical Access Hospitals,Voluntary non-profit - Private,147,36
111314,LIFEBRITE COMMUNITY HOSPITAL OF EARLY,11740 COLUMBIA STREET,(229) 723-4241,Critical Access Hospitals,Voluntary non-profit - Private,142,41
111314,LIFEBRITE COMMUNITY HOSPITAL OF EARLY,11740 COLUMBIA STREET,(229) 723-4241,Critical Access Hospitals,Voluntary non-profit - Private,137,46
111314,LIFEBRITE COMMUNITY HOSPITAL OF EARLY,11740 COLUMBIA STREET,(229) 723-4241,Critical Access Hospitals,Voluntary non-profit - Private,158,25
111314,LIFEBRITE COMMUNITY HOSPITAL OF EARLY,11740 COLUMBIA STREET,(229) 723-4241,Critical Access Hospitals,Voluntary non-profit - Private,159,24
111314,LIFEBRITE COMMUNITY HOSPITAL OF EARLY,11740 COLUMBIA STREET,(229) 723-4241,Critical Access Hospitals,Voluntary non-profit - Private,136,47
111314,LIFEBRITE COMMUNITY HOSPITAL OF EARLY,11740 COLUMBIA STREET,(229) 723-4241,Critical Access Hospitals,Voluntary non-profit - Private,145,38
111314,LIFEBRITE COMMUNITY HOSPITAL OF EARLY,11740 COLUMBIA STREET,(229) 723-4241,Critical Access Hospitals,Voluntary non-profit - Private,112,71
111314,LIFEBRITE COMMUNITY HOSPITAL OF EARLY,11740 COLUMBIA STREET,(229) 723-4241,Critical Access Hospitals,Voluntary non-profit - Private,125,58
111314,LIFEBRITE COMMUNITY HOSPITAL OF EARLY,11740 COLUMBIA STREET,(229) 723-4241,Critical Access Hospitals,Voluntary non-profit - Private,121,62
111314,LIFEBRITE COMMUNITY HOSPITAL OF EARLY,11740 COLUMBIA STREET,(229) 723-4241,Critical Access Hospitals,Voluntary non-profit - Private,129,54
111314,LIFEBRITE COMMUNITY HOSPITAL OF EARLY,11740 COLUMBIA STREET,(229) 723-4241,Critical Access Hospitals,Voluntary non-profit - Private,162,21
111314,LIFEBRITE COMMUNITY HOSPITAL OF EARLY,11740 COLUMBIA STREET,(229) 723-4241,Critical Access Hospitals,Voluntary non-profit - Private,138,45
111314,LIFEBRITE COMMUNITY HOSPITAL OF EARLY,11740 COLUMBIA STREET,(229) 723-4241,Critical Access Hospitals,Voluntary non-profit - Private,171,12
111314,LIFEBRITE COMMUNITY HOSPITAL OF EARLY,11740 COLUMBIA STREET,(229) 723-4241,Critical Access Hospitals,Voluntary non-profit - Private,139,44
111314,LIFEBRITE COMMUNITY HOSPITAL OF EARLY,11740 COLUMBIA STREET,(229) 723-4241,Critical Access Hospitals,Voluntary non-profit - Private,111,72
111314,LIFEBRITE COMMUNITY HOSPITAL OF EARLY,11740 COLUMBIA STREET,(229) 723-4241,Critical Access Hospitals,Voluntary non-profit - Private,144,39
111314,LIFEBRITE COMMUNITY HOSPITAL OF EARLY,11740 COLUMBIA STREET,(229) 723-4241,Critical Access Hospitals,Voluntary non-profit - Private,157,26
111314,LIFEBRITE COMMUNITY HOSPITAL OF EARLY,11740 COLUMBIA STREET,(229) 723-4241,Critical Access Hospitals,Voluntary non-profit - Private,119,64
111314,LIFEBRITE COMMUNITY HOSPITAL OF EARLY,11740 COLUMBIA STREET,(229) 723-4241,Critical Access Hospitals,Voluntary non-profit - Private,155,28
111314,LIFEBRITE COMMUNITY HOSPITAL OF EARLY,11740 COLUMBIA STREET,(229) 723-4241,Critical Access Hospitals,Voluntary non-profit - Private,164,19
111314,LIFEBRITE COMMUNITY HOSPITAL OF EARLY,11740 COLUMBIA STREET,(229) 723-4241,Critical Access Hospitals,Voluntary non-profit - Private,124,59
111314,LIFEBRITE COMMUNITY HOSPITAL OF EARLY,11740 COLUMBIA STREET,(229) 723-4241,Critical Access Hospitals,Voluntary non-profit - Private,168,15
111314,LIFEBRITE COMMUNITY HOSPITAL OF EARLY,11740 COLUMBIA STREET,(229) 723-4241,Critical Access Hospitals,Voluntary non-profit - Private,169,14
111314,LIFEBRITE COMMUNITY HOSPITAL OF EARLY,11740 COLUMBIA STREET,(229) 723-4241,Critical Access Hospitals,Voluntary non-profit - Private,167,16
111314,LIFEBRITE COMMUNITY HOSPITAL OF EARLY,11740 COLUMBIA STREET,(229) 723-4241,Critical Access Hospitals,Voluntary non-profit - Private,149,34
111314,LIFEBRITE COMMUNITY HOSPITAL OF EARLY,11740 COLUMBIA STREET,(229) 723-4241,Critical Access Hospitals,Voluntary non-profit - Private,130,53
111314,LIFEBRITE COMMUNITY HOSPITAL OF EARLY,11740 COLUMBIA STREET,(229) 723-4241,Critical Access Hospitals,Voluntary non-profit - Private,118,65
111314,LIFEBRITE COMMUNITY HOSPITAL OF EARLY,11740 COLUMBIA STREET,(229) 723-4241,Critical Access Hospitals,Voluntary non-profit - Private,127,56
111314,LIFEBRITE COMMUNITY HOSPITAL OF EARLY,11740 COLUMBIA STREET,(229) 723-4241,Critical Access Hospitals,Voluntary non-profit - Private,124,59
111314,LIFEBRITE COMMUNITY HOSPITAL OF EARLY,11740 COLUMBIA STREET,(229) 723-4241,Critical Access Hospitals,Voluntary non-profit - Private,117,66
111314,LIFEBRITE COMMUNITY HOSPITAL OF EARLY,11740 COLUMBIA STREET,(229) 723-4241,Critical Access Hospitals,Voluntary non-profit - Private,172,11
111314,LIFEBRITE COMMUNITY HOSPITAL OF EARLY,11740 COLUMBIA STREET,(229) 723-4241,Critical Access Hospitals,Voluntary non-profit - Private,167,16
111314,LIFEBRITE COMMUNITY HOSPITAL OF EARLY,11740 COLUMBIA STREET,(229) 723-4241,Critical Access Hospitals,Voluntary non-profit - Private,146,37
111314,LIFEBRITE COMMUNITY HOSPITAL OF EARLY,11740 COLUMBIA STREET,(229) 723-4241,Critical Access Hospitals,Voluntary non-profit - Private,113,70
111314,LIFEBRITE COMMUNITY HOSPITAL OF EARLY,11740 COLUMBIA STREET,(229) 723-4241,Critical Access Hospitals,Voluntary non-profit - Private,139,44
111314,LIFEBRITE COMMUNITY HOSPITAL OF EARLY,11740 COLUMBIA STREET,(229) 723-4241,Critical Access Hospitals,Voluntary non-profit - Private,110,73
111314,LIFEBRITE COMMUNITY HOSPITAL OF EARLY,11740 COLUMBIA STREET,(229) 723-4241,Critical Access Hospitals,Voluntary non-profit - Private,164,19
111314,LIFEBRITE COMMUNITY HOSPITAL OF EARLY,11740 COLUMBIA STREET,(229) 723-4241,Critical Access Hospitals,Voluntary non-profit - Private,150,33
111314,LIFEBRITE COMMUNITY HOSPITAL OF EARLY,11740 COLUMBIA STREET,(229) 723-4241,Critical Access Hospitals,Voluntary non-profit - Private,156,27
111314,LIFEBRITE COMMUNITY HOSPITAL OF EARLY,11740 COLUMBIA STREET,(229) 723-4241,Critical Access Hospitals,Voluntary non-profit - Private,126,57
111314,LIFEBRITE COMMUNITY HOSPITAL OF EARLY,11740 COLUMBIA STREET,(229) 723-4241,Critical Access Hospitals,Voluntary non-profit - Private,151,32
111314,LIFEBRITE COMMUNITY HOSPITAL OF EARLY,11740 COLUMBIA STREET,(229) 723-4241,Critical Access Hospitals,Voluntary non-profit - Private,153,30
111314,LIFEBRITE COMMUNITY HOSPITAL OF EARLY,11740 COLUMBIA STREET,(229) 723-4241,Critical Access Hospitals,Voluntary non-profit - Private,167,16
111314,LIFEBRITE COMMUNITY HOSPITAL OF EARLY,11740 COLUMBIA STREET,(229) 723-4241,Critical Access Hospitals,Voluntary non-profit - Private,139,44
111314,LIFEBRITE COMMUNITY HOSPITAL OF EARLY,11740 COLUMBIA STREET,(229) 723-4241,Critical Access Hospitals,Voluntary non-profit - Private,142,41
111314,LIFEBRITE COMMUNITY HOSPITAL OF EARLY,11740 COLUMBIA STREET,(229) 723-4241,Critical Access Hospitals,Voluntary non-profit - Private,114,69
111314,LIFEBRITE COMMUNITY HOSPITAL OF EARLY,11740 COLUMBIA STREET,(229) 723-4241,Critical Access Hospitals,Voluntary non-profit - Private,136,47
111314,LIFEBRITE COMMUNITY HOSPITAL OF EARLY,11740 COLUMBIA STREET,(229) 723-4241,Critical Access Hospitals,Voluntary non-profit - Private,168,15
111314,LIFEBRITE COMMUNITY HOSPITAL OF EARLY,11740 COLUMBIA STREET,(229) 723-4241,Critical Access Hospitals,Voluntary non-profit - Private,113,70
111314,LIFEBRITE COMMUNITY HOSPITAL OF EARLY,11740 COLUMBIA STREET,(229) 723-4241,Critical Access Hospitals,Voluntary non-profit - Private,132,51
111314,LIFEBRITE COMMUNITY HOSPITAL OF EARLY,11740 COLUMBIA STREET,(229) 723-4241,Critical Access Hospitals,Voluntary non-profit - Private,166,17
111314,LIFEBRITE COMMUNITY HOSPITAL OF EARLY,11740 COLUMBIA STREET,(229) 723-4241,Critical Access Hospitals,Voluntary non-profit - Private,151,32
111314,LIFEBRITE COMMUNITY HOSPITAL OF EARLY,11740 COLUMBIA STREET,(229) 723-4241,Critical Access Hospitals,Voluntary non-profit - Private,109,74
111314,LIFEBRITE COMMUNITY HOSPITAL OF EARLY,11740 COLUMBIA STREET,(229) 723-4241,Critical Access Hospitals,Voluntary non-profit - Private,148,35
111314,LIFEBRITE COMMUNITY HOSPITAL OF EARLY,11740 COLUMBIA STREET,(229) 723-4241,Critical Access Hospitals,Voluntary non-profit - Private,168,15
111314,LIFEBRITE COMMUNITY HOSPITAL OF EARLY,11740 COLUMBIA STREET,(229) 723-4241,Critical Access Hospitals,Voluntary non-profit - Private,117,66
111314,LIFEBRITE COMMUNITY HOSPITAL OF EARLY,11740 COLUMBIA STREET,(229) 723-4241,Critical Access Hospitals,Voluntary non-profit - Private,168,15
111314,LIFEBRITE COMMUNITY HOSPITAL OF EARLY,11740 COLUMBIA STREET,(229) 723-4241,Critical Access Hospitals,Voluntary non-profit - Private,172,11
111314,LIFEBRITE COMMUNITY HOSPITAL OF EARLY,11740 COLUMBIA STREET,(229) 723-4241,Critical Access Hospitals,Voluntary non-profit - Private,115,68
111314,LIFEBRITE COMMUNITY HOSPITAL OF EARLY,11740 COLUMBIA STREET,(229) 723-4241,Critical Access Hospitals,Voluntary non-profit - Private,140,43
111314,LIFEBRITE COMMUNITY HOSPITAL OF EARLY,11740 COLUMBIA STREET,(229) 723-4241,Critical Access Hospitals,Voluntary non-profit - Private,145,38
111314,LIFEBRITE COMMUNITY HOSPITAL OF EARLY,11740 COLUMBIA STREET,(229) 723-4241,Critical Access Hospitals,Voluntary non-profit - Private,122,61
111314,LIFEBRITE COMMUNITY HOSPITAL OF EARLY,11740 COLUMBIA STREET,(229) 723-4241,Critical Access Hospitals,Voluntary non-profit - Private,132,51
111314,LIFEBRITE COMMUNITY HOSPITAL OF EARLY,11740 COLUMBIA STREET,(229) 723-4241,Critical Access Hospitals,Voluntary non-profit - Private,115,68
111314,LIFEBRITE COMMUNITY HOSPITAL OF EARLY,11740 COLUMBIA STREET,(229) 723-4241,Critical Access Hospitals,Voluntary non-profit - Private,114,69
111314,LIFEBRITE COMMUNITY HOSPITAL OF EARLY,11740 COLUMBIA STREET,(229) 723-4241,Critical Access Hospitals,Voluntary non-profit - Private,165,18
111314,LIFEBRITE COMMUNITY HOSPITAL OF EARLY,11740 COLUMBIA STREET,(229) 723-4241,Critical Access Hospitals,Voluntary non-profit - Private,159,24
111314,LIFEBRITE COMMUNITY HOSPITAL OF EARLY,11740 COLUMBIA STREET,(229) 723-4241,Critical Access Hospitals,Voluntary non-profit - Private,118,65
111314,LIFEBRITE COMMUNITY HOSPITAL OF EARLY,11740 COLUMBIA STREET,(229) 723-4241,Critical Access Hospitals,Voluntary non-profit - Private,166,17
111314,LIFEBRITE COMMUNITY HOSPITAL OF EARLY,11740 COLUMBIA STREET,(229) 723-4241,Critical Access Hospitals,Voluntary non-profit - Private,152,31
111314,LIFEBRITE COMMUNITY HOSPITAL OF EARLY,11740 COLUMBIA STREET,(229) 723-4241,Critical Access Hospitals,Voluntary non-profit - Private,135,48
111314,LIFEBRITE COMMUNITY HOSPITAL OF EARLY,11740 COLUMBIA STREET,(229) 723-4241,Critical Access Hospitals,Voluntary non-profit - Private,118,65
111314,LIFEBRITE COMMUNITY HOSPITAL OF EARLY,11740 COLUMBIA STREET,(229) 723-4241,Critical Access Hospitals,Voluntary non-profit - Private,116,67
111314,LIFEBRITE COMMUNITY HOSPITAL OF EARLY,11740 COLUMBIA STREET,(229) 723-4241,Critical Access Hospitals,Voluntary non-profit - Private,147,36
111314,LIFEBRITE COMMUNITY HOSPITAL OF EARLY,11740 COLUMBIA STREET,(229) 723-4241,Critical Access Hospitals,Voluntary non-profit - Private,143,40
111314,LIFEBRITE COMMUNITY HOSPITAL OF EARLY,11740 COLUMBIA STREET,(229) 723-4241,Critical Access Hospitals,Voluntary non-profit - Private,158,25
111314,LIFEBRITE COMMUNITY HOSPITAL OF EARLY,11740 COLUMBIA STREET,(229) 723-4241,Critical Access Hospitals,Voluntary non-profit - Private,117,66
111314,LIFEBRITE COMMUNITY HOSPITAL OF EARLY,11740 COLUMBIA STREET,(229) 723-4241,Critical Access Hospitals,Voluntary non-profit - Private,173,10
111314,LIFEBRITE COMMUNITY HOSPITAL OF EARLY,11740 COLUMBIA STREET,(229) 723-4241,Critical Access Hospitals,Voluntary non-profit - Private,110,73
111314,LIFEBRITE COMMUNITY HOSPITAL OF EARLY,11740 COLUMBIA STREET,(229) 723-4241,Critical Access Hospitals,Voluntary non-profit - Private,126,57
111314,LIFEBRITE COMMUNITY HOSPITAL OF EARLY,11740 COLUMBIA STREET,(229) 723-4241,Critical Access Hospitals,Voluntary non-profit - Private,127,56
111314,LIFEBRITE COMMUNITY HOSPITAL OF EARLY,11740 COLUMBIA STREET,(229) 723-4241,Critical Access Hospitals,Voluntary non-profit - Private,121,62
111314,LIFEBRITE COMMUNITY HOSPITAL OF EARLY,11740 COLUMBIA STREET,(229) 723-4241,Critical Access Hospitals,Voluntary non-profit - Private,125,58
111314,LIFEBRITE COMMUNITY HOSPITAL OF EARLY,11740 COLUMBIA STREET,(229) 723-4241,Critical Access Hospitals,Voluntary non-profit - Private,152,31
111314,LIFEBRITE COMMUNITY HOSPITAL OF EARLY,11740 COLUMBIA STREET,(229) 723-4241,Critical Access Hospitals,Voluntary non-profit - Private,122,61
111314,LIFEBRITE COMMUNITY HOSPITAL OF EARLY,11740 COLUMBIA STREET,(229) 723-4241,Critical Access Hospitals,Voluntary non-profit - Private,140,43
111314,LIFEBRITE COMMUNITY HOSPITAL OF EARLY,11740 COLUMBIA STREET,(229) 723-4241,Critical Access Hospitals,Voluntary non-profit - Private,124,59
111314,LIFEBRITE COMMUNITY HOSPITAL OF EARLY,11740 COLUMBIA STREET,(229) 723-4241,Critical Access Hospitals,Voluntary non-profit - Private,130,53
111314,LIFEBRITE COMMUNITY HOSPITAL OF EARLY,11740 COLUMBIA STREET,(229) 723-4241,Critical Access Hospitals,Voluntary non-profit - Private,154,29
111314,LIFEBRITE COMMUNITY HOSPITAL OF EARLY,11740 COLUMBIA STREET,(229) 723-4241,Critical Access Hospitals,Voluntary non-profit - Private,117,66
111314,LIFEBRITE COMMUNITY HOSPITAL OF EARLY,11740 COLUMBIA STREET,(229) 723-4241,Critical Access Hospitals,Voluntary non-profit - Private,167,16
111314,LIFEBRITE COMMUNITY HOSPITAL OF EARLY,11740 COLUMBIA STREET,(229) 723-4241,Critical Access Hospitals,Voluntary non-profit - Private,119,64
111314,LIFEBRITE COMMUNITY HOSPITAL OF EARLY,11740 COLUMBIA STREET,(229) 723-4241,Critical Access Hospitals,Voluntary non-profit - Private,166,17
111314,LIFEBRITE COMMUNITY HOSPITAL OF EARLY,11740 COLUMBIA STREET,(229) 723-4241,Critical Access Hospitals,Voluntary non-profit - Private,144,39
111314,LIFEBRITE COMMUNITY HOSPITAL OF EARLY,11740 COLUMBIA STREET,(229) 723-4241,Critical Access Hospitals,Voluntary non-profit - Private,139,44
111314,LIFEBRITE COMMUNITY HOSPITAL OF EARLY,11740 COLUMBIA STREET,(229) 723-4241,Critical Access Hospitals,Voluntary non-profit - Private,151,32
111314,LIFEBRITE COMMUNITY HOSPITAL OF EARLY,11740 COLUMBIA STREET,(229) 723-4241,Critical Access Hospitals,Voluntary non-profit - Private,167,16
111314,LIFEBRITE COMMUNITY HOSPITAL OF EARLY,11740 COLUMBIA STREET,(229) 723-4241,Critical Access Hospitals,Voluntary non-profit - Private,163,20
111314,LIFEBRITE COMMUNITY HOSPITAL OF EARLY,11740 COLUMBIA STREET,(229) 723-4241,Critical Access Hospitals,Voluntary non-profit - Private,168,15
111314,LIFEBRITE COMMUNITY HOSPITAL OF EARLY,11740 COLUMBIA STREET,(229) 723-4241,Critical Access Hospitals,Voluntary non-profit - Private,158,25
111314,LIFEBRITE COMMUNITY HOSPITAL OF EARLY,11740 COLUMBIA STREET,(229) 723-4241,Critical Access Hospitals,Voluntary non-profit - Private,115,68
111314,LIFEBRITE COMMUNITY HOSPITAL OF EARLY,11740 COLUMBIA STREET,(229) 723-4241,Critical Access Hospitals,Voluntary non-profit - Private,158,25
111314,LIFEBRITE COMMUNITY HOSPITAL OF EARLY,11740 COLUMBIA STREET,(229) 723-4241,Critical Access Hospitals,Voluntary non-profit - Private,119,64
111314,LIFEBRITE COMMUNITY HOSPITAL OF EARLY,11740 COLUMBIA STREET,(229) 723-4241,Critical Access Hospitals,Voluntary non-profit - Private,113,70
111314,LIFEBRITE COMMUNITY HOSPITAL OF EARLY,11740 COLUMBIA STREET,(229) 723-4241,Critical Access Hospitals,Voluntary non-profit - Private,153,30
111314,LIFEBRITE COMMUNITY HOSPITAL OF EARLY,11740 COLUMBIA STREET,(229) 723-4241,Critical Access Hospitals,Voluntary non-profit - Private,140,43
111314,LIFEBRITE COMMUNITY HOSPITAL OF EARLY,11740 COLUMBIA STREET,(229) 723-4241,Critical Access Hospitals,Voluntary non-profit - Private,165,18
111314,LIFEBRITE COMMUNITY HOSPITAL OF EARLY,11740 COLUMBIA STREET,(229) 723-4241,Critical Access Hospitals,Voluntary non-profit - Private,111,72
111314,LIFEBRITE COMMUNITY HOSPITAL OF EARLY,11740 COLUMBIA STREET,(229) 723-4241,Critical Access Hospitals,Voluntary non-profit - Private,162,21
111314,LIFEBRITE COMMUNITY HOSPITAL OF EARLY,11740 COLUMBIA STREET,(229) 723-4241,Critical Access Hospitals,Voluntary non-profit - Private,143,40
111314,LIFEBRITE COMMUNITY HOSPITAL OF EARLY,11740 COLUMBIA STREET,(229) 723-4241,Critical Access Hospitals,Voluntary non-profit - Private,136,47
111314,LIFEBRITE COMMUNITY HOSPITAL OF EARLY,11740 COLUMBIA STREET,(229) 723-4241,Critical Access Hospitals,Voluntary non-profit - Private,165,18
111314,LIFEBRITE COMMUNITY HOSPITAL OF EARLY,11740 COLUMBIA STREET,(229) 723-4241,Critical Access Hospitals,Voluntary non-profit - Private,109,74
111314,LIFEBRITE COMMUNITY HOSPITAL OF EARLY,11740 COLUMBIA STREET,(229) 723-4241,Critical Access Hospitals,Voluntary non-profit - Private,120,63
111314,LIFEBRITE COMMUNITY HOSPITAL OF EARLY,11740 COLUMBIA STREET,(229) 723-4241,Critical Access Hospitals,Voluntary non-profit - Private,115,68
111314,LIFEBRITE COMMUNITY HOSPITAL OF EARLY,11740 COLUMBIA STREET,(229) 723-4241,Critical Access Hospitals,Voluntary non-profit - Private,117,66
111314,LIFEBRITE COMMUNITY HOSPITAL OF EARLY,11740 COLUMBIA STREET,(229) 723-4241,Critical Access Hospitals,Voluntary non-profit - Private,148,35
111314,LIFEBRITE COMMUNITY HOSPITAL OF EARLY,11740 COLUMBIA STREET,(229) 723-4241,Critical Access Hospitals,Voluntary non-profit - Private,151,32
111314,LIFEBRITE COMMUNITY HOSPITAL OF EARLY,11740 COLUMBIA STREET,(229) 723-4241,Critical Access Hospitals,Voluntary non-profit - Private,125,58
111314,LIFEBRITE COMMUNITY HOSPITAL OF EARLY,11740 COLUMBIA STREET,(229) 723-4241,Critical Access Hospitals,Voluntary non-profit - Private,150,33
111314,LIFEBRITE COMMUNITY HOSPITAL OF EARLY,11740 COLUMBIA STREET,(229) 723-4241,Critical Access Hospitals,Voluntary non-profit - Private,172,11
111314,LIFEBRITE COMMUNITY HOSPITAL OF EARLY,11740 COLUMBIA STREET,(229) 723-4241,Critical Access Hospitals,Voluntary non-profit - Private,148,35
111314,LIFEBRITE COMMUNITY HOSPITAL OF EARLY,11740 COLUMBIA STREET,(229) 723-4241,Critical Access Hospitals,Voluntary non-profit - Private,111,72
111314,LIFEBRITE COMMUNITY HOSPITAL OF EARLY,11740 COLUMBIA STREET,(229) 723-4241,Critical Access Hospitals,Voluntary non-profit - Private,124,59
111314,LIFEBRITE COMMUNITY HOSPITAL OF EARLY,11740 COLUMBIA STREET,(229) 723-4241,Critical Access Hospitals,Voluntary non-profit - Private,135,48
111314,LIFEBRITE COMMUNITY HOSPITAL OF EARLY,11740 COLUMBIA STREET,(229) 723-4241,Critical Access Hospitals,Voluntary non-profit - Private,117,66
111314,LIFEBRITE COMMUNITY HOSPITAL OF EARLY,11740 COLUMBIA STREET,(229) 723-4241,Critical Access Hospitals,Voluntary non-profit - Private,115,68
111314,LIFEBRITE COMMUNITY HOSPITAL OF EARLY,11740 COLUMBIA STREET,(229) 723-4241,Critical Access Hospitals,Voluntary non-profit - Private,169,14
111314,LIFEBRITE COMMUNITY HOSPITAL OF EARLY,11740 COLUMBIA STREET,(229) 723-4241,Critical Access Hospitals,Voluntary non-profit - Private,149,34
111314,LIFEBRITE COMMUNITY HOSPITAL OF EARLY,11740 COLUMBIA STREET,(229) 723-4241,Critical Access Hospitals,Voluntary non-profit - Private,114,69
111314,LIFEBRITE COMMUNITY HOSPITAL OF EARLY,11740 COLUMBIA STREET,(229) 723-4241,Critical Access Hospitals,Voluntary non-profit - Private,149,34
111314,LIFEBRITE COMMUNITY HOSPITAL OF EARLY,11740 COLUMBIA STREET,(229) 723-4241,Critical Access Hospitals,Voluntary non-profit - Private,113,70
111314,LIFEBRITE COMMUNITY HOSPITAL OF EARLY,11740 COLUMBIA STREET,(229) 723-4241,Critical Access Hospitals,Voluntary non-profit - Private,161,22
111314,LIFEBRITE COMMUNITY HOSPITAL OF EARLY,11740 COLUMBIA STREET,(229) 723-4241,Critical Access Hospitals,Voluntary non-profit - Private,124,59
111314,LIFEBRITE COMMUNITY HOSPITAL OF EARLY,11740 COLUMBIA STREET,(229) 723-4241,Critical Access Hospitals,Voluntary non-profit - Private,138,45
111314,LIFEBRITE COMMUNITY HOSPITAL OF EARLY,11740 COLUMBIA STREET,(229) 723-4241,Critical Access Hospitals,Voluntary non-profit - Private,122,61
111314,LIFEBRITE COMMUNITY HOSPITAL OF EARLY,11740 COLUMBIA STREET,(229) 723-4241,Critical Access Hospitals,Voluntary non-profit - Private,155,28
111314,LIFEBRITE COMMUNITY HOSPITAL OF EARLY,11740 COLUMBIA STREET,(229) 723-4241,Critical Access Hospitals,Voluntary non-profit - Private,151,32
111314,LIFEBRITE COMMUNITY HOSPITAL OF EARLY,11740 COLUMBIA STREET,(229) 723-4241,Critical Access Hospitals,Voluntary non-profit - Private,153,30
111314,LIFEBRITE COMMUNITY HOSPITAL OF EARLY,11740 COLUMBIA STREET,(229) 723-4241,Critical Access Hospitals,Voluntary non-profit - Private,121,62
111314,LIFEBRITE COMMUNITY HOSPITAL OF EARLY,11740 COLUMBIA STREET,(229) 723-4241,Critical Access Hospitals,Voluntary non-profit - Private,134,49
111314,LIFEBRITE COMMUNITY HOSPITAL OF EARLY,11740 COLUMBIA STREET,(229) 723-4241,Critical Access Hospitals,Voluntary non-profit - Private,143,40
111314,LIFEBRITE COMMUNITY HOSPITAL OF EARLY,11740 COLUMBIA STREET,(229) 723-4241,Critical Access Hospitals,Voluntary non-profit - Private,124,59
111314,LIFEBRITE COMMUNITY HOSPITAL OF EARLY,11740 COLUMBIA STREET,(229) 723-4241,Critical Access Hospitals,Voluntary non-profit - Private,117,66
111314,LIFEBRITE COMMUNITY HOSPITAL OF EARLY,11740 COLUMBIA STREET,(229) 723-4241,Critical Access Hospitals,Voluntary non-profit - Private,118,65
111314,LIFEBRITE COMMUNITY HOSPITAL OF EARLY,11740 COLUMBIA STREET,(229) 723-4241,Critical Access Hospitals,Voluntary non-profit - Private,114,69
111314,LIFEBRITE COMMUNITY HOSPITAL OF EARLY,11740 COLUMBIA STREET,(229) 723-4241,Critical Access Hospitals,Voluntary non-profit - Private,134,49
111314,LIFEBRITE COMMUNITY HOSPITAL OF EARLY,11740 COLUMBIA STREET,(229) 723-4241,Critical Access Hospitals,Voluntary non-profit - Private,142,41
111314,LIFEBRITE COMMUNITY HOSPITAL OF EARLY,11740 COLUMBIA STREET,(229) 723-4241,Critical Access Hospitals,Voluntary non-profit - Private,148,35
111314,LIFEBRITE COMMUNITY HOSPITAL OF EARLY,11740 COLUMBIA STREET,(229) 723-4241,Critical Access Hospitals,Voluntary non-profit - Private,132,51
111314,LIFEBRITE COMMUNITY HOSPITAL OF EARLY,11740 COLUMBIA STREET,(229) 723-4241,Critical Access Hospitals,Voluntary non-profit - Private,145,38
111314,LIFEBRITE COMMUNITY HOSPITAL OF EARLY,11740 COLUMBIA STREET,(229) 723-4241,Critical Access Hospitals,Voluntary non-profit - Private,143,40
111314,LIFEBRITE COMMUNITY HOSPITAL OF EARLY,11740 COLUMBIA STREET,(229) 723-4241,Critical Access Hospitals,Voluntary non-profit - Private,145,38
111314,LIFEBRITE COMMUNITY HOSPITAL OF EARLY,11740 COLUMBIA STREET,(229) 723-4241,Critical Access Hospitals,Voluntary non-profit - Private,122,61
111314,LIFEBRITE COMMUNITY HOSPITAL OF EARLY,11740 COLUMBIA STREET,(229) 723-4241,Critical Access Hospitals,Voluntary non-profit - Private,161,22
111314,LIFEBRITE COMMUNITY HOSPITAL OF EARLY,11740 COLUMBIA STREET,(229) 723-4241,Critical Access Hospitals,Voluntary non-profit - Private,158,25
111314,LIFEBRITE COMMUNITY HOSPITAL OF EARLY,11740 COLUMBIA STREET,(229) 723-4241,Critical Access Hospitals,Voluntary non-profit - Private,111,72
111314,LIFEBRITE COMMUNITY HOSPITAL OF EARLY,11740 COLUMBIA STREET,(229) 723-4241,Critical Access Hospitals,Voluntary non-profit - Private,142,41
111314,LIFEBRITE COMMUNITY HOSPITAL OF EARLY,11740 COLUMBIA STREET,(229) 723-4241,Critical Access Hospitals,Voluntary non-profit - Private,130,53
111314,LIFEBRITE COMMUNITY HOSPITAL OF EARLY,11740 COLUMBIA STREET,(229) 723-4241,Critical Access Hospitals,Voluntary non-profit - Private,166,17
111314,LIFEBRITE COMMUNITY HOSPITAL OF EARLY,11740 COLUMBIA STREET,(229) 723-4241,Critical Access Hospitals,Voluntary non-profit - Private,166,17
111314,LIFEBRITE COMMUNITY HOSPITAL OF EARLY,11740 COLUMBIA STREET,(229) 723-4241,Critical Access Hospitals,Voluntary non-profit - Private,125,58
111314,LIFEBRITE COMMUNITY HOSPITAL OF EARLY,11740 COLUMBIA STREET,(229) 723-4241,Critical Access Hospitals,Voluntary non-profit - Private,134,49
111314,LIFEBRITE COMMUNITY HOSPITAL OF EARLY,11740 COLUMBIA STREET,(229) 723-4241,Critical Access Hospitals,Voluntary non-profit - Private,145,38
111314,LIFEBRITE COMMUNITY HOSPITAL OF EARLY,11740 COLUMBIA STREET,(229) 723-4241,Critical Access Hospitals,Voluntary non-profit - Private,172,11
111314,LIFEBRITE COMMUNITY HOSPITAL OF EARLY,11740 COLUMBIA STREET,(229) 723-4241,Critical Access Hospitals,Voluntary non-profit - Private,145,38
111314,LIFEBRITE COMMUNITY HOSPITAL OF EARLY,11740 COLUMBIA STREET,(229) 723-4241,Critical Access Hospitals,Voluntary non-profit - Private,158,25
111314,LIFEBRITE COMMUNITY HOSPITAL OF EARLY,11740 COLUMBIA STREET,(229) 723-4241,Critical Access Hospitals,Voluntary non-profit - Private,130,53
111314,LIFEBRITE COMMUNITY HOSPITAL OF EARLY,11740 COLUMBIA STREET,(229) 723-4241,Critical Access Hospitals,Voluntary non-profit - Private,131,52
111314,LIFEBRITE COMMUNITY HOSPITAL OF EARLY,11740 COLUMBIA STREET,(229) 723-4241,Critical Access Hospitals,Voluntary non-profit - Private,147,36
111314,LIFEBRITE COMMUNITY HOSPITAL OF EARLY,11740 COLUMBIA STREET,(229) 723-4241,Critical Access Hospitals,Voluntary non-profit - Private,160,23
111314,LIFEBRITE COMMUNITY HOSPITAL OF EARLY,11740 COLUMBIA STREET,(229) 723-4241,Critical Access Hospitals,Voluntary non-profit - Private,119,64
111314,LIFEBRITE COMMUNITY HOSPITAL OF EARLY,11740 COLUMBIA STREET,(229) 723-4241,Critical Access Hospitals,Voluntary non-profit - Private,152,31
111314,LIFEBRITE COMMUNITY HOSPITAL OF EARLY,11740 COLUMBIA STREET,(229) 723-4241,Critical Access Hospitals,Voluntary non-profit - Private,160,23
111314,LIFEBRITE COMMUNITY HOSPITAL OF EARLY,11740 COLUMBIA STREET,(229) 723-4241,Critical Access Hospitals,Voluntary non-profit - Private,151,32
111314,LIFEBRITE COMMUNITY HOSPITAL OF EARLY,11740 COLUMBIA STREET,(229) 723-4241,Critical Access Hospitals,Voluntary non-profit - Private,119,64
111314,LIFEBRITE COMMUNITY HOSPITAL OF EARLY,11740 COLUMBIA STREET,(229) 723-4241,Critical Access Hospitals,Voluntary non-profit - Private,136,47
111314,LIFEBRITE COMMUNITY HOSPITAL OF EARLY,11740 COLUMBIA STREET,(229) 723-4241,Critical Access Hospitals,Voluntary non-profit - Private,118,65
111314,LIFEBRITE COMMUNITY HOSPITAL OF EARLY,11740 COLUMBIA STREET,(229) 723-4241,Critical Access Hospitals,Voluntary non-profit - Private,144,39
111314,LIFEBRITE COMMUNITY HOSPITAL OF EARLY,11740 COLUMBIA STREET,(229) 723-4241,Critical Access Hospitals,Voluntary non-profit - Private,166,17
111314,LIFEBRITE COMMUNITY HOSPITAL OF EARLY,11740 COLUMBIA STREET,(229) 723-4241,Critical Access Hospitals,Voluntary non-profit - Private,123,60
111314,LIFEBRITE COMMUNITY HOSPITAL OF EARLY,11740 COLUMBIA STREET,(229) 723-4241,Critical Access Hospitals,Voluntary non-profit - Private,137,46
111314,LIFEBRITE COMMUNITY HOSPITAL OF EARLY,11740 COLUMBIA STREET,(229) 723-4241,Critical Access Hospitals,Voluntary non-profit - Private,163,20
111314,LIFEBRITE COMMUNITY HOSPITAL OF EARLY,11740 COLUMBIA STREET,(229) 723-4241,Critical Access Hospitals,Voluntary non-profit - Private,110,73
111314,LIFEBRITE COMMUNITY HOSPITAL OF EARLY,11740 COLUMBIA STREET,(229) 723-4241,Critical Access Hospitals,Voluntary non-profit - Private,116,67
111314,LIFEBRITE COMMUNITY HOSPITAL OF EARLY,11740 COLUMBIA STREET,(229) 723-4241,Critical Access Hospitals,Voluntary non-profit - Private,157,26
111314,LIFEBRITE COMMUNITY HOSPITAL OF EARLY,11740 COLUMBIA STREET,(229) 723-4241,Critical Access Hospitals,Voluntary non-profit - Private,159,24
111314,LIFEBRITE COMMUNITY HOSPITAL OF EARLY,11740 COLUMBIA STREET,(229) 723-4241,Critical Access Hospitals,Voluntary non-profit - Private,147,36
111314,LIFEBRITE COMMUNITY HOSPITAL OF EARLY,11740 COLUMBIA STREET,(229) 723-4241,Critical Access Hospitals,Voluntary non-profit - Private,145,38
111314,LIFEBRITE COMMUNITY HOSPITAL OF EARLY,11740 COLUMBIA STREET,(229) 723-4241,Critical Access Hospitals,Voluntary non-profit - Private,155,28
111314,LIFEBRITE COMMUNITY HOSPITAL OF EARLY,11740 COLUMBIA STREET,(229) 723-4241,Critical Access Hospitals,Voluntary non-profit - Private,156,27
111314,LIFEBRITE COMMUNITY HOSPITAL OF EARLY,11740 COLUMBIA STREET,(229) 723-4241,Critical Access Hospitals,Voluntary non-profit - Private,145,38
111314,LIFEBRITE COMMUNITY HOSPITAL OF EARLY,11740 COLUMBIA STREET,(229) 723-4241,Critical Access Hospitals,Voluntary non-profit - Private,123,60
111314,LIFEBRITE COMMUNITY HOSPITAL OF EARLY,11740 COLUMBIA STREET,(229) 723-4241,Critical Access Hospitals,Voluntary non-profit - Private,120,63
111314,LIFEBRITE COMMUNITY HOSPITAL OF EARLY,11740 COLUMBIA STREET,(229) 723-4241,Critical Access Hospitals,Voluntary non-profit - Private,158,25
111314,LIFEBRITE COMMUNITY HOSPITAL OF EARLY,11740 COLUMBIA STREET,(229) 723-4241,Critical Access Hospitals,Voluntary non-profit - Private,114,69
111314,LIFEBRITE COMMUNITY HOSPITAL OF EARLY,11740 COLUMBIA STREET,(229) 723-4241,Critical Access Hospitals,Voluntary non-profit - Private,122,61
111314,LIFEBRITE COMMUNITY HOSPITAL OF EARLY,11740 COLUMBIA STREET,(229) 723-4241,Critical Access Hospitals,Voluntary non-profit - Private,160,23
111314,LIFEBRITE COMMUNITY HOSPITAL OF EARLY,11740 COLUMBIA STREET,(229) 723-4241,Critical Access Hospitals,Voluntary non-profit - Private,162,21
111314,LIFEBRITE COMMUNITY HOSPITAL OF EARLY,11740 COLUMBIA STREET,(229) 723-4241,Critical Access Hospitals,Voluntary non-profit - Private,128,55
111314,LIFEBRITE COMMUNITY HOSPITAL OF EARLY,11740 COLUMBIA STREET,(229) 723-4241,Critical Access Hospitals,Voluntary non-profit - Private,122,61
111314,LIFEBRITE COMMUNITY HOSPITAL OF EARLY,11740 COLUMBIA STREET,(229) 723-4241,Critical Access Hospitals,Voluntary non-profit - Private,158,25
111314,LIFEBRITE COMMUNITY HOSPITAL OF EARLY,11740 COLUMBIA STREET,(229) 723-4241,Critical Access Hospitals,Voluntary non-profit - Private,148,35
111314,LIFEBRITE COMMUNITY HOSPITAL OF EARLY,11740 COLUMBIA STREET,(229) 723-4241,Critical Access Hospitals,Voluntary non-profit - Private,110,73
111314,LIFEBRITE COMMUNITY HOSPITAL OF EARLY,11740 COLUMBIA STREET,(229) 723-4241,Critical Access Hospitals,Voluntary non-profit - Private,157,26
111314,LIFEBRITE COMMUNITY HOSPITAL OF EARLY,11740 COLUMBIA STREET,(229) 723-4241,Critical Access Hospitals,Voluntary non-profit - Private,138,45
111314,LIFEBRITE COMMUNITY HOSPITAL OF EARLY,11740 COLUMBIA STREET,(229) 723-4241,Critical Access Hospitals,Voluntary non-profit - Private,130,53
111314,LIFEBRITE COMMUNITY HOSPITAL OF EARLY,11740 COLUMBIA STREET,(229) 723-4241,Critical Access Hospitals,Voluntary non-profit - Private,124,59
111314,LIFEBRITE COMMUNITY HOSPITAL OF EARLY,11740 COLUMBIA STREET,(229) 723-4241,Critical Access Hospitals,Voluntary non-profit - Private,126,57
111314,LIFEBRITE COMMUNITY HOSPITAL OF EARLY,11740 COLUMBIA STREET,(229) 723-4241,Critical Access Hospitals,Voluntary non-profit - Private,144,39
111314,LIFEBRITE COMMUNITY HOSPITAL OF EARLY,11740 COLUMBIA STREET,(229) 723-4241,Critical Access Hospitals,Voluntary non-profit - Private,153,30
111314,LIFEBRITE COMMUNITY HOSPITAL OF EARLY,11740 COLUMBIA STREET,(229) 723-4241,Critical Access Hospitals,Voluntary non-profit - Private,152,31
111314,LIFEBRITE COMMUNITY HOSPITAL OF EARLY,11740 COLUMBIA STREET,(229) 723-4241,Critical Access Hospitals,Voluntary non-profit - Private,162,21
111314,LIFEBRITE COMMUNITY HOSPITAL OF EARLY,11740 COLUMBIA STREET,(229) 723-4241,Critical Access Hospitals,Voluntary non-profit - Private,113,70
111314,LIFEBRITE COMMUNITY HOSPITAL OF EARLY,11740 COLUMBIA STREET,(229) 723-4241,Critical Access Hospitals,Voluntary non-profit - Private,166,17
111314,LIFEBRITE COMMUNITY HOSPITAL OF EARLY,11740 COLUMBIA STREET,(229) 723-4241,Critical Access Hospitals,Voluntary non-profit - Private,122,61
111314,LIFEBRITE COMMUNITY HOSPITAL OF EARLY,11740 COLUMBIA STREET,(229) 723-4241,Critical Access Hospitals,Voluntary non-profit - Private,158,25
111314,LIFEBRITE COMMUNITY HOSPITAL OF EARLY,11740 COLUMBIA STREET,(229) 723-4241,Critical Access Hospitals,Voluntary non-profit - Private,116,67
111314,LIFEBRITE COMMUNITY HOSPITAL OF EARLY,11740 COLUMBIA STREET,(229) 723-4241,Critical Access Hospitals,Voluntary non-profit - Private,149,34
111314,LIFEBRITE COMMUNITY HOSPITAL OF EARLY,11740 COLUMBIA STREET,(229) 723-4241,Critical Access Hospitals,Voluntary non-profit - Private,169,14
111314,LIFEBRITE COMMUNITY HOSPITAL OF EARLY,11740 COLUMBIA STREET,(229) 723-4241,Critical Access Hospitals,Voluntary non-profit - Private,158,25
111314,LIFEBRITE COMMUNITY HOSPITAL OF EARLY,11740 COLUMBIA STREET,(229) 723-4241,Critical Access Hospitals,Voluntary non-profit - Private,137,46
111314,LIFEBRITE COMMUNITY HOSPITAL OF EARLY,11740 COLUMBIA STREET,(229) 723-4241,Critical Access Hospitals,Voluntary non-profit - Private,164,19
111314,LIFEBRITE COMMUNITY HOSPITAL OF EARLY,11740 COLUMBIA STREET,(229) 723-4241,Critical Access Hospitals,Voluntary non-profit - Private,133,50
111314,LIFEBRITE COMMUNITY HOSPITAL OF EARLY,11740 COLUMBIA STREET,(229) 723-4241,Critical Access Hospitals,Voluntary non-profit - Private,169,14
111314,LIFEBRITE COMMUNITY HOSPITAL OF EARLY,11740 COLUMBIA STREET,(229) 723-4241,Critical Access Hospitals,Voluntary non-profit - Private,124,59
111314,LIFEBRITE COMMUNITY HOSPITAL OF EARLY,11740 COLUMBIA STREET,(229) 723-4241,Critical Access Hospitals,Voluntary non-profit - Private,136,47
111314,LIFEBRITE COMMUNITY HOSPITAL OF EARLY,11740 COLUMBIA STREET,(229) 723-4241,Critical Access Hospitals,Voluntary non-profit - Private,114,69
111314,LIFEBRITE COMMUNITY HOSPITAL OF EARLY,11740 COLUMBIA STREET,(229) 723-4241,Critical Access Hospitals,Voluntary non-profit - Private,170,13
111314,LIFEBRITE COMMUNITY HOSPITAL OF EARLY,11740 COLUMBIA STREET,(229) 723-4241,Critical Access Hospitals,Voluntary non-profit - Private,161,22
111314,LIFEBRITE COMMUNITY HOSPITAL OF EARLY,11740 COLUMBIA STREET,(229) 723-4241,Critical Access Hospitals,Voluntary non-profit - Private,172,11
111314,LIFEBRITE COMMUNITY HOSPITAL OF EARLY,11740 COLUMBIA STREET,(229) 723-4241,Critical Access Hospitals,Voluntary non-profit - Private,171,12
111314,LIFEBRITE COMMUNITY HOSPITAL OF EARLY,11740 COLUMBIA STREET,(229) 723-4241,Critical Access Hospitals,Voluntary non-profit - Private,132,51
111314,LIFEBRITE COMMUNITY HOSPITAL OF EARLY,11740 COLUMBIA STREET,(229) 723-4241,Critical Access Hospitals,Voluntary non-profit - Private,133,50
111314,LIFEBRITE COMMUNITY HOSPITAL OF EARLY,11740 COLUMBIA STREET,(229) 723-4241,Critical Access Hospitals,Voluntary non-profit - Private,110,73
111314,LIFEBRITE COMMUNITY HOSPITAL OF EARLY,11740 COLUMBIA STREET,(229) 723-4241,Critical Access Hospitals,Voluntary non-profit - Private,136,47
111314,LIFEBRITE COMMUNITY HOSPITAL OF EARLY,11740 COLUMBIA STREET,(229) 723-4241,Critical Access Hospitals,Voluntary non-profit - Private,153,30
111314,LIFEBRITE COMMUNITY HOSPITAL OF EARLY,11740 COLUMBIA STREET,(229) 723-4241,Critical Access Hospitals,Voluntary non-profit - Private,117,66
111314,LIFEBRITE COMMUNITY HOSPITAL OF EARLY,11740 COLUMBIA STREET,(229) 723-4241,Critical Access Hospitals,Voluntary non-profit - Private,129,54
111314,LIFEBRITE COMMUNITY HOSPITAL OF EARLY,11740 COLUMBIA STREET,(229) 723-4241,Critical Access Hospitals,Voluntary non-profit - Private,129,54
111314,LIFEBRITE COMMUNITY HOSPITAL OF EARLY,11740 COLUMBIA STREET,(229) 723-4241,Critical Access Hospitals,Voluntary non-profit - Private,132,51
111314,LIFEBRITE COMMUNITY HOSPITAL OF EARLY,11740 COLUMBIA STREET,(229) 723-4241,Critical Access Hospitals,Voluntary non-profit - Private,127,56
111314,LIFEBRITE COMMUNITY HOSPITAL OF EARLY,11740 COLUMBIA STREET,(229) 723-4241,Critical Access Hospitals,Voluntary non-profit - Private,147,36
111314,LIFEBRITE COMMUNITY HOSPITAL OF EARLY,11740 COLUMBIA STREET,(229) 723-4241,Critical Access Hospitals,Voluntary non-profit - Private,124,59
111314,LIFEBRITE COMMUNITY HOSPITAL OF EARLY,11740 COLUMBIA STREET,(229) 723-4241,Critical Access Hospitals,Voluntary non-profit - Private,138,45
111314,LIFEBRITE COMMUNITY HOSPITAL OF EARLY,11740 COLUMBIA STREET,(229) 723-4241,Critical Access Hospitals,Voluntary non-profit - Private,144,39
111314,LIFEBRITE COMMUNITY HOSPITAL OF EARLY,11740 COLUMBIA STREET,(229) 723-4241,Critical Access Hospitals,Voluntary non-profit - Private,116,67
111314,LIFEBRITE COMMUNITY HOSPITAL OF EARLY,11740 COLUMBIA STREET,(229) 723-4241,Critical Access Hospitals,Voluntary non-profit - Private,113,70
111314,LIFEBRITE COMMUNITY HOSPITAL OF EARLY,11740 COLUMBIA STREET,(229) 723-4241,Critical Access Hospitals,Voluntary non-profit - Private,143,40
111314,LIFEBRITE COMMUNITY HOSPITAL OF EARLY,11740 COLUMBIA STREET,(229) 723-4241,Critical Access Hospitals,Voluntary non-profit - Private,152,31
111314,LIFEBRITE COMMUNITY HOSPITAL OF EARLY,11740 COLUMBIA STREET,(229) 723-4241,Critical Access Hospitals,Voluntary non-profit - Private,134,49
111314,LIFEBRITE COMMUNITY HOSPITAL OF EARLY,11740 COLUMBIA STREET,(229) 723-4241,Critical Access Hospitals,Voluntary non-profit - Private,138,45
111314,LIFEBRITE COMMUNITY HOSPITAL OF EARLY,11740 COLUMBIA STREET,(229) 723-4241,Critical Access Hospitals,Voluntary non-profit - Private,144,39
111314,LIFEBRITE COMMUNITY HOSPITAL OF EARLY,11740 COLUMBIA STREET,(229) 723-4241,Critical Access Hospitals,Voluntary non-profit - Private,128,55
111314,LIFEBRITE COMMUNITY HOSPITAL OF EARLY,11740 COLUMBIA STREET,(229) 723-4241,Critical Access Hospitals,Voluntary non-profit - Private,114,69
111314,LIFEBRITE COMMUNITY HOSPITAL OF EARLY,11740 COLUMBIA STREET,(229) 723-4241,Critical Access Hospitals,Voluntary non-profit - Private,145,38
111314,LIFEBRITE COMMUNITY HOSPITAL OF EARLY,11740 COLUMBIA STREET,(229) 723-4241,Critical Access Hospitals,Voluntary non-profit - Private,139,44
111314,LIFEBRITE COMMUNITY HOSPITAL OF EARLY,11740 COLUMBIA STREET,(229) 723-4241,Critical Access Hospitals,Voluntary non-profit - Private,141,42
111314,LIFEBRITE COMMUNITY HOSPITAL OF EARLY,11740 COLUMBIA STREET,(229) 723-4241,Critical Access Hospitals,Voluntary non-profit - Private,154,29
111314,LIFEBRITE COMMUNITY HOSPITAL OF EARLY,11740 COLUMBIA STREET,(229) 723-4241,Critical Access Hospitals,Voluntary non-profit - Private,170,13
111314,LIFEBRITE COMMUNITY HOSPITAL OF EARLY,11740 COLUMBIA STREET,(229) 723-4241,Critical Access Hospitals,Voluntary non-profit - Private,167,16
111314,LIFEBRITE COMMUNITY HOSPITAL OF EARLY,11740 COLUMBIA STREET,(229) 723-4241,Critical Access Hospitals,Voluntary non-profit - Private,161,22
111314,LIFEBRITE COMMUNITY HOSPITAL OF EARLY,11740 COLUMBIA STREET,(229) 723-4241,Critical Access Hospitals,Voluntary non-profit - Private,119,64
111314,LIFEBRITE COMMUNITY HOSPITAL OF EARLY,11740 COLUMBIA STREET,(229) 723-4241,Critical Access Hospitals,Voluntary non-profit - Private,154,29
111314,LIFEBRITE COMMUNITY HOSPITAL OF EARLY,11740 COLUMBIA STREET,(229) 723-4241,Critical Access Hospitals,Voluntary non-profit - Private,163,20
111314,LIFEBRITE COMMUNITY HOSPITAL OF EARLY,11740 COLUMBIA STREET,(229) 723-4241,Critical Access Hospitals,Voluntary non-profit - Private,169,14
111314,LIFEBRITE COMMUNITY HOSPITAL OF EARLY,11740 COLUMBIA STREET,(229) 723-4241,Critical Access Hospitals,Voluntary non-profit - Private,131,52
111314,LIFEBRITE COMMUNITY HOSPITAL OF EARLY,11740 COLUMBIA STREET,(229) 723-4241,Critical Access Hospitals,Voluntary non-profit - Private,114,69
111314,LIFEBRITE COMMUNITY HOSPITAL OF EARLY,11740 COLUMBIA STREET,(229) 723-4241,Critical Access Hospitals,Voluntary non-profit - Private,169,14
111314,LIFEBRITE COMMUNITY HOSPITAL OF EARLY,11740 COLUMBIA STREET,(229) 723-4241,Critical Access Hospitals,Voluntary non-profit - Private,164,19
111314,LIFEBRITE COMMUNITY HOSPITAL OF EARLY,11740 COLUMBIA STREET,(229) 723-4241,Critical Access Hospitals,Voluntary non-profit - Private,138,45
111314,LIFEBRITE COMMUNITY HOSPITAL OF EARLY,11740 COLUMBIA STREET,(229) 723-4241,Critical Access Hospitals,Voluntary non-profit - Private,163,20
111314,LIFEBRITE COMMUNITY HOSPITAL OF EARLY,11740 COLUMBIA STREET,(229) 723-4241,Critical Access Hospitals,Voluntary non-profit - Private,127,56
111314,LIFEBRITE COMMUNITY HOSPITAL OF EARLY,11740 COLUMBIA STREET,(229) 723-4241,Critical Access Hospitals,Voluntary non-profit - Private,143,40
111314,LIFEBRITE COMMUNITY HOSPITAL OF EARLY,11740 COLUMBIA STREET,(229) 723-4241,Critical Access Hospitals,Voluntary non-profit - Private,135,48
111314,LIFEBRITE COMMUNITY HOSPITAL OF EARLY,11740 COLUMBIA STREET,(229) 723-4241,Critical Access Hospitals,Voluntary non-profit - Private,162,21
111314,LIFEBRITE COMMUNITY HOSPITAL OF EARLY,11740 COLUMBIA STREET,(229) 723-4241,Critical Access Hospitals,Voluntary non-profit - Private,117,66
111314,LIFEBRITE COMMUNITY HOSPITAL OF EARLY,11740 COLUMBIA STREET,(229) 723-4241,Critical Access Hospitals,Voluntary non-profit - Private,146,37
111314,LIFEBRITE COMMUNITY HOSPITAL OF EARLY,11740 COLUMBIA STREET,(229) 723-4241,Critical Access Hospitals,Voluntary non-profit - Private,151,32
111314,LIFEBRITE COMMUNITY HOSPITAL OF EARLY,11740 COLUMBIA STREET,(229) 723-4241,Critical Access Hospitals,Voluntary non-profit - Private,113,70
111314,LIFEBRITE COMMUNITY HOSPITAL OF EARLY,11740 COLUMBIA STREET,(229) 723-4241,Critical Access Hospitals,Voluntary non-profit - Private,145,38
111314,LIFEBRITE COMMUNITY HOSPITAL OF EARLY,11740 COLUMBIA STREET,(229) 723-4241,Critical Access Hospitals,Voluntary non-profit - Private,121,62
111314,LIFEBRITE COMMUNITY HOSPITAL OF EARLY,11740 COLUMBIA STREET,(229) 723-4241,Critical Access Hospitals,Voluntary non-profit - Private,151,32
111314,LIFEBRITE COMMUNITY HOSPITAL OF EARLY,11740 COLUMBIA STREET,(229) 723-4241,Critical Access Hospitals,Voluntary non-profit - Private,160,23
111314,LIFEBRITE COMMUNITY HOSPITAL OF EARLY,11740 COLUMBIA STREET,(229) 723-4241,Critical Access Hospitals,Voluntary non-profit - Private,160,23
111314,LIFEBRITE COMMUNITY HOSPITAL OF EARLY,11740 COLUMBIA STREET,(229) 723-4241,Critical Access Hospitals,Voluntary non-profit - Private,112,71
111314,LIFEBRITE COMMUNITY HOSPITAL OF EARLY,11740 COLUMBIA STREET,(229) 723-4241,Critical Access Hospitals,Voluntary non-profit - Private,119,64
111314,LIFEBRITE COMMUNITY HOSPITAL OF EARLY,11740 COLUMBIA STREET,(229) 723-4241,Critical Access Hospitals,Voluntary non-profit - Private,161,22
111314,LIFEBRITE COMMUNITY HOSPITAL OF EARLY,11740 COLUMBIA STREET,(229) 723-4241,Critical Access Hospitals,Voluntary non-profit - Private,150,33
111314,LIFEBRITE COMMUNITY HOSPITAL OF EARLY,11740 COLUMBIA STREET,(229) 723-4241,Critical Access Hospitals,Voluntary non-profit - Private,131,52
111314,LIFEBRITE COMMUNITY HOSPITAL OF EARLY,11740 COLUMBIA STREET,(229) 723-4241,Critical Access Hospitals,Voluntary non-profit - Private,166,17
111314,LIFEBRITE COMMUNITY HOSPITAL OF EARLY,11740 COLUMBIA STREET,(229) 723-4241,Critical Access Hospitals,Voluntary non-profit - Private,155,28
111314,LIFEBRITE COMMUNITY HOSPITAL OF EARLY,11740 COLUMBIA STREET,(229) 723-4241,Critical Access Hospitals,Voluntary non-profit - Private,132,51
111314,LIFEBRITE COMMUNITY HOSPITAL OF EARLY,11740 COLUMBIA STREET,(229) 723-4241,Critical Access Hospitals,Voluntary non-profit - Private,166,17
111314,LIFEBRITE COMMUNITY HOSPITAL OF EARLY,11740 COLUMBIA STREET,(229) 723-4241,Critical Access Hospitals,Voluntary non-profit - Private,154,29
111314,LIFEBRITE COMMUNITY HOSPITAL OF EARLY,11740 COLUMBIA STREET,(229) 723-4241,Critical Access Hospitals,Voluntary non-profit - Private,160,23
111314,LIFEBRITE COMMUNITY HOSPITAL OF EARLY,11740 COLUMBIA STREET,(229) 723-4241,Critical Access Hospitals,Voluntary non-profit - Private,139,44
111314,LIFEBRITE COMMUNITY HOSPITAL OF EARLY,11740 COLUMBIA STREET,(229) 723-4241,Critical Access Hospitals,Voluntary non-profit - Private,144,39
111314,LIFEBRITE COMMUNITY HOSPITAL OF EARLY,11740 COLUMBIA STREET,(229) 723-4241,Critical Access Hospitals,Voluntary non-profit - Private,135,48
111314,LIFEBRITE COMMUNITY HOSPITAL OF EARLY,11740 COLUMBIA STREET,(229) 723-4241,Critical Access Hospitals,Voluntary non-profit - Private,160,23
111314,LIFEBRITE COMMUNITY HOSPITAL OF EARLY,11740 COLUMBIA STREET,(229) 723-4241,Critical Access Hospitals,Voluntary non-profit - Private,159,24
111314,LIFEBRITE COMMUNITY HOSPITAL OF EARLY,11740 COLUMBIA STREET,(229) 723-4241,Critical Access Hospitals,Voluntary non-profit - Private,120,63
111314,LIFEBRITE COMMUNITY HOSPITAL OF EARLY,11740 COLUMBIA STREET,(229) 723-4241,Critical Access Hospitals,Voluntary non-profit - Private,122,61
111314,LIFEBRITE COMMUNITY HOSPITAL OF EARLY,11740 COLUMBIA STREET,(229) 723-4241,Critical Access Hospitals,Voluntary non-profit - Private,163,20
111314,LIFEBRITE COMMUNITY HOSPITAL OF EARLY,11740 COLUMBIA STREET,(229) 723-4241,Critical Access Hospitals,Voluntary non-profit - Private,155,28
