Facility ID,Facility Name,Address,Telephone Number,Hospital Type,Hospital Ownership,Active Beds,Inactive Beds
114010,PEACHFORD BEHAVIORAL HEALTH SYSTEM OF ATLANTA,2151 PEACHFORD ROAD,(770) 455-3200,Psychiatric,Proprietary,103,47
114010,PEACHFORD BEHAVIORAL HEALTH SYSTEM OF ATLANTA,2151 PEACHFORD ROAD,(770) 455-3200,Psychiatric,Proprietary,140,10
114010,PEACHFORD BEHAVIORAL HEALTH SYSTEM OF ATLANTA,2151 PEACHFORD ROAD,(770) 455-3200,Psychiatric,Proprietary,105,45
114010,PEACHFORD BEHAVIORAL HEALTH SYSTEM OF ATLANTA,2151 PEACHFORD ROAD,(770) 455-3200,Psychiatric,Proprietary,93,57
114010,PEACHFORD BEHAVIORAL HEALTH SYSTEM OF ATLANTA,2151 PEACHFORD ROAD,(770) 455-3200,Psychiatric,Proprietary,114,36
114010,PEACHFORD BEHAVIORAL HEALTH SYSTEM OF ATLANTA,2151 PEACHFORD ROAD,(770) 455-3200,Psychiatric,Proprietary,103,47
114010,PEACHFORD BEHAVIORAL HEALTH SYSTEM OF ATLANTA,2151 PEACHFORD ROAD,(770) 455-3200,Psychiatric,Proprietary,130,20
114010,PEACHFORD BEHAVIORAL HEALTH SYSTEM OF ATLANTA,2151 PEACHFORD ROAD,(770) 455-3200,Psychiatric,Proprietary,105,45
114010,PEACHFORD BEHAVIORAL HEALTH SYSTEM OF ATLANTA,2151 PEACHFORD ROAD,(770) 455-3200,Psychiatric,Proprietary,129,21
114010,PEACHFORD BEHAVIORAL HEALTH SYSTEM OF ATLANTA,2151 PEACHFORD ROAD,(770) 455-3200,Psychiatric,Proprietary,136,14
114010,PEACHFORD BEHAVIORAL HEALTH SYSTEM OF ATLANTA,2151 PEACHFORD ROAD,(770) 455-3200,Psychiatric,Proprietary,99,51
114010,PEACHFORD BEHAVIORAL HEALTH SYSTEM OF ATLANTA,2151 PEACHFORD ROAD,(770) 455-3200,Psychiatric,Proprietary,122,28
114010,PEACHFORD BEHAVIORAL HEALTH SYSTEM OF ATLANTA,2151 PEACHFORD ROAD,(770) 455-3200,Psychiatric,Proprietary,124,26
114010,PEACHFORD BEHAVIORAL HEALTH SYSTEM OF ATLANTA,2151 PEACHFORD ROAD,(770) 455-3200,Psychiatric,Proprietary,90,60
114010,PEACHFORD BEHAVIORAL HEALTH SYSTEM OF ATLANTA,2151 PEACHFORD ROAD,(770) 455-3200,Psychiatric,Proprietary,122,28
114010,PEACHFORD BEHAVIORAL HEALTH SYSTEM OF ATLANTA,2151 PEACHFORD ROAD,(770) 455-3200,Psychiatric,Proprietary,101,49
114010,PEACHFORD BEHAVIORAL HEALTH SYSTEM OF ATLANTA,2151 PEACHFORD ROAD,(770) 455-3200,Psychiatric,Proprietary,125,25
114010,PEACHFORD BEHAVIORAL HEALTH SYSTEM OF ATLANTA,2151 PEACHFORD ROAD,(770) 455-3200,Psychiatric,Proprietary,131,19
114010,PEACHFORD BEHAVIORAL HEALTH SYSTEM OF ATLANTA,2151 PEACHFORD ROAD,(770) 455-3200,Psychiatric,Proprietary,115,35
114010,PEACHFORD BEHAVIORAL HEALTH SYSTEM OF ATLANTA,2151 PEACHFORD ROAD,(770) 455-3200,Psychiatric,Proprietary,100,50
114010,PEACHFORD BEHAVIORAL HEALTH SYSTEM OF ATLANTA,2151 PEACHFORD ROAD,(770) 455-3200,Psychiatric,Proprietary,133,17
114010,PEACHFORD BEHAVIORAL HEALTH SYSTEM OF ATLANTA,2151 PEACHFORD ROAD,(770) 455-3200,Psychiatric,Proprietary,120,30
114010,PEACHFORD BEHAVIORAL HEALTH SYSTEM OF ATLANTA,2151 PEACHFORD ROAD,(770) 455-3200,Psychiatric,Proprietary,93,57
114010,PEACHFORD BEHAVIORAL HEALTH SYSTEM OF ATLANTA,2151 PEACHFORD ROAD,(770) 455-3200,Psychiatric,Proprietary,121,29
114010,PEACHFORD BEHAVIORAL HEALTH SYSTEM OF ATLANTA,2151 PEACHFORD ROAD,(770) 455-3200,Psychiatric,Proprietary,113,37
114010,PEACHFORD BEHAVIORAL HEALTH SYSTEM OF ATLANTA,2151 PEACHFORD ROAD,(770) 455-3200,Psychiatric,Proprietary,95,55
114010,PEACHFORD BEHAVIORAL HEALTH SYSTEM OF ATLANTA,2151 PEACHFORD ROAD,(770) 455-3200,Psychiatric,Proprietary,114,36
114010,PEACHFORD BEHAVIORAL HEALTH SYSTEM OF ATLANTA,2151 PEACHFORD ROAD,(770) 455-3200,Psychiatric,Proprietary,98,52
114010,PEACHFORD BEHAVIORAL HEALTH SYSTEM OF ATLANTA,2151 PEACHFORD ROAD,(770) 455-3200,Psychiatric,Proprietary,129,21
114010,PEACHFORD BEHAVIORAL HEALTH SYSTEM OF ATLANTA,2151 PEACHFORD ROAD,(770) 455-3200,Psychiatric,Proprietary,122,28
114010,PEACHFORD BEHAVIORAL HEALTH SYSTEM OF ATLANTA,2151 PEACHFORD ROAD,(770) 455-3200,Psychiatric,Proprietary,102,48
114010,PEACHFORD BEHAVIORAL HEALTH SYSTEM OF ATLANTA,2151 PEACHFORD ROAD,(770) 455-3200,Psychiatric,Proprietary,104,46
114010,PEACHFORD BEHAVIORAL HEALTH SYSTEM OF ATLANTA,2151 PEACHFORD ROAD,(770) 455-3200,Psychiatric,Proprietary,108,42
114010,PEACHFORD BEHAVIORAL HEALTH SYSTEM OF ATLANTA,2151 PEACHFORD ROAD,(770) 455-3200,Psychiatric,Proprietary,105,45
114010,PEACHFORD BEHAVIORAL HEALTH SYSTEM OF ATLANTA,2151 PEACHFORD ROAD,(770) 455-3200,Psychiatric,Proprietary,106,44
114010,PEACHFORD BEHAVIORAL HEALTH SYSTEM OF ATLANTA,2151 PEACHFORD ROAD,(770) 455-3200,Psychiatric,Proprietary,95,55
114010,PEACHFORD BEHAVIORAL HEALTH SYSTEM OF ATLANTA,2151 PEACHFORD ROAD,(770) 455-3200,Psychiatric,Proprietary,141,9
114010,PEACHFORD BEHAVIORAL HEALTH SYSTEM OF ATLANTA,2151 PEACHFORD ROAD,(770) 455-3200,Psychiatric,Proprietary,99,51
114010,PEACHFORD BEHAVIORAL HEALTH SYSTEM OF ATLANTA,2151 PEACHFORD ROAD,(770) 455-3200,Psychiatric,Proprietary,108,42
114010,PEACHFORD BEHAVIORAL HEALTH SYSTEM OF ATLANTA,2151 PEACHFORD ROAD,(770) 455-3200,Psychiatric,Proprietary,93,57
114010,PEACHFORD BEHAVIORAL HEALTH SYSTEM OF ATLANTA,2151 PEACHFORD ROAD,(770) 455-3200,Psychiatric,Proprietary,136,14
114010,PEACHFORD BEHAVIORAL HEALTH SYSTEM OF ATLANTA,2151 PEACHFORD ROAD,(770) 455-3200,Psychiatric,Proprietary,137,13
114010,PEACHFORD BEHAVIORAL HEALTH SYSTEM OF ATLANTA,2151 PEACHFORD ROAD,(770) 455-3200,Psychiatric,Proprietary,131,19
114010,PEACHFORD BEHAVIORAL HEALTH SYSTEM OF ATLANTA,2151 PEACHFORD ROAD,(770) 455-3200,Psychiatric,Proprietary,92,58
114010,PEACHFORD BEHAVIORAL HEALTH SYSTEM OF ATLANTA,2151 PEACHFORD ROAD,(770) 455-3200,Psychiatric,Proprietary,116,34
114010,PEACHFORD BEHAVIORAL HEALTH SYSTEM OF ATLANTA,2151 PEACHFORD ROAD,(770) 455-3200,Psychiatric,Proprietary,113,37
114010,PEACHFORD BEHAVIORAL HEALTH SYSTEM OF ATLANTA,2151 PEACHFORD ROAD,(770) 455-3200,Psychiatric,Proprietary,133,17
114010,PEACHFORD BEHAVIORAL HEALTH SYSTEM OF ATLANTA,2151 PEACHFORD ROAD,(770) 455-3200,Psychiatric,Proprietary,115,35
114010,PEACHFORD BEHAVIORAL HEALTH SYSTEM OF ATLANTA,2151 PEACHFORD ROAD,(770) 455-3200,Psychiatric,Proprietary,112,38
114010,PEACHFORD BEHAVIORAL HEALTH SYSTEM OF ATLANTA,2151 PEACHFORD ROAD,(770) 455-3200,Psychiatric,Proprietary,103,47
114010,PEACHFORD BEHAVIORAL HEALTH SYSTEM OF ATLANTA,2151 PEACHFORD ROAD,(770) 455-3200,Psychiatric,Proprietary,128,22
114010,PEACHFORD BEHAVIORAL HEALTH SYSTEM OF ATLANTA,2151 PEACHFORD ROAD,(770) 455-3200,Psychiatric,Proprietary,128,22
114010,PEACHFORD BEHAVIORAL HEALTH SYSTEM OF ATLANTA,2151 PEACHFORD ROAD,(770) 455-3200,Psychiatric,Proprietary,119,31
114010,PEACHFORD BEHAVIORAL HEALTH SYSTEM OF ATLANTA,2151 PEACHFORD ROAD,(770) 455-3200,Psychiatric,Proprietary,129,21
114010,PEACHFORD BEHAVIORAL HEALTH SYSTEM OF ATLANTA,2151 PEACHFORD ROAD,(770) 455-3200,Psychiatric,Proprietary,95,55
114010,PEACHFORD BEHAVIORAL HEALTH SYSTEM OF ATLANTA,2151 PEACHFORD ROAD,(770) 455-3200,Psychiatric,Proprietary,140,10
114010,PEACHFORD BEHAVIORAL HEALTH SYSTEM OF ATLANTA,2151 PEACHFORD ROAD,(770) 455-3200,Psychiatric,Proprietary,103,47
114010,PEACHFORD BEHAVIORAL HEALTH SYSTEM OF ATLANTA,2151 PEACHFORD ROAD,(770) 455-3200,Psychiatric,Proprietary,134,16
114010,PEACHFORD BEHAVIORAL HEALTH SYSTEM OF ATLANTA,2151 PEACHFORD ROAD,(770) 455-3200,Psychiatric,Proprietary,120,30
114010,PEACHFORD BEHAVIORAL HEALTH SYSTEM OF ATLANTA,2151 PEACHFORD ROAD,(770) 455-3200,Psychiatric,Proprietary,105,45
114010,PEACHFORD BEHAVIORAL HEALTH SYSTEM OF ATLANTA,2151 PEACHFORD ROAD,(770) 455-3200,Psychiatric,Proprietary,92,58
114010,PEACHFORD BEHAVIORAL HEALTH SYSTEM OF ATLANTA,2151 PEACHFORD ROAD,(770) 455-3200,Psychiatric,Proprietary,119,31
114010,PEACHFORD BEHAVIORAL HEALTH SYSTEM OF ATLANTA,2151 PEACHFORD ROAD,(770) 455-3200,Psychiatric,Proprietary,101,49
114010,PEACHFORD BEHAVIORAL HEALTH SYSTEM OF ATLANTA,2151 PEACHFORD ROAD,(770) 455-3200,Psychiatric,Proprietary,130,20
114010,PEACHFORD BEHAVIORAL HEALTH SYSTEM OF ATLANTA,2151 PEACHFORD ROAD,(770) 455-3200,Psychiatric,Proprietary,115,35
114010,PEACHFORD BEHAVIORAL HEALTH SYSTEM OF ATLANTA,2151 PEACHFORD ROAD,(770) 455-3200,Psychiatric,Proprietary,121,29
114010,PEACHFORD BEHAVIORAL HEALTH SYSTEM OF ATLANTA,2151 PEACHFORD ROAD,(770) 455-3200,Psychiatric,Proprietary,118,32
114010,PEACHFORD BEHAVIORAL HEALTH SYSTEM OF ATLANTA,2151 PEACHFORD ROAD,(770) 455-3200,Psychiatric,Proprietary,137,13
114010,PEACHFORD BEHAVIORAL HEALTH SYSTEM OF ATLANTA,2151 PEACHFORD ROAD,(770) 455-3200,Psychiatric,Proprietary,95,55
114010,PEACHFORD BEHAVIORAL HEALTH SYSTEM OF ATLANTA,2151 PEACHFORD ROAD,(770) 455-3200,Psychiatric,Proprietary,98,52
114010,PEACHFORD BEHAVIORAL HEALTH SYSTEM OF ATLANTA,2151 PEACHFORD ROAD,(770) 455-3200,Psychiatric,Proprietary,111,39
114010,PEACHFORD BEHAVIORAL HEALTH SYSTEM OF ATLANTA,2151 PEACHFORD ROAD,(770) 455-3200,Psychiatric,Proprietary,99,51
114010,PEACHFORD BEHAVIORAL HEALTH SYSTEM OF ATLANTA,2151 PEACHFORD ROAD,(770) 455-3200,Psychiatric,Proprietary,138,12
114010,PEACHFORD BEHAVIORAL HEALTH SYSTEM OF ATLANTA,2151 PEACHFORD ROAD,(770) 455-3200,Psychiatric,Proprietary,117,33
114010,PEACHFORD BEHAVIORAL HEALTH SYSTEM OF ATLANTA,2151 PEACHFORD ROAD,(770) 455-3200,Psychiatric,Proprietary,120,30
114010,PEACHFORD BEHAVIORAL HEALTH SYSTEM OF ATLANTA,2151 PEACHFORD ROAD,(770) 455-3200,Psychiatric,Proprietary,132,18
114010,PEACHFORD BEHAVIORAL HEALTH SYSTEM OF ATLANTA,2151 PEACHFORD ROAD,(770) 455-3200,Psychiatric,Proprietary,121,29
114010,PEACHFORD BEHAVIORAL HEALTH SYSTEM OF ATLANTA,2151 PEACHFORD ROAD,(770) 455-3200,Psychiatric,Proprietary,141,9
114010,PEACHFORD BEHAVIORAL HEALTH SYSTEM OF ATLANTA,2151 PEACHFORD ROAD,(770) 455-3200,Psychiatric,Proprietary,105,45
114010,PEACHFORD BEHAVIORAL HEALTH SYSTEM OF ATLANTA,2151 PEACHFORD ROAD,(770) 455-3200,Psychiatric,Proprietary,137,13
114010,PEACHFORD BEHAVIORAL HEALTH SYSTEM OF ATLANTA,2151 PEACHFORD ROAD,(770) 455-3200,Psychiatric,Proprietary,110,40
114010,PEACHFORD BEHAVIORAL HEALTH SYSTEM OF ATLANTA,2151 PEACHFORD ROAD,(770) 455-3200,Psychiatric,Proprietary,113,37
114010,PEACHFORD BEHAVIORAL HEALTH SYSTEM OF ATLANTA,2151 PEACHFORD ROAD,(770) 455-3200,Psychiatric,Proprietary,107,43
114010,PEACHFORD BEHAVIORAL HEALTH SYSTEM OF ATLANTA,2151 PEACHFORD ROAD,(770) 455-3200,Psychiatric,Proprietary,108,42
114010,PEACHFORD BEHAVIORAL HEALTH SYSTEM OF ATLANTA,2151 PEACHFORD ROAD,(770) 455-3200,Psychiatric,Proprietary,139,11
114010,PEACHFORD BEHAVIORAL HEALTH SYSTEM OF ATLANTA,2151 PEACHFORD ROAD,(770) 455-3200,Psychiatric,Proprietary,128,22
114010,PEACHFORD BEHAVIORAL HEALTH SYSTEM OF ATLANTA,2151 PEACHFORD ROAD,(770) 455-3200,Psychiatric,Proprietary,134,16
114010,PEACHFORD BEHAVIORAL HEALTH SYSTEM OF ATLANTA,2151 PEACHFORD ROAD,(770) 455-3200,Psychiatric,Proprietary,133,17
114010,PEACHFORD BEHAVIORAL HEALTH SYSTEM OF ATLANTA,2151 PEACHFORD ROAD,(770) 455-3200,Psychiatric,Proprietary,102,48
114010,PEACHFORD BEHAVIORAL HEALTH SYSTEM OF ATLANTA,2151 PEACHFORD ROAD,(770) 455-3200,Psychiatric,Proprietary,101,49
114010,PEACHFORD BEHAVIORAL HEALTH SYSTEM OF ATLANTA,2151 PEACHFORD ROAD,(770) 455-3200,Psychiatric,Proprietary,121,29
114010,PEACHFORD BEHAVIORAL HEALTH SYSTEM OF ATLANTA,2151 PEACHFORD ROAD,(770) 455-3200,Psychiatric,Proprietary,103,47
114010,PEACHFORD BEHAVIORAL HEALTH SYSTEM OF ATLANTA,2151 PEACHFORD ROAD,(770) 455-3200,Psychiatric,Proprietary,98,52
114010,PEACHFORD BEHAVIORAL HEALTH SYSTEM OF ATLANTA,2151 PEACHFORD ROAD,(770) 455-3200,Psychiatric,Proprietary,119,31
114010,PEACHFORD BEHAVIORAL HEALTH SYSTEM OF ATLANTA,2151 PEACHFORD ROAD,(770) 455-3200,Psychiatric,Proprietary,128,22
114010,PEACHFORD BEHAVIORAL HEALTH SYSTEM OF ATLANTA,2151 PEACHFORD ROAD,(770) 455-3200,Psychiatric,Proprietary,107,43
114010,PEACHFORD BEHAVIORAL HEALTH SYSTEM OF ATLANTA,2151 PEACHFORD ROAD,(770) 455-3200,Psychiatric,Proprietary,93,57
114010,PEACHFORD BEHAVIORAL HEALTH SYSTEM OF ATLANTA,2151 PEACHFORD ROAD,(770) 455-3200,Psychiatric,Proprietary,116,34
114010,PEACHFORD BEHAVIORAL HEALTH SYSTEM OF ATLANTA,2151 PEACHFORD ROAD,(770) 455-3200,Psychiatric,Proprietary,119,31
114010,PEACHFORD BEHAVIORAL HEALTH SYSTEM OF ATLANTA,2151 PEACHFORD ROAD,(770) 455-3200,Psychiatric,Proprietary,120,30
114010,PEACHFORD BEHAVIORAL HEALTH SYSTEM OF ATLANTA,2151 PEACHFORD ROAD,(770) 455-3200,Psychiatric,Proprietary,108,42
114010,PEACHFORD BEHAVIORAL HEALTH SYSTEM OF ATLANTA,2151 PEACHFORD ROAD,(770) 455-3200,Psychiatric,Proprietary,110,40
114010,PEACHFORD BEHAVIORAL HEALTH SYSTEM OF ATLANTA,2151 PEACHFORD ROAD,(770) 455-3200,Psychiatric,Proprietary,124,26
114010,PEACHFORD BEHAVIORAL HEALTH SYSTEM OF ATLANTA,2151 PEACHFORD ROAD,(770) 455-3200,Psychiatric,Proprietary,100,50
114010,PEACHFORD BEHAVIORAL HEALTH SYSTEM OF ATLANTA,2151 PEACHFORD ROAD,(770) 455-3200,Psychiatric,Proprietary,131,19
114010,PEACHFORD BEHAVIORAL HEALTH SYSTEM OF ATLANTA,2151 PEACHFORD ROAD,(770) 455-3200,Psychiatric,Proprietary,103,47
114010,PEACHFORD BEHAVIORAL HEALTH SYSTEM OF ATLANTA,2151 PEACHFORD ROAD,(770) 455-3200,Psychiatric,Proprietary,108,42
114010,PEACHFORD BEHAVIORAL HEALTH SYSTEM OF ATLANTA,2151 PEACHFORD ROAD,(770) 455-3200,Psychiatric,Proprietary,92,58
114010,PEACHFORD BEHAVIORAL HEALTH SYSTEM OF ATLANTA,2151 PEACHFORD ROAD,(770) 455-3200,Psychiatric,Proprietary,131,19
114010,PEACHFORD BEHAVIORAL HEALTH SYSTEM OF ATLANTA,2151 PEACHFORD ROAD,(770) 455-3200,Psychiatric,Proprietary,115,35
114010,PEACHFORD BEHAVIORAL HEALTH SYSTEM OF ATLANTA,2151 PEACHFORD ROAD,(770) 455-3200,Psychiatric,Proprietary,106,44
114010,PEACHFORD BEHAVIORAL HEALTH SYSTEM OF ATLANTA,2151 PEACHFORD ROAD,(770) 455-3200,Psychiatric,Proprietary,90,60
114010,PEACHFORD BEHAVIORAL HEALTH SYSTEM OF ATLANTA,2151 PEACHFORD ROAD,(770) 455-3200,Psychiatric,Proprietary,128,22
114010,PEACHFORD BEHAVIORAL HEALTH SYSTEM OF ATLANTA,2151 PEACHFORD ROAD,(770) 455-3200,Psychiatric,Proprietary,124,26
114010,PEACHFORD BEHAVIORAL HEALTH SYSTEM OF ATLANTA,2151 PEACHFORD ROAD,(770) 455-3200,Psychiatric,Proprietary,122,28
114010,PEACHFORD BEHAVIORAL HEALTH SYSTEM OF ATLANTA,2151 PEACHFORD ROAD,(770) 455-3200,Psychiatric,Proprietary,109,41
114010,PEACHFORD BEHAVIORAL HEALTH SYSTEM OF ATLANTA,2151 PEACHFORD ROAD,(770) 455-3200,Psychiatric,Proprietary,130,20
114010,PEACHFORD BEHAVIORAL HEALTH SYSTEM OF ATLANTA,2151 PEACHFORD ROAD,(770) 455-3200,Psychiatric,Proprietary,102,48
114010,PEACHFORD BEHAVIORAL HEALTH SYSTEM OF ATLANTA,2151 PEACHFORD ROAD,(770) 455-3200,Psychiatric,Proprietary,98,52
114010,PEACHFORD BEHAVIORAL HEALTH SYSTEM OF ATLANTA,2151 PEACHFORD ROAD,(770) 455-3200,Psychiatric,Proprietary,115,35
114010,PEACHFORD BEHAVIORAL HEALTH SYSTEM OF ATLANTA,2151 PEACHFORD ROAD,(770) 455-3200,Psychiatric,Proprietary,110,40
114010,PEACHFORD BEHAVIORAL HEALTH SYSTEM OF ATLANTA,2151 PEACHFORD ROAD,(770) 455-3200,Psychiatric,Proprietary,141,9
114010,PEACHFORD BEHAVIORAL HEALTH SYSTEM OF ATLANTA,2151 PEACHFORD ROAD,(770) 455-3200,Psychiatric,Proprietary,115,35
114010,PEACHFORD BEHAVIORAL HEALTH SYSTEM OF ATLANTA,2151 PEACHFORD ROAD,(770) 455-3200,Psychiatric,Proprietary,117,33
114010,PEACHFORD BEHAVIORAL HEALTH SYSTEM OF ATLANTA,2151 PEACHFORD ROAD,(770) 455-3200,Psychiatric,Proprietary,111,39
114010,PEACHFORD BEHAVIORAL HEALTH SYSTEM OF ATLANTA,2151 PEACHFORD ROAD,(770) 455-3200,Psychiatric,Proprietary,103,47
114010,PEACHFORD BEHAVIORAL HEALTH SYSTEM OF ATLANTA,2151 PEACHFORD ROAD,(770) 455-3200,Psychiatric,Proprietary,111,39
114010,PEACHFORD BEHAVIORAL HEALTH SYSTEM OF ATLANTA,2151 PEACHFORD ROAD,(770) 455-3200,Psychiatric,Proprietary,91,59
114010,PEACHFORD BEHAVIORAL HEALTH SYSTEM OF ATLANTA,2151 PEACHFORD ROAD,(770) 455-3200,Psychiatric,Proprietary,126,24
114010,PEACHFORD BEHAVIORAL HEALTH SYSTEM OF ATLANTA,2151 PEACHFORD ROAD,(770) 455-3200,Psychiatric,Proprietary,102,48
114010,PEACHFORD BEHAVIORAL HEALTH SYSTEM OF ATLANTA,2151 PEACHFORD ROAD,(770) 455-3200,Psychiatric,Proprietary,127,23
114010,PEACHFORD BEHAVIORAL HEALTH SYSTEM OF ATLANTA,2151 PEACHFORD ROAD,(770) 455-3200,Psychiatric,Proprietary,103,47
114010,PEACHFORD BEHAVIORAL HEALTH SYSTEM OF ATLANTA,2151 PEACHFORD ROAD,(770) 455-3200,Psychiatric,Proprietary,102,48
114010,PEACHFORD BEHAVIORAL HEALTH SYSTEM OF ATLANTA,2151 PEACHFORD ROAD,(770) 455-3200,Psychiatric,Proprietary,111,39
114010,PEACHFORD BEHAVIORAL HEALTH SYSTEM OF ATLANTA,2151 PEACHFORD ROAD,(770) 455-3200,Psychiatric,Proprietary,106,44
114010,PEACHFORD BEHAVIORAL HEALTH SYSTEM OF ATLANTA,2151 PEACHFORD ROAD,(770) 455-3200,Psychiatric,Proprietary,93,57
114010,PEACHFORD BEHAVIORAL HEALTH SYSTEM OF ATLANTA,2151 PEACHFORD ROAD,(770) 455-3200,Psychiatric,Proprietary,141,9
114010,PEACHFORD BEHAVIORAL HEALTH SYSTEM OF ATLANTA,2151 PEACHFORD ROAD,(770) 455-3200,Psychiatric,Proprietary,141,9
114010,PEACHFORD BEHAVIORAL HEALTH SYSTEM OF ATLANTA,2151 PEACHFORD ROAD,(770) 455-3200,Psychiatric,Proprietary,108,42
114010,PEACHFORD BEHAVIORAL HEALTH SYSTEM OF ATLANTA,2151 PEACHFORD ROAD,(770) 455-3200,Psychiatric,Proprietary,136,14
114010,PEACHFORD BEHAVIORAL HEALTH SYSTEM OF ATLANTA,2151 PEACHFORD ROAD,(770) 455-3200,Psychiatric,Proprietary,91,59
114010,PEACHFORD BEHAVIORAL HEALTH SYSTEM OF ATLANTA,2151 PEACHFORD ROAD,(770) 455-3200,Psychiatric,Proprietary,135,15
114010,PEACHFORD BEHAVIORAL HEALTH SYSTEM OF ATLANTA,2151 PEACHFORD ROAD,(770) 455-3200,Psychiatric,Proprietary,135,15
114010,PEACHFORD BEHAVIORAL HEALTH SYSTEM OF ATLANTA,2151 PEACHFORD ROAD,(770) 455-3200,Psychiatric,Proprietary,110,40
114010,PEACHFORD BEHAVIORAL HEALTH SYSTEM OF ATLANTA,2151 PEACHFORD ROAD,(770) 455-3200,Psychiatric,Proprietary,92,58
114010,PEACHFORD BEHAVIORAL HEALTH SYSTEM OF ATLANTA,2151 PEACHFORD ROAD,(770) 455-3200,Psychiatric,Proprietary,131,19
114010,PEACHFORD BEHAVIORAL HEALTH SYSTEM OF ATLANTA,2151 PEACHFORD ROAD,(770) 455-3200,Psychiatric,Proprietary,124,26
114010,PEACHFORD BEHAVIORAL HEALTH SYSTEM OF ATLANTA,2151 PEACHFORD ROAD,(770) 455-3200,Psychiatric,Proprietary,94,56
114010,PEACHFORD BEHAVIORAL HEALTH SYSTEM OF ATLANTA,2151 PEACHFORD ROAD,(770) 455-3200,Psychiatric,Proprietary,115,35
114010,PEACHFORD BEHAVIORAL HEALTH SYSTEM OF ATLANTA,2151 PEACHFORD ROAD,(770) 455-3200,Psychiatric,Proprietary,123,27
114010,PEACHFORD BEHAVIORAL HEALTH SYSTEM OF ATLANTA,2151 PEACHFORD ROAD,(770) 455-3200,Psychiatric,Proprietary,121,29
114010,PEACHFORD BEHAVIORAL HEALTH SYSTEM OF ATLANTA,2151 PEACHFORD ROAD,(770) 455-3200,Psychiatric,Proprietary,130,20
114010,PEACHFORD BEHAVIORAL HEALTH SYSTEM OF ATLANTA,2151 PEACHFORD ROAD,(770) 455-3200,Psychiatric,Proprietary,139,11
114010,PEACHFORD BEHAVIORAL HEALTH SYSTEM OF ATLANTA,2151 PEACHFORD ROAD,(770) 455-3200,Psychiatric,Proprietary,125,25
114010,PEACHFORD BEHAVIORAL HEALTH SYSTEM OF ATLANTA,2151 PEACHFORD ROAD,(770) 455-3200,Psychiatric,Proprietary,121,29
114010,PEACHFORD BEHAVIORAL HEALTH SYSTEM OF ATLANTA,2151 PEACHFORD ROAD,(770) 455-3200,Psychiatric,Proprietary,142,8
114010,PEACHFORD BEHAVIORAL HEALTH SYSTEM OF ATLANTA,2151 PEACHFORD ROAD,(770) 455-3200,Psychiatric,Proprietary,105,45
114010,PEACHFORD BEHAVIORAL HEALTH SYSTEM OF ATLANTA,2151 PEACHFORD ROAD,(770) 455-3200,Psychiatric,Proprietary,137,13
114010,PEACHFORD BEHAVIORAL HEALTH SYSTEM OF ATLANTA,2151 PEACHFORD ROAD,(770) 455-3200,Psychiatric,Proprietary,114,36
114010,PEACHFORD BEHAVIORAL HEALTH SYSTEM OF ATLANTA,2151 PEACHFORD ROAD,(770) 455-3200,Psychiatric,Proprietary,112,38
114010,PEACHFORD BEHAVIORAL HEALTH SYSTEM OF ATLANTA,2151 PEACHFORD ROAD,(770) 455-3200,Psychiatric,Proprietary,118,32
114010,PEACHFORD BEHAVIORAL HEALTH SYSTEM OF ATLANTA,2151 PEACHFORD ROAD,(770) 455-3200,Psychiatric,Proprietary,91,59
114010,PEACHFORD BEHAVIORAL HEALTH SYSTEM OF ATLANTA,2151 PEACHFORD ROAD,(770) 455-3200,Psychiatric,Proprietary,99,51
114010,PEACHFORD BEHAVIORAL HEALTH SYSTEM OF ATLANTA,2151 PEACHFORD ROAD,(770) 455-3200,Psychiatric,Proprietary,91,59
114010,PEACHFORD BEHAVIORAL HEALTH SYSTEM OF ATLANTA,2151 PEACHFORD ROAD,(770) 455-3200,Psychiatric,Proprietary,122,28
114010,PEACHFORD BEHAVIORAL HEALTH SYSTEM OF ATLANTA,2151 PEACHFORD ROAD,(770) 455-3200,Psychiatric,Proprietary,137,13
114010,PEACHFORD BEHAVIORAL HEALTH SYSTEM OF ATLANTA,2151 PEACHFORD ROAD,(770) 455-3200,Psychiatric,Proprietary,125,25
114010,PEACHFORD BEHAVIORAL HEALTH SYSTEM OF ATLANTA,2151 PEACHFORD ROAD,(770) 455-3200,Psychiatric,Proprietary,90,60
114010,PEACHFORD BEHAVIORAL HEALTH SYSTEM OF ATLANTA,2151 PEACHFORD ROAD,(770) 455-3200,Psychiatric,Proprietary,105,45
114010,PEACHFORD BEHAVIORAL HEALTH SYSTEM OF ATLANTA,2151 PEACHFORD ROAD,(770) 455-3200,Psychiatric,Proprietary,98,52
114010,PEACHFORD BEHAVIORAL HEALTH SYSTEM OF ATLANTA,2151 PEACHFORD ROAD,(770) 455-3200,Psychiatric,Proprietary,102,48
114010,PEACHFORD BEHAVIORAL HEALTH SYSTEM OF ATLANTA,2151 PEACHFORD ROAD,(770) 455-3200,Psychiatric,Proprietary,117,33
114010,PEACHFORD BEHAVIORAL HEALTH SYSTEM OF ATLANTA,2151 PEACHFORD ROAD,(770) 455-3200,Psychiatric,Proprietary,105,45
114010,PEACHFORD BEHAVIORAL HEALTH SYSTEM OF ATLANTA,2151 PEACHFORD ROAD,(770) 455-3200,Psychiatric,Proprietary,121,29
114010,PEACHFORD BEHAVIORAL HEALTH SYSTEM OF ATLANTA,2151 PEACHFORD ROAD,(770) 455-3200,Psychiatric,Proprietary,130,20
114010,PEACHFORD BEHAVIORAL HEALTH SYSTEM OF ATLANTA,2151 PEACHFORD ROAD,(770) 455-3200,Psychiatric,Proprietary,104,46
114010,PEACHFORD BEHAVIORAL HEALTH SYSTEM OF ATLANTA,2151 PEACHFORD ROAD,(770) 455-3200,Psychiatric,Proprietary,117,33
114010,PEACHFORD BEHAVIORAL HEALTH SYSTEM OF ATLANTA,2151 PEACHFORD ROAD,(770) 455-3200,Psychiatric,Proprietary,131,19
114010,PEACHFORD BEHAVIORAL HEALTH SYSTEM OF ATLANTA,2151 PEACHFORD ROAD,(770) 455-3200,Psychiatric,Proprietary,110,40
114010,PEACHFORD BEHAVIORAL HEALTH SYSTEM OF ATLANTA,2151 PEACHFORD ROAD,(770) 455-3200,Psychiatric,Proprietary,116,34
114010,PEACHFORD BEHAVIORAL HEALTH SYSTEM OF ATLANTA,2151 PEACHFORD ROAD,(770) 455-3200,Psychiatric,Proprietary,103,47
114010,PEACHFORD BEHAVIORAL HEALTH SYSTEM OF ATLANTA,2151 PEACHFORD ROAD,(770) 455-3200,Psychiatric,Proprietary,115,35
114010,PEACHFORD BEHAVIORAL HEALTH SYSTEM OF ATLANTA,2151 PEACHFORD ROAD,(770) 455-3200,Psychiatric,Proprietary,138,12
114010,PEACHFORD BEHAVIORAL HEALTH SYSTEM OF ATLANTA,2151 PEACHFORD ROAD,(770) 455-3200,Psychiatric,Proprietary,140,10
114010,PEACHFORD BEHAVIORAL HEALTH SYSTEM OF ATLANTA,2151 PEACHFORD ROAD,(770) 455-3200,Psychiatric,Proprietary,134,16
114010,PEACHFORD BEHAVIORAL HEALTH SYSTEM OF ATLANTA,2151 PEACHFORD ROAD,(770) 455-3200,Psychiatric,Proprietary,102,48
114010,PEACHFORD BEHAVIORAL HEALTH SYSTEM OF ATLANTA,2151 PEACHFORD ROAD,(770) 455-3200,Psychiatric,Proprietary,101,49
114010,PEACHFORD BEHAVIORAL HEALTH SYSTEM OF ATLANTA,2151 PEACHFORD ROAD,(770) 455-3200,Psychiatric,Proprietary,113,37
114010,PEACHFORD BEHAVIORAL HEALTH SYSTEM OF ATLANTA,2151 PEACHFORD ROAD,(770) 455-3200,Psychiatric,Proprietary,97,53
114010,PEACHFORD BEHAVIORAL HEALTH SYSTEM OF ATLANTA,2151 PEACHFORD ROAD,(770) 455-3200,Psychiatric,Proprietary,114,36
114010,PEACHFORD BEHAVIORAL HEALTH SYSTEM OF ATLANTA,2151 PEACHFORD ROAD,(770) 455-3200,Psychiatric,Proprietary,104,46
114010,PEACHFORD BEHAVIORAL HEALTH SYSTEM OF ATLANTA,2151 PEACHFORD ROAD,(770) 455-3200,Psychiatric,Proprietary,128,22
114010,PEACHFORD BEHAVIORAL HEALTH SYSTEM OF ATLANTA,2151 PEACHFORD ROAD,(770) 455-3200,Psychiatric,Proprietary,131,19
114010,PEACHFORD BEHAVIORAL HEALTH SYSTEM OF ATLANTA,2151 PEACHFORD ROAD,(770) 455-3200,Psychiatric,Proprietary,110,40
114010,PEACHFORD BEHAVIORAL HEALTH SYSTEM OF ATLANTA,2151 PEACHFORD ROAD,(770) 455-3200,Psychiatric,Proprietary,101,49
114010,PEACHFORD BEHAVIORAL HEALTH SYSTEM OF ATLANTA,2151 PEACHFORD ROAD,(770) 455-3200,Psychiatric,Proprietary,120,30
114010,PEACHFORD BEHAVIORAL HEALTH SYSTEM OF ATLANTA,2151 PEACHFORD ROAD,(770) 455-3200,Psychiatric,Proprietary,92,58
114010,PEACHFORD BEHAVIORAL HEALTH SYSTEM OF ATLANTA,2151 PEACHFORD ROAD,(770) 455-3200,Psychiatric,Proprietary,109,41
114010,PEACHFORD BEHAVIORAL HEALTH SYSTEM OF ATLANTA,2151 PEACHFORD ROAD,(770) 455-3200,Psychiatric,Proprietary,127,23
114010,PEACHFORD BEHAVIORAL HEALTH SYSTEM OF ATLANTA,2151 PEACHFORD ROAD,(770) 455-3200,Psychiatric,Proprietary,136,14
114010,PEACHFORD BEHAVIORAL HEALTH SYSTEM OF ATLANTA,2151 PEACHFORD ROAD,(770) 455-3200,Psychiatric,Proprietary,134,16
114010,PEACHFORD BEHAVIORAL HEALTH SYSTEM OF ATLANTA,2151 PEACHFORD ROAD,(770) 455-3200,Psychiatric,Proprietary,108,42
114010,PEACHFORD BEHAVIORAL HEALTH SYSTEM OF ATLANTA,2151 PEACHFORD ROAD,(770) 455-3200,Psychiatric,Proprietary,112,38
114010,PEACHFORD BEHAVIORAL HEALTH SYSTEM OF ATLANTA,2151 PEACHFORD ROAD,(770) 455-3200,Psychiatric,Proprietary,103,47
114010,PEACHFORD BEHAVIORAL HEALTH SYSTEM OF ATLANTA,2151 PEACHFORD ROAD,(770) 455-3200,Psychiatric,Proprietary,132,18
114010,PEACHFORD BEHAVIORAL HEALTH SYSTEM OF ATLANTA,2151 PEACHFORD ROAD,(770) 455-3200,Psychiatric,Proprietary,127,23
114010,PEACHFORD BEHAVIORAL HEALTH SYSTEM OF ATLANTA,2151 PEACHFORD ROAD,(770) 455-3200,Psychiatric,Proprietary,107,43
114010,PEACHFORD BEHAVIORAL HEALTH SYSTEM OF ATLANTA,2151 PEACHFORD ROAD,(770) 455-3200,Psychiatric,Proprietary,106,44
114010,PEACHFORD BEHAVIORAL HEALTH SYSTEM OF ATLANTA,2151 PEACHFORD ROAD,(770) 455-3200,Psychiatric,Proprietary,123,27
114010,PEACHFORD BEHAVIORAL HEALTH SYSTEM OF ATLANTA,2151 PEACHFORD ROAD,(770) 455-3200,Psychiatric,Proprietary,90,60
114010,PEACHFORD BEHAVIORAL HEALTH SYSTEM OF ATLANTA,2151 PEACHFORD ROAD,(770) 455-3200,Psychiatric,Proprietary,137,13
114010,PEACHFORD BEHAVIORAL HEALTH SYSTEM OF ATLANTA,2151 PEACHFORD ROAD,(770) 455-3200,Psychiatric,Proprietary,110,40
114010,PEACHFORD BEHAVIORAL HEALTH SYSTEM OF ATLANTA,2151 PEACHFORD ROAD,(770) 455-3200,Psychiatric,Proprietary,108,42
114010,PEACHFORD BEHAVIORAL HEALTH SYSTEM OF ATLANTA,2151 PEACHFORD ROAD,(770) 455-3200,Psychiatric,Proprietary,122,28
114010,PEACHFORD BEHAVIORAL HEALTH SYSTEM OF ATLANTA,2151 PEACHFORD ROAD,(770) 455-3200,Psychiatric,Proprietary,99,51
114010,PEACHFORD BEHAVIORAL HEALTH SYSTEM OF ATLANTA,2151 PEACHFORD ROAD,(770) 455-3200,Psychiatric,Proprietary,101,49
114010,PEACHFORD BEHAVIORAL HEALTH SYSTEM OF ATLANTA,2151 PEACHFORD ROAD,(770) 455-3200,Psychiatric,Proprietary,119,31
114010,PEACHFORD BEHAVIORAL HEALTH SYSTEM OF ATLANTA,2151 PEACHFORD ROAD,(770) 455-3200,Psychiatric,Proprietary,90,60
114010,PEACHFORD BEHAVIORAL HEALTH SYSTEM OF ATLANTA,2151 PEACHFORD ROAD,(770) 455-3200,Psychiatric,Proprietary,103,47
114010,PEACHFORD BEHAVIORAL HEALTH SYSTEM OF ATLANTA,2151 PEACHFORD ROAD,(770) 455-3200,Psychiatric,Proprietary,113,37
114010,PEACHFORD BEHAVIORAL HEALTH SYSTEM OF ATLANTA,2151 PEACHFORD ROAD,(770) 455-3200,Psychiatric,Proprietary,122,28
114010,PEACHFORD BEHAVIORAL HEALTH SYSTEM OF ATLANTA,2151 PEACHFORD ROAD,(770) 455-3200,Psychiatric,Proprietary,112,38
114010,PEACHFORD BEHAVIORAL HEALTH SYSTEM OF ATLANTA,2151 PEACHFORD ROAD,(770) 455-3200,Psychiatric,Proprietary,97,53
114010,PEACHFORD BEHAVIORAL HEALTH SYSTEM OF ATLANTA,2151 PEACHFORD ROAD,(770) 455-3200,Psychiatric,Proprietary,132,18
114010,PEACHFORD BEHAVIORAL HEALTH SYSTEM OF ATLANTA,2151 PEACHFORD ROAD,(770) 455-3200,Psychiatric,Proprietary,132,18
114010,PEACHFORD BEHAVIORAL HEALTH SYSTEM OF ATLANTA,2151 PEACHFORD ROAD,(770) 455-3200,Psychiatric,Proprietary,119,31
114010,PEACHFORD BEHAVIORAL HEALTH SYSTEM OF ATLANTA,2151 PEACHFORD ROAD,(770) 455-3200,Psychiatric,Proprietary,113,37
114010,PEACHFORD BEHAVIORAL HEALTH SYSTEM OF ATLANTA,2151 PEACHFORD ROAD,(770) 455-3200,Psychiatric,Proprietary,133,17
114010,PEACHFORD BEHAVIORAL HEALTH SYSTEM OF ATLANTA,2151 PEACHFORD ROAD,(770) 455-3200,Psychiatric,Proprietary,121,29
114010,PEACHFORD BEHAVIORAL HEALTH SYSTEM OF ATLANTA,2151 PEACHFORD ROAD,(770) 455-3200,Psychiatric,Proprietary,95,55
114010,PEACHFORD BEHAVIORAL HEALTH SYSTEM OF ATLANTA,2151 PEACHFORD ROAD,(770) 455-3200,Psychiatric,Proprietary,142,8
114010,PEACHFORD BEHAVIORAL HEALTH SYSTEM OF ATLANTA,2151 PEACHFORD ROAD,(770) 455-3200,Psychiatric,Proprietary,91,59
114010,PEACHFORD BEHAVIORAL HEALTH SYSTEM OF ATLANTA,2151 PEACHFORD ROAD,(770) 455-3200,Psychiatric,Proprietary,100,50
114010,PEACHFORD BEHAVIORAL HEALTH SYSTEM OF ATLANTA,2151 PEACHFORD ROAD,(770) 455-3200,Psychiatric,Proprietary,129,21
114010,PEACHFORD BEHAVIORAL HEALTH SYSTEM OF ATLANTA,2151 PEACHFORD ROAD,(770) 455-3200,Psychiatric,Proprietary,119,31
114010,PEACHFORD BEHAVIORAL HEALTH SYSTEM OF ATLANTA,2151 PEACHFORD ROAD,(770) 455-3200,Psychiatric,Proprietary,90,60
114010,PEACHFORD BEHAVIORAL HEALTH SYSTEM OF ATLANTA,2151 PEACHFORD ROAD,(770) 455-3200,Psychiatric,Proprietary,109,41
114010,PEACHFORD BEHAVIORAL HEALTH SYSTEM OF ATLANTA,2151 PEACHFORD ROAD,(770) 455-3200,Psychiatric,Proprietary,100,50
114010,PEACHFORD BEHAVIORAL HEALTH SYSTEM OF ATLANTA,2151 PEACHFORD ROAD,(770) 455-3200,Psychiatric,Proprietary,116,34
114010,PEACHFORD BEHAVIORAL HEALTH SYSTEM OF ATLANTA,2151 PEACHFORD ROAD,(770) 455-3200,Psychiatric,Proprietary,136,14
114010,PEACHFORD BEHAVIORAL HEALTH SYSTEM OF ATLANTA,2151 PEACHFORD ROAD,(770) 455-3200,Psychiatric,Proprietary,98,52
114010,PEACHFORD BEHAVIORAL HEALTH SYSTEM OF ATLANTA,2151 PEACHFORD ROAD,(770) 455-3200,Psychiatric,Proprietary,122,28
114010,PEACHFORD BEHAVIORAL HEALTH SYSTEM OF ATLANTA,2151 PEACHFORD ROAD,(770) 455-3200,Psychiatric,Proprietary,117,33
114010,PEACHFORD BEHAVIORAL HEALTH SYSTEM OF ATLANTA,2151 PEACHFORD ROAD,(770) 455-3200,Psychiatric,Proprietary,114,36
114010,PEACHFORD BEHAVIORAL HEALTH SYSTEM OF ATLANTA,2151 PEACHFORD ROAD,(770) 455-3200,Psychiatric,Proprietary,104,46
114010,PEACHFORD BEHAVIORAL HEALTH SYSTEM OF ATLANTA,2151 PEACHFORD ROAD,(770) 455-3200,Psychiatric,Proprietary,115,35
114010,PEACHFORD BEHAVIORAL HEALTH SYSTEM OF ATLANTA,2151 PEACHFORD ROAD,(770) 455-3200,Psychiatric,Proprietary,135,15
114010,PEACHFORD BEHAVIORAL HEALTH SYSTEM OF ATLANTA,2151 PEACHFORD ROAD,(770) 455-3200,Psychiatric,Proprietary,112,38
114010,PEACHFORD BEHAVIORAL HEALTH SYSTEM OF ATLANTA,2151 PEACHFORD ROAD,(770) 455-3200,Psychiatric,Proprietary,106,44
114010,PEACHFORD BEHAVIORAL HEALTH SYSTEM OF ATLANTA,2151 PEACHFORD ROAD,(770) 455-3200,Psychiatric,Proprietary,109,41
114010,PEACHFORD BEHAVIORAL HEALTH SYSTEM OF ATLANTA,2151 PEACHFORD ROAD,(770) 455-3200,Psychiatric,Proprietary,141,9
114010,PEACHFORD BEHAVIORAL HEALTH SYSTEM OF ATLANTA,2151 PEACHFORD ROAD,(770) 455-3200,Psychiatric,Proprietary,118,32
114010,PEACHFORD BEHAVIORAL HEALTH SYSTEM OF ATLANTA,2151 PEACHFORD ROAD,(770) 455-3200,Psychiatric,Proprietary,97,53
114010,PEACHFORD BEHAVIORAL HEALTH SYSTEM OF ATLANTA,2151 PEACHFORD ROAD,(770) 455-3200,Psychiatric,Proprietary,118,32
114010,PEACHFORD BEHAVIORAL HEALTH SYSTEM OF ATLANTA,2151 PEACHFORD ROAD,(770) 455-3200,Psychiatric,Proprietary,142,8
114010,PEACHFORD BEHAVIORAL HEALTH SYSTEM OF ATLANTA,2151 PEACHFORD ROAD,(770) 455-3200,Psychiatric,Proprietary,136,14
114010,PEACHFORD BEHAVIORAL HEALTH SYSTEM OF ATLANTA,2151 PEACHFORD ROAD,(770) 455-3200,Psychiatric,Proprietary,122,28
114010,PEACHFORD BEHAVIORAL HEALTH SYSTEM OF ATLANTA,2151 PEACHFORD ROAD,(770) 455-3200,Psychiatric,Proprietary,93,57
114010,PEACHFORD BEHAVIORAL HEALTH SYSTEM OF ATLANTA,2151 PEACHFORD ROAD,(770) 455-3200,Psychiatric,Proprietary,112,38
114010,PEACHFORD BEHAVIORAL HEALTH SYSTEM OF ATLANTA,2151 PEACHFORD ROAD,(770) 455-3200,Psychiatric,Proprietary,141,9
114010,PEACHFORD BEHAVIORAL HEALTH SYSTEM OF ATLANTA,2151 PEACHFORD ROAD,(770) 455-3200,Psychiatric,Proprietary,111,39
114010,PEACHFORD BEHAVIORAL HEALTH SYSTEM OF ATLANTA,2151 PEACHFORD ROAD,(770) 455-3200,Psychiatric,Proprietary,92,58
114010,PEACHFORD BEHAVIORAL HEALTH SYSTEM OF ATLANTA,2151 PEACHFORD ROAD,(770) 455-3200,Psychiatric,Proprietary,115,35
114010,PEACHFORD BEHAVIORAL HEALTH SYSTEM OF ATLANTA,2151 PEACHFORD ROAD,(770) 455-3200,Psychiatric,Proprietary,133,17
114010,PEACHFORD BEHAVIORAL HEALTH SYSTEM OF ATLANTA,2151 PEACHFORD ROAD,(770) 455-3200,Psychiatric,Proprietary,94,56
114010,PEACHFORD BEHAVIORAL HEALTH SYSTEM OF ATLANTA,2151 PEACHFORD ROAD,(770) 455-3200,Psychiatric,Proprietary,133,17
114010,PEACHFORD BEHAVIORAL HEALTH SYSTEM OF ATLANTA,2151 PEACHFORD ROAD,(770) 455-3200,Psychiatric,Proprietary,94,56
114010,PEACHFORD BEHAVIORAL HEALTH SYSTEM OF ATLANTA,2151 PEACHFORD ROAD,(770) 455-3200,Psychiatric,Proprietary,112,38
114010,PEACHFORD BEHAVIORAL HEALTH SYSTEM OF ATLANTA,2151 PEACHFORD ROAD,(770) 455-3200,Psychiatric,Proprietary,100,50
114010,PEACHFORD BEHAVIORAL HEALTH SYSTEM OF ATLANTA,2151 PEACHFORD ROAD,(770) 455-3200,Psychiatric,Proprietary,110,40
114010,PEACHFORD BEHAVIORAL HEALTH SYSTEM OF ATLANTA,2151 PEACHFORD ROAD,(770) 455-3200,Psychiatric,Proprietary,123,27
114010,PEACHFORD BEHAVIORAL HEALTH SYSTEM OF ATLANTA,2151 PEACHFORD ROAD,(770) 455-3200,Psychiatric,Proprietary,90,60
114010,PEACHFORD BEHAVIORAL HEALTH SYSTEM OF ATLANTA,2151 PEACHFORD ROAD,(770) 455-3200,Psychiatric,Proprietary,141,9
114010,PEACHFORD BEHAVIORAL HEALTH SYSTEM OF ATLANTA,2151 PEACHFORD ROAD,(770) 455-3200,Psychiatric,Proprietary,128,22
114010,PEACHFORD BEHAVIORAL HEALTH SYSTEM OF ATLANTA,2151 PEACHFORD ROAD,(770) 455-3200,Psychiatric,Proprietary,138,12
114010,PEACHFORD BEHAVIORAL HEALTH SYSTEM OF ATLANTA,2151 PEACHFORD ROAD,(770) 455-3200,Psychiatric,Proprietary,124,26
114010,PEACHFORD BEHAVIORAL HEALTH SYSTEM OF ATLANTA,2151 PEACHFORD ROAD,(770) 455-3200,Psychiatric,Proprietary,126,24
114010,PEACHFORD BEHAVIORAL HEALTH SYSTEM OF ATLANTA,2151 PEACHFORD ROAD,(770) 455-3200,Psychiatric,Proprietary,133,17
114010,PEACHFORD BEHAVIORAL HEALTH SYSTEM OF ATLANTA,2151 PEACHFORD ROAD,(770) 455-3200,Psychiatric,Proprietary,116,34
114010,PEACHFORD BEHAVIORAL HEALTH SYSTEM OF ATLANTA,2151 PEACHFORD ROAD,(770) 455-3200,Psychiatric,Proprietary,129,21
114010,PEACHFORD BEHAVIORAL HEALTH SYSTEM OF ATLANTA,2151 PEACHFORD ROAD,(770) 455-3200,Psychiatric,Proprietary,96,54
114010,PEACHFORD BEHAVIORAL HEALTH SYSTEM OF ATLANTA,2151 PEACHFORD ROAD,(770) 455-3200,Psychiatric,Proprietary,118,32
114010,PEACHFORD BEHAVIORAL HEALTH SYSTEM OF ATLANTA,2151 PEACHFORD ROAD,(770) 455-3200,Psychiatric,Proprietary,125,25
114010,PEACHFORD BEHAVIORAL HEALTH SYSTEM OF ATLANTA,2151 PEACHFORD ROAD,(770) 455-3200,Psychiatric,Proprietary,95,55
114010,PEACHFORD BEHAVIORAL HEALTH SYSTEM OF ATLANTA,2151 PEACHFORD ROAD,(770) 455-3200,Psychiatric,Proprietary,129,21
114010,PEACHFORD BEHAVIORAL HEALTH SYSTEM OF ATLANTA,2151 PEACHFORD ROAD,(770) 455-3200,Psychiatric,Proprietary,94,56
114010,PEACHFORD BEHAVIORAL HEALTH SYSTEM OF ATLANTA,2151 PEACHFORD ROAD,(770) 455-3200,Psychiatric,Proprietary,90,60
114010,PEACHFORD BEHAVIORAL HEALTH SYSTEM OF ATLANTA,2151 PEACHFORD ROAD,(770) 455-3200,Psychiatric,Proprietary,116,34
114010,PEACHFORD BEHAVIORAL HEALTH SYSTEM OF ATLANTA,2151 PEACHFORD ROAD,(770) 455-3200,Psychiatric,Proprietary,135,15
114010,PEACHFORD BEHAVIORAL HEALTH SYSTEM OF ATLANTA,2151 PEACHFORD ROAD,(770) 455-3200,Psychiatric,Proprietary,135,15
114010,PEACHFORD BEHAVIORAL HEALTH SYSTEM OF ATLANTA,2151 PEACHFORD ROAD,(770) 455-3200,Psychiatric,Proprietary,105,45
114010,PEACHFORD BEHAVIORAL HEALTH SYSTEM OF ATLANTA,2151 PEACHFORD ROAD,(770) 455-3200,Psychiatric,Proprietary,133,17
114010,PEACHFORD BEHAVIORAL HEALTH SYSTEM OF ATLANTA,2151 PEACHFORD ROAD,(770) 455-3200,Psychiatric,Proprietary,114,36
114010,PEACHFORD BEHAVIORAL HEALTH SYSTEM OF ATLANTA,2151 PEACHFORD ROAD,(770) 455-3200,Psychiatric,Proprietary,92,58
114010,PEACHFORD BEHAVIORAL HEALTH SYSTEM OF ATLANTA,2151 PEACHFORD ROAD,(770) 455-3200,Psychiatric,Proprietary,115,35
114010,PEACHFORD BEHAVIORAL HEALTH SYSTEM OF ATLANTA,2151 PEACHFORD ROAD,(770) 455-3200,Psychiatric,Proprietary,139,11
114010,PEACHFORD BEHAVIORAL HEALTH SYSTEM OF ATLANTA,2151 PEACHFORD ROAD,(770) 455-3200,Psychiatric,Proprietary,132,18
114010,PEACHFORD BEHAVIORAL HEALTH SYSTEM OF ATLANTA,2151 PEACHFORD ROAD,(770) 455-3200,Psychiatric,Proprietary,109,41
114010,PEACHFORD BEHAVIORAL HEALTH SYSTEM OF ATLANTA,2151 PEACHFORD ROAD,(770) 455-3200,Psychiatric,Proprietary,137,13
114010,PEACHFORD BEHAVIORAL HEALTH SYSTEM OF ATLANTA,2151 PEACHFORD ROAD,(770) 455-3200,Psychiatric,Proprietary,90,60
114010,PEACHFORD BEHAVIORAL HEALTH SYSTEM OF ATLANTA,2151 PEACHFORD ROAD,(770) 455-3200,Psychiatric,Proprietary,130,20
114010,PEACHFORD BEHAVIORAL HEALTH SYSTEM OF ATLANTA,2151 PEACHFORD ROAD,(770) 455-3200,Psychiatric,Proprietary,125,25
114010,PEACHFORD BEHAVIORAL HEALTH SYSTEM OF ATLANTA,2151 PEACHFORD ROAD,(770) 455-3200,Psychiatric,Proprietary,104,46
114010,PEACHFORD BEHAVIORAL HEALTH SYSTEM OF ATLANTA,2151 PEACHFORD ROAD,(770) 455-3200,Psychiatric,Proprietary,92,58
114010,PEACHFORD BEHAVIORAL HEALTH SYSTEM OF ATLANTA,2151 PEACHFORD ROAD,(770) 455-3200,Psychiatric,Proprietary,131,19
114010,PEACHFORD BEHAVIORAL HEALTH SYSTEM OF ATLANTA,2151 PEACHFORD ROAD,(770) 455-3200,Psychiatric,Proprietary,115,35
114010,PEACHFORD BEHAVIORAL HEALTH SYSTEM OF ATLANTA,2151 PEACHFORD ROAD,(770) 455-3200,Psychiatric,Proprietary,141,9
114010,PEACHFORD BEHAVIORAL HEALTH SYSTEM OF ATLANTA,2151 PEACHFORD ROAD,(770) 455-3200,Psychiatric,Proprietary,107,43
114010,PEACHFORD BEHAVIORAL HEALTH SYSTEM OF ATLANTA,2151 PEACHFORD ROAD,(770) 455-3200,Psychiatric,Proprietary,92,58
114010,PEACHFORD BEHAVIORAL HEALTH SYSTEM OF ATLANTA,2151 PEACHFORD ROAD,(770) 455-3200,Psychiatric,Proprietary,90,60
114010,PEACHFORD BEHAVIORAL HEALTH SYSTEM OF ATLANTA,2151 PEACHFORD ROAD,(770) 455-3200,Psychiatric,Proprietary,133,17
114010,PEACHFORD BEHAVIORAL HEALTH SYSTEM OF ATLANTA,2151 PEACHFORD ROAD,(770) 455-3200,Psychiatric,Proprietary,138,12
114010,PEACHFORD BEHAVIORAL HEALTH SYSTEM OF ATLANTA,2151 PEACHFORD ROAD,(770) 455-3200,Psychiatric,Proprietary,126,24
114010,PEACHFORD BEHAVIORAL HEALTH SYSTEM OF ATLANTA,2151 PEACHFORD ROAD,(770) 455-3200,Psychiatric,Proprietary,122,28
114010,PEACHFORD BEHAVIORAL HEALTH SYSTEM OF ATLANTA,2151 PEACHFORD ROAD,(770) 455-3200,Psychiatric,Proprietary,114,36
114010,PEACHFORD BEHAVIORAL HEALTH SYSTEM OF ATLANTA,2151 PEACHFORD ROAD,(770) 455-3200,Psychiatric,Proprietary,140,10
114010,PEACHFORD BEHAVIORAL HEALTH SYSTEM OF ATLANTA,2151 PEACHFORD ROAD,(770) 455-3200,Psychiatric,Proprietary,111,39
114010,PEACHFORD BEHAVIORAL HEALTH SYSTEM OF ATLANTA,2151 PEACHFORD ROAD,(770) 455-3200,Psychiatric,Proprietary,96,54
114010,PEACHFORD BEHAVIORAL HEALTH SYSTEM OF ATLANTA,2151 PEACHFORD ROAD,(770) 455-3200,Psychiatric,Proprietary,115,35
114010,PEACHFORD BEHAVIORAL HEALTH SYSTEM OF ATLANTA,2151 PEACHFORD ROAD,(770) 455-3200,Psychiatric,Proprietary,109,41
114010,PEACHFORD BEHAVIORAL HEALTH SYSTEM OF ATLANTA,2151 PEACHFORD ROAD,(770) 455-3200,Psychiatric,Proprietary,119,31
114010,PEACHFORD BEHAVIORAL HEALTH SYSTEM OF ATLANTA,2151 PEACHFORD ROAD,(770) 455-3200,Psychiatric,Proprietary,115,35
114010,PEACHFORD BEHAVIORAL HEALTH SYSTEM OF ATLANTA,2151 PEACHFORD ROAD,(770) 455-3200,Psychiatric,Proprietary,124,26
114010,PEACHFORD BEHAVIORAL HEALTH SYSTEM OF ATLANTA,2151 PEACHFORD ROAD,(770) 455-3200,Psychiatric,Proprietary,106,44
114010,PEACHFORD BEHAVIORAL HEALTH SYSTEM OF ATLANTA,2151 PEACHFORD ROAD,(770) 455-3200,Psychiatric,Proprietary,135,15
114010,PEACHFORD BEHAVIORAL HEALTH SYSTEM OF ATLANTA,2151 PEACHFORD ROAD,(770) 455-3200,Psychiatric,Proprietary,104,46
114010,PEACHFORD BEHAVIORAL HEALTH SYSTEM OF ATLANTA,2151 PEACHFORD ROAD,(770) 455-3200,Psychiatric,Proprietary,121,29
114010,PEACHFORD BEHAVIORAL HEALTH SYSTEM OF ATLANTA,2151 PEACHFORD ROAD,(770) 455-3200,Psychiatric,Proprietary,107,43
114010,PEACHFORD BEHAVIORAL HEALTH SYSTEM OF ATLANTA,2151 PEACHFORD ROAD,(770) 455-3200,Psychiatric,Proprietary,137,13
114010,PEACHFORD BEHAVIORAL HEALTH SYSTEM OF ATLANTA,2151 PEACHFORD ROAD,(770) 455-3200,Psychiatric,Proprietary,133,17
114010,PEACHFORD BEHAVIORAL HEALTH SYSTEM OF ATLANTA,2151 PEACHFORD ROAD,(770) 455-3200,Psychiatric,Proprietary,121,29
114010,PEACHFORD BEHAVIORAL HEALTH SYSTEM OF ATLANTA,2151 PEACHFORD ROAD,(770) 455-3200,Psychiatric,Proprietary,126,24
114010,PEACHFORD BEHAVIORAL HEALTH SYSTEM OF ATLANTA,2151 PEACHFORD ROAD,(770) 455-3200,Psychiatric,Proprietary,135,15
114010,PEACHFORD BEHAVIORAL HEALTH SYSTEM OF ATLANTA,2151 PEACHFORD ROAD,(770) 455-3200,Psychiatric,Proprietary,127,23
114010,PEACHFORD BEHAVIORAL HEALTH SYSTEM OF ATLANTA,2151 PEACHFORD ROAD,(770) 455-3200,Psychiatric,Proprietary,98,52
114010,PEACHFORD BEHAVIORAL HEALTH SYSTEM OF ATLANTA,2151 PEACHFORD ROAD,(770) 455-3200,Psychiatric,Proprietary,93,57
114010,PEACHFORD BEHAVIORAL HEALTH SYSTEM OF ATLANTA,2151 PEACHFORD ROAD,(770) 455-3200,Psychiatric,Proprietary,114,36
114010,PEACHFORD BEHAVIORAL HEALTH SYSTEM OF ATLANTA,2151 PEACHFORD ROAD,(770) 455-3200,Psychiatric,Proprietary,92,58
114010,PEACHFORD BEHAVIORAL HEALTH SYSTEM OF ATLANTA,2151 PEACHFORD ROAD,(770) 455-3200,Psychiatric,Proprietary,102,48
114010,PEACHFORD BEHAVIORAL HEALTH SYSTEM OF ATLANTA,2151 PEACHFORD ROAD,(770) 455-3200,Psychiatric,Proprietary,124,26
114010,PEACHFORD BEHAVIORAL HEALTH SYSTEM OF ATLANTA,2151 PEACHFORD ROAD,(770) 455-3200,Psychiatric,Proprietary,135,15
114010,PEACHFORD BEHAVIORAL HEALTH SYSTEM OF ATLANTA,2151 PEACHFORD ROAD,(770) 455-3200,Psychiatric,Proprietary,105,45
114010,PEACHFORD BEHAVIORAL HEALTH SYSTEM OF ATLANTA,2151 PEACHFORD ROAD,(770) 455-3200,Psychiatric,Proprietary,138,12
114010,PEACHFORD BEHAVIORAL HEALTH SYSTEM OF ATLANTA,2151 PEACHFORD ROAD,(770) 455-3200,Psychiatric,Proprietary,94,56
114010,PEACHFORD BEHAVIORAL HEALTH SYSTEM OF ATLANTA,2151 PEACHFORD ROAD,(770) 455-3200,Psychiatric,Proprietary,116,34
114010,PEACHFORD BEHAVIORAL HEALTH SYSTEM OF ATLANTA,2151 PEACHFORD ROAD,(770) 455-3200,Psychiatric,Proprietary,141,9
114010,PEACHFORD BEHAVIORAL HEALTH SYSTEM OF ATLANTA,2151 PEACHFORD ROAD,(770) 455-3200,Psychiatric,Proprietary,93,57
114010,PEACHFORD BEHAVIORAL HEALTH SYSTEM OF ATLANTA,2151 PEACHFORD ROAD,(770) 455-3200,Psychiatric,Proprietary,118,32
114010,PEACHFORD BEHAVIORAL HEALTH SYSTEM OF ATLANTA,2151 PEACHFORD ROAD,(770) 455-3200,Psychiatric,Proprietary,102,48
114010,PEACHFORD BEHAVIORAL HEALTH SYSTEM OF ATLANTA,2151 PEACHFORD ROAD,(770) 455-3200,Psychiatric,Proprietary,131,19
114010,PEACHFORD BEHAVIORAL HEALTH SYSTEM OF ATLANTA,2151 PEACHFORD ROAD,(770) 455-3200,Psychiatric,Proprietary,117,33
114010,PEACHFORD BEHAVIORAL HEALTH SYSTEM OF ATLANTA,2151 PEACHFORD ROAD,(770) 455-3200,Psychiatric,Proprietary,97,53
114010,PEACHFORD BEHAVIORAL HEALTH SYSTEM OF ATLANTA,2151 PEACHFORD ROAD,(770) 455-3200,Psychiatric,Proprietary,97,53
114010,PEACHFORD BEHAVIORAL HEALTH SYSTEM OF ATLANTA,2151 PEACHFORD ROAD,(770) 455-3200,Psychiatric,Proprietary,113,37
114010,PEACHFORD BEHAVIORAL HEALTH SYSTEM OF ATLANTA,2151 PEACHFORD ROAD,(770) 455-3200,Psychiatric,Proprietary,96,54
114010,PEACHFORD BEHAVIORAL HEALTH SYSTEM OF ATLANTA,2151 PEACHFORD ROAD,(770) 455-3200,Psychiatric,Proprietary,118,32
114010,PEACHFORD BEHAVIORAL HEALTH SYSTEM OF ATLANTA,2151 PEACHFORD ROAD,(770) 455-3200,Psychiatric,Proprietary,90,60
114010,PEACHFORD BEHAVIORAL HEALTH SYSTEM OF ATLANTA,2151 PEACHFORD ROAD,(770) 455-3200,Psychiatric,Proprietary,138,12
114010,PEACHFORD BEHAVIORAL HEALTH SYSTEM OF ATLANTA,2151 PEACHFORD ROAD,(770) 455-3200,Psychiatric,Proprietary,105,45
114010,PEACHFORD BEHAVIORAL HEALTH SYSTEM OF ATLANTA,2151 PEACHFORD ROAD,(770) 455-3200,Psychiatric,Proprietary,115,35
114010,PEACHFORD BEHAVIORAL HEALTH SYSTEM OF ATLANTA,2151 PEACHFORD ROAD,(770) 455-3200,Psychiatric,Proprietary,118,32
114010,PEACHFORD BEHAVIORAL HEALTH SYSTEM OF ATLANTA,2151 PEACHFORD ROAD,(770) 455-3200,Psychiatric,Proprietary,112,38
114010,PEACHFORD BEHAVIORAL HEALTH SYSTEM OF ATLANTA,2151 PEACHFORD ROAD,(770) 455-3200,Psychiatric,Proprietary,118,32
114010,PEACHFORD BEHAVIORAL HEALTH SYSTEM OF ATLANTA,2151 PEACHFORD ROAD,(770) 455-3200,Psychiatric,Proprietary,107,43
114010,PEACHFORD BEHAVIORAL HEALTH SYSTEM OF ATLANTA,2151 PEACHFORD ROAD,(770) 455-3200,Psychiatric,Proprietary,95,55
