Facility ID,Facility Name,Address,Telephone Number,Hospital Type,Hospital Ownership,Active Beds,Inactive Beds
114035,RIVERWOODS BEHAVIORAL HEALTH SYSTEM,223 MEDICAL CENTER DRIVE,(770) 991-8500,Psychiatric,Proprietary,140,60
114035,RIVERWOODS BEHAVIORAL HEALTH SYSTEM,223 MEDICAL CENTER DRIVE,(770) 991-8500,Psychiatric,Proprietary,134,66
114035,RIVERWOODS BEHAVIORAL HEALTH SYSTEM,223 MEDICAL CENTER DRIVE,(770) 991-8500,Psychiatric,Proprietary,188,12
114035,RIVERWOODS BEHAVIORAL HEALTH SYSTEM,223 MEDICAL CENTER DRIVE,(770) 991-8500,Psychiatric,Proprietary,142,58
114035,RIVERWOODS BEHAVIORAL HEALTH SYSTEM,223 MEDICAL CENTER DRIVE,(770) 991-8500,Psychiatric,Proprietary,139,61
114035,RIVERWOODS BEHAVIORAL HEALTH SYSTEM,223 MEDICAL CENTER DRIVE,(770) 991-8500,Psychiatric,Proprietary,153,47
114035,RIVERWOODS BEHAVIORAL HEALTH SYSTEM,223 MEDICAL CENTER DRIVE,(770) 991-8500,Psychiatric,Proprietary,150,50
114035,RIVERWOODS BEHAVIORAL HEALTH SYSTEM,223 MEDICAL CENTER DRIVE,(770) 991-8500,Psychiatric,Proprietary,157,43
114035,RIVERWOODS BEHAVIORAL HEALTH SYSTEM,223 MEDICAL CENTER DRIVE,(770) 991-8500,Psychiatric,Proprietary,138,62
114035,RIVERWOODS BEHAVIORAL HEALTH SYSTEM,223 MEDICAL CENTER DRIVE,(770) 991-8500,Psychiatric,Proprietary,136,64
114035,RIVERWOODS BEHAVIORAL HEALTH SYSTEM,223 MEDICAL CENTER DRIVE,(770) 991-8500,Psychiatric,Proprietary,178,22
114035,RIVERWOODS BEHAVIORAL HEALTH SYSTEM,223 MEDICAL CENTER DRIVE,(770) 991-8500,Psychiatric,Proprietary,182,18
114035,RIVERWOODS BEHAVIORAL HEALTH SYSTEM,223 MEDICAL CENTER DRIVE,(770) 991-8500,Psychiatric,Proprietary,148,52
114035,RIVERWOODS BEHAVIORAL HEALTH SYSTEM,223 MEDICAL CENTER DRIVE,(770) 991-8500,Psychiatric,Proprietary,124,76
114035,RIVERWOODS BEHAVIORAL HEALTH SYSTEM,223 MEDICAL CENTER DRIVE,(770) 991-8500,Psychiatric,Proprietary,149,51
114035,RIVERWOODS BEHAVIORAL HEALTH SYSTEM,223 MEDICAL CENTER DRIVE,(770) 991-8500,Psychiatric,Proprietary,127,73
114035,RIVERWOODS BEHAVIORAL HEALTH SYSTEM,223 MEDICAL CENTER DRIVE,(770) 991-8500,Psychiatric,Proprietary,139,61
114035,RIVERWOODS BEHAVIORAL HEALTH SYSTEM,223 MEDICAL CENTER DRIVE,(770) 991-8500,Psychiatric,Proprietary,139,61
114035,RIVERWOODS BEHAVIORAL HEALTH SYSTEM,223 MEDICAL CENTER DRIVE,(770) 991-8500,Psychiatric,Proprietary,186,14
114035,RIVERWOODS BEHAVIORAL HEALTH SYSTEM,223 MEDICAL CENTER DRIVE,(770) 991-8500,Psychiatric,Proprietary,152,48
114035,RIVERWOODS BEHAVIORAL HEALTH SYSTEM,223 MEDICAL CENTER DRIVE,(770) 991-8500,Psychiatric,Proprietary,183,17
114035,RIVERWOODS BEHAVIORAL HEALTH SYSTEM,223 MEDICAL CENTER DRIVE,(770) 991-8500,Psychiatric,Proprietary,161,39
114035,RIVERWOODS BEHAVIORAL HEALTH SYSTEM,223 MEDICAL CENTER DRIVE,(770) 991-8500,Psychiatric,Proprietary,134,66
114035,RIVERWOODS BEHAVIORAL HEALTH SYSTEM,223 MEDICAL CENTER DRIVE,(770) 991-8500,Psychiatric,Proprietary,121,79
114035,RIVERWOODS BEHAVIORAL HEALTH SYSTEM,223 MEDICAL CENTER DRIVE,(770) 991-8500,Psychiatric,Proprietary,136,64
114035,RIVERWOODS BEHAVIORAL HEALTH SYSTEM,223 MEDICAL CENTER DRIVE,(770) 991-8500,Psychiatric,Proprietary,181,19
114035,RIVERWOODS BEHAVIORAL HEALTH SYSTEM,223 MEDICAL CENTER DRIVE,(770) 991-8500,Psychiatric,Proprietary,154,46
114035,RIVERWOODS BEHAVIORAL HEALTH SYSTEM,223 MEDICAL CENTER DRIVE,(770) 991-8500,Psychiatric,Proprietary,123,77
114035,RIVERWOODS BEHAVIORAL HEALTH SYSTEM,223 MEDICAL CENTER DRIVE,(770) 991-8500,Psychiatric,Proprietary,135,65
114035,RIVERWOODS BEHAVIORAL HEALTH SYSTEM,223 MEDICAL CENTER DRIVE,(770) 991-8500,Psychiatric,Proprietary,168,32
114035,RIVERWOODS BEHAVIORAL HEALTH SYSTEM,223 MEDICAL CENTER DRIVE,(770) 991-8500,Psychiatric,Proprietary,170,30
114035,RIVERWOODS BEHAVIORAL HEALTH SYSTEM,223 MEDICAL CENTER DRIVE,(770) 991-8500,Psychiatric,Proprietary,177,23
114035,RIVERWOODS BEHAVIORAL HEALTH SYSTEM,223 MEDICAL CENTER DRIVE,(770) 991-8500,Psychiatric,Proprietary,181,19
114035,RIVERWOODS BEHAVIORAL HEALTH SYSTEM,223 MEDICAL CENTER DRIVE,(770) 991-8500,Psychiatric,Proprietary,178,22
114035,RIVERWOODS BEHAVIORAL HEALTH SYSTEM,223 MEDICAL CENTER DRIVE,(770) 991-8500,Psychiatric,Proprietary,144,56
114035,RIVERWOODS BEHAVIORAL HEALTH SYSTEM,223 MEDICAL CENTER DRIVE,(770) 991-8500,Psychiatric,Proprietary,172,28
114035,RIVERWOODS BEHAVIORAL HEALTH SYSTEM,223 MEDICAL CENTER DRIVE,(770) 991-8500,Psychiatric,Proprietary,174,26
114035,RIVERWOODS BEHAVIORAL HEALTH SYSTEM,223 MEDICAL CENTER DRIVE,(770) 991-8500,Psychiatric,Proprietary,147,53
114035,RIVERWOODS BEHAVIORAL HEALTH SYSTEM,223 MEDICAL CENTER DRIVE,(770) 991-8500,Psychiatric,Proprietary,186,14
114035,RIVERWOODS BEHAVIORAL HEALTH SYSTEM,223 MEDICAL CENTER DRIVE,(770) 991-8500,Psychiatric,Proprietary,186,14
114035,RIVERWOODS BEHAVIORAL HEALTH SYSTEM,223 MEDICAL CENTER DRIVE,(770) 991-8500,Psychiatric,Proprietary,132,68
114035,RIVERWOODS BEHAVIORAL HEALTH SYSTEM,223 MEDICAL CENTER DRIVE,(770) 991-8500,Psychiatric,Proprietary,137,63
114035,RIVERWOODS BEHAVIORAL HEALTH SYSTEM,223 MEDICAL CENTER DRIVE,(770) 991-8500,Psychiatric,Proprietary,121,79
114035,RIVERWOODS BEHAVIORAL HEALTH SYSTEM,223 MEDICAL CENTER DRIVE,(770) 991-8500,Psychiatric,Proprietary,178,22
114035,RIVERWOODS BEHAVIORAL HEALTH SYSTEM,223 MEDICAL CENTER DRIVE,(770) 991-8500,Psychiatric,Proprietary,187,13
114035,RIVERWOODS BEHAVIORAL HEALTH SYSTEM,223 MEDICAL CENTER DRIVE,(770) 991-8500,Psychiatric,Proprietary,163,37
114035,RIVERWOODS BEHAVIORAL HEALTH SYSTEM,223 MEDICAL CENTER DRIVE,(770) 991-8500,Psychiatric,Proprietary,133,67
114035,RIVERWOODS BEHAVIORAL HEALTH SYSTEM,223 MEDICAL CENTER DRIVE,(770) 991-8500,Psychiatric,Proprietary,183,17
114035,RIVERWOODS BEHAVIORAL HEALTH SYSTEM,223 MEDICAL CENTER DRIVE,(770) 991-8500,Psychiatric,Proprietary,146,54
114035,RIVERWOODS BEHAVIORAL HEALTH SYSTEM,223 MEDICAL CENTER DRIVE,(770) 991-8500,Psychiatric,Proprietary,162,38
114035,RIVERWOODS BEHAVIORAL HEALTH SYSTEM,223 MEDICAL CENTER DRIVE,(770) 991-8500,Psychiatric,Proprietary,143,57
114035,RIVERWOODS BEHAVIORAL HEALTH SYSTEM,223 MEDICAL CENTER DRIVE,(770) 991-8500,Psychiatric,Proprietary,147,53
114035,RIVERWOODS BEHAVIORAL HEALTH SYSTEM,223 MEDICAL CENTER DRIVE,(770) 991-8500,Psychiatric,Proprietary,146,54
114035,RIVERWOODS BEHAVIORAL HEALTH SYSTEM,223 MEDICAL CENTER DRIVE,(770) 991-8500,Psychiatric,Proprietary,150,50
114035,RIVERWOODS BEHAVIORAL HEALTH SYSTEM,223 MEDICAL CENTER DRIVE,(770) 991-8500,Psychiatric,Proprietary,128,72
114035,RIVERWOODS BEHAVIORAL HEALTH SYSTEM,223 MEDICAL CENTER DRIVE,(770) 991-8500,Psychiatric,Proprietary,135,65
114035,RIVERWOODS BEHAVIORAL HEALTH SYSTEM,223 MEDICAL CENTER DRIVE,(770) 991-8500,Psychiatric,Proprietary,180,20
114035,RIVERWOODS BEHAVIORAL HEALTH SYSTEM,223 MEDICAL CENTER DRIVE,(770) 991-8500,Psychiatric,Proprietary,158,42
114035,RIVERWOODS BEHAVIORAL HEALTH SYSTEM,223 MEDICAL CENTER DRIVE,(770) 991-8500,Psychiatric,Proprietary,141,59
114035,RIVERWOODS BEHAVIORAL HEALTH SYSTEM,223 MEDICAL CENTER DRIVE,(770) 991-8500,Psychiatric,Proprietary,156,44
114035,RIVERWOODS BEHAVIORAL HEALTH SYSTEM,223 MEDICAL CENTER DRIVE,(770) 991-8500,Psychiatric,Proprietary,145,55
114035,RIVERWOODS BEHAVIORAL HEALTH SYSTEM,223 MEDICAL CENTER DRIVE,(770) 991-8500,Psychiatric,Proprietary,174,26
114035,RIVERWOODS BEHAVIORAL HEALTH SYSTEM,223 MEDICAL CENTER DRIVE,(770) 991-8500,Psychiatric,Proprietary,175,25
114035,RIVERWOODS BEHAVIORAL HEALTH SYSTEM,223 MEDICAL CENTER DRIVE,(770) 991-8500,Psychiatric,Proprietary,183,17
114035,RIVERWOODS BEHAVIORAL HEALTH SYSTEM,223 MEDICAL CENTER DRIVE,(770) 991-8500,Psychiatric,Proprietary,124,76
114035,RIVERWOODS BEHAVIORAL HEALTH SYSTEM,223 MEDICAL CENTER DRIVE,(770) 991-8500,Psychiatric,Proprietary,170,30
114035,RIVERWOODS BEHAVIORAL HEALTH SYSTEM,223 MEDICAL CENTER DRIVE,(770) 991-8500,Psychiatric,Proprietary,159,41
114035,RIVERWOODS BEHAVIORAL HEALTH SYSTEM,223 MEDICAL CENTER DRIVE,(770) 991-8500,Psychiatric,Proprietary,173,27
114035,RIVERWOODS BEHAVIORAL HEALTH SYSTEM,223 MEDICAL CENTER DRIVE,(770) 991-8500,Psychiatric,Proprietary,177,23
114035,RIVERWOODS BEHAVIORAL HEALTH SYSTEM,223 MEDICAL CENTER DRIVE,(770) 991-8500,Psychiatric,Proprietary,125,75
114035,RIVERWOODS BEHAVIORAL HEALTH SYSTEM,223 MEDICAL CENTER DRIVE,(770) 991-8500,Psychiatric,Proprietary,162,38
114035,RIVERWOODS BEHAVIORAL HEALTH SYSTEM,223 MEDICAL CENTER DRIVE,(770) 991-8500,Psychiatric,Proprietary,180,20
114035,RIVERWOODS BEHAVIORAL HEALTH SYSTEM,223 MEDICAL CENTER DRIVE,(770) 991-8500,Psychiatric,Proprietary,125,75
114035,RIVERWOODS BEHAVIORAL HEALTH SYSTEM,223 MEDICAL CENTER DRIVE,(770) 991-8500,Psychiatric,Proprietary,184,16
114035,RIVERWOODS BEHAVIORAL HEALTH SYSTEM,223 MEDICAL CENTER DRIVE,(770) 991-8500,Psychiatric,Proprietary,175,25
114035,RIVERWOODS BEHAVIORAL HEALTH SYSTEM,223 MEDICAL CENTER DRIVE,(770) 991-8500,Psychiatric,Proprietary,163,37
114035,RIVERWOODS BEHAVIORAL HEALTH SYSTEM,223 MEDICAL CENTER DRIVE,(770) 991-8500,Psychiatric,Proprietary,171,29
114035,RIVERWOODS BEHAVIORAL HEALTH SYSTEM,223 MEDICAL CENTER DRIVE,(770) 991-8500,Psychiatric,Proprietary,152,48
114035,RIVERWOODS BEHAVIORAL HEALTH SYSTEM,223 MEDICAL CENTER DRIVE,(770) 991-8500,Psychiatric,Proprietary,130,70
114035,RIVERWOODS BEHAVIORAL HEALTH SYSTEM,223 MEDICAL CENTER DRIVE,(770) 991-8500,Psychiatric,Proprietary,173,27
114035,RIVERWOODS BEHAVIORAL HEALTH SYSTEM,223 MEDICAL CENTER DRIVE,(770) 991-8500,Psychiatric,Proprietary,168,32
114035,RIVERWOODS BEHAVIORAL HEALTH SYSTEM,223 MEDICAL CENTER DRIVE,(770) 991-8500,Psychiatric,Proprietary,153,47
114035,RIVERWOODS BEHAVIORAL HEALTH SYSTEM,223 MEDICAL CENTER DRIVE,(770) 991-8500,Psychiatric,Proprietary,162,38
114035,RIVERWOODS BEHAVIORAL HEALTH SYSTEM,223 MEDICAL CENTER DRIVE,(770) 991-8500,Psychiatric,Proprietary,135,65
114035,RIVERWOODS BEHAVIORAL HEALTH SYSTEM,223 MEDICAL CENTER DRIVE,(770) 991-8500,Psychiatric,Proprietary,184,16
114035,RIVERWOODS BEHAVIORAL HEALTH SYSTEM,223 MEDICAL CENTER DRIVE,(770) 991-8500,Psychiatric,Proprietary,147,53
114035,RIVERWOODS BEHAVIORAL HEALTH SYSTEM,223 MEDICAL CENTER DRIVE,(770) 991-8500,Psychiatric,Proprietary,124,76
114035,RIVERWOODS BEHAVIORAL HEALTH SYSTEM,223 MEDICAL CENTER DRIVE,(770) 991-8500,Psychiatric,Proprietary,121,79
114035,RIVERWOODS BEHAVIORAL HEALTH SYSTEM,223 MEDICAL CENTER DRIVE,(770) 991-8500,Psychiatric,Proprietary,174,26
114035,RIVERWOODS BEHAVIORAL HEALTH SYSTEM,223 MEDICAL CENTER DRIVE,(770) 991-8500,Psychiatric,Proprietary,152,48
114035,RIVERWOODS BEHAVIORAL HEALTH SYSTEM,223 MEDICAL CENTER DRIVE,(770) 991-8500,Psychiatric,Proprietary,157,43
114035,RIVERWOODS BEHAVIORAL HEALTH SYSTEM,223 MEDICAL CENTER DRIVE,(770) 991-8500,Psychiatric,Proprietary,183,17
114035,RIVERWOODS BEHAVIORAL HEALTH SYSTEM,223 MEDICAL CENTER DRIVE,(770) 991-8500,Psychiatric,Proprietary,169,31
114035,RIVERWOODS BEHAVIORAL HEALTH SYSTEM,223 MEDICAL CENTER DRIVE,(770) 991-8500,Psychiatric,Proprietary,129,71
114035,RIVERWOODS BEHAVIORAL HEALTH SYSTEM,223 MEDICAL CENTER DRIVE,(770) 991-8500,Psychiatric,Proprietary,164,36
114035,RIVERWOODS BEHAVIORAL HEALTH SYSTEM,223 MEDICAL CENTER DRIVE,(770) 991-8500,Psychiatric,Proprietary,148,52
114035,RIVERWOODS BEHAVIORAL HEALTH SYSTEM,223 MEDICAL CENTER DRIVE,(770) 991-8500,Psychiatric,Proprietary,151,49
114035,RIVERWOODS BEHAVIORAL HEALTH SYSTEM,223 MEDICAL CENTER DRIVE,(770) 991-8500,Psychiatric,Proprietary,175,25
114035,RIVERWOODS BEHAVIORAL HEALTH SYSTEM,223 MEDICAL CENTER DRIVE,(770) 991-8500,Psychiatric,Proprietary,139,61
114035,RIVERWOODS BEHAVIORAL HEALTH SYSTEM,223 MEDICAL CENTER DRIVE,(770) 991-8500,Psychiatric,Proprietary,149,51
114035,RIVERWOODS BEHAVIORAL HEALTH SYSTEM,223 MEDICAL CENTER DRIVE,(770) 991-8500,Psychiatric,Proprietary,145,55
114035,RIVERWOODS BEHAVIORAL HEALTH SYSTEM,223 MEDICAL CENTER DRIVE,(770) 991-8500,Psychiatric,Proprietary,149,51
114035,RIVERWOODS BEHAVIORAL HEALTH SYSTEM,223 MEDICAL CENTER DRIVE,(770) 991-8500,Psychiatric,Proprietary,149,51
114035,RIVERWOODS BEHAVIORAL HEALTH SYSTEM,223 MEDICAL CENTER DRIVE,(770) 991-8500,Psychiatric,Proprietary,184,16
114035,RIVERWOODS BEHAVIORAL HEALTH SYSTEM,223 MEDICAL CENTER DRIVE,(770) 991-8500,Psychiatric,Proprietary,147,53
114035,RIVERWOODS BEHAVIORAL HEALTH SYSTEM,223 MEDICAL CENTER DRIVE,(770) 991-8500,Psychiatric,Proprietary,167,33
114035,RIVERWOODS BEHAVIORAL HEALTH SYSTEM,223 MEDICAL CENTER DRIVE,(770) 991-8500,Psychiatric,Proprietary,140,60
114035,RIVERWOODS BEHAVIORAL HEALTH SYSTEM,223 MEDICAL CENTER DRIVE,(770) 991-8500,Psychiatric,Proprietary,120,80
114035,RIVERWOODS BEHAVIORAL HEALTH SYSTEM,223 MEDICAL CENTER DRIVE,(770) 991-8500,Psychiatric,Proprietary,125,75
114035,RIVERWOODS BEHAVIORAL HEALTH SYSTEM,223 MEDICAL CENTER DRIVE,(770) 991-8500,Psychiatric,Proprietary,161,39
114035,RIVERWOODS BEHAVIORAL HEALTH SYSTEM,223 MEDICAL CENTER DRIVE,(770) 991-8500,Psychiatric,Proprietary,154,46
114035,RIVERWOODS BEHAVIORAL HEALTH SYSTEM,223 MEDICAL CENTER DRIVE,(770) 991-8500,Psychiatric,Proprietary,175,25
114035,RIVERWOODS BEHAVIORAL HEALTH SYSTEM,223 MEDICAL CENTER DRIVE,(770) 991-8500,Psychiatric,Proprietary,170,30
114035,RIVERWOODS BEHAVIORAL HEALTH SYSTEM,223 MEDICAL CENTER DRIVE,(770) 991-8500,Psychiatric,Proprietary,128,72
114035,RIVERWOODS BEHAVIORAL HEALTH SYSTEM,223 MEDICAL CENTER DRIVE,(770) 991-8500,Psychiatric,Proprietary,185,15
114035,RIVERWOODS BEHAVIORAL HEALTH SYSTEM,223 MEDICAL CENTER DRIVE,(770) 991-8500,Psychiatric,Proprietary,127,73
114035,RIVERWOODS BEHAVIORAL HEALTH SYSTEM,223 MEDICAL CENTER DRIVE,(770) 991-8500,Psychiatric,Proprietary,160,40
114035,RIVERWOODS BEHAVIORAL HEALTH SYSTEM,223 MEDICAL CENTER DRIVE,(770) 991-8500,Psychiatric,Proprietary,174,26
114035,RIVERWOODS BEHAVIORAL HEALTH SYSTEM,223 MEDICAL CENTER DRIVE,(770) 991-8500,Psychiatric,Proprietary,128,72
114035,RIVERWOODS BEHAVIORAL HEALTH SYSTEM,223 MEDICAL CENTER DRIVE,(770) 991-8500,Psychiatric,Proprietary,172,28
114035,RIVERWOODS BEHAVIORAL HEALTH SYSTEM,223 MEDICAL CENTER DRIVE,(770) 991-8500,Psychiatric,Proprietary,142,58
114035,RIVERWOODS BEHAVIORAL HEALTH SYSTEM,223 MEDICAL CENTER DRIVE,(770) 991-8500,Psychiatric,Proprietary,127,73
114035,RIVERWOODS BEHAVIORAL HEALTH SYSTEM,223 MEDICAL CENTER DRIVE,(770) 991-8500,Psychiatric,Proprietary,134,66
114035,RIVERWOODS BEHAVIORAL HEALTH SYSTEM,223 MEDICAL CENTER DRIVE,(770) 991-8500,Psychiatric,Proprietary,174,26
114035,RIVERWOODS BEHAVIORAL HEALTH SYSTEM,223 MEDICAL CENTER DRIVE,(770) 991-8500,Psychiatric,Proprietary,146,54
114035,RIVERWOODS BEHAVIORAL HEALTH SYSTEM,223 MEDICAL CENTER DRIVE,(770) 991-8500,Psychiatric,Proprietary,138,62
114035,RIVERWOODS BEHAVIORAL HEALTH SYSTEM,223 MEDICAL CENTER DRIVE,(770) 991-8500,Psychiatric,Proprietary,156,44
114035,RIVERWOODS BEHAVIORAL HEALTH SYSTEM,223 MEDICAL CENTER DRIVE,(770) 991-8500,Psychiatric,Proprietary,167,33
114035,RIVERWOODS BEHAVIORAL HEALTH SYSTEM,223 MEDICAL CENTER DRIVE,(770) 991-8500,Psychiatric,Proprietary,125,75
114035,RIVERWOODS BEHAVIORAL HEALTH SYSTEM,223 MEDICAL CENTER DRIVE,(770) 991-8500,Psychiatric,Proprietary,178,22
114035,RIVERWOODS BEHAVIORAL HEALTH SYSTEM,223 MEDICAL CENTER DRIVE,(770) 991-8500,Psychiatric,Proprietary,170,30
114035,RIVERWOODS BEHAVIORAL HEALTH SYSTEM,223 MEDICAL CENTER DRIVE,(770) 991-8500,Psychiatric,Proprietary,157,43
114035,RIVERWOODS BEHAVIORAL HEALTH SYSTEM,223 MEDICAL CENTER DRIVE,(770) 991-8500,Psychiatric,Proprietary,171,29
114035,RIVERWOODS BEHAVIORAL HEALTH SYSTEM,223 MEDICAL CENTER DRIVE,(770) 991-8500,Psychiatric,Proprietary,144,56
114035,RIVERWOODS BEHAVIORAL HEALTH SYSTEM,223 MEDICAL CENTER DRIVE,(770) 991-8500,Psychiatric,Proprietary,164,36
114035,RIVERWOODS BEHAVIORAL HEALTH SYSTEM,223 MEDICAL CENTER DRIVE,(770) 991-8500,Psychiatric,Proprietary,125,75
114035,RIVERWOODS BEHAVIORAL HEALTH SYSTEM,223 MEDICAL CENTER DRIVE,(770) 991-8500,Psychiatric,Proprietary,168,32
114035,RIVERWOODS BEHAVIORAL HEALTH SYSTEM,223 MEDICAL CENTER DRIVE,(770) 991-8500,Psychiatric,Proprietary,186,14
114035,RIVERWOODS BEHAVIORAL HEALTH SYSTEM,223 MEDICAL CENTER DRIVE,(770) 991-8500,Psychiatric,Proprietary,122,78
114035,RIVERWOODS BEHAVIORAL HEALTH SYSTEM,223 MEDICAL CENTER DRIVE,(770) 991-8500,Psychiatric,Proprietary,135,65
114035,RIVERWOODS BEHAVIORAL HEALTH SYSTEM,223 MEDICAL CENTER DRIVE,(770) 991-8500,Psychiatric,Proprietary,148,52
114035,RIVERWOODS BEHAVIORAL HEALTH SYSTEM,223 MEDICAL CENTER DRIVE,(770) 991-8500,Psychiatric,Proprietary,121,79
114035,RIVERWOODS BEHAVIORAL HEALTH SYSTEM,223 MEDICAL CENTER DRIVE,(770) 991-8500,Psychiatric,Proprietary,185,15
114035,RIVERWOODS BEHAVIORAL HEALTH SYSTEM,223 MEDICAL CENTER DRIVE,(770) 991-8500,Psychiatric,Proprietary,124,76
114035,RIVERWOODS BEHAVIORAL HEALTH SYSTEM,223 MEDICAL CENTER DRIVE,(770) 991-8500,Psychiatric,Proprietary,147,53
114035,RIVERWOODS BEHAVIORAL HEALTH SYSTEM,223 MEDICAL CENTER DRIVE,(770) 991-8500,Psychiatric,Proprietary,143,57
114035,RIVERWOODS BEHAVIORAL HEALTH SYSTEM,223 MEDICAL CENTER DRIVE,(770) 991-8500,Psychiatric,Proprietary,134,66
114035,RIVERWOODS BEHAVIORAL HEALTH SYSTEM,223 MEDICAL CENTER DRIVE,(770) 991-8500,Psychiatric,Proprietary,155,45
114035,RIVERWOODS BEHAVIORAL HEALTH SYSTEM,223 MEDICAL CENTER DRIVE,(770) 991-8500,Psychiatric,Proprietary,159,41
114035,RIVERWOODS BEHAVIORAL HEALTH SYSTEM,223 MEDICAL CENTER DRIVE,(770) 991-8500,Psychiatric,Proprietary,133,67
114035,RIVERWOODS BEHAVIORAL HEALTH SYSTEM,223 MEDICAL CENTER DRIVE,(770) 991-8500,Psychiatric,Proprietary,141,59
114035,RIVERWOODS BEHAVIORAL HEALTH SYSTEM,223 MEDICAL CENTER DRIVE,(770) 991-8500,Psychiatric,Proprietary,121,79
114035,RIVERWOODS BEHAVIORAL HEALTH SYSTEM,223 MEDICAL CENTER DRIVE,(770) 991-8500,Psychiatric,Proprietary,122,78
114035,RIVERWOODS BEHAVIORAL HEALTH SYSTEM,223 MEDICAL CENTER DRIVE,(770) 991-8500,Psychiatric,Proprietary,143,57
114035,RIVERWOODS BEHAVIORAL HEALTH SYSTEM,223 MEDICAL CENTER DRIVE,(770) 991-8500,Psychiatric,Proprietary,132,68
114035,RIVERWOODS BEHAVIORAL HEALTH SYSTEM,223 MEDICAL CENTER DRIVE,(770) 991-8500,Psychiatric,Proprietary,134,66
114035,RIVERWOODS BEHAVIORAL HEALTH SYSTEM,223 MEDICAL CENTER DRIVE,(770) 991-8500,Psychiatric,Proprietary,148,52
114035,RIVERWOODS BEHAVIORAL HEALTH SYSTEM,223 MEDICAL CENTER DRIVE,(770) 991-8500,Psychiatric,Proprietary,183,17
114035,RIVERWOODS BEHAVIORAL HEALTH SYSTEM,223 MEDICAL CENTER DRIVE,(770) 991-8500,Psychiatric,Proprietary,147,53
114035,RIVERWOODS BEHAVIORAL HEALTH SYSTEM,223 MEDICAL CENTER DRIVE,(770) 991-8500,Psychiatric,Proprietary,149,51
114035,RIVERWOODS BEHAVIORAL HEALTH SYSTEM,223 MEDICAL CENTER DRIVE,(770) 991-8500,Psychiatric,Proprietary,121,79
114035,RIVERWOODS BEHAVIORAL HEALTH SYSTEM,223 MEDICAL CENTER DRIVE,(770) 991-8500,Psychiatric,Proprietary,130,70
114035,RIVERWOODS BEHAVIORAL HEALTH SYSTEM,223 MEDICAL CENTER DRIVE,(770) 991-8500,Psychiatric,Proprietary,172,28
114035,RIVERWOODS BEHAVIORAL HEALTH SYSTEM,223 MEDICAL CENTER DRIVE,(770) 991-8500,Psychiatric,Proprietary,169,31
114035,RIVERWOODS BEHAVIORAL HEALTH SYSTEM,223 MEDICAL CENTER DRIVE,(770) 991-8500,Psychiatric,Proprietary,138,62
114035,RIVERWOODS BEHAVIORAL HEALTH SYSTEM,223 MEDICAL CENTER DRIVE,(770) 991-8500,Psychiatric,Proprietary,170,30
114035,RIVERWOODS BEHAVIORAL HEALTH SYSTEM,223 MEDICAL CENTER DRIVE,(770) 991-8500,Psychiatric,Proprietary,132,68
114035,RIVERWOODS BEHAVIORAL HEALTH SYSTEM,223 MEDICAL CENTER DRIVE,(770) 991-8500,Psychiatric,Proprietary,126,74
114035,RIVERWOODS BEHAVIORAL HEALTH SYSTEM,223 MEDICAL CENTER DRIVE,(770) 991-8500,Psychiatric,Proprietary,174,26
114035,RIVERWOODS BEHAVIORAL HEALTH SYSTEM,223 MEDICAL CENTER DRIVE,(770) 991-8500,Psychiatric,Proprietary,164,36
114035,RIVERWOODS BEHAVIORAL HEALTH SYSTEM,223 MEDICAL CENTER DRIVE,(770) 991-8500,Psychiatric,Proprietary,150,50
114035,RIVERWOODS BEHAVIORAL HEALTH SYSTEM,223 MEDICAL CENTER DRIVE,(770) 991-8500,Psychiatric,Proprietary,187,13
114035,RIVERWOODS BEHAVIORAL HEALTH SYSTEM,223 MEDICAL CENTER DRIVE,(770) 991-8500,Psychiatric,Proprietary,141,59
114035,RIVERWOODS BEHAVIORAL HEALTH SYSTEM,223 MEDICAL CENTER DRIVE,(770) 991-8500,Psychiatric,Proprietary,140,60
114035,RIVERWOODS BEHAVIORAL HEALTH SYSTEM,223 MEDICAL CENTER DRIVE,(770) 991-8500,Psychiatric,Proprietary,179,21
114035,RIVERWOODS BEHAVIORAL HEALTH SYSTEM,223 MEDICAL CENTER DRIVE,(770) 991-8500,Psychiatric,Proprietary,141,59
114035,RIVERWOODS BEHAVIORAL HEALTH SYSTEM,223 MEDICAL CENTER DRIVE,(770) 991-8500,Psychiatric,Proprietary,148,52
114035,RIVERWOODS BEHAVIORAL HEALTH SYSTEM,223 MEDICAL CENTER DRIVE,(770) 991-8500,Psychiatric,Proprietary,144,56
114035,RIVERWOODS BEHAVIORAL HEALTH SYSTEM,223 MEDICAL CENTER DRIVE,(770) 991-8500,Psychiatric,Proprietary,179,21
114035,RIVERWOODS BEHAVIORAL HEALTH SYSTEM,223 MEDICAL CENTER DRIVE,(770) 991-8500,Psychiatric,Proprietary,125,75
114035,RIVERWOODS BEHAVIORAL HEALTH SYSTEM,223 MEDICAL CENTER DRIVE,(770) 991-8500,Psychiatric,Proprietary,171,29
114035,RIVERWOODS BEHAVIORAL HEALTH SYSTEM,223 MEDICAL CENTER DRIVE,(770) 991-8500,Psychiatric,Proprietary,120,80
114035,RIVERWOODS BEHAVIORAL HEALTH SYSTEM,223 MEDICAL CENTER DRIVE,(770) 991-8500,Psychiatric,Proprietary,182,18
114035,RIVERWOODS BEHAVIORAL HEALTH SYSTEM,223 MEDICAL CENTER DRIVE,(770) 991-8500,Psychiatric,Proprietary,175,25
114035,RIVERWOODS BEHAVIORAL HEALTH SYSTEM,223 MEDICAL CENTER DRIVE,(770) 991-8500,Psychiatric,Proprietary,137,63
114035,RIVERWOODS BEHAVIORAL HEALTH SYSTEM,223 MEDICAL CENTER DRIVE,(770) 991-8500,Psychiatric,Proprietary,124,76
114035,RIVERWOODS BEHAVIORAL HEALTH SYSTEM,223 MEDICAL CENTER DRIVE,(770) 991-8500,Psychiatric,Proprietary,164,36
114035,RIVERWOODS BEHAVIORAL HEALTH SYSTEM,223 MEDICAL CENTER DRIVE,(770) 991-8500,Psychiatric,Proprietary,172,28
114035,RIVERWOODS BEHAVIORAL HEALTH SYSTEM,223 MEDICAL CENTER DRIVE,(770) 991-8500,Psychiatric,Proprietary,178,22
114035,RIVERWOODS BEHAVIORAL HEALTH SYSTEM,223 MEDICAL CENTER DRIVE,(770) 991-8500,Psychiatric,Proprietary,181,19
114035,RIVERWOODS BEHAVIORAL HEALTH SYSTEM,223 MEDICAL CENTER DRIVE,(770) 991-8500,Psychiatric,Proprietary,132,68
114035,RIVERWOODS BEHAVIORAL HEALTH SYSTEM,223 MEDICAL CENTER DRIVE,(770) 991-8500,Psychiatric,Proprietary,169,31
114035,RIVERWOODS BEHAVIORAL HEALTH SYSTEM,223 MEDICAL CENTER DRIVE,(770) 991-8500,Psychiatric,Proprietary,164,36
114035,RIVERWOODS BEHAVIORAL HEALTH SYSTEM,223 MEDICAL CENTER DRIVE,(770) 991-8500,Psychiatric,Proprietary,144,56
114035,RIVERWOODS BEHAVIORAL HEALTH SYSTEM,223 MEDICAL CENTER DRIVE,(770) 991-8500,Psychiatric,Proprietary,164,36
114035,RIVERWOODS BEHAVIORAL HEALTH SYSTEM,223 MEDICAL CENTER DRIVE,(770) 991-8500,Psychiatric,Proprietary,149,51
114035,RIVERWOODS BEHAVIORAL HEALTH SYSTEM,223 MEDICAL CENTER DRIVE,(770) 991-8500,Psychiatric,Proprietary,139,61
114035,RIVERWOODS BEHAVIORAL HEALTH SYSTEM,223 MEDICAL CENTER DRIVE,(770) 991-8500,Psychiatric,Proprietary,184,16
114035,RIVERWOODS BEHAVIORAL HEALTH SYSTEM,223 MEDICAL CENTER DRIVE,(770) 991-8500,Psychiatric,Proprietary,150,50
114035,RIVERWOODS BEHAVIORAL HEALTH SYSTEM,223 MEDICAL CENTER DRIVE,(770) 991-8500,Psychiatric,Proprietary,171,29
114035,RIVERWOODS BEHAVIORAL HEALTH SYSTEM,223 MEDICAL CENTER DRIVE,(770) 991-8500,Psychiatric,Proprietary,139,61
114035,RIVERWOODS BEHAVIORAL HEALTH SYSTEM,223 MEDICAL CENTER DRIVE,(770) 991-8500,Psychiatric,Proprietary,189,11
114035,RIVERWOODS BEHAVIORAL HEALTH SYSTEM,223 MEDICAL CENTER DRIVE,(770) 991-8500,Psychiatric,Proprietary,137,63
114035,RIVERWOODS BEHAVIORAL HEALTH SYSTEM,223 MEDICAL CENTER DRIVE,(770) 991-8500,Psychiatric,Proprietary,121,79
114035,RIVERWOODS BEHAVIORAL HEALTH SYSTEM,223 MEDICAL CENTER DRIVE,(770) 991-8500,Psychiatric,Proprietary,167,33
114035,RIVERWOODS BEHAVIORAL HEALTH SYSTEM,223 MEDICAL CENTER DRIVE,(770) 991-8500,Psychiatric,Proprietary,157,43
114035,RIVERWOODS BEHAVIORAL HEALTH SYSTEM,223 MEDICAL CENTER DRIVE,(770) 991-8500,Psychiatric,Proprietary,158,42
114035,RIVERWOODS BEHAVIORAL HEALTH SYSTEM,223 MEDICAL CENTER DRIVE,(770) 991-8500,Psychiatric,Proprietary,176,24
114035,RIVERWOODS BEHAVIORAL HEALTH SYSTEM,223 MEDICAL CENTER DRIVE,(770) 991-8500,Psychiatric,Proprietary,152,48
114035,RIVERWOODS BEHAVIORAL HEALTH SYSTEM,223 MEDICAL CENTER DRIVE,(770) 991-8500,Psychiatric,Proprietary,144,56
114035,RIVERWOODS BEHAVIORAL HEALTH SYSTEM,223 MEDICAL CENTER DRIVE,(770) 991-8500,Psychiatric,Proprietary,142,58
114035,RIVERWOODS BEHAVIORAL HEALTH SYSTEM,223 MEDICAL CENTER DRIVE,(770) 991-8500,Psychiatric,Proprietary,163,37
114035,RIVERWOODS BEHAVIORAL HEALTH SYSTEM,223 MEDICAL CENTER DRIVE,(770) 991-8500,Psychiatric,Proprietary,141,59
114035,RIVERWOODS BEHAVIORAL HEALTH SYSTEM,223 MEDICAL CENTER DRIVE,(770) 991-8500,Psychiatric,Proprietary,171,29
114035,RIVERWOODS BEHAVIORAL HEALTH SYSTEM,223 MEDICAL CENTER DRIVE,(770) 991-8500,Psychiatric,Proprietary,155,45
114035,RIVERWOODS BEHAVIORAL HEALTH SYSTEM,223 MEDICAL CENTER DRIVE,(770) 991-8500,Psychiatric,Proprietary,124,76
114035,RIVERWOODS BEHAVIORAL HEALTH SYSTEM,223 MEDICAL CENTER DRIVE,(770) 991-8500,Psychiatric,Proprietary,132,68
114035,RIVERWOODS BEHAVIORAL HEALTH SYSTEM,223 MEDICAL CENTER DRIVE,(770) 991-8500,Psychiatric,Proprietary,154,46
114035,RIVERWOODS BEHAVIORAL HEALTH SYSTEM,223 MEDICAL CENTER DRIVE,(770) 991-8500,Psychiatric,Proprietary,159,41
114035,RIVERWOODS BEHAVIORAL HEALTH SYSTEM,223 MEDICAL CENTER DRIVE,(770) 991-8500,Psychiatric,Proprietary,169,31
114035,RIVERWOODS BEHAVIORAL HEALTH SYSTEM,223 MEDICAL CENTER DRIVE,(770) 991-8500,Psychiatric,Proprietary,173,27
114035,RIVERWOODS BEHAVIORAL HEALTH SYSTEM,223 MEDICAL CENTER DRIVE,(770) 991-8500,Psychiatric,Proprietary,157,43
114035,RIVERWOODS BEHAVIORAL HEALTH SYSTEM,223 MEDICAL CENTER DRIVE,(770) 991-8500,Psychiatric,Proprietary,122,78
114035,RIVERWOODS BEHAVIORAL HEALTH SYSTEM,223 MEDICAL CENTER DRIVE,(770) 991-8500,Psychiatric,Proprietary,170,30
114035,RIVERWOODS BEHAVIORAL HEALTH SYSTEM,223 MEDICAL CENTER DRIVE,(770) 991-8500,Psychiatric,Proprietary,128,72
114035,RIVERWOODS BEHAVIORAL HEALTH SYSTEM,223 MEDICAL CENTER DRIVE,(770) 991-8500,Psychiatric,Proprietary,184,16
114035,RIVERWOODS BEHAVIORAL HEALTH SYSTEM,223 MEDICAL CENTER DRIVE,(770) 991-8500,Psychiatric,Proprietary,165,35
114035,RIVERWOODS BEHAVIORAL HEALTH SYSTEM,223 MEDICAL CENTER DRIVE,(770) 991-8500,Psychiatric,Proprietary,181,19
114035,RIVERWOODS BEHAVIORAL HEALTH SYSTEM,223 MEDICAL CENTER DRIVE,(770) 991-8500,Psychiatric,Proprietary,165,35
114035,RIVERWOODS BEHAVIORAL HEALTH SYSTEM,223 MEDICAL CENTER DRIVE,(770) 991-8500,Psychiatric,Proprietary,183,17
114035,RIVERWOODS BEHAVIORAL HEALTH SYSTEM,223 MEDICAL CENTER DRIVE,(770) 991-8500,Psychiatric,Proprietary,137,63
114035,RIVERWOODS BEHAVIORAL HEALTH SYSTEM,223 MEDICAL CENTER DRIVE,(770) 991-8500,Psychiatric,Proprietary,129,71
114035,RIVERWOODS BEHAVIORAL HEALTH SYSTEM,223 MEDICAL CENTER DRIVE,(770) 991-8500,Psychiatric,Proprietary,123,77
114035,RIVERWOODS BEHAVIORAL HEALTH SYSTEM,223 MEDICAL CENTER DRIVE,(770) 991-8500,Psychiatric,Proprietary,183,17
114035,RIVERWOODS BEHAVIORAL HEALTH SYSTEM,223 MEDICAL CENTER DRIVE,(770) 991-8500,Psychiatric,Proprietary,140,60
114035,RIVERWOODS BEHAVIORAL HEALTH SYSTEM,223 MEDICAL CENTER DRIVE,(770) 991-8500,Psychiatric,Proprietary,168,32
114035,RIVERWOODS BEHAVIORAL HEALTH SYSTEM,223 MEDICAL CENTER DRIVE,(770) 991-8500,Psychiatric,Proprietary,181,19
114035,RIVERWOODS BEHAVIORAL HEALTH SYSTEM,223 MEDICAL CENTER DRIVE,(770) 991-8500,Psychiatric,Proprietary,181,19
114035,RIVERWOODS BEHAVIORAL HEALTH SYSTEM,223 MEDICAL CENTER DRIVE,(770) 991-8500,Psychiatric,Proprietary,124,76
114035,RIVERWOODS BEHAVIORAL HEALTH SYSTEM,223 MEDICAL CENTER DRIVE,(770) 991-8500,Psychiatric,Proprietary,146,54
114035,RIVERWOODS BEHAVIORAL HEALTH SYSTEM,223 MEDICAL CENTER DRIVE,(770) 991-8500,Psychiatric,Proprietary,157,43
114035,RIVERWOODS BEHAVIORAL HEALTH SYSTEM,223 MEDICAL CENTER DRIVE,(770) 991-8500,Psychiatric,Proprietary,158,42
114035,RIVERWOODS BEHAVIORAL HEALTH SYSTEM,223 MEDICAL CENTER DRIVE,(770) 991-8500,Psychiatric,Proprietary,177,23
114035,RIVERWOODS BEHAVIORAL HEALTH SYSTEM,223 MEDICAL CENTER DRIVE,(770) 991-8500,Psychiatric,Proprietary,169,31
114035,RIVERWOODS BEHAVIORAL HEALTH SYSTEM,223 MEDICAL CENTER DRIVE,(770) 991-8500,Psychiatric,Proprietary,170,30
114035,RIVERWOODS BEHAVIORAL HEALTH SYSTEM,223 MEDICAL CENTER DRIVE,(770) 991-8500,Psychiatric,Proprietary,123,77
114035,RIVERWOODS BEHAVIORAL HEALTH SYSTEM,223 MEDICAL CENTER DRIVE,(770) 991-8500,Psychiatric,Proprietary,130,70
114035,RIVERWOODS BEHAVIORAL HEALTH SYSTEM,223 MEDICAL CENTER DRIVE,(770) 991-8500,Psychiatric,Proprietary,180,20
114035,RIVERWOODS BEHAVIORAL HEALTH SYSTEM,223 MEDICAL CENTER DRIVE,(770) 991-8500,Psychiatric,Proprietary,171,29
114035,RIVERWOODS BEHAVIORAL HEALTH SYSTEM,223 MEDICAL CENTER DRIVE,(770) 991-8500,Psychiatric,Proprietary,154,46
114035,RIVERWOODS BEHAVIORAL HEALTH SYSTEM,223 MEDICAL CENTER DRIVE,(770) 991-8500,Psychiatric,Proprietary,172,28
114035,RIVERWOODS BEHAVIORAL HEALTH SYSTEM,223 MEDICAL CENTER DRIVE,(770) 991-8500,Psychiatric,Proprietary,165,35
114035,RIVERWOODS BEHAVIORAL HEALTH SYSTEM,223 MEDICAL CENTER DRIVE,(770) 991-8500,Psychiatric,Proprietary,159,41
114035,RIVERWOODS BEHAVIORAL HEALTH SYSTEM,223 MEDICAL CENTER DRIVE,(770) 991-8500,Psychiatric,Proprietary,165,35
114035,RIVERWOODS BEHAVIORAL HEALTH SYSTEM,223 MEDICAL CENTER DRIVE,(770) 991-8500,Psychiatric,Proprietary,131,69
114035,RIVERWOODS BEHAVIORAL HEALTH SYSTEM,223 MEDICAL CENTER DRIVE,(770) 991-8500,Psychiatric,Proprietary,131,69
114035,RIVERWOODS BEHAVIORAL HEALTH SYSTEM,223 MEDICAL CENTER DRIVE,(770) 991-8500,Psychiatric,Proprietary,148,52
114035,RIVERWOODS BEHAVIORAL HEALTH SYSTEM,223 MEDICAL CENTER DRIVE,(770) 991-8500,Psychiatric,Proprietary,148,52
114035,RIVERWOODS BEHAVIORAL HEALTH SYSTEM,223 MEDICAL CENTER DRIVE,(770) 991-8500,Psychiatric,Proprietary,145,55
114035,RIVERWOODS BEHAVIORAL HEALTH SYSTEM,223 MEDICAL CENTER DRIVE,(770) 991-8500,Psychiatric,Proprietary,139,61
114035,RIVERWOODS BEHAVIORAL HEALTH SYSTEM,223 MEDICAL CENTER DRIVE,(770) 991-8500,Psychiatric,Proprietary,168,32
114035,RIVERWOODS BEHAVIORAL HEALTH SYSTEM,223 MEDICAL CENTER DRIVE,(770) 991-8500,Psychiatric,Proprietary,124,76
114035,RIVERWOODS BEHAVIORAL HEALTH SYSTEM,223 MEDICAL CENTER DRIVE,(770) 991-8500,Psychiatric,Proprietary,146,54
114035,RIVERWOODS BEHAVIORAL HEALTH SYSTEM,223 MEDICAL CENTER DRIVE,(770) 991-8500,Psychiatric,Proprietary,141,59
114035,RIVERWOODS BEHAVIORAL HEALTH SYSTEM,223 MEDICAL CENTER DRIVE,(770) 991-8500,Psychiatric,Proprietary,172,28
114035,RIVERWOODS BEHAVIORAL HEALTH SYSTEM,223 MEDICAL CENTER DRIVE,(770) 991-8500,Psychiatric,Proprietary,135,65
114035,RIVERWOODS BEHAVIORAL HEALTH SYSTEM,223 MEDICAL CENTER DRIVE,(770) 991-8500,Psychiatric,Proprietary,165,35
114035,RIVERWOODS BEHAVIORAL HEALTH SYSTEM,223 MEDICAL CENTER DRIVE,(770) 991-8500,Psychiatric,Proprietary,158,42
114035,RIVERWOODS BEHAVIORAL HEALTH SYSTEM,223 MEDICAL CENTER DRIVE,(770) 991-8500,Psychiatric,Proprietary,159,41
114035,RIVERWOODS BEHAVIORAL HEALTH SYSTEM,223 MEDICAL CENTER DRIVE,(770) 991-8500,Psychiatric,Proprietary,164,36
114035,RIVERWOODS BEHAVIORAL HEALTH SYSTEM,223 MEDICAL CENTER DRIVE,(770) 991-8500,Psychiatric,Proprietary,143,57
114035,RIVERWOODS BEHAVIORAL HEALTH SYSTEM,223 MEDICAL CENTER DRIVE,(770) 991-8500,Psychiatric,Proprietary,144,56
114035,RIVERWOODS BEHAVIORAL HEALTH SYSTEM,223 MEDICAL CENTER DRIVE,(770) 991-8500,Psychiatric,Proprietary,152,48
114035,RIVERWOODS BEHAVIORAL HEALTH SYSTEM,223 MEDICAL CENTER DRIVE,(770) 991-8500,Psychiatric,Proprietary,122,78
114035,RIVERWOODS BEHAVIORAL HEALTH SYSTEM,223 MEDICAL CENTER DRIVE,(770) 991-8500,Psychiatric,Proprietary,187,13
114035,RIVERWOODS BEHAVIORAL HEALTH SYSTEM,223 MEDICAL CENTER DRIVE,(770) 991-8500,Psychiatric,Proprietary,144,56
114035,RIVERWOODS BEHAVIORAL HEALTH SYSTEM,223 MEDICAL CENTER DRIVE,(770) 991-8500,Psychiatric,Proprietary,162,38
114035,RIVERWOODS BEHAVIORAL HEALTH SYSTEM,223 MEDICAL CENTER DRIVE,(770) 991-8500,Psychiatric,Proprietary,134,66
114035,RIVERWOODS BEHAVIORAL HEALTH SYSTEM,223 MEDICAL CENTER DRIVE,(770) 991-8500,Psychiatric,Proprietary,143,57
114035,RIVERWOODS BEHAVIORAL HEALTH SYSTEM,223 MEDICAL CENTER DRIVE,(770) 991-8500,Psychiatric,Proprietary,124,76
114035,RIVERWOODS BEHAVIORAL HEALTH SYSTEM,223 MEDICAL CENTER DRIVE,(770) 991-8500,Psychiatric,Proprietary,127,73
114035,RIVERWOODS BEHAVIORAL HEALTH SYSTEM,223 MEDICAL CENTER DRIVE,(770) 991-8500,Psychiatric,Proprietary,122,78
114035,RIVERWOODS BEHAVIORAL HEALTH SYSTEM,223 MEDICAL CENTER DRIVE,(770) 991-8500,Psychiatric,Proprietary,161,39
114035,RIVERWOODS BEHAVIORAL HEALTH SYSTEM,223 MEDICAL CENTER DRIVE,(770) 991-8500,Psychiatric,Proprietary,188,12
114035,RIVERWOODS BEHAVIORAL HEALTH SYSTEM,223 MEDICAL CENTER DRIVE,(770) 991-8500,Psychiatric,Proprietary,145,55
114035,RIVERWOODS BEHAVIORAL HEALTH SYSTEM,223 MEDICAL CENTER DRIVE,(770) 991-8500,Psychiatric,Proprietary,156,44
114035,RIVERWOODS BEHAVIORAL HEALTH SYSTEM,223 MEDICAL CENTER DRIVE,(770) 991-8500,Psychiatric,Proprietary,179,21
114035,RIVERWOODS BEHAVIORAL HEALTH SYSTEM,223 MEDICAL CENTER DRIVE,(770) 991-8500,Psychiatric,Proprietary,168,32
114035,RIVERWOODS BEHAVIORAL HEALTH SYSTEM,223 MEDICAL CENTER DRIVE,(770) 991-8500,Psychiatric,Proprietary,170,30
114035,RIVERWOODS BEHAVIORAL HEALTH SYSTEM,223 MEDICAL CENTER DRIVE,(770) 991-8500,Psychiatric,Proprietary,178,22
114035,RIVERWOODS BEHAVIORAL HEALTH SYSTEM,223 MEDICAL CENTER DRIVE,(770) 991-8500,Psychiatric,Proprietary,179,21
114035,RIVERWOODS BEHAVIORAL HEALTH SYSTEM,223 MEDICAL CENTER DRIVE,(770) 991-8500,Psychiatric,Proprietary,154,46
114035,RIVERWOODS BEHAVIORAL HEALTH SYSTEM,223 MEDICAL CENTER DRIVE,(770) 991-8500,Psychiatric,Proprietary,127,73
114035,RIVERWOODS BEHAVIORAL HEALTH SYSTEM,223 MEDICAL CENTER DRIVE,(770) 991-8500,Psychiatric,Proprietary,187,13
114035,RIVERWOODS BEHAVIORAL HEALTH SYSTEM,223 MEDICAL CENTER DRIVE,(770) 991-8500,Psychiatric,Proprietary,155,45
114035,RIVERWOODS BEHAVIORAL HEALTH SYSTEM,223 MEDICAL CENTER DRIVE,(770) 991-8500,Psychiatric,Proprietary,149,51
114035,RIVERWOODS BEHAVIORAL HEALTH SYSTEM,223 MEDICAL CENTER DRIVE,(770) 991-8500,Psychiatric,Proprietary,128,72
114035,RIVERWOODS BEHAVIORAL HEALTH SYSTEM,223 MEDICAL CENTER DRIVE,(770) 991-8500,Psychiatric,Proprietary,170,30
114035,RIVERWOODS BEHAVIORAL HEALTH SYSTEM,223 MEDICAL CENTER DRIVE,(770) 991-8500,Psychiatric,Proprietary,186,14
114035,RIVERWOODS BEHAVIORAL HEALTH SYSTEM,223 MEDICAL CENTER DRIVE,(770) 991-8500,Psychiatric,Proprietary,189,11
114035,RIVERWOODS BEHAVIORAL HEALTH SYSTEM,223 MEDICAL CENTER DRIVE,(770) 991-8500,Psychiatric,Proprietary,188,12
114035,RIVERWOODS BEHAVIORAL HEALTH SYSTEM,223 MEDICAL CENTER DRIVE,(770) 991-8500,Psychiatric,Proprietary,159,41
114035,RIVERWOODS BEHAVIORAL HEALTH SYSTEM,223 MEDICAL CENTER DRIVE,(770) 991-8500,Psychiatric,Proprietary,178,22
114035,RIVERWOODS BEHAVIORAL HEALTH SYSTEM,223 MEDICAL CENTER DRIVE,(770) 991-8500,Psychiatric,Proprietary,143,57
114035,RIVERWOODS BEHAVIORAL HEALTH SYSTEM,223 MEDICAL CENTER DRIVE,(770) 991-8500,Psychiatric,Proprietary,153,47
114035,RIVERWOODS BEHAVIORAL HEALTH SYSTEM,223 MEDICAL CENTER DRIVE,(770) 991-8500,Psychiatric,Proprietary,153,47
114035,RIVERWOODS BEHAVIORAL HEALTH SYSTEM,223 MEDICAL CENTER DRIVE,(770) 991-8500,Psychiatric,Proprietary,128,72
114035,RIVERWOODS BEHAVIORAL HEALTH SYSTEM,223 MEDICAL CENTER DRIVE,(770) 991-8500,Psychiatric,Proprietary,130,70
114035,RIVERWOODS BEHAVIORAL HEALTH SYSTEM,223 MEDICAL CENTER DRIVE,(770) 991-8500,Psychiatric,Proprietary,150,50
114035,RIVERWOODS BEHAVIORAL HEALTH SYSTEM,223 MEDICAL CENTER DRIVE,(770) 991-8500,Psychiatric,Proprietary,144,56
114035,RIVERWOODS BEHAVIORAL HEALTH SYSTEM,223 MEDICAL CENTER DRIVE,(770) 991-8500,Psychiatric,Proprietary,124,76
114035,RIVERWOODS BEHAVIORAL HEALTH SYSTEM,223 MEDICAL CENTER DRIVE,(770) 991-8500,Psychiatric,Proprietary,134,66
114035,RIVERWOODS BEHAVIORAL HEALTH SYSTEM,223 MEDICAL CENTER DRIVE,(770) 991-8500,Psychiatric,Proprietary,171,29
114035,RIVERWOODS BEHAVIORAL HEALTH SYSTEM,223 MEDICAL CENTER DRIVE,(770) 991-8500,Psychiatric,Proprietary,149,51
114035,RIVERWOODS BEHAVIORAL HEALTH SYSTEM,223 MEDICAL CENTER DRIVE,(770) 991-8500,Psychiatric,Proprietary,155,45
114035,RIVERWOODS BEHAVIORAL HEALTH SYSTEM,223 MEDICAL CENTER DRIVE,(770) 991-8500,Psychiatric,Proprietary,183,17
114035,RIVERWOODS BEHAVIORAL HEALTH SYSTEM,223 MEDICAL CENTER DRIVE,(770) 991-8500,Psychiatric,Proprietary,171,29
114035,RIVERWOODS BEHAVIORAL HEALTH SYSTEM,223 MEDICAL CENTER DRIVE,(770) 991-8500,Psychiatric,Proprietary,124,76
114035,RIVERWOODS BEHAVIORAL HEALTH SYSTEM,223 MEDICAL CENTER DRIVE,(770) 991-8500,Psychiatric,Proprietary,128,72
114035,RIVERWOODS BEHAVIORAL HEALTH SYSTEM,223 MEDICAL CENTER DRIVE,(770) 991-8500,Psychiatric,Proprietary,164,36
114035,RIVERWOODS BEHAVIORAL HEALTH SYSTEM,223 MEDICAL CENTER DRIVE,(770) 991-8500,Psychiatric,Proprietary,144,56
114035,RIVERWOODS BEHAVIORAL HEALTH SYSTEM,223 MEDICAL CENTER DRIVE,(770) 991-8500,Psychiatric,Proprietary,186,14
114035,RIVERWOODS BEHAVIORAL HEALTH SYSTEM,223 MEDICAL CENTER DRIVE,(770) 991-8500,Psychiatric,Proprietary,155,45
114035,RIVERWOODS BEHAVIORAL HEALTH SYSTEM,223 MEDICAL CENTER DRIVE,(770) 991-8500,Psychiatric,Proprietary,138,62
114035,RIVERWOODS BEHAVIORAL HEALTH SYSTEM,223 MEDICAL CENTER DRIVE,(770) 991-8500,Psychiatric,Proprietary,136,64
114035,RIVERWOODS BEHAVIORAL HEALTH SYSTEM,223 MEDICAL CENTER DRIVE,(770) 991-8500,Psychiatric,Proprietary,187,13
114035,RIVERWOODS BEHAVIORAL HEALTH SYSTEM,223 MEDICAL CENTER DRIVE,(770) 991-8500,Psychiatric,Proprietary,158,42
114035,RIVERWOODS BEHAVIORAL HEALTH SYSTEM,223 MEDICAL CENTER DRIVE,(770) 991-8500,Psychiatric,Proprietary,134,66
114035,RIVERWOODS BEHAVIORAL HEALTH SYSTEM,223 MEDICAL CENTER DRIVE,(770) 991-8500,Psychiatric,Proprietary,134,66
114035,RIVERWOODS BEHAVIORAL HEALTH SYSTEM,223 MEDICAL CENTER DRIVE,(770) 991-8500,Psychiatric,Proprietary,154,46
114035,RIVERWOODS BEHAVIORAL HEALTH SYSTEM,223 MEDICAL CENTER DRIVE,(770) 991-8500,Psychiatric,Proprietary,131,69
114035,RIVERWOODS BEHAVIORAL HEALTH SYSTEM,223 MEDICAL CENTER DRIVE,(770) 991-8500,Psychiatric,Proprietary,167,33
114035,RIVERWOODS BEHAVIORAL HEALTH SYSTEM,223 MEDICAL CENTER DRIVE,(770) 991-8500,Psychiatric,Proprietary,144,56
114035,RIVERWOODS BEHAVIORAL HEALTH SYSTEM,223 MEDICAL CENTER DRIVE,(770) 991-8500,Psychiatric,Proprietary,186,14
114035,RIVERWOODS BEHAVIORAL HEALTH SYSTEM,223 MEDICAL CENTER DRIVE,(770) 991-8500,Psychiatric,Proprietary,150,50
114035,RIVERWOODS BEHAVIORAL HEALTH SYSTEM,223 MEDICAL CENTER DRIVE,(770) 991-8500,Psychiatric,Proprietary,147,53
114035,RIVERWOODS BEHAVIORAL HEALTH SYSTEM,223 MEDICAL CENTER DRIVE,(770) 991-8500,Psychiatric,Proprietary,152,48
114035,RIVERWOODS BEHAVIORAL HEALTH SYSTEM,223 MEDICAL CENTER DRIVE,(770) 991-8500,Psychiatric,Proprietary,182,18
114035,RIVERWOODS BEHAVIORAL HEALTH SYSTEM,223 MEDICAL CENTER DRIVE,(770) 991-8500,Psychiatric,Proprietary,142,58
114035,RIVERWOODS BEHAVIORAL HEALTH SYSTEM,223 MEDICAL CENTER DRIVE,(770) 991-8500,Psychiatric,Proprietary,167,33
114035,RIVERWOODS BEHAVIORAL HEALTH SYSTEM,223 MEDICAL CENTER DRIVE,(770) 991-8500,Psychiatric,Proprietary,185,15
114035,RIVERWOODS BEHAVIORAL HEALTH SYSTEM,223 MEDICAL CENTER DRIVE,(770) 991-8500,Psychiatric,Proprietary,174,26
114035,RIVERWOODS BEHAVIORAL HEALTH SYSTEM,223 MEDICAL CENTER DRIVE,(770) 991-8500,Psychiatric,Proprietary,153,47
114035,RIVERWOODS BEHAVIORAL HEALTH SYSTEM,223 MEDICAL CENTER DRIVE,(770) 991-8500,Psychiatric,Proprietary,157,43
114035,RIVERWOODS BEHAVIORAL HEALTH SYSTEM,223 MEDICAL CENTER DRIVE,(770) 991-8500,Psychiatric,Proprietary,130,70
114035,RIVERWOODS BEHAVIORAL HEALTH SYSTEM,223 MEDICAL CENTER DRIVE,(770) 991-8500,Psychiatric,Proprietary,140,60
114035,RIVERWOODS BEHAVIORAL HEALTH SYSTEM,223 MEDICAL CENTER DRIVE,(770) 991-8500,Psychiatric,Proprietary,163,37
114035,RIVERWOODS BEHAVIORAL HEALTH SYSTEM,223 MEDICAL CENTER DRIVE,(770) 991-8500,Psychiatric,Proprietary,129,71
114035,RIVERWOODS BEHAVIORAL HEALTH SYSTEM,223 MEDICAL CENTER DRIVE,(770) 991-8500,Psychiatric,Proprietary,152,48
114035,RIVERWOODS BEHAVIORAL HEALTH SYSTEM,223 MEDICAL CENTER DRIVE,(770) 991-8500,Psychiatric,Proprietary,147,53
114035,RIVERWOODS BEHAVIORAL HEALTH SYSTEM,223 MEDICAL CENTER DRIVE,(770) 991-8500,Psychiatric,Proprietary,134,66
114035,RIVERWOODS BEHAVIORAL HEALTH SYSTEM,223 MEDICAL CENTER DRIVE,(770) 991-8500,Psychiatric,Proprietary,143,57
114035,RIVERWOODS BEHAVIORAL HEALTH SYSTEM,223 MEDICAL CENTER DRIVE,(770) 991-8500,Psychiatric,Proprietary,138,62
114035,RIVERWOODS BEHAVIORAL HEALTH SYSTEM,223 MEDICAL CENTER DRIVE,(770) 991-8500,Psychiatric,Proprietary,159,41
114035,RIVERWOODS BEHAVIORAL HEALTH SYSTEM,223 MEDICAL CENTER DRIVE,(770) 991-8500,Psychiatric,Proprietary,132,68
114035,RIVERWOODS BEHAVIORAL HEALTH SYSTEM,223 MEDICAL CENTER DRIVE,(770) 991-8500,Psychiatric,Proprietary,158,42
114035,RIVERWOODS BEHAVIORAL HEALTH SYSTEM,223 MEDICAL CENTER DRIVE,(770) 991-8500,Psychiatric,Proprietary,181,19
114035,RIVERWOODS BEHAVIORAL HEALTH SYSTEM,223 MEDICAL CENTER DRIVE,(770) 991-8500,Psychiatric,Proprietary,177,23
114035,RIVERWOODS BEHAVIORAL HEALTH SYSTEM,223 MEDICAL CENTER DRIVE,(770) 991-8500,Psychiatric,Proprietary,181,19
114035,RIVERWOODS BEHAVIORAL HEALTH SYSTEM,223 MEDICAL CENTER DRIVE,(770) 991-8500,Psychiatric,Proprietary,151,49
114035,RIVERWOODS BEHAVIORAL HEALTH SYSTEM,223 MEDICAL CENTER DRIVE,(770) 991-8500,Psychiatric,Proprietary,131,69
114035,RIVERWOODS BEHAVIORAL HEALTH SYSTEM,223 MEDICAL CENTER DRIVE,(770) 991-8500,Psychiatric,Proprietary,145,55
114035,RIVERWOODS BEHAVIORAL HEALTH SYSTEM,223 MEDICAL CENTER DRIVE,(770) 991-8500,Psychiatric,Proprietary,148,52
114035,RIVERWOODS BEHAVIORAL HEALTH SYSTEM,223 MEDICAL CENTER DRIVE,(770) 991-8500,Psychiatric,Proprietary,183,17
114035,RIVERWOODS BEHAVIORAL HEALTH SYSTEM,223 MEDICAL CENTER DRIVE,(770) 991-8500,Psychiatric,Proprietary,152,48
